marca,supermercado,categoria,precio,supermercado_index,categoria_index,features,scaledFeatures,prediction,categoria_limpia
GENERICA,ACUENTA,DESPENSA GENERAL,3790.0,2.0,2.0,"[3790.0,2.0,2.0]","[0.5504256570348375,1.4929485166195389,0.31855144007166225]",0,DESPENSA Y ABARROTES
TUCAPEL,ACUENTA,ARROZ,1000.0,2.0,23.0,"[1000.0,2.0,23.0]","[0.14523104407251647,1.4929485166195389,3.663341560824116]",1,DESPENSA Y ABARROTES
ACUENTA,ACUENTA,ACEITES,1390.0,2.0,17.0,"[1390.0,2.0,17.0]","[0.2018711512607979,1.4929485166195389,2.707687240609129]",1,DESPENSA Y ABARROTES
ACUENTA,ACUENTA,HARINAS,790.0,2.0,20.0,"[790.0,2.0,20.0]","[0.11473252481728802,1.4929485166195389,3.1855144007166225]",1,DESPENSA Y ABARROTES
ACE,ACUENTA,ACEITES,2850.0,2.0,17.0,"[2850.0,2.0,17.0]","[0.41390847560667193,1.4929485166195389,2.707687240609129]",1,DESPENSA Y ABARROTES
NETO,ACUENTA,ACEITES,1850.0,2.0,17.0,"[1850.0,2.0,17.0]","[0.26867743153415546,1.4929485166195389,2.707687240609129]",1,DESPENSA Y ABARROTES
TUCAPEL,ACUENTA,ARROZ,2150.0,2.0,23.0,"[2150.0,2.0,23.0]","[0.3122467447559104,1.4929485166195389,3.663341560824116]",1,DESPENSA Y ABARROTES
GENERICA,ACUENTA,DESPENSA GENERAL,940.0,2.0,2.0,"[940.0,2.0,2.0]","[0.1365171814281655,1.4929485166195389,0.31855144007166225]",0,DESPENSA Y ABARROTES
SELECTA,ACUENTA,HARINAS,2000.0,2.0,20.0,"[2000.0,2.0,20.0]","[0.29046208814503294,1.4929485166195389,3.1855144007166225]",1,DESPENSA Y ABARROTES
GENERICA,ACUENTA,DESPENSA GENERAL,1750.0,2.0,2.0,"[1750.0,2.0,2.0]","[0.25415432712690383,1.4929485166195389,0.31855144007166225]",0,DESPENSA Y ABARROTES
CAROZZI,ACUENTA,PASTAS,990.0,2.0,7.0,"[990.0,2.0,7.0]","[0.1437787336317913,1.4929485166195389,1.114930040250818]",2,DESPENSA Y ABARROTES
GENERICA,ACUENTA,PASTAS,970.0,2.0,7.0,"[970.0,2.0,7.0]","[0.14087411275034098,1.4929485166195389,1.114930040250818]",2,DESPENSA Y ABARROTES
IANSA,ACUENTA,AZUCARES,1290.0,2.0,22.0,"[1290.0,2.0,22.0]","[0.18734804685354625,1.4929485166195389,3.504065840788285]",1,DESPENSA Y ABARROTES
NETO,ACUENTA,CONSERVAS,1000.0,2.0,32.0,"[1000.0,2.0,32.0]","[0.14523104407251647,1.4929485166195389,5.096823041146596]",1,DESPENSA Y ABARROTES
MIRAFLORES,ACUENTA,ARROZ,2350.0,2.0,23.0,"[2350.0,2.0,23.0]","[0.3412929535704137,1.4929485166195389,3.663341560824116]",1,DESPENSA Y ABARROTES
MIRAFLORES,ACUENTA,ACEITES,2790.0,2.0,17.0,"[2790.0,2.0,17.0]","[0.40519461296232095,1.4929485166195389,2.707687240609129]",1,DESPENSA Y ABARROTES
LIDER,ACUENTA,AZUCARES,1000.0,2.0,22.0,"[1000.0,2.0,22.0]","[0.14523104407251647,1.4929485166195389,3.504065840788285]",1,DESPENSA Y ABARROTES
ACUENTA,ACUENTA,DESPENSA GENERAL,1000.0,2.0,2.0,"[1000.0,2.0,2.0]","[0.14523104407251647,1.4929485166195389,0.31855144007166225]",0,DESPENSA Y ABARROTES
ACUENTA,ACUENTA,DESPENSA GENERAL,270.0,2.0,2.0,"[270.0,2.0,2.0]","[0.03921238189957945,1.4929485166195389,0.31855144007166225]",0,DESPENSA Y ABARROTES
GENERICA,ACUENTA,DESPENSA GENERAL,1000.0,2.0,2.0,"[1000.0,2.0,2.0]","[0.14523104407251647,1.4929485166195389,0.31855144007166225]",0,DESPENSA Y ABARROTES
CAROZZI,ACUENTA,DESPENSA GENERAL,940.0,2.0,2.0,"[940.0,2.0,2.0]","[0.1365171814281655,1.4929485166195389,0.31855144007166225]",0,DESPENSA Y ABARROTES
LA ROMA,ACUENTA,ARROZ,1000.0,2.0,23.0,"[1000.0,2.0,23.0]","[0.14523104407251647,1.4929485166195389,3.663341560824116]",1,DESPENSA Y ABARROTES
KRAFT,ACUENTA,SALSAS,2890.0,2.0,27.0,"[2890.0,2.0,27.0]","[0.41971771736957264,1.4929485166195389,4.30044444096744]",1,DESPENSA Y ABARROTES
GENERICA,ACUENTA,DESPENSA GENERAL,2350.0,2.0,2.0,"[2350.0,2.0,2.0]","[0.3412929535704137,1.4929485166195389,0.31855144007166225]",0,DESPENSA Y ABARROTES
GENERICA,ACUENTA,DESPENSA GENERAL,2290.0,2.0,2.0,"[2290.0,2.0,2.0]","[0.33257909092606275,1.4929485166195389,0.31855144007166225]",0,DESPENSA Y ABARROTES
NETO,ACUENTA,DESPENSA GENERAL,1850.0,2.0,2.0,"[1850.0,2.0,2.0]","[0.26867743153415546,1.4929485166195389,0.31855144007166225]",0,DESPENSA Y ABARROTES
GENERICA,ACUENTA,ARROZ,1650.0,2.0,23.0,"[1650.0,2.0,23.0]","[0.23963122271965218,1.4929485166195389,3.663341560824116]",1,DESPENSA Y ABARROTES
BANQUETE,ACUENTA,ARROZ,2000.0,2.0,23.0,"[2000.0,2.0,23.0]","[0.29046208814503294,1.4929485166195389,3.663341560824116]",1,DESPENSA Y ABARROTES
GENERICA,ACUENTA,DESPENSA GENERAL,2650.0,2.0,2.0,"[2650.0,2.0,2.0]","[0.3848622667921687,1.4929485166195389,0.31855144007166225]",0,DESPENSA Y ABARROTES
LIDER,ACUENTA,DESPENSA GENERAL,6490.0,2.0,2.0,"[6490.0,2.0,2.0]","[0.9425494760306319,1.4929485166195389,0.31855144007166225]",0,DESPENSA Y ABARROTES
LIDER,ACUENTA,DESPENSA GENERAL,1450.0,2.0,2.0,"[1450.0,2.0,2.0]","[0.2105850139051489,1.4929485166195389,0.31855144007166225]",0,DESPENSA Y ABARROTES
LIDER,ACUENTA,AZUCARES,1190.0,2.0,22.0,"[1190.0,2.0,22.0]","[0.1728249424462946,1.4929485166195389,3.504065840788285]",1,DESPENSA Y ABARROTES
GENERICA,ACUENTA,DESPENSA GENERAL,1550.0,2.0,2.0,"[1550.0,2.0,2.0]","[0.22510811831240055,1.4929485166195389,0.31855144007166225]",0,DESPENSA Y ABARROTES
ACUENTA,ACUENTA,DESPENSA GENERAL,850.0,2.0,2.0,"[850.0,2.0,2.0]","[0.12344638746163901,1.4929485166195389,0.31855144007166225]",0,DESPENSA Y ABARROTES
CAROZZI,ACUENTA,PASTAS,990.0,2.0,7.0,"[990.0,2.0,7.0]","[0.1437787336317913,1.4929485166195389,1.114930040250818]",2,DESPENSA Y ABARROTES
GENERICA,ACUENTA,DESPENSA GENERAL,770.0,2.0,2.0,"[770.0,2.0,2.0]","[0.11182790393583769,1.4929485166195389,0.31855144007166225]",0,DESPENSA Y ABARROTES
KRAFT,ACUENTA,DESPENSA GENERAL,1790.0,2.0,2.0,"[1790.0,2.0,2.0]","[0.2599635688898045,1.4929485166195389,0.31855144007166225]",0,DESPENSA Y ABARROTES
GENERICA,ACUENTA,DESPENSA GENERAL,750.0,2.0,2.0,"[750.0,2.0,2.0]","[0.10892328305438735,1.4929485166195389,0.31855144007166225]",0,DESPENSA Y ABARROTES
ACUENTA,ACUENTA,DESPENSA GENERAL,1650.0,2.0,2.0,"[1650.0,2.0,2.0]","[0.23963122271965218,1.4929485166195389,0.31855144007166225]",0,DESPENSA Y ABARROTES
CAROZZI,ACUENTA,PASTAS,990.0,2.0,7.0,"[990.0,2.0,7.0]","[0.1437787336317913,1.4929485166195389,1.114930040250818]",2,DESPENSA Y ABARROTES
NETO,ACUENTA,CONSERVAS,1850.0,2.0,32.0,"[1850.0,2.0,32.0]","[0.26867743153415546,1.4929485166195389,5.096823041146596]",1,DESPENSA Y ABARROTES
LIDER,ACUENTA,DESPENSA GENERAL,550.0,2.0,2.0,"[550.0,2.0,2.0]","[0.07987707423988406,1.4929485166195389,0.31855144007166225]",0,DESPENSA Y ABARROTES
GENERICA,ACUENTA,PASTAS,450.0,2.0,7.0,"[450.0,2.0,7.0]","[0.06535396983263242,1.4929485166195389,1.114930040250818]",2,DESPENSA Y ABARROTES
LIDER,ACUENTA,DESPENSA GENERAL,890.0,2.0,2.0,"[890.0,2.0,2.0]","[0.12925562922453968,1.4929485166195389,0.31855144007166225]",0,DESPENSA Y ABARROTES
CAROZZI,ACUENTA,PASTAS,990.0,2.0,7.0,"[990.0,2.0,7.0]","[0.1437787336317913,1.4929485166195389,1.114930040250818]",2,DESPENSA Y ABARROTES
LIDER,ACUENTA,DESPENSA GENERAL,550.0,2.0,2.0,"[550.0,2.0,2.0]","[0.07987707423988406,1.4929485166195389,0.31855144007166225]",0,DESPENSA Y ABARROTES
VIVO,ACUENTA,DESPENSA GENERAL,490.0,2.0,2.0,"[490.0,2.0,2.0]","[0.07116321159553307,1.4929485166195389,0.31855144007166225]",0,DESPENSA Y ABARROTES
CAROZZI,ACUENTA,PASTAS,990.0,2.0,7.0,"[990.0,2.0,7.0]","[0.1437787336317913,1.4929485166195389,1.114930040250818]",2,DESPENSA Y ABARROTES
GENERICA,ACUENTA,HARINAS,14990.0,2.0,20.0,"[14990.0,2.0,20.0]","[2.177013350647022,1.4929485166195389,3.1855144007166225]",1,DESPENSA Y ABARROTES
ACUENTA,ACUENTA,ACEITES,7890.0,2.0,17.0,"[7890.0,2.0,17.0]","[1.145872937732155,1.4929485166195389,2.707687240609129]",1,DESPENSA Y ABARROTES
GENERICA,ACUENTA,PASTAS,990.0,2.0,7.0,"[990.0,2.0,7.0]","[0.1437787336317913,1.4929485166195389,1.114930040250818]",2,DESPENSA Y ABARROTES
LIDER,ACUENTA,AZUCARES,4490.0,2.0,22.0,"[4490.0,2.0,22.0]","[0.652087387885599,1.4929485166195389,3.504065840788285]",1,DESPENSA Y ABARROTES
GENERICA,ACUENTA,LEGUMBRES,1390.0,2.0,25.0,"[1390.0,2.0,25.0]","[0.2018711512607979,1.4929485166195389,3.981893000895778]",1,DESPENSA Y ABARROTES
NETO,ACUENTA,LEGUMBRES,1390.0,2.0,25.0,"[1390.0,2.0,25.0]","[0.2018711512607979,1.4929485166195389,3.981893000895778]",1,DESPENSA Y ABARROTES
GENERICA,ACUENTA,DESPENSA GENERAL,2650.0,2.0,2.0,"[2650.0,2.0,2.0]","[0.3848622667921687,1.4929485166195389,0.31855144007166225]",0,DESPENSA Y ABARROTES
GENERICA,ACUENTA,HARINAS,1000.0,2.0,20.0,"[1000.0,2.0,20.0]","[0.14523104407251647,1.4929485166195389,3.1855144007166225]",1,DESPENSA Y ABARROTES
ACUENTA,ACUENTA,PASTAS,430.0,2.0,7.0,"[430.0,2.0,7.0]","[0.062449348951182086,1.4929485166195389,1.114930040250818]",2,DESPENSA Y ABARROTES
ACUENTA,ACUENTA,PASTAS,430.0,2.0,7.0,"[430.0,2.0,7.0]","[0.062449348951182086,1.4929485166195389,1.114930040250818]",2,DESPENSA Y ABARROTES
GENERICA,ACUENTA,PASTAS,970.0,2.0,7.0,"[970.0,2.0,7.0]","[0.14087411275034098,1.4929485166195389,1.114930040250818]",2,DESPENSA Y ABARROTES
GENERICA,ACUENTA,DESPENSA GENERAL,1450.0,2.0,2.0,"[1450.0,2.0,2.0]","[0.2105850139051489,1.4929485166195389,0.31855144007166225]",0,DESPENSA Y ABARROTES
CAROZZI,ACUENTA,PASTAS,990.0,2.0,7.0,"[990.0,2.0,7.0]","[0.1437787336317913,1.4929485166195389,1.114930040250818]",2,DESPENSA Y ABARROTES
ACE,ACUENTA,ACEITES,2450.0,2.0,17.0,"[2450.0,2.0,17.0]","[0.35581605797766536,1.4929485166195389,2.707687240609129]",1,DESPENSA Y ABARROTES
GENERICA,ACUENTA,PASTAS,990.0,2.0,7.0,"[990.0,2.0,7.0]","[0.1437787336317913,1.4929485166195389,1.114930040250818]",2,DESPENSA Y ABARROTES
VIVO,ACUENTA,DESPENSA GENERAL,490.0,2.0,2.0,"[490.0,2.0,2.0]","[0.07116321159553307,1.4929485166195389,0.31855144007166225]",0,DESPENSA Y ABARROTES
IANSA,ACUENTA,DESPENSA GENERAL,2990.0,2.0,2.0,"[2990.0,2.0,2.0]","[0.43424082177682427,1.4929485166195389,0.31855144007166225]",0,DESPENSA Y ABARROTES
GENERICA,ACUENTA,DESPENSA GENERAL,740.0,2.0,2.0,"[740.0,2.0,2.0]","[0.10747097261366219,1.4929485166195389,0.31855144007166225]",0,DESPENSA Y ABARROTES
GENERICA,ACUENTA,DESPENSA GENERAL,1000.0,2.0,2.0,"[1000.0,2.0,2.0]","[0.14523104407251647,1.4929485166195389,0.31855144007166225]",0,DESPENSA Y ABARROTES
GENERICA,ACUENTA,HARINAS,19590.0,2.0,20.0,"[19590.0,2.0,20.0]","[2.8450761533805977,1.4929485166195389,3.1855144007166225]",1,DESPENSA Y ABARROTES
NETO,ACUENTA,DESPENSA GENERAL,2150.0,2.0,2.0,"[2150.0,2.0,2.0]","[0.3122467447559104,1.4929485166195389,0.31855144007166225]",0,DESPENSA Y ABARROTES
ACUENTA,ACUENTA,DESPENSA GENERAL,390.0,2.0,2.0,"[390.0,2.0,2.0]","[0.05664010718828143,1.4929485166195389,0.31855144007166225]",0,DESPENSA Y ABARROTES
IANSA,ACUENTA,AZUCARES,1000.0,2.0,22.0,"[1000.0,2.0,22.0]","[0.14523104407251647,1.4929485166195389,3.504065840788285]",1,DESPENSA Y ABARROTES
NETO,ACUENTA,DESPENSA GENERAL,1250.0,2.0,2.0,"[1250.0,2.0,2.0]","[0.1815388050906456,1.4929485166195389,0.31855144007166225]",0,DESPENSA Y ABARROTES
ACUENTA,ACUENTA,DESPENSA GENERAL,2350.0,2.0,2.0,"[2350.0,2.0,2.0]","[0.3412929535704137,1.4929485166195389,0.31855144007166225]",0,DESPENSA Y ABARROTES
CAROZZI,ACUENTA,PASTAS,2450.0,2.0,7.0,"[2450.0,2.0,7.0]","[0.35581605797766536,1.4929485166195389,1.114930040250818]",2,DESPENSA Y ABARROTES
ACUENTA,ACUENTA,PASTAS,460.0,2.0,7.0,"[460.0,2.0,7.0]","[0.06680628027335758,1.4929485166195389,1.114930040250818]",2,DESPENSA Y ABARROTES
CAROZZI,ACUENTA,PASTAS,1890.0,2.0,7.0,"[1890.0,2.0,7.0]","[0.2744866732970561,1.4929485166195389,1.114930040250818]",2,DESPENSA Y ABARROTES
GENERICA,ACUENTA,DESPENSA GENERAL,740.0,2.0,2.0,"[740.0,2.0,2.0]","[0.10747097261366219,1.4929485166195389,0.31855144007166225]",0,DESPENSA Y ABARROTES
NETO,ACUENTA,CONSERVAS,700.0,2.0,32.0,"[700.0,2.0,32.0]","[0.10166173085076154,1.4929485166195389,5.096823041146596]",1,DESPENSA Y ABARROTES
GENERICA,ACUENTA,DESPENSA GENERAL,1000.0,2.0,2.0,"[1000.0,2.0,2.0]","[0.14523104407251647,1.4929485166195389,0.31855144007166225]",0,DESPENSA Y ABARROTES
ACUENTA,ACUENTA,SALSAS,2190.0,2.0,27.0,"[2190.0,2.0,27.0]","[0.31805598651881106,1.4929485166195389,4.30044444096744]",1,DESPENSA Y ABARROTES
MAGGI,ACUENTA,DESPENSA GENERAL,1000.0,2.0,2.0,"[1000.0,2.0,2.0]","[0.14523104407251647,1.4929485166195389,0.31855144007166225]",0,DESPENSA Y ABARROTES
LUCCHETTI,ACUENTA,PASTAS,970.0,2.0,7.0,"[970.0,2.0,7.0]","[0.14087411275034098,1.4929485166195389,1.114930040250818]",2,DESPENSA Y ABARROTES
GENERICA,ACUENTA,ARROZ,1490.0,2.0,23.0,"[1490.0,2.0,23.0]","[0.21639425566804954,1.4929485166195389,3.663341560824116]",1,DESPENSA Y ABARROTES
LUCCHETTI,ACUENTA,PASTAS,970.0,2.0,7.0,"[970.0,2.0,7.0]","[0.14087411275034098,1.4929485166195389,1.114930040250818]",2,DESPENSA Y ABARROTES
GENERICA,ACUENTA,ARROZ,1890.0,2.0,23.0,"[1890.0,2.0,23.0]","[0.2744866732970561,1.4929485166195389,3.663341560824116]",1,DESPENSA Y ABARROTES
GENERICA,ACUENTA,DESPENSA GENERAL,740.0,2.0,2.0,"[740.0,2.0,2.0]","[0.10747097261366219,1.4929485166195389,0.31855144007166225]",0,DESPENSA Y ABARROTES
GENERICA,ACUENTA,DESPENSA GENERAL,1390.0,2.0,2.0,"[1390.0,2.0,2.0]","[0.2018711512607979,1.4929485166195389,0.31855144007166225]",0,DESPENSA Y ABARROTES
NETO,ACUENTA,DESPENSA GENERAL,1450.0,2.0,2.0,"[1450.0,2.0,2.0]","[0.2105850139051489,1.4929485166195389,0.31855144007166225]",0,DESPENSA Y ABARROTES
GENERICA,ACUENTA,DESPENSA GENERAL,630.0,2.0,2.0,"[630.0,2.0,2.0]","[0.09149555776568538,1.4929485166195389,0.31855144007166225]",0,DESPENSA Y ABARROTES
IANSA,ACUENTA,AZUCARES,1350.0,2.0,22.0,"[1350.0,2.0,22.0]","[0.19606190949789723,1.4929485166195389,3.504065840788285]",1,DESPENSA Y ABARROTES
GENERICA,ACUENTA,DESPENSA GENERAL,770.0,2.0,2.0,"[770.0,2.0,2.0]","[0.11182790393583769,1.4929485166195389,0.31855144007166225]",0,DESPENSA Y ABARROTES
ACUENTA,ACUENTA,AZUCARES,750.0,2.0,22.0,"[750.0,2.0,22.0]","[0.10892328305438735,1.4929485166195389,3.504065840788285]",1,DESPENSA Y ABARROTES
IANSA,ACUENTA,DESPENSA GENERAL,2350.0,2.0,2.0,"[2350.0,2.0,2.0]","[0.3412929535704137,1.4929485166195389,0.31855144007166225]",0,DESPENSA Y ABARROTES
GENERICA,ACUENTA,DESPENSA GENERAL,590.0,2.0,2.0,"[590.0,2.0,2.0]","[0.08568631600278472,1.4929485166195389,0.31855144007166225]",0,DESPENSA Y ABARROTES
GENERICA,ACUENTA,DESPENSA GENERAL,940.0,2.0,2.0,"[940.0,2.0,2.0]","[0.1365171814281655,1.4929485166195389,0.31855144007166225]",0,DESPENSA Y ABARROTES
IANSA,ACUENTA,AZUCARES,5290.0,2.0,22.0,"[5290.0,2.0,22.0]","[0.7682722231436122,1.4929485166195389,3.504065840788285]",1,DESPENSA Y ABARROTES
MAGGI,ACUENTA,DESPENSA GENERAL,630.0,2.0,2.0,"[630.0,2.0,2.0]","[0.09149555776568538,1.4929485166195389,0.31855144007166225]",0,DESPENSA Y ABARROTES
GENERICA,ACUENTA,HARINAS,3890.0,2.0,20.0,"[3890.0,2.0,20.0]","[0.564948761442089,1.4929485166195389,3.1855144007166225]",1,DESPENSA Y ABARROTES
GOURMET,ACUENTA,DESPENSA GENERAL,2550.0,2.0,2.0,"[2550.0,2.0,2.0]","[0.370339162384917,1.4929485166195389,0.31855144007166225]",0,DESPENSA Y ABARROTES
GENERICA,ACUENTA,DESPENSA GENERAL,630.0,2.0,2.0,"[630.0,2.0,2.0]","[0.09149555776568538,1.4929485166195389,0.31855144007166225]",0,DESPENSA Y ABARROTES
NETO,ACUENTA,DESPENSA GENERAL,1690.0,2.0,2.0,"[1690.0,2.0,2.0]","[0.24544046448255286,1.4929485166195389,0.31855144007166225]",0,DESPENSA Y ABARROTES
GENERICA,ACUENTA,HARINAS,1190.0,2.0,20.0,"[1190.0,2.0,20.0]","[0.1728249424462946,1.4929485166195389,3.1855144007166225]",1,DESPENSA Y ABARROTES
GENERICA,ACUENTA,LEGUMBRES,1390.0,2.0,25.0,"[1390.0,2.0,25.0]","[0.2018711512607979,1.4929485166195389,3.981893000895778]",1,DESPENSA Y ABARROTES
ACE,ACUENTA,ACEITES,2650.0,2.0,17.0,"[2650.0,2.0,17.0]","[0.3848622667921687,1.4929485166195389,2.707687240609129]",1,DESPENSA Y ABARROTES
GENERICA,ACUENTA,DESPENSA GENERAL,940.0,2.0,2.0,"[940.0,2.0,2.0]","[0.1365171814281655,1.4929485166195389,0.31855144007166225]",0,DESPENSA Y ABARROTES
ACUENTA,ACUENTA,ACEITES,2390.0,2.0,17.0,"[2390.0,2.0,17.0]","[0.3471021953333144,1.4929485166195389,2.707687240609129]",1,DESPENSA Y ABARROTES
ACUENTA,ACUENTA,DESPENSA GENERAL,2290.0,2.0,2.0,"[2290.0,2.0,2.0]","[0.33257909092606275,1.4929485166195389,0.31855144007166225]",0,DESPENSA Y ABARROTES
GENERICA,ACUENTA,ARROZ,1190.0,2.0,23.0,"[1190.0,2.0,23.0]","[0.1728249424462946,1.4929485166195389,3.663341560824116]",1,DESPENSA Y ABARROTES
GENERICA,ACUENTA,PASTAS,450.0,2.0,7.0,"[450.0,2.0,7.0]","[0.06535396983263242,1.4929485166195389,1.114930040250818]",2,DESPENSA Y ABARROTES
ACUENTA,ACUENTA,LEGUMBRES,1950.0,2.0,25.0,"[1950.0,2.0,25.0]","[0.28320053594140715,1.4929485166195389,3.981893000895778]",1,DESPENSA Y ABARROTES
GENERICA,ACUENTA,DESPENSA GENERAL,560.0,2.0,2.0,"[560.0,2.0,2.0]","[0.08132938468060923,1.4929485166195389,0.31855144007166225]",0,DESPENSA Y ABARROTES
GENERICA,ACUENTA,HARINAS,1250.0,2.0,20.0,"[1250.0,2.0,20.0]","[0.1815388050906456,1.4929485166195389,3.1855144007166225]",1,DESPENSA Y ABARROTES
NETO,ACUENTA,LEGUMBRES,1390.0,2.0,25.0,"[1390.0,2.0,25.0]","[0.2018711512607979,1.4929485166195389,3.981893000895778]",1,DESPENSA Y ABARROTES
LIDER,ACUENTA,LEGUMBRES,950.0,2.0,25.0,"[950.0,2.0,25.0]","[0.13796949186889065,1.4929485166195389,3.981893000895778]",1,DESPENSA Y ABARROTES
GENERICA,ACUENTA,ARROZ,450.0,2.0,23.0,"[450.0,2.0,23.0]","[0.06535396983263242,1.4929485166195389,3.663341560824116]",1,DESPENSA Y ABARROTES
LOBOS,ACUENTA,DESPENSA GENERAL,420.0,2.0,2.0,"[420.0,2.0,2.0]","[0.060997038510456916,1.4929485166195389,0.31855144007166225]",0,DESPENSA Y ABARROTES
GENERICA,ACUENTA,DESPENSA GENERAL,450.0,2.0,2.0,"[450.0,2.0,2.0]","[0.06535396983263242,1.4929485166195389,0.31855144007166225]",0,DESPENSA Y ABARROTES
MAGGI,ACUENTA,DESPENSA GENERAL,630.0,2.0,2.0,"[630.0,2.0,2.0]","[0.09149555776568538,1.4929485166195389,0.31855144007166225]",0,DESPENSA Y ABARROTES
GENERICA,ACUENTA,DESPENSA GENERAL,2000.0,2.0,2.0,"[2000.0,2.0,2.0]","[0.29046208814503294,1.4929485166195389,0.31855144007166225]",0,DESPENSA Y ABARROTES
GENERICA,ACUENTA,DESPENSA GENERAL,560.0,2.0,2.0,"[560.0,2.0,2.0]","[0.08132938468060923,1.4929485166195389,0.31855144007166225]",0,DESPENSA Y ABARROTES
BANQUETE,ACUENTA,LEGUMBRES,2000.0,2.0,25.0,"[2000.0,2.0,25.0]","[0.29046208814503294,1.4929485166195389,3.981893000895778]",1,DESPENSA Y ABARROTES
GENERICA,ACUENTA,DESPENSA GENERAL,2150.0,2.0,2.0,"[2150.0,2.0,2.0]","[0.3122467447559104,1.4929485166195389,0.31855144007166225]",0,DESPENSA Y ABARROTES
NETO,ACUENTA,DESPENSA GENERAL,1490.0,2.0,2.0,"[1490.0,2.0,2.0]","[0.21639425566804954,1.4929485166195389,0.31855144007166225]",0,DESPENSA Y ABARROTES
GENERICA,ACUENTA,PASTAS,2450.0,2.0,7.0,"[2450.0,2.0,7.0]","[0.35581605797766536,1.4929485166195389,1.114930040250818]",2,DESPENSA Y ABARROTES
MAGGI,ACUENTA,DESPENSA GENERAL,890.0,2.0,2.0,"[890.0,2.0,2.0]","[0.12925562922453968,1.4929485166195389,0.31855144007166225]",0,DESPENSA Y ABARROTES
SELECTA,ACUENTA,HARINAS,1990.0,2.0,20.0,"[1990.0,2.0,20.0]","[0.2890097777043078,1.4929485166195389,3.1855144007166225]",1,DESPENSA Y ABARROTES
ACUENTA,ACUENTA,ARROZ,850.0,2.0,23.0,"[850.0,2.0,23.0]","[0.12344638746163901,1.4929485166195389,3.663341560824116]",1,DESPENSA Y ABARROTES
TUCAPEL,ACUENTA,ARROZ,1390.0,2.0,23.0,"[1390.0,2.0,23.0]","[0.2018711512607979,1.4929485166195389,3.663341560824116]",1,DESPENSA Y ABARROTES
GENERICA,ACUENTA,ARROZ,740.0,2.0,23.0,"[740.0,2.0,23.0]","[0.10747097261366219,1.4929485166195389,3.663341560824116]",1,DESPENSA Y ABARROTES
GENERICA,ACUENTA,DESPENSA GENERAL,1950.0,2.0,2.0,"[1950.0,2.0,2.0]","[0.28320053594140715,1.4929485166195389,0.31855144007166225]",0,DESPENSA Y ABARROTES
GENERICA,ACUENTA,DESPENSA GENERAL,740.0,2.0,2.0,"[740.0,2.0,2.0]","[0.10747097261366219,1.4929485166195389,0.31855144007166225]",0,DESPENSA Y ABARROTES
GENERICA,ACUENTA,DESPENSA GENERAL,560.0,2.0,2.0,"[560.0,2.0,2.0]","[0.08132938468060923,1.4929485166195389,0.31855144007166225]",0,DESPENSA Y ABARROTES
GENERICA,ACUENTA,PASTAS,450.0,2.0,7.0,"[450.0,2.0,7.0]","[0.06535396983263242,1.4929485166195389,1.114930040250818]",2,DESPENSA Y ABARROTES
LIDER,ACUENTA,HARINAS,890.0,2.0,20.0,"[890.0,2.0,20.0]","[0.12925562922453968,1.4929485166195389,3.1855144007166225]",1,DESPENSA Y ABARROTES
NETO,ACUENTA,DESPENSA GENERAL,1650.0,2.0,2.0,"[1650.0,2.0,2.0]","[0.23963122271965218,1.4929485166195389,0.31855144007166225]",0,DESPENSA Y ABARROTES
GENERICA,ACUENTA,DESPENSA GENERAL,450.0,2.0,2.0,"[450.0,2.0,2.0]","[0.06535396983263242,1.4929485166195389,0.31855144007166225]",0,DESPENSA Y ABARROTES
ACUENTA,ACUENTA,PASTAS,430.0,2.0,7.0,"[430.0,2.0,7.0]","[0.062449348951182086,1.4929485166195389,1.114930040250818]",2,DESPENSA Y ABARROTES
GENERICA,ACUENTA,DESPENSA GENERAL,770.0,2.0,2.0,"[770.0,2.0,2.0]","[0.11182790393583769,1.4929485166195389,0.31855144007166225]",0,DESPENSA Y ABARROTES
LIDER,ACUENTA,ACEITES,1650.0,2.0,17.0,"[1650.0,2.0,17.0]","[0.23963122271965218,1.4929485166195389,2.707687240609129]",1,DESPENSA Y ABARROTES
CAROZZI,ACUENTA,PASTAS,990.0,2.0,7.0,"[990.0,2.0,7.0]","[0.1437787336317913,1.4929485166195389,1.114930040250818]",2,DESPENSA Y ABARROTES
NETO,ACUENTA,ACEITES,1390.0,2.0,17.0,"[1390.0,2.0,17.0]","[0.2018711512607979,1.4929485166195389,2.707687240609129]",1,DESPENSA Y ABARROTES
LIDER,ACUENTA,LEGUMBRES,950.0,2.0,25.0,"[950.0,2.0,25.0]","[0.13796949186889065,1.4929485166195389,3.981893000895778]",1,DESPENSA Y ABARROTES
ACUENTA,ACUENTA,HARINAS,790.0,2.0,20.0,"[790.0,2.0,20.0]","[0.11473252481728802,1.4929485166195389,3.1855144007166225]",1,DESPENSA Y ABARROTES
GENERICA,ACUENTA,DESPENSA GENERAL,740.0,2.0,2.0,"[740.0,2.0,2.0]","[0.10747097261366219,1.4929485166195389,0.31855144007166225]",0,DESPENSA Y ABARROTES
GENERICA,ACUENTA,DESPENSA GENERAL,560.0,2.0,2.0,"[560.0,2.0,2.0]","[0.08132938468060923,1.4929485166195389,0.31855144007166225]",0,DESPENSA Y ABARROTES
ACUENTA,ACUENTA,PASTAS,430.0,2.0,7.0,"[430.0,2.0,7.0]","[0.062449348951182086,1.4929485166195389,1.114930040250818]",2,DESPENSA Y ABARROTES
GENERICA,ACUENTA,DESPENSA GENERAL,630.0,2.0,2.0,"[630.0,2.0,2.0]","[0.09149555776568538,1.4929485166195389,0.31855144007166225]",0,DESPENSA Y ABARROTES
GENERICA,ACUENTA,PASTAS,450.0,2.0,7.0,"[450.0,2.0,7.0]","[0.06535396983263242,1.4929485166195389,1.114930040250818]",2,DESPENSA Y ABARROTES
LIDER,ACUENTA,DESPENSA GENERAL,2990.0,2.0,2.0,"[2990.0,2.0,2.0]","[0.43424082177682427,1.4929485166195389,0.31855144007166225]",0,DESPENSA Y ABARROTES
LUCCHETTI,ACUENTA,DESPENSA GENERAL,770.0,2.0,2.0,"[770.0,2.0,2.0]","[0.11182790393583769,1.4929485166195389,0.31855144007166225]",0,DESPENSA Y ABARROTES
MAGGI,ACUENTA,DESPENSA GENERAL,1000.0,2.0,2.0,"[1000.0,2.0,2.0]","[0.14523104407251647,1.4929485166195389,0.31855144007166225]",0,DESPENSA Y ABARROTES
CAROZZI,ACUENTA,PASTAS,1250.0,2.0,7.0,"[1250.0,2.0,7.0]","[0.1815388050906456,1.4929485166195389,1.114930040250818]",2,DESPENSA Y ABARROTES
KRAFT,ACUENTA,SALSAS,6590.0,2.0,27.0,"[6590.0,2.0,27.0]","[0.9570725804378836,1.4929485166195389,4.30044444096744]",1,DESPENSA Y ABARROTES
GENERICA,ACUENTA,DESPENSA GENERAL,740.0,2.0,2.0,"[740.0,2.0,2.0]","[0.10747097261366219,1.4929485166195389,0.31855144007166225]",0,DESPENSA Y ABARROTES
GENERICA,ACUENTA,PASTAS,1090.0,2.0,7.0,"[1090.0,2.0,7.0]","[0.15830183803904296,1.4929485166195389,1.114930040250818]",2,DESPENSA Y ABARROTES
GENERICA,ACUENTA,ARROZ,1950.0,2.0,23.0,"[1950.0,2.0,23.0]","[0.28320053594140715,1.4929485166195389,3.663341560824116]",1,DESPENSA Y ABARROTES
ACUENTA,ACUENTA,HARINAS,3990.0,2.0,20.0,"[3990.0,2.0,20.0]","[0.5794718658493407,1.4929485166195389,3.1855144007166225]",1,DESPENSA Y ABARROTES
GENERICA,ACUENTA,HARINAS,1250.0,2.0,20.0,"[1250.0,2.0,20.0]","[0.1815388050906456,1.4929485166195389,3.1855144007166225]",1,DESPENSA Y ABARROTES
LIDER,ACUENTA,DESPENSA GENERAL,4690.0,2.0,2.0,"[4690.0,2.0,2.0]","[0.6811335967001023,1.4929485166195389,0.31855144007166225]",0,DESPENSA Y ABARROTES
NETO,ACUENTA,CONSERVAS,1350.0,2.0,32.0,"[1350.0,2.0,32.0]","[0.19606190949789723,1.4929485166195389,5.096823041146596]",1,DESPENSA Y ABARROTES
LUCCHETTI,ACUENTA,PASTAS,970.0,2.0,7.0,"[970.0,2.0,7.0]","[0.14087411275034098,1.4929485166195389,1.114930040250818]",2,DESPENSA Y ABARROTES
KRAFT,ACUENTA,SALSAS,9890.0,2.0,27.0,"[9890.0,2.0,27.0]","[1.4363350258771879,1.4929485166195389,4.30044444096744]",1,DESPENSA Y ABARROTES
NETO,ACUENTA,ACEITES,1350.0,2.0,17.0,"[1350.0,2.0,17.0]","[0.19606190949789723,1.4929485166195389,2.707687240609129]",1,DESPENSA Y ABARROTES
GENERICA,ACUENTA,DESPENSA GENERAL,2250.0,2.0,2.0,"[2250.0,2.0,2.0]","[0.3267698491631621,1.4929485166195389,0.31855144007166225]",0,DESPENSA Y ABARROTES
LIDER,ACUENTA,PASTAS,750.0,2.0,7.0,"[750.0,2.0,7.0]","[0.10892328305438735,1.4929485166195389,1.114930040250818]",2,DESPENSA Y ABARROTES
ACE,ACUENTA,ACEITES,8990.0,2.0,17.0,"[8990.0,2.0,17.0]","[1.305627086211923,1.4929485166195389,2.707687240609129]",1,DESPENSA Y ABARROTES
LIDER,ACUENTA,HARINAS,890.0,2.0,20.0,"[890.0,2.0,20.0]","[0.12925562922453968,1.4929485166195389,3.1855144007166225]",1,DESPENSA Y ABARROTES
LUCCHETTI,ACUENTA,PASTAS,970.0,2.0,7.0,"[970.0,2.0,7.0]","[0.14087411275034098,1.4929485166195389,1.114930040250818]",2,DESPENSA Y ABARROTES
SELECTA,ACUENTA,HARINAS,7090.0,2.0,20.0,"[7090.0,2.0,20.0]","[1.0296881024741418,1.4929485166195389,3.1855144007166225]",1,DESPENSA Y ABARROTES
KRAFT,ACUENTA,SALSAS,4490.0,2.0,27.0,"[4490.0,2.0,27.0]","[0.652087387885599,1.4929485166195389,4.30044444096744]",1,DESPENSA Y ABARROTES
SELECTA,ACUENTA,HARINAS,1350.0,2.0,20.0,"[1350.0,2.0,20.0]","[0.19606190949789723,1.4929485166195389,3.1855144007166225]",1,DESPENSA Y ABARROTES
LIDER,ACUENTA,PASTAS,750.0,2.0,7.0,"[750.0,2.0,7.0]","[0.10892328305438735,1.4929485166195389,1.114930040250818]",2,DESPENSA Y ABARROTES
SELECTA,ACUENTA,HARINAS,1350.0,2.0,20.0,"[1350.0,2.0,20.0]","[0.19606190949789723,1.4929485166195389,3.1855144007166225]",1,DESPENSA Y ABARROTES
LIDER,ACUENTA,ACEITES,1890.0,2.0,17.0,"[1890.0,2.0,17.0]","[0.2744866732970561,1.4929485166195389,2.707687240609129]",1,DESPENSA Y ABARROTES
LIDER,ACUENTA,SALSAS,3890.0,2.0,27.0,"[3890.0,2.0,27.0]","[0.564948761442089,1.4929485166195389,4.30044444096744]",1,DESPENSA Y ABARROTES
LIDER,ACUENTA,SALSAS,3390.0,2.0,27.0,"[3390.0,2.0,27.0]","[0.49233323940583085,1.4929485166195389,4.30044444096744]",1,DESPENSA Y ABARROTES
ACE,ACUENTA,ACEITES,8390.0,2.0,17.0,"[8390.0,2.0,17.0]","[1.2184884597684131,1.4929485166195389,2.707687240609129]",1,DESPENSA Y ABARROTES
ACE,ACUENTA,ACEITES,5190.0,2.0,17.0,"[5190.0,2.0,17.0]","[0.7537491187363605,1.4929485166195389,2.707687240609129]",1,DESPENSA Y ABARROTES
LUCCHETTI,ACUENTA,PASTAS,970.0,2.0,7.0,"[970.0,2.0,7.0]","[0.14087411275034098,1.4929485166195389,1.114930040250818]",2,DESPENSA Y ABARROTES
KRAFT,ACUENTA,DESPENSA GENERAL,2790.0,2.0,2.0,"[2790.0,2.0,2.0]","[0.40519461296232095,1.4929485166195389,0.31855144007166225]",0,DESPENSA Y ABARROTES
NETO,ACUENTA,DESPENSA GENERAL,1450.0,2.0,2.0,"[1450.0,2.0,2.0]","[0.2105850139051489,1.4929485166195389,0.31855144007166225]",0,DESPENSA Y ABARROTES
GENERICA,ACUENTA,HARINAS,17990.0,2.0,20.0,"[17990.0,2.0,20.0]","[2.612706482864571,1.4929485166195389,3.1855144007166225]",1,DESPENSA Y ABARROTES
CAROZZI,ACUENTA,DESPENSA GENERAL,1390.0,2.0,2.0,"[1390.0,2.0,2.0]","[0.2018711512607979,1.4929485166195389,0.31855144007166225]",0,DESPENSA Y ABARROTES
GENERICA,ACUENTA,DESPENSA GENERAL,590.0,2.0,2.0,"[590.0,2.0,2.0]","[0.08568631600278472,1.4929485166195389,0.31855144007166225]",0,DESPENSA Y ABARROTES
GENERICA,ACUENTA,PASTAS,970.0,2.0,7.0,"[970.0,2.0,7.0]","[0.14087411275034098,1.4929485166195389,1.114930040250818]",2,DESPENSA Y ABARROTES
NETO,ACUENTA,DESPENSA GENERAL,1650.0,2.0,2.0,"[1650.0,2.0,2.0]","[0.23963122271965218,1.4929485166195389,0.31855144007166225]",0,DESPENSA Y ABARROTES
GENERICA,ACUENTA,DESPENSA GENERAL,2690.0,2.0,2.0,"[2690.0,2.0,2.0]","[0.3906715085550693,1.4929485166195389,0.31855144007166225]",0,DESPENSA Y ABARROTES
NETO,ACUENTA,DESPENSA GENERAL,1750.0,2.0,2.0,"[1750.0,2.0,2.0]","[0.25415432712690383,1.4929485166195389,0.31855144007166225]",0,DESPENSA Y ABARROTES
GENERICA,ACUENTA,DESPENSA GENERAL,1750.0,2.0,2.0,"[1750.0,2.0,2.0]","[0.25415432712690383,1.4929485166195389,0.31855144007166225]",0,DESPENSA Y ABARROTES
LIDER,ACUENTA,PASTAS,750.0,2.0,7.0,"[750.0,2.0,7.0]","[0.10892328305438735,1.4929485166195389,1.114930040250818]",2,DESPENSA Y ABARROTES
LIDER,ACUENTA,PASTAS,750.0,2.0,7.0,"[750.0,2.0,7.0]","[0.10892328305438735,1.4929485166195389,1.114930040250818]",2,DESPENSA Y ABARROTES
LIDER,ACUENTA,DESPENSA GENERAL,1890.0,2.0,2.0,"[1890.0,2.0,2.0]","[0.2744866732970561,1.4929485166195389,0.31855144007166225]",0,DESPENSA Y ABARROTES
GENERICA,ACUENTA,PASTAS,590.0,2.0,7.0,"[590.0,2.0,7.0]","[0.08568631600278472,1.4929485166195389,1.114930040250818]",2,DESPENSA Y ABARROTES
GENERICA,ACUENTA,DESPENSA GENERAL,2250.0,2.0,2.0,"[2250.0,2.0,2.0]","[0.3267698491631621,1.4929485166195389,0.31855144007166225]",0,DESPENSA Y ABARROTES
NETO,ACUENTA,DESPENSA GENERAL,2290.0,2.0,2.0,"[2290.0,2.0,2.0]","[0.33257909092606275,1.4929485166195389,0.31855144007166225]",0,DESPENSA Y ABARROTES
LIDER,ACUENTA,DESPENSA GENERAL,3490.0,2.0,2.0,"[3490.0,2.0,2.0]","[0.5068563438130825,1.4929485166195389,0.31855144007166225]",0,DESPENSA Y ABARROTES
NETO,ACUENTA,DESPENSA GENERAL,2290.0,2.0,2.0,"[2290.0,2.0,2.0]","[0.33257909092606275,1.4929485166195389,0.31855144007166225]",0,DESPENSA Y ABARROTES
LIDER,ACUENTA,ACEITES,4690.0,2.0,17.0,"[4690.0,2.0,17.0]","[0.6811335967001023,1.4929485166195389,2.707687240609129]",1,DESPENSA Y ABARROTES
ACE,ACUENTA,ACEITES,4590.0,2.0,17.0,"[4590.0,2.0,17.0]","[0.6666104922928506,1.4929485166195389,2.707687240609129]",1,DESPENSA Y ABARROTES
GENERICA,ACUENTA,SALSAS,4790.0,2.0,27.0,"[4790.0,2.0,27.0]","[0.6956567011073539,1.4929485166195389,4.30044444096744]",1,DESPENSA Y ABARROTES
LIDER,ACUENTA,DESPENSA GENERAL,2590.0,2.0,2.0,"[2590.0,2.0,2.0]","[0.3761484041478177,1.4929485166195389,0.31855144007166225]",0,DESPENSA Y ABARROTES
LIDER,ACUENTA,DESPENSA GENERAL,1390.0,2.0,2.0,"[1390.0,2.0,2.0]","[0.2018711512607979,1.4929485166195389,0.31855144007166225]",0,DESPENSA Y ABARROTES
LIDER,ACUENTA,ACEITES,3000.0,2.0,17.0,"[3000.0,2.0,17.0]","[0.4356931322175494,1.4929485166195389,2.707687240609129]",1,DESPENSA Y ABARROTES
GENERICA,ACUENTA,HARINAS,1050.0,2.0,20.0,"[1050.0,2.0,20.0]","[0.1524925962761423,1.4929485166195389,3.1855144007166225]",1,DESPENSA Y ABARROTES
GENERICA,ACUENTA,DESPENSA GENERAL,2290.0,2.0,2.0,"[2290.0,2.0,2.0]","[0.33257909092606275,1.4929485166195389,0.31855144007166225]",0,DESPENSA Y ABARROTES
LIDER,ACUENTA,HARINAS,2190.0,2.0,20.0,"[2190.0,2.0,20.0]","[0.31805598651881106,1.4929485166195389,3.1855144007166225]",1,DESPENSA Y ABARROTES
CAROZZI,ACUENTA,PASTAS,830.0,2.0,7.0,"[830.0,2.0,7.0]","[0.12054176658018867,1.4929485166195389,1.114930040250818]",2,DESPENSA Y ABARROTES
GENERICA,ACUENTA,DESPENSA GENERAL,590.0,2.0,2.0,"[590.0,2.0,2.0]","[0.08568631600278472,1.4929485166195389,0.31855144007166225]",0,DESPENSA Y ABARROTES
GENERICA,ACUENTA,HARINAS,1690.0,2.0,20.0,"[1690.0,2.0,20.0]","[0.24544046448255286,1.4929485166195389,3.1855144007166225]",1,DESPENSA Y ABARROTES
GENERICA,ACUENTA,DESPENSA GENERAL,6290.0,2.0,2.0,"[6290.0,2.0,2.0]","[0.9135032672161286,1.4929485166195389,0.31855144007166225]",0,DESPENSA Y ABARROTES
CAROZZI,ACUENTA,PASTAS,830.0,2.0,7.0,"[830.0,2.0,7.0]","[0.12054176658018867,1.4929485166195389,1.114930040250818]",2,DESPENSA Y ABARROTES
GENERICA,ACUENTA,PASTAS,950.0,2.0,7.0,"[950.0,2.0,7.0]","[0.13796949186889065,1.4929485166195389,1.114930040250818]",2,DESPENSA Y ABARROTES
GENERICA,ACUENTA,HARINAS,1050.0,2.0,20.0,"[1050.0,2.0,20.0]","[0.1524925962761423,1.4929485166195389,3.1855144007166225]",1,DESPENSA Y ABARROTES
ACUENTA,ACUENTA,DESPENSA GENERAL,760.0,2.0,2.0,"[760.0,2.0,2.0]","[0.11037559349511253,1.4929485166195389,0.31855144007166225]",0,DESPENSA Y ABARROTES
LIDER,ACUENTA,PASTAS,750.0,2.0,7.0,"[750.0,2.0,7.0]","[0.10892328305438735,1.4929485166195389,1.114930040250818]",2,DESPENSA Y ABARROTES
NETO,ACUENTA,DESPENSA GENERAL,2450.0,2.0,2.0,"[2450.0,2.0,2.0]","[0.35581605797766536,1.4929485166195389,0.31855144007166225]",0,DESPENSA Y ABARROTES
LIDER,ACUENTA,DESPENSA GENERAL,2490.0,2.0,2.0,"[2490.0,2.0,2.0]","[0.361625299740566,1.4929485166195389,0.31855144007166225]",0,DESPENSA Y ABARROTES
LIDER,ACUENTA,HARINAS,1550.0,2.0,20.0,"[1550.0,2.0,20.0]","[0.22510811831240055,1.4929485166195389,3.1855144007166225]",1,DESPENSA Y ABARROTES
GENERICA,ACUENTA,DESPENSA GENERAL,1790.0,2.0,2.0,"[1790.0,2.0,2.0]","[0.2599635688898045,1.4929485166195389,0.31855144007166225]",0,DESPENSA Y ABARROTES
CAROZZI,ACUENTA,PASTAS,830.0,2.0,7.0,"[830.0,2.0,7.0]","[0.12054176658018867,1.4929485166195389,1.114930040250818]",2,DESPENSA Y ABARROTES
ACUENTA,ACUENTA,DESPENSA GENERAL,1450.0,2.0,2.0,"[1450.0,2.0,2.0]","[0.2105850139051489,1.4929485166195389,0.31855144007166225]",0,DESPENSA Y ABARROTES
GENERICA,ACUENTA,DESPENSA GENERAL,1750.0,2.0,2.0,"[1750.0,2.0,2.0]","[0.25415432712690383,1.4929485166195389,0.31855144007166225]",0,DESPENSA Y ABARROTES
SELECTA,ACUENTA,HARINAS,1650.0,2.0,20.0,"[1650.0,2.0,20.0]","[0.23963122271965218,1.4929485166195389,3.1855144007166225]",1,DESPENSA Y ABARROTES
LIDER,ACUENTA,DESPENSA GENERAL,550.0,2.0,2.0,"[550.0,2.0,2.0]","[0.07987707423988406,1.4929485166195389,0.31855144007166225]",0,DESPENSA Y ABARROTES
GENERICA,ACUENTA,DESPENSA GENERAL,1290.0,2.0,2.0,"[1290.0,2.0,2.0]","[0.18734804685354625,1.4929485166195389,0.31855144007166225]",0,DESPENSA Y ABARROTES
NETO,ACUENTA,DESPENSA GENERAL,2150.0,2.0,2.0,"[2150.0,2.0,2.0]","[0.3122467447559104,1.4929485166195389,0.31855144007166225]",0,DESPENSA Y ABARROTES
GOURMET,ACUENTA,DESPENSA GENERAL,2000.0,2.0,2.0,"[2000.0,2.0,2.0]","[0.29046208814503294,1.4929485166195389,0.31855144007166225]",0,DESPENSA Y ABARROTES
ACUENTA,ACUENTA,DESPENSA GENERAL,830.0,2.0,2.0,"[830.0,2.0,2.0]","[0.12054176658018867,1.4929485166195389,0.31855144007166225]",0,DESPENSA Y ABARROTES
NETO,ACUENTA,DESPENSA GENERAL,2350.0,2.0,2.0,"[2350.0,2.0,2.0]","[0.3412929535704137,1.4929485166195389,0.31855144007166225]",0,DESPENSA Y ABARROTES
LIDER,ACUENTA,DESPENSA GENERAL,2290.0,2.0,2.0,"[2290.0,2.0,2.0]","[0.33257909092606275,1.4929485166195389,0.31855144007166225]",0,DESPENSA Y ABARROTES
GENERICA,ACUENTA,SALSAS,3890.0,2.0,27.0,"[3890.0,2.0,27.0]","[0.564948761442089,1.4929485166195389,4.30044444096744]",1,DESPENSA Y ABARROTES
GENERICA,ACUENTA,DESPENSA GENERAL,490.0,2.0,2.0,"[490.0,2.0,2.0]","[0.07116321159553307,1.4929485166195389,0.31855144007166225]",0,DESPENSA Y ABARROTES
GENERICA,ACUENTA,DESPENSA GENERAL,1490.0,2.0,2.0,"[1490.0,2.0,2.0]","[0.21639425566804954,1.4929485166195389,0.31855144007166225]",0,DESPENSA Y ABARROTES
LIDER,ACUENTA,DESPENSA GENERAL,1990.0,2.0,2.0,"[1990.0,2.0,2.0]","[0.2890097777043078,1.4929485166195389,0.31855144007166225]",0,DESPENSA Y ABARROTES
GENERICA,ACUENTA,DESPENSA GENERAL,1350.0,2.0,2.0,"[1350.0,2.0,2.0]","[0.19606190949789723,1.4929485166195389,0.31855144007166225]",0,DESPENSA Y ABARROTES
LIDER,ACUENTA,SALSAS,3390.0,2.0,27.0,"[3390.0,2.0,27.0]","[0.49233323940583085,1.4929485166195389,4.30044444096744]",1,DESPENSA Y ABARROTES
LIDER,ACUENTA,LEGUMBRES,950.0,2.0,25.0,"[950.0,2.0,25.0]","[0.13796949186889065,1.4929485166195389,3.981893000895778]",1,DESPENSA Y ABARROTES
LIDER,ACUENTA,PASTAS,750.0,2.0,7.0,"[750.0,2.0,7.0]","[0.10892328305438735,1.4929485166195389,1.114930040250818]",2,DESPENSA Y ABARROTES
GENERICA,ACUENTA,DESPENSA GENERAL,490.0,2.0,2.0,"[490.0,2.0,2.0]","[0.07116321159553307,1.4929485166195389,0.31855144007166225]",0,DESPENSA Y ABARROTES
LIDER,ACUENTA,DESPENSA GENERAL,950.0,2.0,2.0,"[950.0,2.0,2.0]","[0.13796949186889065,1.4929485166195389,0.31855144007166225]",0,DESPENSA Y ABARROTES
GENERICA,ACUENTA,DESPENSA GENERAL,3990.0,2.0,2.0,"[3990.0,2.0,2.0]","[0.5794718658493407,1.4929485166195389,0.31855144007166225]",0,DESPENSA Y ABARROTES
VIVO,ACUENTA,DESPENSA GENERAL,660.0,2.0,2.0,"[660.0,2.0,2.0]","[0.09585248908786087,1.4929485166195389,0.31855144007166225]",0,DESPENSA Y ABARROTES
GENERICA,ACUENTA,PASTAS,780.0,2.0,7.0,"[780.0,2.0,7.0]","[0.11328021437656285,1.4929485166195389,1.114930040250818]",2,DESPENSA Y ABARROTES
GENERICA,ACUENTA,DESPENSA GENERAL,1250.0,2.0,2.0,"[1250.0,2.0,2.0]","[0.1815388050906456,1.4929485166195389,0.31855144007166225]",0,DESPENSA Y ABARROTES
NETO,ACUENTA,DESPENSA GENERAL,3390.0,2.0,2.0,"[3390.0,2.0,2.0]","[0.49233323940583085,1.4929485166195389,0.31855144007166225]",0,DESPENSA Y ABARROTES
LIDER,ACUENTA,PASTAS,750.0,2.0,7.0,"[750.0,2.0,7.0]","[0.10892328305438735,1.4929485166195389,1.114930040250818]",2,DESPENSA Y ABARROTES
GENERICA,ACUENTA,DESPENSA GENERAL,1250.0,2.0,2.0,"[1250.0,2.0,2.0]","[0.1815388050906456,1.4929485166195389,0.31855144007166225]",0,DESPENSA Y ABARROTES
NETO,ACUENTA,DESPENSA GENERAL,2790.0,2.0,2.0,"[2790.0,2.0,2.0]","[0.40519461296232095,1.4929485166195389,0.31855144007166225]",0,DESPENSA Y ABARROTES
GENERICA,ACUENTA,DESPENSA GENERAL,760.0,2.0,2.0,"[760.0,2.0,2.0]","[0.11037559349511253,1.4929485166195389,0.31855144007166225]",0,DESPENSA Y ABARROTES
GENERICA,ACUENTA,PASTAS,580.0,2.0,7.0,"[580.0,2.0,7.0]","[0.08423400556205955,1.4929485166195389,1.114930040250818]",2,DESPENSA Y ABARROTES
VIVO,ACUENTA,DESPENSA GENERAL,840.0,2.0,2.0,"[840.0,2.0,2.0]","[0.12199407702091383,1.4929485166195389,0.31855144007166225]",0,DESPENSA Y ABARROTES
NETO,ACUENTA,DESPENSA GENERAL,990.0,2.0,2.0,"[990.0,2.0,2.0]","[0.1437787336317913,1.4929485166195389,0.31855144007166225]",0,DESPENSA Y ABARROTES
CAROZZI,ACUENTA,PASTAS,830.0,2.0,7.0,"[830.0,2.0,7.0]","[0.12054176658018867,1.4929485166195389,1.114930040250818]",2,DESPENSA Y ABARROTES
LIDER,ACUENTA,SALSAS,2290.0,2.0,27.0,"[2290.0,2.0,27.0]","[0.33257909092606275,1.4929485166195389,4.30044444096744]",1,DESPENSA Y ABARROTES
GENERICA,ACUENTA,PASTAS,520.0,2.0,7.0,"[520.0,2.0,7.0]","[0.07552014291770856,1.4929485166195389,1.114930040250818]",2,DESPENSA Y ABARROTES
GENERICA,ACUENTA,HARINAS,1350.0,2.0,20.0,"[1350.0,2.0,20.0]","[0.19606190949789723,1.4929485166195389,3.1855144007166225]",1,DESPENSA Y ABARROTES
VIVO,ACUENTA,DESPENSA GENERAL,840.0,2.0,2.0,"[840.0,2.0,2.0]","[0.12199407702091383,1.4929485166195389,0.31855144007166225]",0,DESPENSA Y ABARROTES
ACUENTA,ACUENTA,DESPENSA GENERAL,850.0,2.0,2.0,"[850.0,2.0,2.0]","[0.12344638746163901,1.4929485166195389,0.31855144007166225]",0,DESPENSA Y ABARROTES
GENERICA,ACUENTA,DESPENSA GENERAL,9590.0,2.0,2.0,"[9590.0,2.0,2.0]","[1.392765712655433,1.4929485166195389,0.31855144007166225]",0,DESPENSA Y ABARROTES
LIDER,ACUENTA,PASTAS,750.0,2.0,7.0,"[750.0,2.0,7.0]","[0.10892328305438735,1.4929485166195389,1.114930040250818]",2,DESPENSA Y ABARROTES
LIDER,ACUENTA,SALSAS,1250.0,2.0,27.0,"[1250.0,2.0,27.0]","[0.1815388050906456,1.4929485166195389,4.30044444096744]",1,DESPENSA Y ABARROTES
GENERICA,ACUENTA,HARINAS,1090.0,2.0,20.0,"[1090.0,2.0,20.0]","[0.15830183803904296,1.4929485166195389,3.1855144007166225]",1,DESPENSA Y ABARROTES
NETO,ACUENTA,DESPENSA GENERAL,2990.0,2.0,2.0,"[2990.0,2.0,2.0]","[0.43424082177682427,1.4929485166195389,0.31855144007166225]",0,DESPENSA Y ABARROTES
GENERICA,ACUENTA,PASTAS,780.0,2.0,7.0,"[780.0,2.0,7.0]","[0.11328021437656285,1.4929485166195389,1.114930040250818]",2,DESPENSA Y ABARROTES
NETO,ACUENTA,DESPENSA GENERAL,900.0,2.0,2.0,"[900.0,2.0,2.0]","[0.13070793966526484,1.4929485166195389,0.31855144007166225]",0,DESPENSA Y ABARROTES
LIDER,ACUENTA,HARINAS,2290.0,2.0,20.0,"[2290.0,2.0,20.0]","[0.33257909092606275,1.4929485166195389,3.1855144007166225]",1,DESPENSA Y ABARROTES
LUCCHETTI,ACUENTA,DESPENSA GENERAL,970.0,2.0,2.0,"[970.0,2.0,2.0]","[0.14087411275034098,1.4929485166195389,0.31855144007166225]",0,DESPENSA Y ABARROTES
NETO,ACUENTA,DESPENSA GENERAL,2990.0,2.0,2.0,"[2990.0,2.0,2.0]","[0.43424082177682427,1.4929485166195389,0.31855144007166225]",0,DESPENSA Y ABARROTES
GENERICA,ACUENTA,DESPENSA GENERAL,450.0,2.0,2.0,"[450.0,2.0,2.0]","[0.06535396983263242,1.4929485166195389,0.31855144007166225]",0,DESPENSA Y ABARROTES
ACUENTA,ACUENTA,DESPENSA GENERAL,1650.0,2.0,2.0,"[1650.0,2.0,2.0]","[0.23963122271965218,1.4929485166195389,0.31855144007166225]",0,DESPENSA Y ABARROTES
NETO,ACUENTA,DESPENSA GENERAL,2690.0,2.0,2.0,"[2690.0,2.0,2.0]","[0.3906715085550693,1.4929485166195389,0.31855144007166225]",0,DESPENSA Y ABARROTES
GENERICA,ACUENTA,DESPENSA GENERAL,2990.0,2.0,2.0,"[2990.0,2.0,2.0]","[0.43424082177682427,1.4929485166195389,0.31855144007166225]",0,DESPENSA Y ABARROTES
GENERICA,ACUENTA,DESPENSA GENERAL,3890.0,2.0,2.0,"[3890.0,2.0,2.0]","[0.564948761442089,1.4929485166195389,0.31855144007166225]",0,DESPENSA Y ABARROTES
GENERICA,ACUENTA,DESPENSA GENERAL,3490.0,2.0,2.0,"[3490.0,2.0,2.0]","[0.5068563438130825,1.4929485166195389,0.31855144007166225]",0,DESPENSA Y ABARROTES
GENERICA,ACUENTA,PASTAS,1190.0,2.0,7.0,"[1190.0,2.0,7.0]","[0.1728249424462946,1.4929485166195389,1.114930040250818]",2,DESPENSA Y ABARROTES
NETO,ACUENTA,DESPENSA GENERAL,9590.0,2.0,2.0,"[9590.0,2.0,2.0]","[1.392765712655433,1.4929485166195389,0.31855144007166225]",0,DESPENSA Y ABARROTES
GENERICA,ACUENTA,DESPENSA GENERAL,930.0,2.0,2.0,"[930.0,2.0,2.0]","[0.13506487098744033,1.4929485166195389,0.31855144007166225]",0,DESPENSA Y ABARROTES
GENERICA,ACUENTA,DESPENSA GENERAL,930.0,2.0,2.0,"[930.0,2.0,2.0]","[0.13506487098744033,1.4929485166195389,0.31855144007166225]",0,DESPENSA Y ABARROTES
GENERICA,ACUENTA,DESPENSA GENERAL,930.0,2.0,2.0,"[930.0,2.0,2.0]","[0.13506487098744033,1.4929485166195389,0.31855144007166225]",0,DESPENSA Y ABARROTES
GENERICA,ACUENTA,DESPENSA GENERAL,930.0,2.0,2.0,"[930.0,2.0,2.0]","[0.13506487098744033,1.4929485166195389,0.31855144007166225]",0,DESPENSA Y ABARROTES
GENERICA,ACUENTA,DESPENSA GENERAL,930.0,2.0,2.0,"[930.0,2.0,2.0]","[0.13506487098744033,1.4929485166195389,0.31855144007166225]",0,DESPENSA Y ABARROTES
GENERICA,ACUENTA,DESPENSA GENERAL,440.0,2.0,2.0,"[440.0,2.0,2.0]","[0.06390165939190726,1.4929485166195389,0.31855144007166225]",0,DESPENSA Y ABARROTES
GENERICA,ACUENTA,DESPENSA GENERAL,490.0,2.0,2.0,"[490.0,2.0,2.0]","[0.07116321159553307,1.4929485166195389,0.31855144007166225]",0,DESPENSA Y ABARROTES
NETO,ACUENTA,LEGUMBRES,610.0,2.0,25.0,"[610.0,2.0,25.0]","[0.08859093688423506,1.4929485166195389,3.981893000895778]",1,DESPENSA Y ABARROTES
NETO,ACUENTA,ACEITES,1000.0,2.0,17.0,"[1000.0,2.0,17.0]","[0.14523104407251647,1.4929485166195389,2.707687240609129]",1,DESPENSA Y ABARROTES
NETO,ACUENTA,DESPENSA GENERAL,2690.0,2.0,2.0,"[2690.0,2.0,2.0]","[0.3906715085550693,1.4929485166195389,0.31855144007166225]",0,DESPENSA Y ABARROTES
NETO,ACUENTA,DESPENSA GENERAL,1250.0,2.0,2.0,"[1250.0,2.0,2.0]","[0.1815388050906456,1.4929485166195389,0.31855144007166225]",0,DESPENSA Y ABARROTES
ACUENTA,ACUENTA,DESPENSA GENERAL,1450.0,2.0,2.0,"[1450.0,2.0,2.0]","[0.2105850139051489,1.4929485166195389,0.31855144007166225]",0,DESPENSA Y ABARROTES
GENERICA,ACUENTA,DESPENSA GENERAL,930.0,2.0,2.0,"[930.0,2.0,2.0]","[0.13506487098744033,1.4929485166195389,0.31855144007166225]",0,DESPENSA Y ABARROTES
NETO,ACUENTA,DESPENSA GENERAL,2350.0,2.0,2.0,"[2350.0,2.0,2.0]","[0.3412929535704137,1.4929485166195389,0.31855144007166225]",0,DESPENSA Y ABARROTES
NETO,ACUENTA,DESPENSA GENERAL,1550.0,2.0,2.0,"[1550.0,2.0,2.0]","[0.22510811831240055,1.4929485166195389,0.31855144007166225]",0,DESPENSA Y ABARROTES
NETO,ACUENTA,DESPENSA GENERAL,630.0,2.0,2.0,"[630.0,2.0,2.0]","[0.09149555776568538,1.4929485166195389,0.31855144007166225]",0,DESPENSA Y ABARROTES
NETO,ACUENTA,LEGUMBRES,630.0,2.0,25.0,"[630.0,2.0,25.0]","[0.09149555776568538,1.4929485166195389,3.981893000895778]",1,DESPENSA Y ABARROTES
NETO,ACUENTA,DESPENSA GENERAL,1990.0,2.0,2.0,"[1990.0,2.0,2.0]","[0.2890097777043078,1.4929485166195389,0.31855144007166225]",0,DESPENSA Y ABARROTES
GENERICA,ACUENTA,DESPENSA GENERAL,1950.0,2.0,2.0,"[1950.0,2.0,2.0]","[0.28320053594140715,1.4929485166195389,0.31855144007166225]",0,DESPENSA Y ABARROTES
NETO,ACUENTA,DESPENSA GENERAL,1650.0,2.0,2.0,"[1650.0,2.0,2.0]","[0.23963122271965218,1.4929485166195389,0.31855144007166225]",0,DESPENSA Y ABARROTES
GENERICA,ACUENTA,DESPENSA GENERAL,1590.0,2.0,2.0,"[1590.0,2.0,2.0]","[0.2309173600753012,1.4929485166195389,0.31855144007166225]",0,DESPENSA Y ABARROTES
NETO,ACUENTA,DESPENSA GENERAL,2750.0,2.0,2.0,"[2750.0,2.0,2.0]","[0.3993853711994203,1.4929485166195389,0.31855144007166225]",0,DESPENSA Y ABARROTES
NETO,ACUENTA,DESPENSA GENERAL,1590.0,2.0,2.0,"[1590.0,2.0,2.0]","[0.2309173600753012,1.4929485166195389,0.31855144007166225]",0,DESPENSA Y ABARROTES
NETO,ACUENTA,DESPENSA GENERAL,2290.0,2.0,2.0,"[2290.0,2.0,2.0]","[0.33257909092606275,1.4929485166195389,0.31855144007166225]",0,DESPENSA Y ABARROTES
GENERICA,ACUENTA,HARINAS,1150.0,2.0,20.0,"[1150.0,2.0,20.0]","[0.16701570068339394,1.4929485166195389,3.1855144007166225]",1,DESPENSA Y ABARROTES
NETO,ACUENTA,DESPENSA GENERAL,2390.0,2.0,2.0,"[2390.0,2.0,2.0]","[0.3471021953333144,1.4929485166195389,0.31855144007166225]",0,DESPENSA Y ABARROTES
SELECTA,ACUENTA,HARINAS,1990.0,2.0,20.0,"[1990.0,2.0,20.0]","[0.2890097777043078,1.4929485166195389,3.1855144007166225]",1,DESPENSA Y ABARROTES
GENERICA,ACUENTA,HARINAS,1850.0,2.0,20.0,"[1850.0,2.0,20.0]","[0.26867743153415546,1.4929485166195389,3.1855144007166225]",1,DESPENSA Y ABARROTES
GENERICA,ACUENTA,HARINAS,1190.0,2.0,20.0,"[1190.0,2.0,20.0]","[0.1728249424462946,1.4929485166195389,3.1855144007166225]",1,DESPENSA Y ABARROTES
GENERICA,ACUENTA,DESPENSA GENERAL,1650.0,2.0,2.0,"[1650.0,2.0,2.0]","[0.23963122271965218,1.4929485166195389,0.31855144007166225]",0,DESPENSA Y ABARROTES
GENERICA,ACUENTA,DESPENSA GENERAL,1750.0,2.0,2.0,"[1750.0,2.0,2.0]","[0.25415432712690383,1.4929485166195389,0.31855144007166225]",0,DESPENSA Y ABARROTES
GENERICA,ACUENTA,SALSAS,4890.0,2.0,27.0,"[4890.0,2.0,27.0]","[0.7101798055146056,1.4929485166195389,4.30044444096744]",1,DESPENSA Y ABARROTES
NETO,ACUENTA,DESPENSA GENERAL,3990.0,2.0,2.0,"[3990.0,2.0,2.0]","[0.5794718658493407,1.4929485166195389,0.31855144007166225]",0,DESPENSA Y ABARROTES
GENERICA,ACUENTA,DESPENSA GENERAL,1390.0,2.0,2.0,"[1390.0,2.0,2.0]","[0.2018711512607979,1.4929485166195389,0.31855144007166225]",0,DESPENSA Y ABARROTES
LIDER,ACUENTA,DESPENSA GENERAL,550.0,2.0,2.0,"[550.0,2.0,2.0]","[0.07987707423988406,1.4929485166195389,0.31855144007166225]",0,DESPENSA Y ABARROTES
GOURMET,ACUENTA,DESPENSA GENERAL,1250.0,2.0,2.0,"[1250.0,2.0,2.0]","[0.1815388050906456,1.4929485166195389,0.31855144007166225]",0,DESPENSA Y ABARROTES
GOURMET,ACUENTA,DESPENSA GENERAL,2590.0,2.0,2.0,"[2590.0,2.0,2.0]","[0.3761484041478177,1.4929485166195389,0.31855144007166225]",0,DESPENSA Y ABARROTES
GOURMET,ACUENTA,DESPENSA GENERAL,530.0,2.0,2.0,"[530.0,2.0,2.0]","[0.07697245335843374,1.4929485166195389,0.31855144007166225]",0,DESPENSA Y ABARROTES
GENERICA,ACUENTA,DESPENSA GENERAL,1450.0,2.0,2.0,"[1450.0,2.0,2.0]","[0.2105850139051489,1.4929485166195389,0.31855144007166225]",0,DESPENSA Y ABARROTES
GOURMET,ACUENTA,DESPENSA GENERAL,1450.0,2.0,2.0,"[1450.0,2.0,2.0]","[0.2105850139051489,1.4929485166195389,0.31855144007166225]",0,DESPENSA Y ABARROTES
GENERICA,ACUENTA,DESPENSA GENERAL,4190.0,2.0,2.0,"[4190.0,2.0,2.0]","[0.608518074663844,1.4929485166195389,0.31855144007166225]",0,DESPENSA Y ABARROTES
GOURMET,ACUENTA,DESPENSA GENERAL,1250.0,2.0,2.0,"[1250.0,2.0,2.0]","[0.1815388050906456,1.4929485166195389,0.31855144007166225]",0,DESPENSA Y ABARROTES
GOURMET,ACUENTA,DESPENSA GENERAL,1390.0,2.0,2.0,"[1390.0,2.0,2.0]","[0.2018711512607979,1.4929485166195389,0.31855144007166225]",0,DESPENSA Y ABARROTES
GOURMET,ACUENTA,DESPENSA GENERAL,1650.0,2.0,2.0,"[1650.0,2.0,2.0]","[0.23963122271965218,1.4929485166195389,0.31855144007166225]",0,DESPENSA Y ABARROTES
BANQUETE,ACUENTA,DESPENSA GENERAL,1950.0,2.0,2.0,"[1950.0,2.0,2.0]","[0.28320053594140715,1.4929485166195389,0.31855144007166225]",0,DESPENSA Y ABARROTES
IANSA,ACUENTA,DESPENSA GENERAL,2950.0,2.0,2.0,"[2950.0,2.0,2.0]","[0.4284315800139236,1.4929485166195389,0.31855144007166225]",0,DESPENSA Y ABARROTES
LIDER,ACUENTA,DESPENSA GENERAL,3690.0,2.0,2.0,"[3690.0,2.0,2.0]","[0.5359025526275858,1.4929485166195389,0.31855144007166225]",0,DESPENSA Y ABARROTES
GENERICA,ACUENTA,DESPENSA GENERAL,3190.0,2.0,2.0,"[3190.0,2.0,2.0]","[0.46328703059132753,1.4929485166195389,0.31855144007166225]",0,DESPENSA Y ABARROTES
IANSA,ACUENTA,DESPENSA GENERAL,3890.0,2.0,2.0,"[3890.0,2.0,2.0]","[0.564948761442089,1.4929485166195389,0.31855144007166225]",0,DESPENSA Y ABARROTES
IANSA,ACUENTA,LEGUMBRES,3990.0,2.0,25.0,"[3990.0,2.0,25.0]","[0.5794718658493407,1.4929485166195389,3.981893000895778]",1,DESPENSA Y ABARROTES
GENERICA,ACUENTA,LEGUMBRES,1750.0,2.0,25.0,"[1750.0,2.0,25.0]","[0.25415432712690383,1.4929485166195389,3.981893000895778]",1,DESPENSA Y ABARROTES
GENERICA,ACUENTA,DESPENSA GENERAL,1090.0,2.0,2.0,"[1090.0,2.0,2.0]","[0.15830183803904296,1.4929485166195389,0.31855144007166225]",0,DESPENSA Y ABARROTES
GENERICA,ACUENTA,DESPENSA GENERAL,1090.0,2.0,2.0,"[1090.0,2.0,2.0]","[0.15830183803904296,1.4929485166195389,0.31855144007166225]",0,DESPENSA Y ABARROTES
LUCCHETTI,ACUENTA,PASTAS,2190.0,2.0,7.0,"[2190.0,2.0,7.0]","[0.31805598651881106,1.4929485166195389,1.114930040250818]",2,DESPENSA Y ABARROTES
GENERICA,ACUENTA,PASTAS,2750.0,2.0,7.0,"[2750.0,2.0,7.0]","[0.3993853711994203,1.4929485166195389,1.114930040250818]",2,DESPENSA Y ABARROTES
GENERICA,ACUENTA,PASTAS,950.0,2.0,7.0,"[950.0,2.0,7.0]","[0.13796949186889065,1.4929485166195389,1.114930040250818]",2,DESPENSA Y ABARROTES
GENERICA,ACUENTA,PASTAS,950.0,2.0,7.0,"[950.0,2.0,7.0]","[0.13796949186889065,1.4929485166195389,1.114930040250818]",2,DESPENSA Y ABARROTES
GENERICA,ACUENTA,PASTAS,780.0,2.0,7.0,"[780.0,2.0,7.0]","[0.11328021437656285,1.4929485166195389,1.114930040250818]",2,DESPENSA Y ABARROTES
GENERICA,ACUENTA,PASTAS,780.0,2.0,7.0,"[780.0,2.0,7.0]","[0.11328021437656285,1.4929485166195389,1.114930040250818]",2,DESPENSA Y ABARROTES
GENERICA,ACUENTA,PASTAS,780.0,2.0,7.0,"[780.0,2.0,7.0]","[0.11328021437656285,1.4929485166195389,1.114930040250818]",2,DESPENSA Y ABARROTES
GENERICA,ACUENTA,PASTAS,1390.0,2.0,7.0,"[1390.0,2.0,7.0]","[0.2018711512607979,1.4929485166195389,1.114930040250818]",2,DESPENSA Y ABARROTES
GENERICA,ACUENTA,PASTAS,990.0,2.0,7.0,"[990.0,2.0,7.0]","[0.1437787336317913,1.4929485166195389,1.114930040250818]",2,DESPENSA Y ABARROTES
GENERICA,ACUENTA,PASTAS,990.0,2.0,7.0,"[990.0,2.0,7.0]","[0.1437787336317913,1.4929485166195389,1.114930040250818]",2,DESPENSA Y ABARROTES
GENERICA,ACUENTA,PASTAS,890.0,2.0,7.0,"[890.0,2.0,7.0]","[0.12925562922453968,1.4929485166195389,1.114930040250818]",2,DESPENSA Y ABARROTES
GENERICA,ACUENTA,PASTAS,990.0,2.0,7.0,"[990.0,2.0,7.0]","[0.1437787336317913,1.4929485166195389,1.114930040250818]",2,DESPENSA Y ABARROTES
GENERICA,ACUENTA,DESPENSA GENERAL,2250.0,2.0,2.0,"[2250.0,2.0,2.0]","[0.3267698491631621,1.4929485166195389,0.31855144007166225]",0,DESPENSA Y ABARROTES
GENERICA,ACUENTA,PASTAS,890.0,2.0,7.0,"[890.0,2.0,7.0]","[0.12925562922453968,1.4929485166195389,1.114930040250818]",2,DESPENSA Y ABARROTES
CAROZZI,ACUENTA,DESPENSA GENERAL,1790.0,2.0,2.0,"[1790.0,2.0,2.0]","[0.2599635688898045,1.4929485166195389,0.31855144007166225]",0,DESPENSA Y ABARROTES
GENERICA,ACUENTA,DESPENSA GENERAL,850.0,2.0,2.0,"[850.0,2.0,2.0]","[0.12344638746163901,1.4929485166195389,0.31855144007166225]",0,DESPENSA Y ABARROTES
ACE,ACUENTA,ACEITES,1690.0,2.0,17.0,"[1690.0,2.0,17.0]","[0.24544046448255286,1.4929485166195389,2.707687240609129]",1,DESPENSA Y ABARROTES
LIDER,ACUENTA,DESPENSA GENERAL,440.0,2.0,2.0,"[440.0,2.0,2.0]","[0.06390165939190726,1.4929485166195389,0.31855144007166225]",0,DESPENSA Y ABARROTES
LIDER,ACUENTA,DESPENSA GENERAL,1390.0,2.0,2.0,"[1390.0,2.0,2.0]","[0.2018711512607979,1.4929485166195389,0.31855144007166225]",0,DESPENSA Y ABARROTES
LIDER,ACUENTA,DESPENSA GENERAL,370.0,2.0,2.0,"[370.0,2.0,2.0]","[0.053735486306831094,1.4929485166195389,0.31855144007166225]",0,DESPENSA Y ABARROTES
LOBOS,ACUENTA,DESPENSA GENERAL,1350.0,2.0,2.0,"[1350.0,2.0,2.0]","[0.19606190949789723,1.4929485166195389,0.31855144007166225]",0,DESPENSA Y ABARROTES
MAGGI,ACUENTA,DESPENSA GENERAL,2690.0,2.0,2.0,"[2690.0,2.0,2.0]","[0.3906715085550693,1.4929485166195389,0.31855144007166225]",0,DESPENSA Y ABARROTES
ACE,ACUENTA,ACEITES,14490.0,2.0,17.0,"[14490.0,2.0,17.0]","[2.1043978286107636,1.4929485166195389,2.707687240609129]",1,DESPENSA Y ABARROTES
LIDER,ACUENTA,DESPENSA GENERAL,2450.0,2.0,2.0,"[2450.0,2.0,2.0]","[0.35581605797766536,1.4929485166195389,0.31855144007166225]",0,DESPENSA Y ABARROTES
LIDER,ACUENTA,DESPENSA GENERAL,460.0,2.0,2.0,"[460.0,2.0,2.0]","[0.06680628027335758,1.4929485166195389,0.31855144007166225]",0,DESPENSA Y ABARROTES
GENERICA,ACUENTA,PASTAS,1290.0,2.0,7.0,"[1290.0,2.0,7.0]","[0.18734804685354625,1.4929485166195389,1.114930040250818]",2,DESPENSA Y ABARROTES
GENERICA,ACUENTA,PASTAS,1290.0,2.0,7.0,"[1290.0,2.0,7.0]","[0.18734804685354625,1.4929485166195389,1.114930040250818]",2,DESPENSA Y ABARROTES
GOURMET,ACUENTA,DESPENSA GENERAL,5290.0,2.0,2.0,"[5290.0,2.0,2.0]","[0.7682722231436122,1.4929485166195389,0.31855144007166225]",0,DESPENSA Y ABARROTES
GENERICA,ACUENTA,DESPENSA GENERAL,6290.0,2.0,2.0,"[6290.0,2.0,2.0]","[0.9135032672161286,1.4929485166195389,0.31855144007166225]",0,DESPENSA Y ABARROTES
GENERICA,ACUENTA,DESPENSA GENERAL,4590.0,2.0,2.0,"[4590.0,2.0,2.0]","[0.6666104922928506,1.4929485166195389,0.31855144007166225]",0,DESPENSA Y ABARROTES
GENERICA,ACUENTA,DESPENSA GENERAL,6290.0,2.0,2.0,"[6290.0,2.0,2.0]","[0.9135032672161286,1.4929485166195389,0.31855144007166225]",0,DESPENSA Y ABARROTES
GOURMET,ACUENTA,DESPENSA GENERAL,1850.0,2.0,2.0,"[1850.0,2.0,2.0]","[0.26867743153415546,1.4929485166195389,0.31855144007166225]",0,DESPENSA Y ABARROTES
LIDER,ACUENTA,DESPENSA GENERAL,740.0,2.0,2.0,"[740.0,2.0,2.0]","[0.10747097261366219,1.4929485166195389,0.31855144007166225]",0,DESPENSA Y ABARROTES
LIDER,ACUENTA,DESPENSA GENERAL,770.0,2.0,2.0,"[770.0,2.0,2.0]","[0.11182790393583769,1.4929485166195389,0.31855144007166225]",0,DESPENSA Y ABARROTES
GOURMET,ACUENTA,DESPENSA GENERAL,2190.0,2.0,2.0,"[2190.0,2.0,2.0]","[0.31805598651881106,1.4929485166195389,0.31855144007166225]",0,DESPENSA Y ABARROTES
GENERICA,ACUENTA,DESPENSA GENERAL,2850.0,2.0,2.0,"[2850.0,2.0,2.0]","[0.41390847560667193,1.4929485166195389,0.31855144007166225]",0,DESPENSA Y ABARROTES
GENERICA,ACUENTA,DESPENSA GENERAL,2950.0,2.0,2.0,"[2950.0,2.0,2.0]","[0.4284315800139236,1.4929485166195389,0.31855144007166225]",0,DESPENSA Y ABARROTES
LIDER,ACUENTA,AZUCARES,640.0,2.0,22.0,"[640.0,2.0,22.0]","[0.09294786820641054,1.4929485166195389,3.504065840788285]",1,DESPENSA Y ABARROTES
LIDER,ACUENTA,AZUCARES,640.0,2.0,22.0,"[640.0,2.0,22.0]","[0.09294786820641054,1.4929485166195389,3.504065840788285]",1,DESPENSA Y ABARROTES
LIDER,ACUENTA,AZUCARES,640.0,2.0,22.0,"[640.0,2.0,22.0]","[0.09294786820641054,1.4929485166195389,3.504065840788285]",1,DESPENSA Y ABARROTES
GOURMET,ACUENTA,DESPENSA GENERAL,1250.0,2.0,2.0,"[1250.0,2.0,2.0]","[0.1815388050906456,1.4929485166195389,0.31855144007166225]",0,DESPENSA Y ABARROTES
LIDER,ACUENTA,AZUCARES,640.0,2.0,22.0,"[640.0,2.0,22.0]","[0.09294786820641054,1.4929485166195389,3.504065840788285]",1,DESPENSA Y ABARROTES
LIDER,ACUENTA,AZUCARES,640.0,2.0,22.0,"[640.0,2.0,22.0]","[0.09294786820641054,1.4929485166195389,3.504065840788285]",1,DESPENSA Y ABARROTES
OMO,ACUENTA,DESPENSA GENERAL,3390.0,2.0,2.0,"[3390.0,2.0,2.0]","[0.49233323940583085,1.4929485166195389,0.31855144007166225]",0,DESPENSA Y ABARROTES
GENERICA,ACUENTA,LEGUMBRES,2290.0,2.0,25.0,"[2290.0,2.0,25.0]","[0.33257909092606275,1.4929485166195389,3.981893000895778]",1,DESPENSA Y ABARROTES
GENERICA,ACUENTA,DESPENSA GENERAL,2290.0,2.0,2.0,"[2290.0,2.0,2.0]","[0.33257909092606275,1.4929485166195389,0.31855144007166225]",0,DESPENSA Y ABARROTES
LUCCHETTI,ACUENTA,DESPENSA GENERAL,990.0,2.0,2.0,"[990.0,2.0,2.0]","[0.1437787336317913,1.4929485166195389,0.31855144007166225]",0,DESPENSA Y ABARROTES
GENERICA,ACUENTA,AZUCARES,1850.0,2.0,22.0,"[1850.0,2.0,22.0]","[0.26867743153415546,1.4929485166195389,3.504065840788285]",1,DESPENSA Y ABARROTES
GENERICA,ACUENTA,DESPENSA GENERAL,770.0,2.0,2.0,"[770.0,2.0,2.0]","[0.11182790393583769,1.4929485166195389,0.31855144007166225]",0,DESPENSA Y ABARROTES
GENERICA,ACUENTA,PASTAS,890.0,2.0,7.0,"[890.0,2.0,7.0]","[0.12925562922453968,1.4929485166195389,1.114930040250818]",2,DESPENSA Y ABARROTES
GENERICA,ACUENTA,DESPENSA GENERAL,3290.0,2.0,2.0,"[3290.0,2.0,2.0]","[0.4778101349985792,1.4929485166195389,0.31855144007166225]",0,DESPENSA Y ABARROTES
GENERICA,ACUENTA,PASTAS,950.0,2.0,7.0,"[950.0,2.0,7.0]","[0.13796949186889065,1.4929485166195389,1.114930040250818]",2,DESPENSA Y ABARROTES
GENERICA,ACUENTA,DESPENSA GENERAL,3550.0,2.0,2.0,"[3550.0,2.0,2.0]","[0.5155702064574335,1.4929485166195389,0.31855144007166225]",0,DESPENSA Y ABARROTES
IANSA,ACUENTA,DESPENSA GENERAL,2650.0,2.0,2.0,"[2650.0,2.0,2.0]","[0.3848622667921687,1.4929485166195389,0.31855144007166225]",0,DESPENSA Y ABARROTES
GENERICA,ACUENTA,DESPENSA GENERAL,990.0,2.0,2.0,"[990.0,2.0,2.0]","[0.1437787336317913,1.4929485166195389,0.31855144007166225]",0,DESPENSA Y ABARROTES
IANSA,ACUENTA,DESPENSA GENERAL,3390.0,2.0,2.0,"[3390.0,2.0,2.0]","[0.49233323940583085,1.4929485166195389,0.31855144007166225]",0,DESPENSA Y ABARROTES
IANSA,ACUENTA,DESPENSA GENERAL,2850.0,2.0,2.0,"[2850.0,2.0,2.0]","[0.41390847560667193,1.4929485166195389,0.31855144007166225]",0,DESPENSA Y ABARROTES
IANSA,ACUENTA,LEGUMBRES,2990.0,2.0,25.0,"[2990.0,2.0,25.0]","[0.43424082177682427,1.4929485166195389,3.981893000895778]",1,DESPENSA Y ABARROTES
LIDER,ACUENTA,DESPENSA GENERAL,320.0,2.0,2.0,"[320.0,2.0,2.0]","[0.04647393410320527,1.4929485166195389,0.31855144007166225]",0,DESPENSA Y ABARROTES
LIDER,ACUENTA,DESPENSA GENERAL,430.0,2.0,2.0,"[430.0,2.0,2.0]","[0.062449348951182086,1.4929485166195389,0.31855144007166225]",0,DESPENSA Y ABARROTES
GENERICA,ACUENTA,DESPENSA GENERAL,1050.0,2.0,2.0,"[1050.0,2.0,2.0]","[0.1524925962761423,1.4929485166195389,0.31855144007166225]",0,DESPENSA Y ABARROTES
GENERICA,ACUENTA,PASTAS,890.0,2.0,7.0,"[890.0,2.0,7.0]","[0.12925562922453968,1.4929485166195389,1.114930040250818]",2,DESPENSA Y ABARROTES
LIDER,ACUENTA,DESPENSA GENERAL,2750.0,2.0,2.0,"[2750.0,2.0,2.0]","[0.3993853711994203,1.4929485166195389,0.31855144007166225]",0,DESPENSA Y ABARROTES
LIDER,ACUENTA,DESPENSA GENERAL,960.0,2.0,2.0,"[960.0,2.0,2.0]","[0.13942180230961582,1.4929485166195389,0.31855144007166225]",0,DESPENSA Y ABARROTES
GENERICA,ACUENTA,DESPENSA GENERAL,1190.0,2.0,2.0,"[1190.0,2.0,2.0]","[0.1728249424462946,1.4929485166195389,0.31855144007166225]",0,DESPENSA Y ABARROTES
GENERICA,ACUENTA,DESPENSA GENERAL,1190.0,2.0,2.0,"[1190.0,2.0,2.0]","[0.1728249424462946,1.4929485166195389,0.31855144007166225]",0,DESPENSA Y ABARROTES
GENERICA,ACUENTA,ARROZ,2650.0,2.0,23.0,"[2650.0,2.0,23.0]","[0.3848622667921687,1.4929485166195389,3.663341560824116]",1,DESPENSA Y ABARROTES
KRAFT,ACUENTA,SALSAS,3590.0,2.0,27.0,"[3590.0,2.0,27.0]","[0.5213794482203341,1.4929485166195389,4.30044444096744]",1,DESPENSA Y ABARROTES
GENERICA,ACUENTA,PASTAS,890.0,2.0,7.0,"[890.0,2.0,7.0]","[0.12925562922453968,1.4929485166195389,1.114930040250818]",2,DESPENSA Y ABARROTES
LIDER,ACUENTA,AZUCARES,2150.0,2.0,22.0,"[2150.0,2.0,22.0]","[0.3122467447559104,1.4929485166195389,3.504065840788285]",1,DESPENSA Y ABARROTES
GENERICA,ACUENTA,DESPENSA GENERAL,810.0,2.0,2.0,"[810.0,2.0,2.0]","[0.11763714569873834,1.4929485166195389,0.31855144007166225]",0,DESPENSA Y ABARROTES
GENERICA,ACUENTA,DESPENSA GENERAL,810.0,2.0,2.0,"[810.0,2.0,2.0]","[0.11763714569873834,1.4929485166195389,0.31855144007166225]",0,DESPENSA Y ABARROTES
GENERICA,ACUENTA,DESPENSA GENERAL,790.0,2.0,2.0,"[790.0,2.0,2.0]","[0.11473252481728802,1.4929485166195389,0.31855144007166225]",0,DESPENSA Y ABARROTES
GENERICA,ACUENTA,DESPENSA GENERAL,930.0,2.0,2.0,"[930.0,2.0,2.0]","[0.13506487098744033,1.4929485166195389,0.31855144007166225]",0,DESPENSA Y ABARROTES
GENERICA,ACUENTA,DESPENSA GENERAL,930.0,2.0,2.0,"[930.0,2.0,2.0]","[0.13506487098744033,1.4929485166195389,0.31855144007166225]",0,DESPENSA Y ABARROTES
GENERICA,ACUENTA,DESPENSA GENERAL,660.0,2.0,2.0,"[660.0,2.0,2.0]","[0.09585248908786087,1.4929485166195389,0.31855144007166225]",0,DESPENSA Y ABARROTES
LIDER,ACUENTA,DESPENSA GENERAL,950.0,2.0,2.0,"[950.0,2.0,2.0]","[0.13796949186889065,1.4929485166195389,0.31855144007166225]",0,DESPENSA Y ABARROTES
GENERICA,ACUENTA,DESPENSA GENERAL,660.0,2.0,2.0,"[660.0,2.0,2.0]","[0.09585248908786087,1.4929485166195389,0.31855144007166225]",0,DESPENSA Y ABARROTES
GENERICA,ACUENTA,ARROZ,660.0,2.0,23.0,"[660.0,2.0,23.0]","[0.09585248908786087,1.4929485166195389,3.663341560824116]",1,DESPENSA Y ABARROTES
GENERICA,ACUENTA,DESPENSA GENERAL,1450.0,2.0,2.0,"[1450.0,2.0,2.0]","[0.2105850139051489,1.4929485166195389,0.31855144007166225]",0,DESPENSA Y ABARROTES
GENERICA,ACUENTA,DESPENSA GENERAL,660.0,2.0,2.0,"[660.0,2.0,2.0]","[0.09585248908786087,1.4929485166195389,0.31855144007166225]",0,DESPENSA Y ABARROTES
GENERICA,ACUENTA,PASTAS,490.0,2.0,7.0,"[490.0,2.0,7.0]","[0.07116321159553307,1.4929485166195389,1.114930040250818]",2,DESPENSA Y ABARROTES
GENERICA,ACUENTA,PASTAS,450.0,2.0,7.0,"[450.0,2.0,7.0]","[0.06535396983263242,1.4929485166195389,1.114930040250818]",2,DESPENSA Y ABARROTES
GENERICA,ACUENTA,PASTAS,1090.0,2.0,7.0,"[1090.0,2.0,7.0]","[0.15830183803904296,1.4929485166195389,1.114930040250818]",2,DESPENSA Y ABARROTES
GENERICA,ACUENTA,DESPENSA GENERAL,690.0,2.0,2.0,"[690.0,2.0,2.0]","[0.10020942041003637,1.4929485166195389,0.31855144007166225]",0,DESPENSA Y ABARROTES
LIDER,ACUENTA,DESPENSA GENERAL,680.0,2.0,2.0,"[680.0,2.0,2.0]","[0.0987571099693112,1.4929485166195389,0.31855144007166225]",0,DESPENSA Y ABARROTES
LIDER,ACUENTA,DESPENSA GENERAL,690.0,2.0,2.0,"[690.0,2.0,2.0]","[0.10020942041003637,1.4929485166195389,0.31855144007166225]",0,DESPENSA Y ABARROTES
GENERICA,ACUENTA,DESPENSA GENERAL,770.0,2.0,2.0,"[770.0,2.0,2.0]","[0.11182790393583769,1.4929485166195389,0.31855144007166225]",0,DESPENSA Y ABARROTES
GENERICA,ACUENTA,DESPENSA GENERAL,2890.0,2.0,2.0,"[2890.0,2.0,2.0]","[0.41971771736957264,1.4929485166195389,0.31855144007166225]",0,DESPENSA Y ABARROTES
IANSA,ACUENTA,DESPENSA GENERAL,2550.0,2.0,2.0,"[2550.0,2.0,2.0]","[0.370339162384917,1.4929485166195389,0.31855144007166225]",0,DESPENSA Y ABARROTES
CAROZZI,ACUENTA,DESPENSA GENERAL,1650.0,2.0,2.0,"[1650.0,2.0,2.0]","[0.23963122271965218,1.4929485166195389,0.31855144007166225]",0,DESPENSA Y ABARROTES
LIDER,ACUENTA,DESPENSA GENERAL,990.0,2.0,2.0,"[990.0,2.0,2.0]","[0.1437787336317913,1.4929485166195389,0.31855144007166225]",0,DESPENSA Y ABARROTES
VIVO,ACUENTA,DESPENSA GENERAL,1050.0,2.0,2.0,"[1050.0,2.0,2.0]","[0.1524925962761423,1.4929485166195389,0.31855144007166225]",0,DESPENSA Y ABARROTES
LIDER,ACUENTA,DESPENSA GENERAL,530.0,2.0,2.0,"[530.0,2.0,2.0]","[0.07697245335843374,1.4929485166195389,0.31855144007166225]",0,DESPENSA Y ABARROTES
GENERICA,ACUENTA,DESPENSA GENERAL,1450.0,2.0,2.0,"[1450.0,2.0,2.0]","[0.2105850139051489,1.4929485166195389,0.31855144007166225]",0,DESPENSA Y ABARROTES
TRAVERSO,ACUENTA,DESPENSA GENERAL,2050.0,2.0,2.0,"[2050.0,2.0,2.0]","[0.2977236403486588,1.4929485166195389,0.31855144007166225]",0,DESPENSA Y ABARROTES
CAROZZI,ACUENTA,DESPENSA GENERAL,1890.0,2.0,2.0,"[1890.0,2.0,2.0]","[0.2744866732970561,1.4929485166195389,0.31855144007166225]",0,DESPENSA Y ABARROTES
GENERICA,ACUENTA,DESPENSA GENERAL,5490.0,2.0,2.0,"[5490.0,2.0,2.0]","[0.7973184319581155,1.4929485166195389,0.31855144007166225]",0,DESPENSA Y ABARROTES
GENERICA,ACUENTA,DESPENSA GENERAL,2090.0,2.0,2.0,"[2090.0,2.0,2.0]","[0.30353288211155943,1.4929485166195389,0.31855144007166225]",0,DESPENSA Y ABARROTES
GENERICA,ACUENTA,DESPENSA GENERAL,250.0,2.0,2.0,"[250.0,2.0,2.0]","[0.03630776101812912,1.4929485166195389,0.31855144007166225]",0,DESPENSA Y ABARROTES
GENERICA,ACUENTA,DESPENSA GENERAL,2550.0,2.0,2.0,"[2550.0,2.0,2.0]","[0.370339162384917,1.4929485166195389,0.31855144007166225]",0,DESPENSA Y ABARROTES
GENERICA,ACUENTA,DESPENSA GENERAL,6290.0,2.0,2.0,"[6290.0,2.0,2.0]","[0.9135032672161286,1.4929485166195389,0.31855144007166225]",0,DESPENSA Y ABARROTES
GENERICA,ACUENTA,DESPENSA GENERAL,2990.0,2.0,2.0,"[2990.0,2.0,2.0]","[0.43424082177682427,1.4929485166195389,0.31855144007166225]",0,DESPENSA Y ABARROTES
GOURMET,ACUENTA,DESPENSA GENERAL,2750.0,2.0,2.0,"[2750.0,2.0,2.0]","[0.3993853711994203,1.4929485166195389,0.31855144007166225]",0,DESPENSA Y ABARROTES
GENERICA,ACUENTA,DESPENSA GENERAL,3990.0,2.0,2.0,"[3990.0,2.0,2.0]","[0.5794718658493407,1.4929485166195389,0.31855144007166225]",0,DESPENSA Y ABARROTES
GENERICA,ACUENTA,DESPENSA GENERAL,1050.0,2.0,2.0,"[1050.0,2.0,2.0]","[0.1524925962761423,1.4929485166195389,0.31855144007166225]",0,DESPENSA Y ABARROTES
GENERICA,ACUENTA,DESPENSA GENERAL,2250.0,2.0,2.0,"[2250.0,2.0,2.0]","[0.3267698491631621,1.4929485166195389,0.31855144007166225]",0,DESPENSA Y ABARROTES
GENERICA,ACUENTA,DESPENSA GENERAL,900.0,2.0,2.0,"[900.0,2.0,2.0]","[0.13070793966526484,1.4929485166195389,0.31855144007166225]",0,DESPENSA Y ABARROTES
GOURMET,ACUENTA,DESPENSA GENERAL,910.0,2.0,2.0,"[910.0,2.0,2.0]","[0.13216025010599,1.4929485166195389,0.31855144007166225]",0,DESPENSA Y ABARROTES
GOURMET,ACUENTA,DESPENSA GENERAL,1390.0,2.0,2.0,"[1390.0,2.0,2.0]","[0.2018711512607979,1.4929485166195389,0.31855144007166225]",0,DESPENSA Y ABARROTES
GENERICA,ACUENTA,DESPENSA GENERAL,2990.0,2.0,2.0,"[2990.0,2.0,2.0]","[0.43424082177682427,1.4929485166195389,0.31855144007166225]",0,DESPENSA Y ABARROTES
GOURMET,ACUENTA,DESPENSA GENERAL,1990.0,2.0,2.0,"[1990.0,2.0,2.0]","[0.2890097777043078,1.4929485166195389,0.31855144007166225]",0,DESPENSA Y ABARROTES
GOURMET,ACUENTA,DESPENSA GENERAL,3890.0,2.0,2.0,"[3890.0,2.0,2.0]","[0.564948761442089,1.4929485166195389,0.31855144007166225]",0,DESPENSA Y ABARROTES
ACUENTA,ACUENTA,DESPENSA GENERAL,1890.0,2.0,2.0,"[1890.0,2.0,2.0]","[0.2744866732970561,1.4929485166195389,0.31855144007166225]",0,DESPENSA Y ABARROTES
BANQUETE,ACUENTA,DESPENSA GENERAL,2350.0,2.0,2.0,"[2350.0,2.0,2.0]","[0.3412929535704137,1.4929485166195389,0.31855144007166225]",0,DESPENSA Y ABARROTES
LIDER,ACUENTA,DESPENSA GENERAL,2000.0,2.0,2.0,"[2000.0,2.0,2.0]","[0.29046208814503294,1.4929485166195389,0.31855144007166225]",0,DESPENSA Y ABARROTES
BANQUETE,ACUENTA,DESPENSA GENERAL,3450.0,2.0,2.0,"[3450.0,2.0,2.0]","[0.5010471020501819,1.4929485166195389,0.31855144007166225]",0,DESPENSA Y ABARROTES
LIDER,ACUENTA,DESPENSA GENERAL,2990.0,2.0,2.0,"[2990.0,2.0,2.0]","[0.43424082177682427,1.4929485166195389,0.31855144007166225]",0,DESPENSA Y ABARROTES
ACUENTA,ACUENTA,DESPENSA GENERAL,1990.0,2.0,2.0,"[1990.0,2.0,2.0]","[0.2890097777043078,1.4929485166195389,0.31855144007166225]",0,DESPENSA Y ABARROTES
GENERICA,ACUENTA,DESPENSA GENERAL,3690.0,2.0,2.0,"[3690.0,2.0,2.0]","[0.5359025526275858,1.4929485166195389,0.31855144007166225]",0,DESPENSA Y ABARROTES
LIDER,ACUENTA,DESPENSA GENERAL,3450.0,2.0,2.0,"[3450.0,2.0,2.0]","[0.5010471020501819,1.4929485166195389,0.31855144007166225]",0,DESPENSA Y ABARROTES
BANQUETE,ACUENTA,DESPENSA GENERAL,2990.0,2.0,2.0,"[2990.0,2.0,2.0]","[0.43424082177682427,1.4929485166195389,0.31855144007166225]",0,DESPENSA Y ABARROTES
LIDER,ACUENTA,DESPENSA GENERAL,2290.0,2.0,2.0,"[2290.0,2.0,2.0]","[0.33257909092606275,1.4929485166195389,0.31855144007166225]",0,DESPENSA Y ABARROTES
LIDER,ACUENTA,DESPENSA GENERAL,3490.0,2.0,2.0,"[3490.0,2.0,2.0]","[0.5068563438130825,1.4929485166195389,0.31855144007166225]",0,DESPENSA Y ABARROTES
BANQUETE,ACUENTA,DESPENSA GENERAL,3000.0,2.0,2.0,"[3000.0,2.0,2.0]","[0.4356931322175494,1.4929485166195389,0.31855144007166225]",0,DESPENSA Y ABARROTES
LIDER,ACUENTA,LEGUMBRES,3190.0,2.0,25.0,"[3190.0,2.0,25.0]","[0.46328703059132753,1.4929485166195389,3.981893000895778]",1,DESPENSA Y ABARROTES
BANQUETE,ACUENTA,LEGUMBRES,3390.0,2.0,25.0,"[3390.0,2.0,25.0]","[0.49233323940583085,1.4929485166195389,3.981893000895778]",1,DESPENSA Y ABARROTES
LIDER,ACUENTA,LEGUMBRES,2990.0,2.0,25.0,"[2990.0,2.0,25.0]","[0.43424082177682427,1.4929485166195389,3.981893000895778]",1,DESPENSA Y ABARROTES
BANQUETE,ACUENTA,LEGUMBRES,2850.0,2.0,25.0,"[2850.0,2.0,25.0]","[0.41390847560667193,1.4929485166195389,3.981893000895778]",1,DESPENSA Y ABARROTES
GENERICA,ACUENTA,DESPENSA GENERAL,1190.0,2.0,2.0,"[1190.0,2.0,2.0]","[0.1728249424462946,1.4929485166195389,0.31855144007166225]",0,DESPENSA Y ABARROTES
LIDER,ACUENTA,DESPENSA GENERAL,960.0,2.0,2.0,"[960.0,2.0,2.0]","[0.13942180230961582,1.4929485166195389,0.31855144007166225]",0,DESPENSA Y ABARROTES
VIVO,ACUENTA,DESPENSA GENERAL,990.0,2.0,2.0,"[990.0,2.0,2.0]","[0.1437787336317913,1.4929485166195389,0.31855144007166225]",0,DESPENSA Y ABARROTES
VIVO,ACUENTA,DESPENSA GENERAL,990.0,2.0,2.0,"[990.0,2.0,2.0]","[0.1437787336317913,1.4929485166195389,0.31855144007166225]",0,DESPENSA Y ABARROTES
GENERICA,ACUENTA,DESPENSA GENERAL,930.0,2.0,2.0,"[930.0,2.0,2.0]","[0.13506487098744033,1.4929485166195389,0.31855144007166225]",0,DESPENSA Y ABARROTES
GENERICA,ACUENTA,DESPENSA GENERAL,930.0,2.0,2.0,"[930.0,2.0,2.0]","[0.13506487098744033,1.4929485166195389,0.31855144007166225]",0,DESPENSA Y ABARROTES
LIDER,ACUENTA,DESPENSA GENERAL,960.0,2.0,2.0,"[960.0,2.0,2.0]","[0.13942180230961582,1.4929485166195389,0.31855144007166225]",0,DESPENSA Y ABARROTES
GENERICA,ACUENTA,PASTAS,1190.0,2.0,7.0,"[1190.0,2.0,7.0]","[0.1728249424462946,1.4929485166195389,1.114930040250818]",2,DESPENSA Y ABARROTES
GENERICA,ACUENTA,PASTAS,1190.0,2.0,7.0,"[1190.0,2.0,7.0]","[0.1728249424462946,1.4929485166195389,1.114930040250818]",2,DESPENSA Y ABARROTES
GENERICA,ACUENTA,PASTAS,950.0,2.0,7.0,"[950.0,2.0,7.0]","[0.13796949186889065,1.4929485166195389,1.114930040250818]",2,DESPENSA Y ABARROTES
GENERICA,ACUENTA,PASTAS,2450.0,2.0,7.0,"[2450.0,2.0,7.0]","[0.35581605797766536,1.4929485166195389,1.114930040250818]",2,DESPENSA Y ABARROTES
GENERICA,ACUENTA,PASTAS,950.0,2.0,7.0,"[950.0,2.0,7.0]","[0.13796949186889065,1.4929485166195389,1.114930040250818]",2,DESPENSA Y ABARROTES
GENERICA,ACUENTA,PASTAS,1190.0,2.0,7.0,"[1190.0,2.0,7.0]","[0.1728249424462946,1.4929485166195389,1.114930040250818]",2,DESPENSA Y ABARROTES
ACUENTA,ACUENTA,PASTAS,460.0,2.0,7.0,"[460.0,2.0,7.0]","[0.06680628027335758,1.4929485166195389,1.114930040250818]",2,DESPENSA Y ABARROTES
ACUENTA,ACUENTA,PASTAS,460.0,2.0,7.0,"[460.0,2.0,7.0]","[0.06680628027335758,1.4929485166195389,1.114930040250818]",2,DESPENSA Y ABARROTES
LIDER,ACUENTA,PASTAS,890.0,2.0,7.0,"[890.0,2.0,7.0]","[0.12925562922453968,1.4929485166195389,1.114930040250818]",2,DESPENSA Y ABARROTES
LIDER,ACUENTA,PASTAS,890.0,2.0,7.0,"[890.0,2.0,7.0]","[0.12925562922453968,1.4929485166195389,1.114930040250818]",2,DESPENSA Y ABARROTES
GENERICA,ACUENTA,PASTAS,890.0,2.0,7.0,"[890.0,2.0,7.0]","[0.12925562922453968,1.4929485166195389,1.114930040250818]",2,DESPENSA Y ABARROTES
GENERICA,ACUENTA,ARROZ,1990.0,2.0,23.0,"[1990.0,2.0,23.0]","[0.2890097777043078,1.4929485166195389,3.663341560824116]",1,DESPENSA Y ABARROTES
GENERICA,ACUENTA,ARROZ,2250.0,2.0,23.0,"[2250.0,2.0,23.0]","[0.3267698491631621,1.4929485166195389,3.663341560824116]",1,DESPENSA Y ABARROTES
GENERICA,ACUENTA,ARROZ,1850.0,2.0,23.0,"[1850.0,2.0,23.0]","[0.26867743153415546,1.4929485166195389,3.663341560824116]",1,DESPENSA Y ABARROTES
TUCAPEL,ACUENTA,ARROZ,750.0,2.0,23.0,"[750.0,2.0,23.0]","[0.10892328305438735,1.4929485166195389,3.663341560824116]",1,DESPENSA Y ABARROTES
TUCAPEL,ACUENTA,ARROZ,750.0,2.0,23.0,"[750.0,2.0,23.0]","[0.10892328305438735,1.4929485166195389,3.663341560824116]",1,DESPENSA Y ABARROTES
GENERICA,ACUENTA,DESPENSA GENERAL,750.0,2.0,2.0,"[750.0,2.0,2.0]","[0.10892328305438735,1.4929485166195389,0.31855144007166225]",0,DESPENSA Y ABARROTES
MAGGI,ACUENTA,DESPENSA GENERAL,1250.0,2.0,2.0,"[1250.0,2.0,2.0]","[0.1815388050906456,1.4929485166195389,0.31855144007166225]",0,DESPENSA Y ABARROTES
MAGGI,ACUENTA,DESPENSA GENERAL,1250.0,2.0,2.0,"[1250.0,2.0,2.0]","[0.1815388050906456,1.4929485166195389,0.31855144007166225]",0,DESPENSA Y ABARROTES
NETO,ACUENTA,DESPENSA GENERAL,1850.0,2.0,2.0,"[1850.0,2.0,2.0]","[0.26867743153415546,1.4929485166195389,0.31855144007166225]",0,DESPENSA Y ABARROTES
NETO,ACUENTA,DESPENSA GENERAL,1290.0,2.0,2.0,"[1290.0,2.0,2.0]","[0.18734804685354625,1.4929485166195389,0.31855144007166225]",0,DESPENSA Y ABARROTES
ACE,ACUENTA,ACEITES,700.0,2.0,17.0,"[700.0,2.0,17.0]","[0.10166173085076154,1.4929485166195389,2.707687240609129]",1,DESPENSA Y ABARROTES
NETO,ACUENTA,DESPENSA GENERAL,1550.0,2.0,2.0,"[1550.0,2.0,2.0]","[0.22510811831240055,1.4929485166195389,0.31855144007166225]",0,DESPENSA Y ABARROTES
NETO,ACUENTA,DESPENSA GENERAL,3390.0,2.0,2.0,"[3390.0,2.0,2.0]","[0.49233323940583085,1.4929485166195389,0.31855144007166225]",0,DESPENSA Y ABARROTES
NETO,ACUENTA,ACEITES,3390.0,2.0,17.0,"[3390.0,2.0,17.0]","[0.49233323940583085,1.4929485166195389,2.707687240609129]",1,DESPENSA Y ABARROTES
NETO,ACUENTA,ACEITES,1550.0,2.0,17.0,"[1550.0,2.0,17.0]","[0.22510811831240055,1.4929485166195389,2.707687240609129]",1,DESPENSA Y ABARROTES
LIDER,ACUENTA,DESPENSA GENERAL,1450.0,2.0,2.0,"[1450.0,2.0,2.0]","[0.2105850139051489,1.4929485166195389,0.31855144007166225]",0,DESPENSA Y ABARROTES
LIDER,ACUENTA,DESPENSA GENERAL,550.0,2.0,2.0,"[550.0,2.0,2.0]","[0.07987707423988406,1.4929485166195389,0.31855144007166225]",0,DESPENSA Y ABARROTES
LIDER,ACUENTA,DESPENSA GENERAL,390.0,2.0,2.0,"[390.0,2.0,2.0]","[0.05664010718828143,1.4929485166195389,0.31855144007166225]",0,DESPENSA Y ABARROTES
LIDER,ACUENTA,DESPENSA GENERAL,490.0,2.0,2.0,"[490.0,2.0,2.0]","[0.07116321159553307,1.4929485166195389,0.31855144007166225]",0,DESPENSA Y ABARROTES
LIDER,ACUENTA,DESPENSA GENERAL,570.0,2.0,2.0,"[570.0,2.0,2.0]","[0.08278169512133439,1.4929485166195389,0.31855144007166225]",0,DESPENSA Y ABARROTES
LIDER,ACUENTA,DESPENSA GENERAL,490.0,2.0,2.0,"[490.0,2.0,2.0]","[0.07116321159553307,1.4929485166195389,0.31855144007166225]",0,DESPENSA Y ABARROTES
LIDER,ACUENTA,DESPENSA GENERAL,370.0,2.0,2.0,"[370.0,2.0,2.0]","[0.053735486306831094,1.4929485166195389,0.31855144007166225]",0,DESPENSA Y ABARROTES
LIDER,ACUENTA,DESPENSA GENERAL,990.0,2.0,2.0,"[990.0,2.0,2.0]","[0.1437787336317913,1.4929485166195389,0.31855144007166225]",0,DESPENSA Y ABARROTES
LIDER,ACUENTA,DESPENSA GENERAL,310.0,2.0,2.0,"[310.0,2.0,2.0]","[0.04502162366248011,1.4929485166195389,0.31855144007166225]",0,DESPENSA Y ABARROTES
LIDER,ACUENTA,DESPENSA GENERAL,640.0,2.0,2.0,"[640.0,2.0,2.0]","[0.09294786820641054,1.4929485166195389,0.31855144007166225]",0,DESPENSA Y ABARROTES
LIDER,ACUENTA,DESPENSA GENERAL,240.0,2.0,2.0,"[240.0,2.0,2.0]","[0.034855450577403954,1.4929485166195389,0.31855144007166225]",0,DESPENSA Y ABARROTES
LIDER,ACUENTA,DESPENSA GENERAL,410.0,2.0,2.0,"[410.0,2.0,2.0]","[0.05954472806973175,1.4929485166195389,0.31855144007166225]",0,DESPENSA Y ABARROTES
LIDER,ACUENTA,DESPENSA GENERAL,260.0,2.0,2.0,"[260.0,2.0,2.0]","[0.03776007145885428,1.4929485166195389,0.31855144007166225]",0,DESPENSA Y ABARROTES
LIDER,ACUENTA,DESPENSA GENERAL,150.0,2.0,2.0,"[150.0,2.0,2.0]","[0.021784656610877473,1.4929485166195389,0.31855144007166225]",0,DESPENSA Y ABARROTES
LIDER,ACUENTA,DESPENSA GENERAL,920.0,2.0,2.0,"[920.0,2.0,2.0]","[0.13361256054671516,1.4929485166195389,0.31855144007166225]",0,DESPENSA Y ABARROTES
LIDER,ACUENTA,DESPENSA GENERAL,200.0,2.0,2.0,"[200.0,2.0,2.0]","[0.029046208814503295,1.4929485166195389,0.31855144007166225]",0,DESPENSA Y ABARROTES
LIDER,ACUENTA,DESPENSA GENERAL,520.0,2.0,2.0,"[520.0,2.0,2.0]","[0.07552014291770856,1.4929485166195389,0.31855144007166225]",0,DESPENSA Y ABARROTES
LIDER,ACUENTA,DESPENSA GENERAL,540.0,2.0,2.0,"[540.0,2.0,2.0]","[0.0784247637991589,1.4929485166195389,0.31855144007166225]",0,DESPENSA Y ABARROTES
LIDER,ACUENTA,DESPENSA GENERAL,450.0,2.0,2.0,"[450.0,2.0,2.0]","[0.06535396983263242,1.4929485166195389,0.31855144007166225]",0,DESPENSA Y ABARROTES
LIDER,ACUENTA,DESPENSA GENERAL,1850.0,2.0,2.0,"[1850.0,2.0,2.0]","[0.26867743153415546,1.4929485166195389,0.31855144007166225]",0,DESPENSA Y ABARROTES
LIDER,ACUENTA,DESPENSA GENERAL,1390.0,2.0,2.0,"[1390.0,2.0,2.0]","[0.2018711512607979,1.4929485166195389,0.31855144007166225]",0,DESPENSA Y ABARROTES
LOBOS,ACUENTA,DESPENSA GENERAL,910.0,2.0,2.0,"[910.0,2.0,2.0]","[0.13216025010599,1.4929485166195389,0.31855144007166225]",0,DESPENSA Y ABARROTES
LOBOS,ACUENTA,DESPENSA GENERAL,530.0,2.0,2.0,"[530.0,2.0,2.0]","[0.07697245335843374,1.4929485166195389,0.31855144007166225]",0,DESPENSA Y ABARROTES
LIDER,ACUENTA,DESPENSA GENERAL,450.0,2.0,2.0,"[450.0,2.0,2.0]","[0.06535396983263242,1.4929485166195389,0.31855144007166225]",0,DESPENSA Y ABARROTES
LIDER,ACUENTA,DESPENSA GENERAL,1650.0,2.0,2.0,"[1650.0,2.0,2.0]","[0.23963122271965218,1.4929485166195389,0.31855144007166225]",0,DESPENSA Y ABARROTES
LOBOS,ACUENTA,DESPENSA GENERAL,570.0,2.0,2.0,"[570.0,2.0,2.0]","[0.08278169512133439,1.4929485166195389,0.31855144007166225]",0,DESPENSA Y ABARROTES
LIDER,ACUENTA,DESPENSA GENERAL,1190.0,2.0,2.0,"[1190.0,2.0,2.0]","[0.1728249424462946,1.4929485166195389,0.31855144007166225]",0,DESPENSA Y ABARROTES
GOURMET,ACUENTA,DESPENSA GENERAL,3290.0,2.0,2.0,"[3290.0,2.0,2.0]","[0.4778101349985792,1.4929485166195389,0.31855144007166225]",0,DESPENSA Y ABARROTES
LIDER,ACUENTA,DESPENSA GENERAL,1350.0,2.0,2.0,"[1350.0,2.0,2.0]","[0.19606190949789723,1.4929485166195389,0.31855144007166225]",0,DESPENSA Y ABARROTES
LIDER,ACUENTA,DESPENSA GENERAL,1790.0,2.0,2.0,"[1790.0,2.0,2.0]","[0.2599635688898045,1.4929485166195389,0.31855144007166225]",0,DESPENSA Y ABARROTES
GENERICA,ACUENTA,DESPENSA GENERAL,1950.0,2.0,2.0,"[1950.0,2.0,2.0]","[0.28320053594140715,1.4929485166195389,0.31855144007166225]",0,DESPENSA Y ABARROTES
MAGGI,ACUENTA,DESPENSA GENERAL,1550.0,2.0,2.0,"[1550.0,2.0,2.0]","[0.22510811831240055,1.4929485166195389,0.31855144007166225]",0,DESPENSA Y ABARROTES
GENERICA,ACUENTA,DESPENSA GENERAL,930.0,2.0,2.0,"[930.0,2.0,2.0]","[0.13506487098744033,1.4929485166195389,0.31855144007166225]",0,DESPENSA Y ABARROTES
GENERICA,ACUENTA,DESPENSA GENERAL,810.0,2.0,2.0,"[810.0,2.0,2.0]","[0.11763714569873834,1.4929485166195389,0.31855144007166225]",0,DESPENSA Y ABARROTES
ACE,ACUENTA,DESPENSA GENERAL,570.0,2.0,2.0,"[570.0,2.0,2.0]","[0.08278169512133439,1.4929485166195389,0.31855144007166225]",0,DESPENSA Y ABARROTES
GENERICA,ACUENTA,DESPENSA GENERAL,660.0,2.0,2.0,"[660.0,2.0,2.0]","[0.09585248908786087,1.4929485166195389,0.31855144007166225]",0,DESPENSA Y ABARROTES
GENERICA,ACUENTA,DESPENSA GENERAL,930.0,2.0,2.0,"[930.0,2.0,2.0]","[0.13506487098744033,1.4929485166195389,0.31855144007166225]",0,DESPENSA Y ABARROTES
GENERICA,ACUENTA,DESPENSA GENERAL,810.0,2.0,2.0,"[810.0,2.0,2.0]","[0.11763714569873834,1.4929485166195389,0.31855144007166225]",0,DESPENSA Y ABARROTES
GENERICA,ACUENTA,DESPENSA GENERAL,790.0,2.0,2.0,"[790.0,2.0,2.0]","[0.11473252481728802,1.4929485166195389,0.31855144007166225]",0,DESPENSA Y ABARROTES
GENERICA,ACUENTA,DESPENSA GENERAL,1450.0,2.0,2.0,"[1450.0,2.0,2.0]","[0.2105850139051489,1.4929485166195389,0.31855144007166225]",0,DESPENSA Y ABARROTES
LIDER,ACUENTA,DESPENSA GENERAL,950.0,2.0,2.0,"[950.0,2.0,2.0]","[0.13796949186889065,1.4929485166195389,0.31855144007166225]",0,DESPENSA Y ABARROTES
GENERICA,ACUENTA,DESPENSA GENERAL,1450.0,2.0,2.0,"[1450.0,2.0,2.0]","[0.2105850139051489,1.4929485166195389,0.31855144007166225]",0,DESPENSA Y ABARROTES
GENERICA,ACUENTA,DESPENSA GENERAL,950.0,2.0,2.0,"[950.0,2.0,2.0]","[0.13796949186889065,1.4929485166195389,0.31855144007166225]",0,DESPENSA Y ABARROTES
GENERICA,ACUENTA,DESPENSA GENERAL,950.0,2.0,2.0,"[950.0,2.0,2.0]","[0.13796949186889065,1.4929485166195389,0.31855144007166225]",0,DESPENSA Y ABARROTES
GENERICA,ACUENTA,DESPENSA GENERAL,660.0,2.0,2.0,"[660.0,2.0,2.0]","[0.09585248908786087,1.4929485166195389,0.31855144007166225]",0,DESPENSA Y ABARROTES
GENERICA,ACUENTA,DESPENSA GENERAL,450.0,2.0,2.0,"[450.0,2.0,2.0]","[0.06535396983263242,1.4929485166195389,0.31855144007166225]",0,DESPENSA Y ABARROTES
GOURMET,ACUENTA,DESPENSA GENERAL,440.0,2.0,2.0,"[440.0,2.0,2.0]","[0.06390165939190726,1.4929485166195389,0.31855144007166225]",0,DESPENSA Y ABARROTES
LIDER,ACUENTA,DESPENSA GENERAL,450.0,2.0,2.0,"[450.0,2.0,2.0]","[0.06535396983263242,1.4929485166195389,0.31855144007166225]",0,DESPENSA Y ABARROTES
GENERICA,ACUENTA,DESPENSA GENERAL,450.0,2.0,2.0,"[450.0,2.0,2.0]","[0.06535396983263242,1.4929485166195389,0.31855144007166225]",0,DESPENSA Y ABARROTES
GENERICA,ACUENTA,DESPENSA GENERAL,490.0,2.0,2.0,"[490.0,2.0,2.0]","[0.07116321159553307,1.4929485166195389,0.31855144007166225]",0,DESPENSA Y ABARROTES
GENERICA,ACUENTA,DESPENSA GENERAL,450.0,2.0,2.0,"[450.0,2.0,2.0]","[0.06535396983263242,1.4929485166195389,0.31855144007166225]",0,DESPENSA Y ABARROTES
GENERICA,ACUENTA,DESPENSA GENERAL,490.0,2.0,2.0,"[490.0,2.0,2.0]","[0.07116321159553307,1.4929485166195389,0.31855144007166225]",0,DESPENSA Y ABARROTES
MAGGI,ACUENTA,DESPENSA GENERAL,420.0,2.0,2.0,"[420.0,2.0,2.0]","[0.060997038510456916,1.4929485166195389,0.31855144007166225]",0,DESPENSA Y ABARROTES
MAGGI,ACUENTA,DESPENSA GENERAL,490.0,2.0,2.0,"[490.0,2.0,2.0]","[0.07116321159553307,1.4929485166195389,0.31855144007166225]",0,DESPENSA Y ABARROTES
IANSA,ACUENTA,AZUCARES,1850.0,2.0,22.0,"[1850.0,2.0,22.0]","[0.26867743153415546,1.4929485166195389,3.504065840788285]",1,DESPENSA Y ABARROTES
IANSA,ACUENTA,AZUCARES,2550.0,2.0,22.0,"[2550.0,2.0,22.0]","[0.370339162384917,1.4929485166195389,3.504065840788285]",1,DESPENSA Y ABARROTES
GENERICA,ACUENTA,AZUCARES,1690.0,2.0,22.0,"[1690.0,2.0,22.0]","[0.24544046448255286,1.4929485166195389,3.504065840788285]",1,DESPENSA Y ABARROTES
IANSA,ACUENTA,AZUCARES,2190.0,2.0,22.0,"[2190.0,2.0,22.0]","[0.31805598651881106,1.4929485166195389,3.504065840788285]",1,DESPENSA Y ABARROTES
LIDER,ACUENTA,AZUCARES,1050.0,2.0,22.0,"[1050.0,2.0,22.0]","[0.1524925962761423,1.4929485166195389,3.504065840788285]",1,DESPENSA Y ABARROTES
LIDER,ACUENTA,AZUCARES,1090.0,2.0,22.0,"[1090.0,2.0,22.0]","[0.15830183803904296,1.4929485166195389,3.504065840788285]",1,DESPENSA Y ABARROTES
ACE,ACUENTA,DESPENSA GENERAL,2890.0,2.0,2.0,"[2890.0,2.0,2.0]","[0.41971771736957264,1.4929485166195389,0.31855144007166225]",0,DESPENSA Y ABARROTES
TRAVERSO,ACUENTA,DESPENSA GENERAL,1650.0,2.0,2.0,"[1650.0,2.0,2.0]","[0.23963122271965218,1.4929485166195389,0.31855144007166225]",0,DESPENSA Y ABARROTES
LIDER,ACUENTA,DESPENSA GENERAL,4690.0,2.0,2.0,"[4690.0,2.0,2.0]","[0.6811335967001023,1.4929485166195389,0.31855144007166225]",0,DESPENSA Y ABARROTES
TRAVERSO,ACUENTA,DESPENSA GENERAL,1090.0,2.0,2.0,"[1090.0,2.0,2.0]","[0.15830183803904296,1.4929485166195389,0.31855144007166225]",0,DESPENSA Y ABARROTES
LIDER,ACUENTA,DESPENSA GENERAL,940.0,2.0,2.0,"[940.0,2.0,2.0]","[0.1365171814281655,1.4929485166195389,0.31855144007166225]",0,DESPENSA Y ABARROTES
TRAVERSO,ACUENTA,DESPENSA GENERAL,1090.0,2.0,2.0,"[1090.0,2.0,2.0]","[0.15830183803904296,1.4929485166195389,0.31855144007166225]",0,DESPENSA Y ABARROTES
LIDER,ACUENTA,DESPENSA GENERAL,3390.0,2.0,2.0,"[3390.0,2.0,2.0]","[0.49233323940583085,1.4929485166195389,0.31855144007166225]",0,DESPENSA Y ABARROTES
LIDER,ACUENTA,DESPENSA GENERAL,990.0,2.0,2.0,"[990.0,2.0,2.0]","[0.1437787336317913,1.4929485166195389,0.31855144007166225]",0,DESPENSA Y ABARROTES
LIDER,ACUENTA,DESPENSA GENERAL,1650.0,2.0,2.0,"[1650.0,2.0,2.0]","[0.23963122271965218,1.4929485166195389,0.31855144007166225]",0,DESPENSA Y ABARROTES
LIDER,ACUENTA,DESPENSA GENERAL,1650.0,2.0,2.0,"[1650.0,2.0,2.0]","[0.23963122271965218,1.4929485166195389,0.31855144007166225]",0,DESPENSA Y ABARROTES
LIDER,ACUENTA,DESPENSA GENERAL,1550.0,2.0,2.0,"[1550.0,2.0,2.0]","[0.22510811831240055,1.4929485166195389,0.31855144007166225]",0,DESPENSA Y ABARROTES
TRAVERSO,ACUENTA,DESPENSA GENERAL,1650.0,2.0,2.0,"[1650.0,2.0,2.0]","[0.23963122271965218,1.4929485166195389,0.31855144007166225]",0,DESPENSA Y ABARROTES
LIDER,ACUENTA,DESPENSA GENERAL,940.0,2.0,2.0,"[940.0,2.0,2.0]","[0.1365171814281655,1.4929485166195389,0.31855144007166225]",0,DESPENSA Y ABARROTES
LIDER,ACUENTA,DESPENSA GENERAL,2450.0,2.0,2.0,"[2450.0,2.0,2.0]","[0.35581605797766536,1.4929485166195389,0.31855144007166225]",0,DESPENSA Y ABARROTES
LIDER,ACUENTA,DESPENSA GENERAL,450.0,2.0,2.0,"[450.0,2.0,2.0]","[0.06535396983263242,1.4929485166195389,0.31855144007166225]",0,DESPENSA Y ABARROTES
LIDER,ACUENTA,DESPENSA GENERAL,450.0,2.0,2.0,"[450.0,2.0,2.0]","[0.06535396983263242,1.4929485166195389,0.31855144007166225]",0,DESPENSA Y ABARROTES
GENERICA,ACUENTA,DESPENSA GENERAL,530.0,2.0,2.0,"[530.0,2.0,2.0]","[0.07697245335843374,1.4929485166195389,0.31855144007166225]",0,DESPENSA Y ABARROTES
GENERICA,ACUENTA,DESPENSA GENERAL,530.0,2.0,2.0,"[530.0,2.0,2.0]","[0.07697245335843374,1.4929485166195389,0.31855144007166225]",0,DESPENSA Y ABARROTES
LIDER,ACUENTA,DESPENSA GENERAL,420.0,2.0,2.0,"[420.0,2.0,2.0]","[0.060997038510456916,1.4929485166195389,0.31855144007166225]",0,DESPENSA Y ABARROTES
NETO,ACUENTA,ACEITES,1190.0,2.0,17.0,"[1190.0,2.0,17.0]","[0.1728249424462946,1.4929485166195389,2.707687240609129]",1,DESPENSA Y ABARROTES
GENERICA,ACUENTA,PASTAS,3390.0,2.0,7.0,"[3390.0,2.0,7.0]","[0.49233323940583085,1.4929485166195389,1.114930040250818]",2,DESPENSA Y ABARROTES
LIDER,ACUENTA,DESPENSA GENERAL,3090.0,2.0,2.0,"[3090.0,2.0,2.0]","[0.4487639261840759,1.4929485166195389,0.31855144007166225]",0,DESPENSA Y ABARROTES
LIDER,ACUENTA,DESPENSA GENERAL,2250.0,2.0,2.0,"[2250.0,2.0,2.0]","[0.3267698491631621,1.4929485166195389,0.31855144007166225]",0,DESPENSA Y ABARROTES
LIDER,ACUENTA,DESPENSA GENERAL,3150.0,2.0,2.0,"[3150.0,2.0,2.0]","[0.4574777888284269,1.4929485166195389,0.31855144007166225]",0,DESPENSA Y ABARROTES
LIDER,ACUENTA,DESPENSA GENERAL,1690.0,2.0,2.0,"[1690.0,2.0,2.0]","[0.24544046448255286,1.4929485166195389,0.31855144007166225]",0,DESPENSA Y ABARROTES
LIDER,ACUENTA,DESPENSA GENERAL,1990.0,2.0,2.0,"[1990.0,2.0,2.0]","[0.2890097777043078,1.4929485166195389,0.31855144007166225]",0,DESPENSA Y ABARROTES
GOURMET,ACUENTA,DESPENSA GENERAL,3890.0,2.0,2.0,"[3890.0,2.0,2.0]","[0.564948761442089,1.4929485166195389,0.31855144007166225]",0,DESPENSA Y ABARROTES
GENERICA,ACUENTA,AZUCARES,1150.0,2.0,22.0,"[1150.0,2.0,22.0]","[0.16701570068339394,1.4929485166195389,3.504065840788285]",1,DESPENSA Y ABARROTES
GENERICA,ACUENTA,DESPENSA GENERAL,7790.0,2.0,2.0,"[7790.0,2.0,2.0]","[1.1313498333249032,1.4929485166195389,0.31855144007166225]",0,DESPENSA Y ABARROTES
GOURMET,ACUENTA,DESPENSA GENERAL,1590.0,2.0,2.0,"[1590.0,2.0,2.0]","[0.2309173600753012,1.4929485166195389,0.31855144007166225]",0,DESPENSA Y ABARROTES
GOURMET,ACUENTA,DESPENSA GENERAL,840.0,2.0,2.0,"[840.0,2.0,2.0]","[0.12199407702091383,1.4929485166195389,0.31855144007166225]",0,DESPENSA Y ABARROTES
GOURMET,ACUENTA,DESPENSA GENERAL,890.0,2.0,2.0,"[890.0,2.0,2.0]","[0.12925562922453968,1.4929485166195389,0.31855144007166225]",0,DESPENSA Y ABARROTES
GENERICA,ACUENTA,DESPENSA GENERAL,2790.0,2.0,2.0,"[2790.0,2.0,2.0]","[0.40519461296232095,1.4929485166195389,0.31855144007166225]",0,DESPENSA Y ABARROTES
GOURMET,ACUENTA,DESPENSA GENERAL,2050.0,2.0,2.0,"[2050.0,2.0,2.0]","[0.2977236403486588,1.4929485166195389,0.31855144007166225]",0,DESPENSA Y ABARROTES
GOURMET,ACUENTA,DESPENSA GENERAL,3890.0,2.0,2.0,"[3890.0,2.0,2.0]","[0.564948761442089,1.4929485166195389,0.31855144007166225]",0,DESPENSA Y ABARROTES
GENERICA,ACUENTA,DESPENSA GENERAL,2690.0,2.0,2.0,"[2690.0,2.0,2.0]","[0.3906715085550693,1.4929485166195389,0.31855144007166225]",0,DESPENSA Y ABARROTES
GENERICA,ACUENTA,DESPENSA GENERAL,2750.0,2.0,2.0,"[2750.0,2.0,2.0]","[0.3993853711994203,1.4929485166195389,0.31855144007166225]",0,DESPENSA Y ABARROTES
GENERICA,ACUENTA,DESPENSA GENERAL,2290.0,2.0,2.0,"[2290.0,2.0,2.0]","[0.33257909092606275,1.4929485166195389,0.31855144007166225]",0,DESPENSA Y ABARROTES
GENERICA,ACUENTA,DESPENSA GENERAL,850.0,2.0,2.0,"[850.0,2.0,2.0]","[0.12344638746163901,1.4929485166195389,0.31855144007166225]",0,DESPENSA Y ABARROTES
GENERICA,ACUENTA,DESPENSA GENERAL,850.0,2.0,2.0,"[850.0,2.0,2.0]","[0.12344638746163901,1.4929485166195389,0.31855144007166225]",0,DESPENSA Y ABARROTES
LIDER,ACUENTA,DESPENSA GENERAL,930.0,2.0,2.0,"[930.0,2.0,2.0]","[0.13506487098744033,1.4929485166195389,0.31855144007166225]",0,DESPENSA Y ABARROTES
GENERICA,ACUENTA,DESPENSA GENERAL,910.0,2.0,2.0,"[910.0,2.0,2.0]","[0.13216025010599,1.4929485166195389,0.31855144007166225]",0,DESPENSA Y ABARROTES
GENERICA,ACUENTA,DESPENSA GENERAL,850.0,2.0,2.0,"[850.0,2.0,2.0]","[0.12344638746163901,1.4929485166195389,0.31855144007166225]",0,DESPENSA Y ABARROTES
LIDER,ACUENTA,DESPENSA GENERAL,740.0,2.0,2.0,"[740.0,2.0,2.0]","[0.10747097261366219,1.4929485166195389,0.31855144007166225]",0,DESPENSA Y ABARROTES
GENERICA,ACUENTA,DESPENSA GENERAL,850.0,2.0,2.0,"[850.0,2.0,2.0]","[0.12344638746163901,1.4929485166195389,0.31855144007166225]",0,DESPENSA Y ABARROTES
LIDER,ACUENTA,DESPENSA GENERAL,740.0,2.0,2.0,"[740.0,2.0,2.0]","[0.10747097261366219,1.4929485166195389,0.31855144007166225]",0,DESPENSA Y ABARROTES
LIDER,ACUENTA,DESPENSA GENERAL,740.0,2.0,2.0,"[740.0,2.0,2.0]","[0.10747097261366219,1.4929485166195389,0.31855144007166225]",0,DESPENSA Y ABARROTES
GENERICA,ACUENTA,DESPENSA GENERAL,770.0,2.0,2.0,"[770.0,2.0,2.0]","[0.11182790393583769,1.4929485166195389,0.31855144007166225]",0,DESPENSA Y ABARROTES
GENERICA,ACUENTA,DESPENSA GENERAL,850.0,2.0,2.0,"[850.0,2.0,2.0]","[0.12344638746163901,1.4929485166195389,0.31855144007166225]",0,DESPENSA Y ABARROTES
GOURMET,ACUENTA,DESPENSA GENERAL,1990.0,2.0,2.0,"[1990.0,2.0,2.0]","[0.2890097777043078,1.4929485166195389,0.31855144007166225]",0,DESPENSA Y ABARROTES
GOURMET,ACUENTA,DESPENSA GENERAL,1990.0,2.0,2.0,"[1990.0,2.0,2.0]","[0.2890097777043078,1.4929485166195389,0.31855144007166225]",0,DESPENSA Y ABARROTES
GOURMET,ACUENTA,DESPENSA GENERAL,1990.0,2.0,2.0,"[1990.0,2.0,2.0]","[0.2890097777043078,1.4929485166195389,0.31855144007166225]",0,DESPENSA Y ABARROTES
GENERICA,ACUENTA,DESPENSA GENERAL,2390.0,2.0,2.0,"[2390.0,2.0,2.0]","[0.3471021953333144,1.4929485166195389,0.31855144007166225]",0,DESPENSA Y ABARROTES
GENERICA,ACUENTA,PASTAS,1450.0,2.0,7.0,"[1450.0,2.0,7.0]","[0.2105850139051489,1.4929485166195389,1.114930040250818]",2,DESPENSA Y ABARROTES
TRAVERSO,ACUENTA,PASTAS,990.0,2.0,7.0,"[990.0,2.0,7.0]","[0.1437787336317913,1.4929485166195389,1.114930040250818]",2,DESPENSA Y ABARROTES
TRAVERSO,ACUENTA,PASTAS,990.0,2.0,7.0,"[990.0,2.0,7.0]","[0.1437787336317913,1.4929485166195389,1.114930040250818]",2,DESPENSA Y ABARROTES
GENERICA,ACUENTA,DESPENSA GENERAL,690.0,2.0,2.0,"[690.0,2.0,2.0]","[0.10020942041003637,1.4929485166195389,0.31855144007166225]",0,DESPENSA Y ABARROTES
LIDER,ACUENTA,DESPENSA GENERAL,850.0,2.0,2.0,"[850.0,2.0,2.0]","[0.12344638746163901,1.4929485166195389,0.31855144007166225]",0,DESPENSA Y ABARROTES
LUCCHETTI,ACUENTA,DESPENSA GENERAL,1490.0,2.0,2.0,"[1490.0,2.0,2.0]","[0.21639425566804954,1.4929485166195389,0.31855144007166225]",0,DESPENSA Y ABARROTES
CAROZZI,ACUENTA,DESPENSA GENERAL,2450.0,2.0,2.0,"[2450.0,2.0,2.0]","[0.35581605797766536,1.4929485166195389,0.31855144007166225]",0,DESPENSA Y ABARROTES
LIDER,ACUENTA,DESPENSA GENERAL,1290.0,2.0,2.0,"[1290.0,2.0,2.0]","[0.18734804685354625,1.4929485166195389,0.31855144007166225]",0,DESPENSA Y ABARROTES
GENERICA,ACUENTA,DESPENSA GENERAL,1650.0,2.0,2.0,"[1650.0,2.0,2.0]","[0.23963122271965218,1.4929485166195389,0.31855144007166225]",0,DESPENSA Y ABARROTES
LIDER,ACUENTA,DESPENSA GENERAL,6890.0,2.0,2.0,"[6890.0,2.0,2.0]","[1.0006418936596386,1.4929485166195389,0.31855144007166225]",0,DESPENSA Y ABARROTES
TRAVERSO,ACUENTA,DESPENSA GENERAL,990.0,2.0,2.0,"[990.0,2.0,2.0]","[0.1437787336317913,1.4929485166195389,0.31855144007166225]",0,DESPENSA Y ABARROTES
LIDER,ACUENTA,DESPENSA GENERAL,850.0,2.0,2.0,"[850.0,2.0,2.0]","[0.12344638746163901,1.4929485166195389,0.31855144007166225]",0,DESPENSA Y ABARROTES
LIDER,ACUENTA,DESPENSA GENERAL,1750.0,2.0,2.0,"[1750.0,2.0,2.0]","[0.25415432712690383,1.4929485166195389,0.31855144007166225]",0,DESPENSA Y ABARROTES
LIDER,ACUENTA,DESPENSA GENERAL,2750.0,2.0,2.0,"[2750.0,2.0,2.0]","[0.3993853711994203,1.4929485166195389,0.31855144007166225]",0,DESPENSA Y ABARROTES
ACE,ACUENTA,ACEITES,3690.0,2.0,17.0,"[3690.0,2.0,17.0]","[0.5359025526275858,1.4929485166195389,2.707687240609129]",1,DESPENSA Y ABARROTES
GENERICA,ACUENTA,DESPENSA GENERAL,1990.0,2.0,2.0,"[1990.0,2.0,2.0]","[0.2890097777043078,1.4929485166195389,0.31855144007166225]",0,DESPENSA Y ABARROTES
LIDER,ACUENTA,DESPENSA GENERAL,690.0,2.0,2.0,"[690.0,2.0,2.0]","[0.10020942041003637,1.4929485166195389,0.31855144007166225]",0,DESPENSA Y ABARROTES
GENERICA,ACUENTA,DESPENSA GENERAL,1390.0,2.0,2.0,"[1390.0,2.0,2.0]","[0.2018711512607979,1.4929485166195389,0.31855144007166225]",0,DESPENSA Y ABARROTES
GENERICA,ACUENTA,DESPENSA GENERAL,2390.0,2.0,2.0,"[2390.0,2.0,2.0]","[0.3471021953333144,1.4929485166195389,0.31855144007166225]",0,DESPENSA Y ABARROTES
GENERICA,ACUENTA,DESPENSA GENERAL,790.0,2.0,2.0,"[790.0,2.0,2.0]","[0.11473252481728802,1.4929485166195389,0.31855144007166225]",0,DESPENSA Y ABARROTES
GENERICA,ACUENTA,DESPENSA GENERAL,2090.0,2.0,2.0,"[2090.0,2.0,2.0]","[0.30353288211155943,1.4929485166195389,0.31855144007166225]",0,DESPENSA Y ABARROTES
GENERICA,ACUENTA,DESPENSA GENERAL,2950.0,2.0,2.0,"[2950.0,2.0,2.0]","[0.4284315800139236,1.4929485166195389,0.31855144007166225]",0,DESPENSA Y ABARROTES
GENERICA,ACUENTA,DESPENSA GENERAL,3290.0,2.0,2.0,"[3290.0,2.0,2.0]","[0.4778101349985792,1.4929485166195389,0.31855144007166225]",0,DESPENSA Y ABARROTES
GOURMET,ACUENTA,DESPENSA GENERAL,590.0,2.0,2.0,"[590.0,2.0,2.0]","[0.08568631600278472,1.4929485166195389,0.31855144007166225]",0,DESPENSA Y ABARROTES
GENERICA,ACUENTA,DESPENSA GENERAL,830.0,2.0,2.0,"[830.0,2.0,2.0]","[0.12054176658018867,1.4929485166195389,0.31855144007166225]",0,DESPENSA Y ABARROTES
GENERICA,ACUENTA,DESPENSA GENERAL,2950.0,2.0,2.0,"[2950.0,2.0,2.0]","[0.4284315800139236,1.4929485166195389,0.31855144007166225]",0,DESPENSA Y ABARROTES
MAGGI,ACUENTA,DESPENSA GENERAL,790.0,2.0,2.0,"[790.0,2.0,2.0]","[0.11473252481728802,1.4929485166195389,0.31855144007166225]",0,DESPENSA Y ABARROTES
GENERICA,ACUENTA,DESPENSA GENERAL,2750.0,2.0,2.0,"[2750.0,2.0,2.0]","[0.3993853711994203,1.4929485166195389,0.31855144007166225]",0,DESPENSA Y ABARROTES
GENERICA,ACUENTA,DESPENSA GENERAL,3150.0,2.0,2.0,"[3150.0,2.0,2.0]","[0.4574777888284269,1.4929485166195389,0.31855144007166225]",0,DESPENSA Y ABARROTES
NETO,ACUENTA,DESPENSA GENERAL,3690.0,2.0,2.0,"[3690.0,2.0,2.0]","[0.5359025526275858,1.4929485166195389,0.31855144007166225]",0,DESPENSA Y ABARROTES
MAGGI,ACUENTA,DESPENSA GENERAL,790.0,2.0,2.0,"[790.0,2.0,2.0]","[0.11473252481728802,1.4929485166195389,0.31855144007166225]",0,DESPENSA Y ABARROTES
GENERICA,ACUENTA,DESPENSA GENERAL,2250.0,2.0,2.0,"[2250.0,2.0,2.0]","[0.3267698491631621,1.4929485166195389,0.31855144007166225]",0,DESPENSA Y ABARROTES
GENERICA,ACUENTA,DESPENSA GENERAL,2550.0,2.0,2.0,"[2550.0,2.0,2.0]","[0.370339162384917,1.4929485166195389,0.31855144007166225]",0,DESPENSA Y ABARROTES
GOURMET,ACUENTA,DESPENSA GENERAL,770.0,2.0,2.0,"[770.0,2.0,2.0]","[0.11182790393583769,1.4929485166195389,0.31855144007166225]",0,DESPENSA Y ABARROTES
GENERICA,ACUENTA,DESPENSA GENERAL,770.0,2.0,2.0,"[770.0,2.0,2.0]","[0.11182790393583769,1.4929485166195389,0.31855144007166225]",0,DESPENSA Y ABARROTES
LIDER,ACUENTA,DESPENSA GENERAL,2450.0,2.0,2.0,"[2450.0,2.0,2.0]","[0.35581605797766536,1.4929485166195389,0.31855144007166225]",0,DESPENSA Y ABARROTES
LIDER,ACUENTA,DESPENSA GENERAL,2050.0,2.0,2.0,"[2050.0,2.0,2.0]","[0.2977236403486588,1.4929485166195389,0.31855144007166225]",0,DESPENSA Y ABARROTES
GOURMET,ACUENTA,DESPENSA GENERAL,2250.0,2.0,2.0,"[2250.0,2.0,2.0]","[0.3267698491631621,1.4929485166195389,0.31855144007166225]",0,DESPENSA Y ABARROTES
LIDER,ACUENTA,DESPENSA GENERAL,1990.0,2.0,2.0,"[1990.0,2.0,2.0]","[0.2890097777043078,1.4929485166195389,0.31855144007166225]",0,DESPENSA Y ABARROTES
GENERICA,ACUENTA,DESPENSA GENERAL,2750.0,2.0,2.0,"[2750.0,2.0,2.0]","[0.3993853711994203,1.4929485166195389,0.31855144007166225]",0,DESPENSA Y ABARROTES
LOBOS,ACUENTA,DESPENSA GENERAL,1490.0,2.0,2.0,"[1490.0,2.0,2.0]","[0.21639425566804954,1.4929485166195389,0.31855144007166225]",0,DESPENSA Y ABARROTES
ACUENTA,ACUENTA,CONSERVAS,900.0,2.0,32.0,"[900.0,2.0,32.0]","[0.13070793966526484,1.4929485166195389,5.096823041146596]",1,DESPENSA Y ABARROTES
GENERICA,ACUENTA,SALSAS,2990.0,2.0,27.0,"[2990.0,2.0,27.0]","[0.43424082177682427,1.4929485166195389,4.30044444096744]",1,DESPENSA Y ABARROTES
GENERICA,ACUENTA,SALSAS,2990.0,2.0,27.0,"[2990.0,2.0,27.0]","[0.43424082177682427,1.4929485166195389,4.30044444096744]",1,DESPENSA Y ABARROTES
ACUENTA,ACUENTA,DESPENSA GENERAL,1790.0,2.0,2.0,"[1790.0,2.0,2.0]","[0.2599635688898045,1.4929485166195389,0.31855144007166225]",0,DESPENSA Y ABARROTES
LIDER,ACUENTA,ARROZ,1000.0,2.0,23.0,"[1000.0,2.0,23.0]","[0.14523104407251647,1.4929485166195389,3.663341560824116]",1,DESPENSA Y ABARROTES
ACUENTA,ACUENTA,ACEITES,900.0,2.0,17.0,"[900.0,2.0,17.0]","[0.13070793966526484,1.4929485166195389,2.707687240609129]",1,DESPENSA Y ABARROTES
IANSA,ACUENTA,AZUCARES,1950.0,2.0,22.0,"[1950.0,2.0,22.0]","[0.28320053594140715,1.4929485166195389,3.504065840788285]",1,DESPENSA Y ABARROTES
GENERICA,ACUENTA,DESPENSA GENERAL,910.0,2.0,2.0,"[910.0,2.0,2.0]","[0.13216025010599,1.4929485166195389,0.31855144007166225]",0,DESPENSA Y ABARROTES
GENERICA,ACUENTA,DESPENSA GENERAL,1190.0,2.0,2.0,"[1190.0,2.0,2.0]","[0.1728249424462946,1.4929485166195389,0.31855144007166225]",0,DESPENSA Y ABARROTES
GENERICA,ACUENTA,SALSAS,2750.0,2.0,27.0,"[2750.0,2.0,27.0]","[0.3993853711994203,1.4929485166195389,4.30044444096744]",1,DESPENSA Y ABARROTES
ACE,ACUENTA,ACEITES,1190.0,2.0,17.0,"[1190.0,2.0,17.0]","[0.1728249424462946,1.4929485166195389,2.707687240609129]",1,DESPENSA Y ABARROTES
GENERICA,ACUENTA,DESPENSA GENERAL,1290.0,2.0,2.0,"[1290.0,2.0,2.0]","[0.18734804685354625,1.4929485166195389,0.31855144007166225]",0,DESPENSA Y ABARROTES
GENERICA,ACUENTA,PASTAS,590.0,2.0,7.0,"[590.0,2.0,7.0]","[0.08568631600278472,1.4929485166195389,1.114930040250818]",2,DESPENSA Y ABARROTES
LIDER,ACUENTA,DESPENSA GENERAL,390.0,2.0,2.0,"[390.0,2.0,2.0]","[0.05664010718828143,1.4929485166195389,0.31855144007166225]",0,DESPENSA Y ABARROTES
LIDER,ACUENTA,LEGUMBRES,2950.0,2.0,25.0,"[2950.0,2.0,25.0]","[0.4284315800139236,1.4929485166195389,3.981893000895778]",1,DESPENSA Y ABARROTES
GOURMET,ACUENTA,DESPENSA GENERAL,1990.0,2.0,2.0,"[1990.0,2.0,2.0]","[0.2890097777043078,1.4929485166195389,0.31855144007166225]",0,DESPENSA Y ABARROTES
TRAVERSO,ACUENTA,DESPENSA GENERAL,1390.0,2.0,2.0,"[1390.0,2.0,2.0]","[0.2018711512607979,1.4929485166195389,0.31855144007166225]",0,DESPENSA Y ABARROTES
LOBOS,ACUENTA,DESPENSA GENERAL,1390.0,2.0,2.0,"[1390.0,2.0,2.0]","[0.2018711512607979,1.4929485166195389,0.31855144007166225]",0,DESPENSA Y ABARROTES
GENERICA,ACUENTA,DESPENSA GENERAL,1150.0,2.0,2.0,"[1150.0,2.0,2.0]","[0.16701570068339394,1.4929485166195389,0.31855144007166225]",0,DESPENSA Y ABARROTES
GENERICA,ACUENTA,DESPENSA GENERAL,2990.0,2.0,2.0,"[2990.0,2.0,2.0]","[0.43424082177682427,1.4929485166195389,0.31855144007166225]",0,DESPENSA Y ABARROTES
GOURMET,ACUENTA,DESPENSA GENERAL,1490.0,2.0,2.0,"[1490.0,2.0,2.0]","[0.21639425566804954,1.4929485166195389,0.31855144007166225]",0,DESPENSA Y ABARROTES
GENERICA,ACUENTA,DESPENSA GENERAL,910.0,2.0,2.0,"[910.0,2.0,2.0]","[0.13216025010599,1.4929485166195389,0.31855144007166225]",0,DESPENSA Y ABARROTES
TRAVERSO,ACUENTA,DESPENSA GENERAL,2050.0,2.0,2.0,"[2050.0,2.0,2.0]","[0.2977236403486588,1.4929485166195389,0.31855144007166225]",0,DESPENSA Y ABARROTES
GOURMET,ACUENTA,DESPENSA GENERAL,2050.0,2.0,2.0,"[2050.0,2.0,2.0]","[0.2977236403486588,1.4929485166195389,0.31855144007166225]",0,DESPENSA Y ABARROTES
GENERICA,ACUENTA,SALSAS,4690.0,2.0,27.0,"[4690.0,2.0,27.0]","[0.6811335967001023,1.4929485166195389,4.30044444096744]",1,DESPENSA Y ABARROTES
LIDER,ACUENTA,DESPENSA GENERAL,3190.0,2.0,2.0,"[3190.0,2.0,2.0]","[0.46328703059132753,1.4929485166195389,0.31855144007166225]",0,DESPENSA Y ABARROTES
ACUENTA,ACUENTA,DESPENSA GENERAL,1790.0,2.0,2.0,"[1790.0,2.0,2.0]","[0.2599635688898045,1.4929485166195389,0.31855144007166225]",0,DESPENSA Y ABARROTES
GENERICA,ACUENTA,DESPENSA GENERAL,2890.0,2.0,2.0,"[2890.0,2.0,2.0]","[0.41971771736957264,1.4929485166195389,0.31855144007166225]",0,DESPENSA Y ABARROTES
TRAVERSO,ACUENTA,DESPENSA GENERAL,1390.0,2.0,2.0,"[1390.0,2.0,2.0]","[0.2018711512607979,1.4929485166195389,0.31855144007166225]",0,DESPENSA Y ABARROTES
GENERICA,ACUENTA,DESPENSA GENERAL,1990.0,2.0,2.0,"[1990.0,2.0,2.0]","[0.2890097777043078,1.4929485166195389,0.31855144007166225]",0,DESPENSA Y ABARROTES
GENERICA,ACUENTA,DESPENSA GENERAL,1790.0,2.0,2.0,"[1790.0,2.0,2.0]","[0.2599635688898045,1.4929485166195389,0.31855144007166225]",0,DESPENSA Y ABARROTES
GENERICA,ACUENTA,DESPENSA GENERAL,1250.0,2.0,2.0,"[1250.0,2.0,2.0]","[0.1815388050906456,1.4929485166195389,0.31855144007166225]",0,DESPENSA Y ABARROTES
GOURMET,ACUENTA,DESPENSA GENERAL,2890.0,2.0,2.0,"[2890.0,2.0,2.0]","[0.41971771736957264,1.4929485166195389,0.31855144007166225]",0,DESPENSA Y ABARROTES
TRAVERSO,ACUENTA,DESPENSA GENERAL,3990.0,2.0,2.0,"[3990.0,2.0,2.0]","[0.5794718658493407,1.4929485166195389,0.31855144007166225]",0,DESPENSA Y ABARROTES
LIDER,ACUENTA,DESPENSA GENERAL,520.0,2.0,2.0,"[520.0,2.0,2.0]","[0.07552014291770856,1.4929485166195389,0.31855144007166225]",0,DESPENSA Y ABARROTES
ACE,ACUENTA,ACEITES,1790.0,2.0,17.0,"[1790.0,2.0,17.0]","[0.2599635688898045,1.4929485166195389,2.707687240609129]",1,DESPENSA Y ABARROTES
GENERICA,ACUENTA,DESPENSA GENERAL,6290.0,2.0,2.0,"[6290.0,2.0,2.0]","[0.9135032672161286,1.4929485166195389,0.31855144007166225]",0,DESPENSA Y ABARROTES
GENERICA,ACUENTA,DESPENSA GENERAL,1290.0,2.0,2.0,"[1290.0,2.0,2.0]","[0.18734804685354625,1.4929485166195389,0.31855144007166225]",0,DESPENSA Y ABARROTES
TRAVERSO,ACUENTA,DESPENSA GENERAL,2250.0,2.0,2.0,"[2250.0,2.0,2.0]","[0.3267698491631621,1.4929485166195389,0.31855144007166225]",0,DESPENSA Y ABARROTES
GENERICA,ACUENTA,ASEO,1000.0,2.0,19.0,"[1000.0,2.0,19.0]","[0.14523104407251647,1.4929485166195389,3.0262386806807915]",1,LIMPIEZA Y ASEO
GENERICA,ACUENTA,LIMPIEZA,1250.0,2.0,11.0,"[1250.0,2.0,11.0]","[0.1815388050906456,1.4929485166195389,1.7520329203941425]",2,LIMPIEZA Y ASEO
GENERICA,ACUENTA,LIMPIEZA,3000.0,2.0,11.0,"[3000.0,2.0,11.0]","[0.4356931322175494,1.4929485166195389,1.7520329203941425]",2,LIMPIEZA Y ASEO
GENERICA,ACUENTA,ASEO,2000.0,2.0,19.0,"[2000.0,2.0,19.0]","[0.29046208814503294,1.4929485166195389,3.0262386806807915]",1,LIMPIEZA Y ASEO
GENERICA,ACUENTA,ASEO,2000.0,2.0,19.0,"[2000.0,2.0,19.0]","[0.29046208814503294,1.4929485166195389,3.0262386806807915]",1,LIMPIEZA Y ASEO
GENERICA,ACUENTA,LIMPIEZA,1000.0,2.0,11.0,"[1000.0,2.0,11.0]","[0.14523104407251647,1.4929485166195389,1.7520329203941425]",2,LIMPIEZA Y ASEO
GENERICA,ACUENTA,ASEO,10490.0,2.0,19.0,"[10490.0,2.0,19.0]","[1.5234736523206978,1.4929485166195389,3.0262386806807915]",1,LIMPIEZA Y ASEO
GENERICA,ACUENTA,ASEO,10490.0,2.0,19.0,"[10490.0,2.0,19.0]","[1.5234736523206978,1.4929485166195389,3.0262386806807915]",1,LIMPIEZA Y ASEO
GENERICA,ACUENTA,ASEO,2000.0,2.0,19.0,"[2000.0,2.0,19.0]","[0.29046208814503294,1.4929485166195389,3.0262386806807915]",1,LIMPIEZA Y ASEO
GENERICA,ACUENTA,DESPENSA GENERAL,3000.0,2.0,2.0,"[3000.0,2.0,2.0]","[0.4356931322175494,1.4929485166195389,0.31855144007166225]",0,DESPENSA Y ABARROTES
GENERICA,ACUENTA,DESPENSA GENERAL,1000.0,2.0,2.0,"[1000.0,2.0,2.0]","[0.14523104407251647,1.4929485166195389,0.31855144007166225]",0,DESPENSA Y ABARROTES
GENERICA,ACUENTA,LIMPIEZA,1000.0,2.0,11.0,"[1000.0,2.0,11.0]","[0.14523104407251647,1.4929485166195389,1.7520329203941425]",2,LIMPIEZA Y ASEO
GENERICA,ACUENTA,LIMPIEZA,1000.0,2.0,11.0,"[1000.0,2.0,11.0]","[0.14523104407251647,1.4929485166195389,1.7520329203941425]",2,LIMPIEZA Y ASEO
GENERICA,ACUENTA,LIMPIEZA,1000.0,2.0,11.0,"[1000.0,2.0,11.0]","[0.14523104407251647,1.4929485166195389,1.7520329203941425]",2,LIMPIEZA Y ASEO
GENERICA,ACUENTA,DESPENSA GENERAL,2290.0,2.0,2.0,"[2290.0,2.0,2.0]","[0.33257909092606275,1.4929485166195389,0.31855144007166225]",0,DESPENSA Y ABARROTES
GENERICA,ACUENTA,DESPENSA GENERAL,1000.0,2.0,2.0,"[1000.0,2.0,2.0]","[0.14523104407251647,1.4929485166195389,0.31855144007166225]",0,DESPENSA Y ABARROTES
GENERICA,ACUENTA,LIMPIEZA,1000.0,2.0,11.0,"[1000.0,2.0,11.0]","[0.14523104407251647,1.4929485166195389,1.7520329203941425]",2,LIMPIEZA Y ASEO
GENERICA,ACUENTA,LIMPIEZA,1250.0,2.0,11.0,"[1250.0,2.0,11.0]","[0.1815388050906456,1.4929485166195389,1.7520329203941425]",2,LIMPIEZA Y ASEO
GENERICA,ACUENTA,ASEO,3590.0,2.0,19.0,"[3590.0,2.0,19.0]","[0.5213794482203341,1.4929485166195389,3.0262386806807915]",1,LIMPIEZA Y ASEO
GENERICA,ACUENTA,DESPENSA GENERAL,1150.0,2.0,2.0,"[1150.0,2.0,2.0]","[0.16701570068339394,1.4929485166195389,0.31855144007166225]",0,DESPENSA Y ABARROTES
GENERICA,ACUENTA,ASEO,1000.0,2.0,19.0,"[1000.0,2.0,19.0]","[0.14523104407251647,1.4929485166195389,3.0262386806807915]",1,LIMPIEZA Y ASEO
GENERICA,ACUENTA,LIMPIEZA,2750.0,2.0,11.0,"[2750.0,2.0,11.0]","[0.3993853711994203,1.4929485166195389,1.7520329203941425]",2,LIMPIEZA Y ASEO
GENERICA,ACUENTA,DESPENSA GENERAL,1990.0,2.0,2.0,"[1990.0,2.0,2.0]","[0.2890097777043078,1.4929485166195389,0.31855144007166225]",0,DESPENSA Y ABARROTES
GENERICA,ACUENTA,DESPENSA GENERAL,1000.0,2.0,2.0,"[1000.0,2.0,2.0]","[0.14523104407251647,1.4929485166195389,0.31855144007166225]",0,DESPENSA Y ABARROTES
GENERICA,ACUENTA,LIMPIEZA,1000.0,2.0,11.0,"[1000.0,2.0,11.0]","[0.14523104407251647,1.4929485166195389,1.7520329203941425]",2,LIMPIEZA Y ASEO
GENERICA,ACUENTA,DESPENSA GENERAL,2000.0,2.0,2.0,"[2000.0,2.0,2.0]","[0.29046208814503294,1.4929485166195389,0.31855144007166225]",0,DESPENSA Y ABARROTES
GENERICA,ACUENTA,DESPENSA GENERAL,610.0,2.0,2.0,"[610.0,2.0,2.0]","[0.08859093688423506,1.4929485166195389,0.31855144007166225]",0,DESPENSA Y ABARROTES
GENERICA,ACUENTA,DESPENSA GENERAL,2000.0,2.0,2.0,"[2000.0,2.0,2.0]","[0.29046208814503294,1.4929485166195389,0.31855144007166225]",0,DESPENSA Y ABARROTES
GENERICA,ACUENTA,DESPENSA GENERAL,2000.0,2.0,2.0,"[2000.0,2.0,2.0]","[0.29046208814503294,1.4929485166195389,0.31855144007166225]",0,DESPENSA Y ABARROTES
GENERICA,ACUENTA,ASEO,4590.0,2.0,19.0,"[4590.0,2.0,19.0]","[0.6666104922928506,1.4929485166195389,3.0262386806807915]",1,LIMPIEZA Y ASEO
GENERICA,ACUENTA,DESPENSA GENERAL,700.0,2.0,2.0,"[700.0,2.0,2.0]","[0.10166173085076154,1.4929485166195389,0.31855144007166225]",0,DESPENSA Y ABARROTES
GENERICA,ACUENTA,DESPENSA GENERAL,490.0,2.0,2.0,"[490.0,2.0,2.0]","[0.07116321159553307,1.4929485166195389,0.31855144007166225]",0,DESPENSA Y ABARROTES
GENERICA,ACUENTA,DESPENSA GENERAL,2650.0,2.0,2.0,"[2650.0,2.0,2.0]","[0.3848622667921687,1.4929485166195389,0.31855144007166225]",0,DESPENSA Y ABARROTES
GENERICA,ACUENTA,DESPENSA GENERAL,480.0,2.0,2.0,"[480.0,2.0,2.0]","[0.06971090115480791,1.4929485166195389,0.31855144007166225]",0,DESPENSA Y ABARROTES
OMO,ACUENTA,LIMPIEZA,3990.0,2.0,11.0,"[3990.0,2.0,11.0]","[0.5794718658493407,1.4929485166195389,1.7520329203941425]",2,LIMPIEZA Y ASEO
VIVO,ACUENTA,LIMPIEZA,1000.0,2.0,11.0,"[1000.0,2.0,11.0]","[0.14523104407251647,1.4929485166195389,1.7520329203941425]",2,LIMPIEZA Y ASEO
GENERICA,ACUENTA,DESPENSA GENERAL,1000.0,2.0,2.0,"[1000.0,2.0,2.0]","[0.14523104407251647,1.4929485166195389,0.31855144007166225]",0,DESPENSA Y ABARROTES
GENERICA,ACUENTA,DESPENSA GENERAL,2550.0,2.0,2.0,"[2550.0,2.0,2.0]","[0.370339162384917,1.4929485166195389,0.31855144007166225]",0,DESPENSA Y ABARROTES
GENERICA,ACUENTA,LIMPIEZA,1250.0,2.0,11.0,"[1250.0,2.0,11.0]","[0.1815388050906456,1.4929485166195389,1.7520329203941425]",2,LIMPIEZA Y ASEO
GENERICA,ACUENTA,DESPENSA GENERAL,2550.0,2.0,2.0,"[2550.0,2.0,2.0]","[0.370339162384917,1.4929485166195389,0.31855144007166225]",0,DESPENSA Y ABARROTES
GENERICA,ACUENTA,DESPENSA GENERAL,1790.0,2.0,2.0,"[1790.0,2.0,2.0]","[0.2599635688898045,1.4929485166195389,0.31855144007166225]",0,DESPENSA Y ABARROTES
GENERICA,ACUENTA,DESPENSA GENERAL,3000.0,2.0,2.0,"[3000.0,2.0,2.0]","[0.4356931322175494,1.4929485166195389,0.31855144007166225]",0,DESPENSA Y ABARROTES
GENERICA,ACUENTA,LIMPIEZA,1390.0,2.0,11.0,"[1390.0,2.0,11.0]","[0.2018711512607979,1.4929485166195389,1.7520329203941425]",2,LIMPIEZA Y ASEO
GENERICA,ACUENTA,ASEO,1000.0,2.0,19.0,"[1000.0,2.0,19.0]","[0.14523104407251647,1.4929485166195389,3.0262386806807915]",1,LIMPIEZA Y ASEO
GENERICA,ACUENTA,ASEO,2000.0,2.0,19.0,"[2000.0,2.0,19.0]","[0.29046208814503294,1.4929485166195389,3.0262386806807915]",1,LIMPIEZA Y ASEO
GENERICA,ACUENTA,DESPENSA GENERAL,3000.0,2.0,2.0,"[3000.0,2.0,2.0]","[0.4356931322175494,1.4929485166195389,0.31855144007166225]",0,DESPENSA Y ABARROTES
GENERICA,ACUENTA,DESPENSA GENERAL,1850.0,2.0,2.0,"[1850.0,2.0,2.0]","[0.26867743153415546,1.4929485166195389,0.31855144007166225]",0,DESPENSA Y ABARROTES
GENERICA,ACUENTA,DESPENSA GENERAL,3000.0,2.0,2.0,"[3000.0,2.0,2.0]","[0.4356931322175494,1.4929485166195389,0.31855144007166225]",0,DESPENSA Y ABARROTES
GENERICA,ACUENTA,DESPENSA GENERAL,2290.0,2.0,2.0,"[2290.0,2.0,2.0]","[0.33257909092606275,1.4929485166195389,0.31855144007166225]",0,DESPENSA Y ABARROTES
GENERICA,ACUENTA,LIMPIEZA,1000.0,2.0,11.0,"[1000.0,2.0,11.0]","[0.14523104407251647,1.4929485166195389,1.7520329203941425]",2,LIMPIEZA Y ASEO
GENERICA,ACUENTA,DESPENSA GENERAL,2690.0,2.0,2.0,"[2690.0,2.0,2.0]","[0.3906715085550693,1.4929485166195389,0.31855144007166225]",0,DESPENSA Y ABARROTES
GENERICA,ACUENTA,LIMPIEZA,2250.0,2.0,11.0,"[2250.0,2.0,11.0]","[0.3267698491631621,1.4929485166195389,1.7520329203941425]",2,LIMPIEZA Y ASEO
GENERICA,ACUENTA,DESPENSA GENERAL,2590.0,2.0,2.0,"[2590.0,2.0,2.0]","[0.3761484041478177,1.4929485166195389,0.31855144007166225]",0,DESPENSA Y ABARROTES
GENERICA,ACUENTA,DESPENSA GENERAL,1850.0,2.0,2.0,"[1850.0,2.0,2.0]","[0.26867743153415546,1.4929485166195389,0.31855144007166225]",0,DESPENSA Y ABARROTES
GENERICA,ACUENTA,LIMPIEZA,1350.0,2.0,11.0,"[1350.0,2.0,11.0]","[0.19606190949789723,1.4929485166195389,1.7520329203941425]",2,LIMPIEZA Y ASEO
GENERICA,ACUENTA,LIMPIEZA,1350.0,2.0,11.0,"[1350.0,2.0,11.0]","[0.19606190949789723,1.4929485166195389,1.7520329203941425]",2,LIMPIEZA Y ASEO
GENERICA,ACUENTA,DESPENSA GENERAL,1000.0,2.0,2.0,"[1000.0,2.0,2.0]","[0.14523104407251647,1.4929485166195389,0.31855144007166225]",0,DESPENSA Y ABARROTES
GENERICA,ACUENTA,DESPENSA GENERAL,2000.0,2.0,2.0,"[2000.0,2.0,2.0]","[0.29046208814503294,1.4929485166195389,0.31855144007166225]",0,DESPENSA Y ABARROTES
GENERICA,ACUENTA,DESPENSA GENERAL,1850.0,2.0,2.0,"[1850.0,2.0,2.0]","[0.26867743153415546,1.4929485166195389,0.31855144007166225]",0,DESPENSA Y ABARROTES
GENERICA,ACUENTA,DESPENSA GENERAL,2290.0,2.0,2.0,"[2290.0,2.0,2.0]","[0.33257909092606275,1.4929485166195389,0.31855144007166225]",0,DESPENSA Y ABARROTES
GENERICA,ACUENTA,DESPENSA GENERAL,4490.0,2.0,2.0,"[4490.0,2.0,2.0]","[0.652087387885599,1.4929485166195389,0.31855144007166225]",0,DESPENSA Y ABARROTES
GENERICA,ACUENTA,DESPENSA GENERAL,2750.0,2.0,2.0,"[2750.0,2.0,2.0]","[0.3993853711994203,1.4929485166195389,0.31855144007166225]",0,DESPENSA Y ABARROTES
GENERICA,ACUENTA,DESPENSA GENERAL,2590.0,2.0,2.0,"[2590.0,2.0,2.0]","[0.3761484041478177,1.4929485166195389,0.31855144007166225]",0,DESPENSA Y ABARROTES
GENERICA,ACUENTA,DESPENSA GENERAL,2690.0,2.0,2.0,"[2690.0,2.0,2.0]","[0.3906715085550693,1.4929485166195389,0.31855144007166225]",0,DESPENSA Y ABARROTES
GENERICA,ACUENTA,DESPENSA GENERAL,2350.0,2.0,2.0,"[2350.0,2.0,2.0]","[0.3412929535704137,1.4929485166195389,0.31855144007166225]",0,DESPENSA Y ABARROTES
GENERICA,ACUENTA,DESPENSA GENERAL,2750.0,2.0,2.0,"[2750.0,2.0,2.0]","[0.3993853711994203,1.4929485166195389,0.31855144007166225]",0,DESPENSA Y ABARROTES
GENERICA,ACUENTA,DESPENSA GENERAL,4490.0,2.0,2.0,"[4490.0,2.0,2.0]","[0.652087387885599,1.4929485166195389,0.31855144007166225]",0,DESPENSA Y ABARROTES
GENERICA,ACUENTA,LIMPIEZA,1000.0,2.0,11.0,"[1000.0,2.0,11.0]","[0.14523104407251647,1.4929485166195389,1.7520329203941425]",2,LIMPIEZA Y ASEO
GENERICA,ACUENTA,DESPENSA GENERAL,2750.0,2.0,2.0,"[2750.0,2.0,2.0]","[0.3993853711994203,1.4929485166195389,0.31855144007166225]",0,DESPENSA Y ABARROTES
GENERICA,ACUENTA,DESPENSA GENERAL,4490.0,2.0,2.0,"[4490.0,2.0,2.0]","[0.652087387885599,1.4929485166195389,0.31855144007166225]",0,DESPENSA Y ABARROTES
GENERICA,ACUENTA,DESPENSA GENERAL,1850.0,2.0,2.0,"[1850.0,2.0,2.0]","[0.26867743153415546,1.4929485166195389,0.31855144007166225]",0,DESPENSA Y ABARROTES
GENERICA,ACUENTA,DESPENSA GENERAL,3000.0,2.0,2.0,"[3000.0,2.0,2.0]","[0.4356931322175494,1.4929485166195389,0.31855144007166225]",0,DESPENSA Y ABARROTES
GENERICA,ACUENTA,DESPENSA GENERAL,1790.0,2.0,2.0,"[1790.0,2.0,2.0]","[0.2599635688898045,1.4929485166195389,0.31855144007166225]",0,DESPENSA Y ABARROTES
GENERICA,ACUENTA,DESPENSA GENERAL,1190.0,2.0,2.0,"[1190.0,2.0,2.0]","[0.1728249424462946,1.4929485166195389,0.31855144007166225]",0,DESPENSA Y ABARROTES
GENERICA,ACUENTA,DESPENSA GENERAL,3890.0,2.0,2.0,"[3890.0,2.0,2.0]","[0.564948761442089,1.4929485166195389,0.31855144007166225]",0,DESPENSA Y ABARROTES
GENERICA,ACUENTA,ASEO,1350.0,2.0,19.0,"[1350.0,2.0,19.0]","[0.19606190949789723,1.4929485166195389,3.0262386806807915]",1,LIMPIEZA Y ASEO
GENERICA,ACUENTA,ASEO,9390.0,2.0,19.0,"[9390.0,2.0,19.0]","[1.3637195038409298,1.4929485166195389,3.0262386806807915]",1,LIMPIEZA Y ASEO
LIDER,ACUENTA,ASEO,8990.0,2.0,19.0,"[8990.0,2.0,19.0]","[1.305627086211923,1.4929485166195389,3.0262386806807915]",1,LIMPIEZA Y ASEO
OMO,ACUENTA,LIMPIEZA,12890.0,2.0,11.0,"[12890.0,2.0,11.0]","[1.8720281580947373,1.4929485166195389,1.7520329203941425]",2,LIMPIEZA Y ASEO
GENERICA,ACUENTA,LIMPIEZA,3390.0,2.0,11.0,"[3390.0,2.0,11.0]","[0.49233323940583085,1.4929485166195389,1.7520329203941425]",2,LIMPIEZA Y ASEO
GENERICA,ACUENTA,LIMPIEZA,1790.0,2.0,11.0,"[1790.0,2.0,11.0]","[0.2599635688898045,1.4929485166195389,1.7520329203941425]",2,LIMPIEZA Y ASEO
GENERICA,ACUENTA,LIMPIEZA,12990.0,2.0,11.0,"[12990.0,2.0,11.0]","[1.8865512625019891,1.4929485166195389,1.7520329203941425]",2,LIMPIEZA Y ASEO
GENERICA,ACUENTA,DESPENSA GENERAL,950.0,2.0,2.0,"[950.0,2.0,2.0]","[0.13796949186889065,1.4929485166195389,0.31855144007166225]",0,DESPENSA Y ABARROTES
GENERICA,ACUENTA,LIMPIEZA,12790.0,2.0,11.0,"[12790.0,2.0,11.0]","[1.8575050536874858,1.4929485166195389,1.7520329203941425]",2,LIMPIEZA Y ASEO
GENERICA,ACUENTA,ASEO,2190.0,2.0,19.0,"[2190.0,2.0,19.0]","[0.31805598651881106,1.4929485166195389,3.0262386806807915]",1,LIMPIEZA Y ASEO
GENERICA,ACUENTA,ASEO,11690.0,2.0,19.0,"[11690.0,2.0,19.0]","[1.6977509052077175,1.4929485166195389,3.0262386806807915]",1,LIMPIEZA Y ASEO
LIDER,ACUENTA,ASEO,8990.0,2.0,19.0,"[8990.0,2.0,19.0]","[1.305627086211923,1.4929485166195389,3.0262386806807915]",1,LIMPIEZA Y ASEO
GENERICA,ACUENTA,ASEO,2000.0,2.0,19.0,"[2000.0,2.0,19.0]","[0.29046208814503294,1.4929485166195389,3.0262386806807915]",1,LIMPIEZA Y ASEO
GENERICA,ACUENTA,LIMPIEZA,3290.0,2.0,11.0,"[3290.0,2.0,11.0]","[0.4778101349985792,1.4929485166195389,1.7520329203941425]",2,LIMPIEZA Y ASEO
GENERICA,ACUENTA,LIMPIEZA,7990.0,2.0,11.0,"[7990.0,2.0,11.0]","[1.1603960421394066,1.4929485166195389,1.7520329203941425]",2,LIMPIEZA Y ASEO
GENERICA,ACUENTA,LIMPIEZA,9790.0,2.0,11.0,"[9790.0,2.0,11.0]","[1.4218119214699363,1.4929485166195389,1.7520329203941425]",2,LIMPIEZA Y ASEO
GENERICA,ACUENTA,LIMPIEZA,9990.0,2.0,11.0,"[9990.0,2.0,11.0]","[1.4508581302844397,1.4929485166195389,1.7520329203941425]",2,LIMPIEZA Y ASEO
GENERICA,ACUENTA,ASEO,14150.0,2.0,19.0,"[14150.0,2.0,19.0]","[2.055019273626108,1.4929485166195389,3.0262386806807915]",1,LIMPIEZA Y ASEO
LIDER,ACUENTA,DESPENSA GENERAL,450.0,2.0,2.0,"[450.0,2.0,2.0]","[0.06535396983263242,1.4929485166195389,0.31855144007166225]",0,DESPENSA Y ABARROTES
GENERICA,ACUENTA,LIMPIEZA,1500.0,2.0,11.0,"[1500.0,2.0,11.0]","[0.2178465661087747,1.4929485166195389,1.7520329203941425]",2,LIMPIEZA Y ASEO
GENERICA,ACUENTA,DESPENSA GENERAL,2890.0,2.0,2.0,"[2890.0,2.0,2.0]","[0.41971771736957264,1.4929485166195389,0.31855144007166225]",0,DESPENSA Y ABARROTES
GENERICA,ACUENTA,LIMPIEZA,9990.0,2.0,11.0,"[9990.0,2.0,11.0]","[1.4508581302844397,1.4929485166195389,1.7520329203941425]",2,LIMPIEZA Y ASEO
ACUENTA,ACUENTA,DESPENSA GENERAL,1350.0,2.0,2.0,"[1350.0,2.0,2.0]","[0.19606190949789723,1.4929485166195389,0.31855144007166225]",0,DESPENSA Y ABARROTES
GENERICA,ACUENTA,DESPENSA GENERAL,790.0,2.0,2.0,"[790.0,2.0,2.0]","[0.11473252481728802,1.4929485166195389,0.31855144007166225]",0,DESPENSA Y ABARROTES
GENERICA,ACUENTA,LIMPIEZA,2000.0,2.0,11.0,"[2000.0,2.0,11.0]","[0.29046208814503294,1.4929485166195389,1.7520329203941425]",2,LIMPIEZA Y ASEO
GENERICA,ACUENTA,ASEO,10890.0,2.0,19.0,"[10890.0,2.0,19.0]","[1.5815660699497045,1.4929485166195389,3.0262386806807915]",1,LIMPIEZA Y ASEO
GENERICA,ACUENTA,ASEO,2590.0,2.0,19.0,"[2590.0,2.0,19.0]","[0.3761484041478177,1.4929485166195389,3.0262386806807915]",1,LIMPIEZA Y ASEO
GENERICA,ACUENTA,DESPENSA GENERAL,800.0,2.0,2.0,"[800.0,2.0,2.0]","[0.11618483525801318,1.4929485166195389,0.31855144007166225]",0,DESPENSA Y ABARROTES
GENERICA,ACUENTA,ASEO,12790.0,2.0,19.0,"[12790.0,2.0,19.0]","[1.8575050536874858,1.4929485166195389,3.0262386806807915]",1,LIMPIEZA Y ASEO
GENERICA,ACUENTA,LIMPIEZA,9990.0,2.0,11.0,"[9990.0,2.0,11.0]","[1.4508581302844397,1.4929485166195389,1.7520329203941425]",2,LIMPIEZA Y ASEO
GENERICA,ACUENTA,LIMPIEZA,2490.0,2.0,11.0,"[2490.0,2.0,11.0]","[0.361625299740566,1.4929485166195389,1.7520329203941425]",2,LIMPIEZA Y ASEO
GENERICA,ACUENTA,LIMPIEZA,5190.0,2.0,11.0,"[5190.0,2.0,11.0]","[0.7537491187363605,1.4929485166195389,1.7520329203941425]",2,LIMPIEZA Y ASEO
GENERICA,ACUENTA,LIMPIEZA,8890.0,2.0,11.0,"[8890.0,2.0,11.0]","[1.2911039818046715,1.4929485166195389,1.7520329203941425]",2,LIMPIEZA Y ASEO
GENERICA,ACUENTA,DESPENSA GENERAL,3690.0,2.0,2.0,"[3690.0,2.0,2.0]","[0.5359025526275858,1.4929485166195389,0.31855144007166225]",0,DESPENSA Y ABARROTES
OMO,ACUENTA,LIMPIEZA,16890.0,2.0,11.0,"[16890.0,2.0,11.0]","[2.452952334384803,1.4929485166195389,1.7520329203941425]",2,LIMPIEZA Y ASEO
GENERICA,ACUENTA,LIMPIEZA,7490.0,2.0,11.0,"[7490.0,2.0,11.0]","[1.0877805201031483,1.4929485166195389,1.7520329203941425]",2,LIMPIEZA Y ASEO
GENERICA,ACUENTA,LIMPIEZA,7490.0,2.0,11.0,"[7490.0,2.0,11.0]","[1.0877805201031483,1.4929485166195389,1.7520329203941425]",2,LIMPIEZA Y ASEO
GENERICA,ACUENTA,LIMPIEZA,12890.0,2.0,11.0,"[12890.0,2.0,11.0]","[1.8720281580947373,1.4929485166195389,1.7520329203941425]",2,LIMPIEZA Y ASEO
GENERICA,ACUENTA,ASEO,2590.0,2.0,19.0,"[2590.0,2.0,19.0]","[0.3761484041478177,1.4929485166195389,3.0262386806807915]",1,LIMPIEZA Y ASEO
GENERICA,ACUENTA,LIMPIEZA,3890.0,2.0,11.0,"[3890.0,2.0,11.0]","[0.564948761442089,1.4929485166195389,1.7520329203941425]",2,LIMPIEZA Y ASEO
GENERICA,ACUENTA,DESPENSA GENERAL,2790.0,2.0,2.0,"[2790.0,2.0,2.0]","[0.40519461296232095,1.4929485166195389,0.31855144007166225]",0,DESPENSA Y ABARROTES
GENERICA,ACUENTA,DESPENSA GENERAL,1190.0,2.0,2.0,"[1190.0,2.0,2.0]","[0.1728249424462946,1.4929485166195389,0.31855144007166225]",0,DESPENSA Y ABARROTES
GENERICA,ACUENTA,ASEO,3550.0,2.0,19.0,"[3550.0,2.0,19.0]","[0.5155702064574335,1.4929485166195389,3.0262386806807915]",1,LIMPIEZA Y ASEO
GENERICA,ACUENTA,DESPENSA GENERAL,2790.0,2.0,2.0,"[2790.0,2.0,2.0]","[0.40519461296232095,1.4929485166195389,0.31855144007166225]",0,DESPENSA Y ABARROTES
GENERICA,ACUENTA,DESPENSA GENERAL,4190.0,2.0,2.0,"[4190.0,2.0,2.0]","[0.608518074663844,1.4929485166195389,0.31855144007166225]",0,DESPENSA Y ABARROTES
GENERICA,ACUENTA,DESPENSA GENERAL,2790.0,2.0,2.0,"[2790.0,2.0,2.0]","[0.40519461296232095,1.4929485166195389,0.31855144007166225]",0,DESPENSA Y ABARROTES
GENERICA,ACUENTA,ASEO,1200.0,2.0,19.0,"[1200.0,2.0,19.0]","[0.17427725288701978,1.4929485166195389,3.0262386806807915]",1,LIMPIEZA Y ASEO
GENERICA,ACUENTA,ASEO,4250.0,2.0,19.0,"[4250.0,2.0,19.0]","[0.617231937308195,1.4929485166195389,3.0262386806807915]",1,LIMPIEZA Y ASEO
GENERICA,ACUENTA,DESPENSA GENERAL,2000.0,2.0,2.0,"[2000.0,2.0,2.0]","[0.29046208814503294,1.4929485166195389,0.31855144007166225]",0,DESPENSA Y ABARROTES
GENERICA,ACUENTA,ASEO,950.0,2.0,19.0,"[950.0,2.0,19.0]","[0.13796949186889065,1.4929485166195389,3.0262386806807915]",1,LIMPIEZA Y ASEO
GENERICA,ACUENTA,LIMPIEZA,4190.0,2.0,11.0,"[4190.0,2.0,11.0]","[0.608518074663844,1.4929485166195389,1.7520329203941425]",2,LIMPIEZA Y ASEO
GENERICA,ACUENTA,LIMPIEZA,2490.0,2.0,11.0,"[2490.0,2.0,11.0]","[0.361625299740566,1.4929485166195389,1.7520329203941425]",2,LIMPIEZA Y ASEO
GENERICA,ACUENTA,LIMPIEZA,8650.0,2.0,11.0,"[8650.0,2.0,11.0]","[1.2562485312272675,1.4929485166195389,1.7520329203941425]",2,LIMPIEZA Y ASEO
GENERICA,ACUENTA,DESPENSA GENERAL,6090.0,2.0,2.0,"[6090.0,2.0,2.0]","[0.8844570584016254,1.4929485166195389,0.31855144007166225]",0,DESPENSA Y ABARROTES
GENERICA,ACUENTA,ASEO,8990.0,2.0,19.0,"[8990.0,2.0,19.0]","[1.305627086211923,1.4929485166195389,3.0262386806807915]",1,LIMPIEZA Y ASEO
GENERICA,ACUENTA,DESPENSA GENERAL,2090.0,2.0,2.0,"[2090.0,2.0,2.0]","[0.30353288211155943,1.4929485166195389,0.31855144007166225]",0,DESPENSA Y ABARROTES
GENERICA,ACUENTA,ASEO,1850.0,2.0,19.0,"[1850.0,2.0,19.0]","[0.26867743153415546,1.4929485166195389,3.0262386806807915]",1,LIMPIEZA Y ASEO
LIDER,ACUENTA,LIMPIEZA,1390.0,2.0,11.0,"[1390.0,2.0,11.0]","[0.2018711512607979,1.4929485166195389,1.7520329203941425]",2,LIMPIEZA Y ASEO
LIDER,ACUENTA,DESPENSA GENERAL,1790.0,2.0,2.0,"[1790.0,2.0,2.0]","[0.2599635688898045,1.4929485166195389,0.31855144007166225]",0,DESPENSA Y ABARROTES
LIDER,ACUENTA,DESPENSA GENERAL,3990.0,2.0,2.0,"[3990.0,2.0,2.0]","[0.5794718658493407,1.4929485166195389,0.31855144007166225]",0,DESPENSA Y ABARROTES
LIDER,ACUENTA,LIMPIEZA,1390.0,2.0,11.0,"[1390.0,2.0,11.0]","[0.2018711512607979,1.4929485166195389,1.7520329203941425]",2,LIMPIEZA Y ASEO
LIDER,ACUENTA,LIMPIEZA,1390.0,2.0,11.0,"[1390.0,2.0,11.0]","[0.2018711512607979,1.4929485166195389,1.7520329203941425]",2,LIMPIEZA Y ASEO
GENERICA,ACUENTA,ASEO,1500.0,2.0,19.0,"[1500.0,2.0,19.0]","[0.2178465661087747,1.4929485166195389,3.0262386806807915]",1,LIMPIEZA Y ASEO
LIDER,ACUENTA,DESPENSA GENERAL,2000.0,2.0,2.0,"[2000.0,2.0,2.0]","[0.29046208814503294,1.4929485166195389,0.31855144007166225]",0,DESPENSA Y ABARROTES
LIDER,ACUENTA,LIMPIEZA,1390.0,2.0,11.0,"[1390.0,2.0,11.0]","[0.2018711512607979,1.4929485166195389,1.7520329203941425]",2,LIMPIEZA Y ASEO
GENERICA,ACUENTA,ASEO,2790.0,2.0,19.0,"[2790.0,2.0,19.0]","[0.40519461296232095,1.4929485166195389,3.0262386806807915]",1,LIMPIEZA Y ASEO
GENERICA,ACUENTA,DESPENSA GENERAL,1590.0,2.0,2.0,"[1590.0,2.0,2.0]","[0.2309173600753012,1.4929485166195389,0.31855144007166225]",0,DESPENSA Y ABARROTES
GENERICA,ACUENTA,ASEO,2950.0,2.0,19.0,"[2950.0,2.0,19.0]","[0.4284315800139236,1.4929485166195389,3.0262386806807915]",1,LIMPIEZA Y ASEO
LIDER,ACUENTA,DESPENSA GENERAL,2990.0,2.0,2.0,"[2990.0,2.0,2.0]","[0.43424082177682427,1.4929485166195389,0.31855144007166225]",0,DESPENSA Y ABARROTES
GENERICA,ACUENTA,ASEO,1500.0,2.0,19.0,"[1500.0,2.0,19.0]","[0.2178465661087747,1.4929485166195389,3.0262386806807915]",1,LIMPIEZA Y ASEO
LIDER,ACUENTA,DESPENSA GENERAL,1190.0,2.0,2.0,"[1190.0,2.0,2.0]","[0.1728249424462946,1.4929485166195389,0.31855144007166225]",0,DESPENSA Y ABARROTES
GENERICA,ACUENTA,DESPENSA GENERAL,2000.0,2.0,2.0,"[2000.0,2.0,2.0]","[0.29046208814503294,1.4929485166195389,0.31855144007166225]",0,DESPENSA Y ABARROTES
LIDER,ACUENTA,DESPENSA GENERAL,1290.0,2.0,2.0,"[1290.0,2.0,2.0]","[0.18734804685354625,1.4929485166195389,0.31855144007166225]",0,DESPENSA Y ABARROTES
GENERICA,ACUENTA,DESPENSA GENERAL,3090.0,2.0,2.0,"[3090.0,2.0,2.0]","[0.4487639261840759,1.4929485166195389,0.31855144007166225]",0,DESPENSA Y ABARROTES
GENERICA,ACUENTA,DESPENSA GENERAL,1590.0,2.0,2.0,"[1590.0,2.0,2.0]","[0.2309173600753012,1.4929485166195389,0.31855144007166225]",0,DESPENSA Y ABARROTES
LIDER,ACUENTA,DESPENSA GENERAL,1190.0,2.0,2.0,"[1190.0,2.0,2.0]","[0.1728249424462946,1.4929485166195389,0.31855144007166225]",0,DESPENSA Y ABARROTES
LIDER,ACUENTA,DESPENSA GENERAL,1000.0,2.0,2.0,"[1000.0,2.0,2.0]","[0.14523104407251647,1.4929485166195389,0.31855144007166225]",0,DESPENSA Y ABARROTES
GENERICA,ACUENTA,DESPENSA GENERAL,1850.0,2.0,2.0,"[1850.0,2.0,2.0]","[0.26867743153415546,1.4929485166195389,0.31855144007166225]",0,DESPENSA Y ABARROTES
GENERICA,ACUENTA,DESPENSA GENERAL,1000.0,2.0,2.0,"[1000.0,2.0,2.0]","[0.14523104407251647,1.4929485166195389,0.31855144007166225]",0,DESPENSA Y ABARROTES
LIDER,ACUENTA,DESPENSA GENERAL,1190.0,2.0,2.0,"[1190.0,2.0,2.0]","[0.1728249424462946,1.4929485166195389,0.31855144007166225]",0,DESPENSA Y ABARROTES
LIDER,ACUENTA,LIMPIEZA,1190.0,2.0,11.0,"[1190.0,2.0,11.0]","[0.1728249424462946,1.4929485166195389,1.7520329203941425]",2,LIMPIEZA Y ASEO
LIDER,ACUENTA,DESPENSA GENERAL,2790.0,2.0,2.0,"[2790.0,2.0,2.0]","[0.40519461296232095,1.4929485166195389,0.31855144007166225]",0,DESPENSA Y ABARROTES
GENERICA,ACUENTA,DESPENSA GENERAL,1490.0,2.0,2.0,"[1490.0,2.0,2.0]","[0.21639425566804954,1.4929485166195389,0.31855144007166225]",0,DESPENSA Y ABARROTES
GENERICA,ACUENTA,DESPENSA GENERAL,290.0,2.0,2.0,"[290.0,2.0,2.0]","[0.042117002781029776,1.4929485166195389,0.31855144007166225]",0,DESPENSA Y ABARROTES
GENERICA,ACUENTA,DESPENSA GENERAL,1190.0,2.0,2.0,"[1190.0,2.0,2.0]","[0.1728249424462946,1.4929485166195389,0.31855144007166225]",0,DESPENSA Y ABARROTES
GENERICA,ACUENTA,DESPENSA GENERAL,1490.0,2.0,2.0,"[1490.0,2.0,2.0]","[0.21639425566804954,1.4929485166195389,0.31855144007166225]",0,DESPENSA Y ABARROTES
GENERICA,ACUENTA,DESPENSA GENERAL,2000.0,2.0,2.0,"[2000.0,2.0,2.0]","[0.29046208814503294,1.4929485166195389,0.31855144007166225]",0,DESPENSA Y ABARROTES
ACUENTA,ACUENTA,DESPENSA GENERAL,450.0,2.0,2.0,"[450.0,2.0,2.0]","[0.06535396983263242,1.4929485166195389,0.31855144007166225]",0,DESPENSA Y ABARROTES
GENERICA,ACUENTA,DESPENSA GENERAL,2000.0,2.0,2.0,"[2000.0,2.0,2.0]","[0.29046208814503294,1.4929485166195389,0.31855144007166225]",0,DESPENSA Y ABARROTES
LIDER,ACUENTA,DESPENSA GENERAL,2000.0,2.0,2.0,"[2000.0,2.0,2.0]","[0.29046208814503294,1.4929485166195389,0.31855144007166225]",0,DESPENSA Y ABARROTES
GENERICA,ACUENTA,DESPENSA GENERAL,2490.0,2.0,2.0,"[2490.0,2.0,2.0]","[0.361625299740566,1.4929485166195389,0.31855144007166225]",0,DESPENSA Y ABARROTES
LIDER,ACUENTA,DESPENSA GENERAL,2000.0,2.0,2.0,"[2000.0,2.0,2.0]","[0.29046208814503294,1.4929485166195389,0.31855144007166225]",0,DESPENSA Y ABARROTES
LIDER,ACUENTA,DESPENSA GENERAL,2850.0,2.0,2.0,"[2850.0,2.0,2.0]","[0.41390847560667193,1.4929485166195389,0.31855144007166225]",0,DESPENSA Y ABARROTES
GENERICA,ACUENTA,DESPENSA GENERAL,1490.0,2.0,2.0,"[1490.0,2.0,2.0]","[0.21639425566804954,1.4929485166195389,0.31855144007166225]",0,DESPENSA Y ABARROTES
GENERICA,ACUENTA,DESPENSA GENERAL,2000.0,2.0,2.0,"[2000.0,2.0,2.0]","[0.29046208814503294,1.4929485166195389,0.31855144007166225]",0,DESPENSA Y ABARROTES
LIDER,ACUENTA,DESPENSA GENERAL,490.0,2.0,2.0,"[490.0,2.0,2.0]","[0.07116321159553307,1.4929485166195389,0.31855144007166225]",0,DESPENSA Y ABARROTES
GENERICA,ACUENTA,DESPENSA GENERAL,1450.0,2.0,2.0,"[1450.0,2.0,2.0]","[0.2105850139051489,1.4929485166195389,0.31855144007166225]",0,DESPENSA Y ABARROTES
GENERICA,ACUENTA,DESPENSA GENERAL,3290.0,2.0,2.0,"[3290.0,2.0,2.0]","[0.4778101349985792,1.4929485166195389,0.31855144007166225]",0,DESPENSA Y ABARROTES
LIDER,ACUENTA,DESPENSA GENERAL,3000.0,2.0,2.0,"[3000.0,2.0,2.0]","[0.4356931322175494,1.4929485166195389,0.31855144007166225]",0,DESPENSA Y ABARROTES
LIDER,ACUENTA,DESPENSA GENERAL,2000.0,2.0,2.0,"[2000.0,2.0,2.0]","[0.29046208814503294,1.4929485166195389,0.31855144007166225]",0,DESPENSA Y ABARROTES
GENERICA,ACUENTA,DESPENSA GENERAL,1000.0,2.0,2.0,"[1000.0,2.0,2.0]","[0.14523104407251647,1.4929485166195389,0.31855144007166225]",0,DESPENSA Y ABARROTES
GENERICA,ACUENTA,LIMPIEZA,3890.0,2.0,11.0,"[3890.0,2.0,11.0]","[0.564948761442089,1.4929485166195389,1.7520329203941425]",2,LIMPIEZA Y ASEO
GENERICA,ACUENTA,DESPENSA GENERAL,2850.0,2.0,2.0,"[2850.0,2.0,2.0]","[0.41390847560667193,1.4929485166195389,0.31855144007166225]",0,DESPENSA Y ABARROTES
LIDER,ACUENTA,DESPENSA GENERAL,3000.0,2.0,2.0,"[3000.0,2.0,2.0]","[0.4356931322175494,1.4929485166195389,0.31855144007166225]",0,DESPENSA Y ABARROTES
LIDER,ACUENTA,DESPENSA GENERAL,2000.0,2.0,2.0,"[2000.0,2.0,2.0]","[0.29046208814503294,1.4929485166195389,0.31855144007166225]",0,DESPENSA Y ABARROTES
LIDER,ACUENTA,DESPENSA GENERAL,4390.0,2.0,2.0,"[4390.0,2.0,2.0]","[0.6375642834783474,1.4929485166195389,0.31855144007166225]",0,DESPENSA Y ABARROTES
GENERICA,ACUENTA,DESPENSA GENERAL,6590.0,2.0,2.0,"[6590.0,2.0,2.0]","[0.9570725804378836,1.4929485166195389,0.31855144007166225]",0,DESPENSA Y ABARROTES
GENERICA,ACUENTA,DESPENSA GENERAL,4850.0,2.0,2.0,"[4850.0,2.0,2.0]","[0.7043705637517049,1.4929485166195389,0.31855144007166225]",0,DESPENSA Y ABARROTES
GENERICA,ACUENTA,DESPENSA GENERAL,2950.0,2.0,2.0,"[2950.0,2.0,2.0]","[0.4284315800139236,1.4929485166195389,0.31855144007166225]",0,DESPENSA Y ABARROTES
GENERICA,ACUENTA,DESPENSA GENERAL,4350.0,2.0,2.0,"[4350.0,2.0,2.0]","[0.6317550417154467,1.4929485166195389,0.31855144007166225]",0,DESPENSA Y ABARROTES
GENERICA,ACUENTA,DESPENSA GENERAL,1590.0,2.0,2.0,"[1590.0,2.0,2.0]","[0.2309173600753012,1.4929485166195389,0.31855144007166225]",0,DESPENSA Y ABARROTES
GENERICA,ACUENTA,DESPENSA GENERAL,1590.0,2.0,2.0,"[1590.0,2.0,2.0]","[0.2309173600753012,1.4929485166195389,0.31855144007166225]",0,DESPENSA Y ABARROTES
GENERICA,ACUENTA,DESPENSA GENERAL,4850.0,2.0,2.0,"[4850.0,2.0,2.0]","[0.7043705637517049,1.4929485166195389,0.31855144007166225]",0,DESPENSA Y ABARROTES
GENERICA,ACUENTA,DESPENSA GENERAL,4050.0,2.0,2.0,"[4050.0,2.0,2.0]","[0.5881857284936918,1.4929485166195389,0.31855144007166225]",0,DESPENSA Y ABARROTES
GENERICA,ACUENTA,DESPENSA GENERAL,3190.0,2.0,2.0,"[3190.0,2.0,2.0]","[0.46328703059132753,1.4929485166195389,0.31855144007166225]",0,DESPENSA Y ABARROTES
GENERICA,ACUENTA,DESPENSA GENERAL,4000.0,2.0,2.0,"[4000.0,2.0,2.0]","[0.5809241762900659,1.4929485166195389,0.31855144007166225]",0,DESPENSA Y ABARROTES
GENERICA,ACUENTA,DESPENSA GENERAL,3190.0,2.0,2.0,"[3190.0,2.0,2.0]","[0.46328703059132753,1.4929485166195389,0.31855144007166225]",0,DESPENSA Y ABARROTES
GENERICA,ACUENTA,DESPENSA GENERAL,2250.0,2.0,2.0,"[2250.0,2.0,2.0]","[0.3267698491631621,1.4929485166195389,0.31855144007166225]",0,DESPENSA Y ABARROTES
GENERICA,ACUENTA,DESPENSA GENERAL,2250.0,2.0,2.0,"[2250.0,2.0,2.0]","[0.3267698491631621,1.4929485166195389,0.31855144007166225]",0,DESPENSA Y ABARROTES
GENERICA,ACUENTA,DESPENSA GENERAL,2990.0,2.0,2.0,"[2990.0,2.0,2.0]","[0.43424082177682427,1.4929485166195389,0.31855144007166225]",0,DESPENSA Y ABARROTES
GENERICA,ACUENTA,DESPENSA GENERAL,3990.0,2.0,2.0,"[3990.0,2.0,2.0]","[0.5794718658493407,1.4929485166195389,0.31855144007166225]",0,DESPENSA Y ABARROTES
GENERICA,ACUENTA,DESPENSA GENERAL,6690.0,2.0,2.0,"[6690.0,2.0,2.0]","[0.9715956848451353,1.4929485166195389,0.31855144007166225]",0,DESPENSA Y ABARROTES
GENERICA,ACUENTA,DESPENSA GENERAL,3650.0,2.0,2.0,"[3650.0,2.0,2.0]","[0.5300933108646851,1.4929485166195389,0.31855144007166225]",0,DESPENSA Y ABARROTES
GENERICA,ACUENTA,DESPENSA GENERAL,1790.0,2.0,2.0,"[1790.0,2.0,2.0]","[0.2599635688898045,1.4929485166195389,0.31855144007166225]",0,DESPENSA Y ABARROTES
GENERICA,ACUENTA,DESPENSA GENERAL,3350.0,2.0,2.0,"[3350.0,2.0,2.0]","[0.4865239976429302,1.4929485166195389,0.31855144007166225]",0,DESPENSA Y ABARROTES
GENERICA,ACUENTA,DESPENSA GENERAL,3250.0,2.0,2.0,"[3250.0,2.0,2.0]","[0.47200089323567856,1.4929485166195389,0.31855144007166225]",0,DESPENSA Y ABARROTES
LIDER,ACUENTA,DESPENSA GENERAL,2990.0,2.0,2.0,"[2990.0,2.0,2.0]","[0.43424082177682427,1.4929485166195389,0.31855144007166225]",0,DESPENSA Y ABARROTES
CLOROX,ACUENTA,LIMPIEZA,2090.0,2.0,11.0,"[2090.0,2.0,11.0]","[0.30353288211155943,1.4929485166195389,1.7520329203941425]",2,LIMPIEZA Y ASEO
GENERICA,ACUENTA,LIMPIEZA,2890.0,2.0,11.0,"[2890.0,2.0,11.0]","[0.41971771736957264,1.4929485166195389,1.7520329203941425]",2,LIMPIEZA Y ASEO
GENERICA,ACUENTA,LIMPIEZA,2090.0,2.0,11.0,"[2090.0,2.0,11.0]","[0.30353288211155943,1.4929485166195389,1.7520329203941425]",2,LIMPIEZA Y ASEO
GENERICA,ACUENTA,LIMPIEZA,1490.0,2.0,11.0,"[1490.0,2.0,11.0]","[0.21639425566804954,1.4929485166195389,1.7520329203941425]",2,LIMPIEZA Y ASEO
GENERICA,ACUENTA,LIMPIEZA,1490.0,2.0,11.0,"[1490.0,2.0,11.0]","[0.21639425566804954,1.4929485166195389,1.7520329203941425]",2,LIMPIEZA Y ASEO
GENERICA,ACUENTA,LIMPIEZA,2190.0,2.0,11.0,"[2190.0,2.0,11.0]","[0.31805598651881106,1.4929485166195389,1.7520329203941425]",2,LIMPIEZA Y ASEO
GENERICA,ACUENTA,LIMPIEZA,4500.0,2.0,11.0,"[4500.0,2.0,11.0]","[0.6535396983263242,1.4929485166195389,1.7520329203941425]",2,LIMPIEZA Y ASEO
GENERICA,ACUENTA,LIMPIEZA,11890.0,2.0,11.0,"[11890.0,2.0,11.0]","[1.726797114022221,1.4929485166195389,1.7520329203941425]",2,LIMPIEZA Y ASEO
GENERICA,ACUENTA,LIMPIEZA,5790.0,2.0,11.0,"[5790.0,2.0,11.0]","[0.8408877451798704,1.4929485166195389,1.7520329203941425]",2,LIMPIEZA Y ASEO
GENERICA,ACUENTA,LIMPIEZA,7590.0,2.0,11.0,"[7590.0,2.0,11.0]","[1.1023036245104,1.4929485166195389,1.7520329203941425]",2,LIMPIEZA Y ASEO
GENERICA,ACUENTA,LIMPIEZA,2650.0,2.0,11.0,"[2650.0,2.0,11.0]","[0.3848622667921687,1.4929485166195389,1.7520329203941425]",2,LIMPIEZA Y ASEO
GENERICA,ACUENTA,LIMPIEZA,2650.0,2.0,11.0,"[2650.0,2.0,11.0]","[0.3848622667921687,1.4929485166195389,1.7520329203941425]",2,LIMPIEZA Y ASEO
GENERICA,ACUENTA,ASEO,1350.0,2.0,19.0,"[1350.0,2.0,19.0]","[0.19606190949789723,1.4929485166195389,3.0262386806807915]",1,LIMPIEZA Y ASEO
GENERICA,ACUENTA,DESPENSA GENERAL,1000.0,2.0,2.0,"[1000.0,2.0,2.0]","[0.14523104407251647,1.4929485166195389,0.31855144007166225]",0,DESPENSA Y ABARROTES
GENERICA,ACUENTA,DESPENSA GENERAL,5000.0,2.0,2.0,"[5000.0,2.0,2.0]","[0.7261552203625824,1.4929485166195389,0.31855144007166225]",0,DESPENSA Y ABARROTES
ACUENTA,ACUENTA,DESPENSA GENERAL,2490.0,2.0,2.0,"[2490.0,2.0,2.0]","[0.361625299740566,1.4929485166195389,0.31855144007166225]",0,DESPENSA Y ABARROTES
GENERICA,ACUENTA,DESPENSA GENERAL,10290.0,2.0,2.0,"[10290.0,2.0,2.0]","[1.4944274435061946,1.4929485166195389,0.31855144007166225]",0,DESPENSA Y ABARROTES
GENERICA,ACUENTA,DESPENSA GENERAL,2590.0,2.0,2.0,"[2590.0,2.0,2.0]","[0.3761484041478177,1.4929485166195389,0.31855144007166225]",0,DESPENSA Y ABARROTES
GENERICA,ACUENTA,DESPENSA GENERAL,2990.0,2.0,2.0,"[2990.0,2.0,2.0]","[0.43424082177682427,1.4929485166195389,0.31855144007166225]",0,DESPENSA Y ABARROTES
GENERICA,ACUENTA,DESPENSA GENERAL,3150.0,2.0,2.0,"[3150.0,2.0,2.0]","[0.4574777888284269,1.4929485166195389,0.31855144007166225]",0,DESPENSA Y ABARROTES
GENERICA,ACUENTA,DESPENSA GENERAL,2000.0,2.0,2.0,"[2000.0,2.0,2.0]","[0.29046208814503294,1.4929485166195389,0.31855144007166225]",0,DESPENSA Y ABARROTES
GENERICA,ACUENTA,DESPENSA GENERAL,7190.0,2.0,2.0,"[7190.0,2.0,2.0]","[1.0442112068813934,1.4929485166195389,0.31855144007166225]",0,DESPENSA Y ABARROTES
GENERICA,ACUENTA,DESPENSA GENERAL,3290.0,2.0,2.0,"[3290.0,2.0,2.0]","[0.4778101349985792,1.4929485166195389,0.31855144007166225]",0,DESPENSA Y ABARROTES
GENERICA,ACUENTA,DESPENSA GENERAL,3290.0,2.0,2.0,"[3290.0,2.0,2.0]","[0.4778101349985792,1.4929485166195389,0.31855144007166225]",0,DESPENSA Y ABARROTES
GENERICA,ACUENTA,DESPENSA GENERAL,2790.0,2.0,2.0,"[2790.0,2.0,2.0]","[0.40519461296232095,1.4929485166195389,0.31855144007166225]",0,DESPENSA Y ABARROTES
GENERICA,ACUENTA,DESPENSA GENERAL,2790.0,2.0,2.0,"[2790.0,2.0,2.0]","[0.40519461296232095,1.4929485166195389,0.31855144007166225]",0,DESPENSA Y ABARROTES
LIDER,ACUENTA,DESPENSA GENERAL,7990.0,2.0,2.0,"[7990.0,2.0,2.0]","[1.1603960421394066,1.4929485166195389,0.31855144007166225]",0,DESPENSA Y ABARROTES
GENERICA,ACUENTA,DESPENSA GENERAL,9490.0,2.0,2.0,"[9490.0,2.0,2.0]","[1.3782426082481813,1.4929485166195389,0.31855144007166225]",0,DESPENSA Y ABARROTES
GENERICA,ACUENTA,DESPENSA GENERAL,5290.0,2.0,2.0,"[5290.0,2.0,2.0]","[0.7682722231436122,1.4929485166195389,0.31855144007166225]",0,DESPENSA Y ABARROTES
GENERICA,ACUENTA,DESPENSA GENERAL,4790.0,2.0,2.0,"[4790.0,2.0,2.0]","[0.6956567011073539,1.4929485166195389,0.31855144007166225]",0,DESPENSA Y ABARROTES
GENERICA,ACUENTA,LIMPIEZA,6990.0,2.0,11.0,"[6990.0,2.0,11.0]","[1.0151649980668902,1.4929485166195389,1.7520329203941425]",2,LIMPIEZA Y ASEO
GENERICA,ACUENTA,LIMPIEZA,10590.0,2.0,11.0,"[10590.0,2.0,11.0]","[1.5379967567279496,1.4929485166195389,1.7520329203941425]",2,LIMPIEZA Y ASEO
GENERICA,ACUENTA,DESPENSA GENERAL,3250.0,2.0,2.0,"[3250.0,2.0,2.0]","[0.47200089323567856,1.4929485166195389,0.31855144007166225]",0,DESPENSA Y ABARROTES
GENERICA,ACUENTA,DESPENSA GENERAL,3190.0,2.0,2.0,"[3190.0,2.0,2.0]","[0.46328703059132753,1.4929485166195389,0.31855144007166225]",0,DESPENSA Y ABARROTES
GENERICA,ACUENTA,DESPENSA GENERAL,1990.0,2.0,2.0,"[1990.0,2.0,2.0]","[0.2890097777043078,1.4929485166195389,0.31855144007166225]",0,DESPENSA Y ABARROTES
GENERICA,ACUENTA,DESPENSA GENERAL,3990.0,2.0,2.0,"[3990.0,2.0,2.0]","[0.5794718658493407,1.4929485166195389,0.31855144007166225]",0,DESPENSA Y ABARROTES
GENERICA,ACUENTA,DESPENSA GENERAL,2790.0,2.0,2.0,"[2790.0,2.0,2.0]","[0.40519461296232095,1.4929485166195389,0.31855144007166225]",0,DESPENSA Y ABARROTES
GENERICA,ACUENTA,DESPENSA GENERAL,2990.0,2.0,2.0,"[2990.0,2.0,2.0]","[0.43424082177682427,1.4929485166195389,0.31855144007166225]",0,DESPENSA Y ABARROTES
GENERICA,ACUENTA,DESPENSA GENERAL,2790.0,2.0,2.0,"[2790.0,2.0,2.0]","[0.40519461296232095,1.4929485166195389,0.31855144007166225]",0,DESPENSA Y ABARROTES
GENERICA,ACUENTA,DESPENSA GENERAL,1350.0,2.0,2.0,"[1350.0,2.0,2.0]","[0.19606190949789723,1.4929485166195389,0.31855144007166225]",0,DESPENSA Y ABARROTES
LIDER,ACUENTA,DESPENSA GENERAL,5950.0,2.0,2.0,"[5950.0,2.0,2.0]","[0.864124712231473,1.4929485166195389,0.31855144007166225]",0,DESPENSA Y ABARROTES
GENERICA,ACUENTA,DESPENSA GENERAL,1090.0,2.0,2.0,"[1090.0,2.0,2.0]","[0.15830183803904296,1.4929485166195389,0.31855144007166225]",0,DESPENSA Y ABARROTES
GENERICA,ACUENTA,DESPENSA GENERAL,3090.0,2.0,2.0,"[3090.0,2.0,2.0]","[0.4487639261840759,1.4929485166195389,0.31855144007166225]",0,DESPENSA Y ABARROTES
GENERICA,ACUENTA,LIMPIEZA,2890.0,2.0,11.0,"[2890.0,2.0,11.0]","[0.41971771736957264,1.4929485166195389,1.7520329203941425]",2,LIMPIEZA Y ASEO
LIDER,ACUENTA,LIMPIEZA,2190.0,2.0,11.0,"[2190.0,2.0,11.0]","[0.31805598651881106,1.4929485166195389,1.7520329203941425]",2,LIMPIEZA Y ASEO
LIDER,ACUENTA,LIMPIEZA,2190.0,2.0,11.0,"[2190.0,2.0,11.0]","[0.31805598651881106,1.4929485166195389,1.7520329203941425]",2,LIMPIEZA Y ASEO
GENERICA,ACUENTA,CARNICERIA,12784.0,4.0,10.0,"[12784.0,4.0,10.0]","[1.8566336674230506,2.9858970332390777,1.5927572003583113]",2,CARNES Y FIAMBRERÍA
GENERICA,ACUENTA,CARNICERIA,11506.0,4.0,10.0,"[11506.0,4.0,10.0]","[1.6710283930983745,2.9858970332390777,1.5927572003583113]",2,CARNES Y FIAMBRERÍA
GENERICA,ACUENTA,CARNICERIA,17578.0,4.0,10.0,"[17578.0,4.0,10.0]","[2.5528712927066946,2.9858970332390777,1.5927572003583113]",2,CARNES Y FIAMBRERÍA
GENERICA,ACUENTA,CARNICERIA,14382.0,4.0,10.0,"[14382.0,4.0,10.0]","[2.088712875850932,2.9858970332390777,1.5927572003583113]",2,CARNES Y FIAMBRERÍA
TIL,ACUENTA,CERDO,9468.0,4.0,24.0,"[9468.0,4.0,24.0]","[1.375047525278586,2.9858970332390777,3.822617280859947]",1,CARNES Y FIAMBRERÍA
GENERICA,ACUENTA,CARNICERIA,2890.0,4.0,10.0,"[2890.0,4.0,10.0]","[0.41971771736957264,2.9858970332390777,1.5927572003583113]",2,CARNES Y FIAMBRERÍA
TIL,ACUENTA,CARNICERIA,14064.0,4.0,10.0,"[14064.0,4.0,10.0]","[2.042529403835872,2.9858970332390777,1.5927572003583113]",2,CARNES Y FIAMBRERÍA
GENERICA,ACUENTA,CARNICERIA,13185.0,4.0,10.0,"[13185.0,4.0,10.0]","[1.9148713160961297,2.9858970332390777,1.5927572003583113]",2,CARNES Y FIAMBRERÍA
GENERICA,ACUENTA,CARNICERIA,16308.0,4.0,10.0,"[16308.0,4.0,10.0]","[2.368427866734599,2.9858970332390777,1.5927572003583113]",2,CARNES Y FIAMBRERÍA
GENERICA,ACUENTA,CARNICERIA,3190.0,4.0,10.0,"[3190.0,4.0,10.0]","[0.46328703059132753,2.9858970332390777,1.5927572003583113]",2,CARNES Y FIAMBRERÍA
GENERICA,ACUENTA,CARNICERIA,10668.0,4.0,10.0,"[10668.0,4.0,10.0]","[1.5493247781656057,2.9858970332390777,1.5927572003583113]",2,CARNES Y FIAMBRERÍA
GENERICA,ACUENTA,AVES,4790.0,4.0,15.0,"[4790.0,4.0,15.0]","[0.6956567011073539,2.9858970332390777,2.389135800537467]",2,CARNES Y FIAMBRERÍA
GENERICA,ACUENTA,FIAMBRERIA,3890.0,4.0,9.0,"[3890.0,4.0,9.0]","[0.564948761442089,2.9858970332390777,1.43348148032248]",2,CARNES Y FIAMBRERÍA
TIL,ACUENTA,CERDO,17465.0,4.0,24.0,"[17465.0,4.0,24.0]","[2.5364601847265003,2.9858970332390777,3.822617280859947]",1,CARNES Y FIAMBRERÍA
CALO,ACUENTA,CARNICERIA,6390.0,4.0,10.0,"[6390.0,4.0,10.0]","[0.9280263716233803,2.9858970332390777,1.5927572003583113]",2,CARNES Y FIAMBRERÍA
GENERICA,ACUENTA,CARNICERIA,7290.0,4.0,10.0,"[7290.0,4.0,10.0]","[1.0587343112886451,2.9858970332390777,1.5927572003583113]",2,CARNES Y FIAMBRERÍA
GENERICA,ACUENTA,CARNICERIA,6590.0,4.0,10.0,"[6590.0,4.0,10.0]","[0.9570725804378836,2.9858970332390777,1.5927572003583113]",2,CARNES Y FIAMBRERÍA
GENERICA,ACUENTA,CARNICERIA,10308.0,4.0,10.0,"[10308.0,4.0,10.0]","[1.4970416022995,2.9858970332390777,1.5927572003583113]",2,CARNES Y FIAMBRERÍA
GENERICA,ACUENTA,AVES,2790.0,4.0,15.0,"[2790.0,4.0,15.0]","[0.40519461296232095,2.9858970332390777,2.389135800537467]",2,CARNES Y FIAMBRERÍA
GENERICA,ACUENTA,AVES,4790.0,4.0,15.0,"[4790.0,4.0,15.0]","[0.6956567011073539,2.9858970332390777,2.389135800537467]",2,CARNES Y FIAMBRERÍA
GENERICA,ACUENTA,CARNICERIA,15984.0,4.0,10.0,"[15984.0,4.0,10.0]","[2.321373008455103,2.9858970332390777,1.5927572003583113]",2,CARNES Y FIAMBRERÍA
GENERICA,ACUENTA,CERDO,5890.0,4.0,24.0,"[5890.0,4.0,24.0]","[0.855410849587122,2.9858970332390777,3.822617280859947]",1,CARNES Y FIAMBRERÍA
TIL,ACUENTA,CERDO,9468.0,4.0,24.0,"[9468.0,4.0,24.0]","[1.375047525278586,2.9858970332390777,3.822617280859947]",1,CARNES Y FIAMBRERÍA
GENERICA,ACUENTA,AVES,2980.0,4.0,15.0,"[2980.0,4.0,15.0]","[0.4327885113360991,2.9858970332390777,2.389135800537467]",2,CARNES Y FIAMBRERÍA
SUPER POLLO,ACUENTA,CARNICERIA,3690.0,4.0,10.0,"[3690.0,4.0,10.0]","[0.5359025526275858,2.9858970332390777,1.5927572003583113]",2,CARNES Y FIAMBRERÍA
GENERICA,ACUENTA,AVES,4690.0,4.0,15.0,"[4690.0,4.0,15.0]","[0.6811335967001023,2.9858970332390777,2.389135800537467]",2,CARNES Y FIAMBRERÍA
SUPER POLLO,ACUENTA,AVES,4590.0,4.0,15.0,"[4590.0,4.0,15.0]","[0.6666104922928506,2.9858970332390777,2.389135800537467]",2,CARNES Y FIAMBRERÍA
SUPER POLLO,ACUENTA,AVES,3321.0,4.0,15.0,"[3321.0,4.0,15.0]","[0.4823122973648272,2.9858970332390777,2.389135800537467]",2,CARNES Y FIAMBRERÍA
SUPER POLLO,ACUENTA,AVES,4550.0,4.0,15.0,"[4550.0,4.0,15.0]","[0.66080125052995,2.9858970332390777,2.389135800537467]",2,CARNES Y FIAMBRERÍA
GENERICA,ACUENTA,AVES,6390.0,4.0,15.0,"[6390.0,4.0,15.0]","[0.9280263716233803,2.9858970332390777,2.389135800537467]",2,CARNES Y FIAMBRERÍA
SUPER POLLO,ACUENTA,CARNICERIA,3790.0,4.0,10.0,"[3790.0,4.0,10.0]","[0.5504256570348375,2.9858970332390777,1.5927572003583113]",2,CARNES Y FIAMBRERÍA
GENERICA,ACUENTA,PESCADOS Y MARISCOS,1490.0,4.0,28.0,"[1490.0,4.0,28.0]","[0.21639425566804954,2.9858970332390777,4.459720161003272]",1,CARNES Y FIAMBRERÍA
ACUENTA,ACUENTA,PESCADOS Y MARISCOS,6690.0,4.0,28.0,"[6690.0,4.0,28.0]","[0.9715956848451353,2.9858970332390777,4.459720161003272]",1,CARNES Y FIAMBRERÍA
GENERICA,ACUENTA,CARNICERIA,3690.0,4.0,10.0,"[3690.0,4.0,10.0]","[0.5359025526275858,2.9858970332390777,1.5927572003583113]",2,CARNES Y FIAMBRERÍA
SUPER POLLO,ACUENTA,AVES,6631.0,4.0,15.0,"[6631.0,4.0,15.0]","[0.9630270532448567,2.9858970332390777,2.389135800537467]",2,CARNES Y FIAMBRERÍA
SUPER POLLO,ACUENTA,AVES,2653.0,4.0,15.0,"[2653.0,4.0,15.0]","[0.3852979599243862,2.9858970332390777,2.389135800537467]",2,CARNES Y FIAMBRERÍA
GENERICA,ACUENTA,CARNICERIA,17626.0,4.0,10.0,"[17626.0,4.0,10.0]","[2.5598423828221755,2.9858970332390777,1.5927572003583113]",2,CARNES Y FIAMBRERÍA
LIDER,ACUENTA,PESCADOS Y MARISCOS,4490.0,4.0,28.0,"[4490.0,4.0,28.0]","[0.652087387885599,2.9858970332390777,4.459720161003272]",1,CARNES Y FIAMBRERÍA
GENERICA,ACUENTA,AVES,5090.0,4.0,15.0,"[5090.0,4.0,15.0]","[0.7392260143291088,2.9858970332390777,2.389135800537467]",2,CARNES Y FIAMBRERÍA
SADIA,ACUENTA,AVES,5990.0,4.0,15.0,"[5990.0,4.0,15.0]","[0.8699339539943737,2.9858970332390777,2.389135800537467]",2,CARNES Y FIAMBRERÍA
GENERICA,ACUENTA,AVES,3690.0,4.0,15.0,"[3690.0,4.0,15.0]","[0.5359025526275858,2.9858970332390777,2.389135800537467]",2,CARNES Y FIAMBRERÍA
SUPER POLLO,ACUENTA,AVES,3550.0,4.0,15.0,"[3550.0,4.0,15.0]","[0.5155702064574335,2.9858970332390777,2.389135800537467]",2,CARNES Y FIAMBRERÍA
ACUENTA,ACUENTA,PESCADOS Y MARISCOS,7390.0,4.0,28.0,"[7390.0,4.0,28.0]","[1.0732574156958967,2.9858970332390777,4.459720161003272]",1,CARNES Y FIAMBRERÍA
PF,ACUENTA,FIAMBRERIA,1000.0,4.0,9.0,"[1000.0,4.0,9.0]","[0.14523104407251647,2.9858970332390777,1.43348148032248]",2,CARNES Y FIAMBRERÍA
WINTER,ACUENTA,FIAMBRERIA,3000.0,4.0,9.0,"[3000.0,4.0,9.0]","[0.4356931322175494,2.9858970332390777,1.43348148032248]",2,CARNES Y FIAMBRERÍA
GENERICA,ACUENTA,AVES,3490.0,4.0,15.0,"[3490.0,4.0,15.0]","[0.5068563438130825,2.9858970332390777,2.389135800537467]",2,CARNES Y FIAMBRERÍA
LA CRIANZA,ACUENTA,PESCADOS Y MARISCOS,790.0,4.0,28.0,"[790.0,4.0,28.0]","[0.11473252481728802,2.9858970332390777,4.459720161003272]",1,CARNES Y FIAMBRERÍA
SUPER POLLO,ACUENTA,AVES,3290.0,4.0,15.0,"[3290.0,4.0,15.0]","[0.4778101349985792,2.9858970332390777,2.389135800537467]",2,CARNES Y FIAMBRERÍA
GENERICA,ACUENTA,PESCADOS Y MARISCOS,7490.0,4.0,28.0,"[7490.0,4.0,28.0]","[1.0877805201031483,2.9858970332390777,4.459720161003272]",1,CARNES Y FIAMBRERÍA
LIDER,ACUENTA,OTROS FRESCOS,4890.0,4.0,5.0,"[4890.0,4.0,5.0]","[0.7101798055146056,2.9858970332390777,0.7963786001791556]",2,LACTEOS Y FRESCOS
MONTINA,ACUENTA,FIAMBRERIA,2390.0,4.0,9.0,"[2390.0,4.0,9.0]","[0.3471021953333144,2.9858970332390777,1.43348148032248]",2,CARNES Y FIAMBRERÍA
GENERICA,ACUENTA,PESCADOS Y MARISCOS,6490.0,4.0,28.0,"[6490.0,4.0,28.0]","[0.9425494760306319,2.9858970332390777,4.459720161003272]",1,CARNES Y FIAMBRERÍA
SUPER POLLO,ACUENTA,AVES,3290.0,4.0,15.0,"[3290.0,4.0,15.0]","[0.4778101349985792,2.9858970332390777,2.389135800537467]",2,CARNES Y FIAMBRERÍA
GENERICA,ACUENTA,CERDO,1490.0,4.0,24.0,"[1490.0,4.0,24.0]","[0.21639425566804954,2.9858970332390777,3.822617280859947]",1,CARNES Y FIAMBRERÍA
SAN JORGE,ACUENTA,FIAMBRERIA,1290.0,4.0,9.0,"[1290.0,4.0,9.0]","[0.18734804685354625,2.9858970332390777,1.43348148032248]",2,CARNES Y FIAMBRERÍA
GENERICA,ACUENTA,PESCADOS Y MARISCOS,7490.0,4.0,28.0,"[7490.0,4.0,28.0]","[1.0877805201031483,2.9858970332390777,4.459720161003272]",1,CARNES Y FIAMBRERÍA
GENERICA,ACUENTA,CERDO,4090.0,4.0,24.0,"[4090.0,4.0,24.0]","[0.5939949702565924,2.9858970332390777,3.822617280859947]",1,CARNES Y FIAMBRERÍA
SAN JORGE,ACUENTA,FIAMBRERIA,3690.0,4.0,9.0,"[3690.0,4.0,9.0]","[0.5359025526275858,2.9858970332390777,1.43348148032248]",2,CARNES Y FIAMBRERÍA
GENERICA,ACUENTA,PESCADOS Y MARISCOS,2890.0,4.0,28.0,"[2890.0,4.0,28.0]","[0.41971771736957264,2.9858970332390777,4.459720161003272]",1,CARNES Y FIAMBRERÍA
PF,ACUENTA,FIAMBRERIA,4090.0,4.0,9.0,"[4090.0,4.0,9.0]","[0.5939949702565924,2.9858970332390777,1.43348148032248]",2,CARNES Y FIAMBRERÍA
SAN JORGE,ACUENTA,FIAMBRERIA,3490.0,4.0,9.0,"[3490.0,4.0,9.0]","[0.5068563438130825,2.9858970332390777,1.43348148032248]",2,CARNES Y FIAMBRERÍA
GENERICA,ACUENTA,CERDO,4190.0,4.0,24.0,"[4190.0,4.0,24.0]","[0.608518074663844,2.9858970332390777,3.822617280859947]",1,CARNES Y FIAMBRERÍA
GENERICA,ACUENTA,FIAMBRERIA,2450.0,4.0,9.0,"[2450.0,4.0,9.0]","[0.35581605797766536,2.9858970332390777,1.43348148032248]",2,CARNES Y FIAMBRERÍA
GENERICA,ACUENTA,FIAMBRERIA,3550.0,4.0,9.0,"[3550.0,4.0,9.0]","[0.5155702064574335,2.9858970332390777,1.43348148032248]",2,CARNES Y FIAMBRERÍA
WINTER,ACUENTA,FIAMBRERIA,3000.0,4.0,9.0,"[3000.0,4.0,9.0]","[0.4356931322175494,2.9858970332390777,1.43348148032248]",2,CARNES Y FIAMBRERÍA
PF,ACUENTA,FIAMBRERIA,4190.0,4.0,9.0,"[4190.0,4.0,9.0]","[0.608518074663844,2.9858970332390777,1.43348148032248]",2,CARNES Y FIAMBRERÍA
WINTER,ACUENTA,FIAMBRERIA,3590.0,4.0,9.0,"[3590.0,4.0,9.0]","[0.5213794482203341,2.9858970332390777,1.43348148032248]",2,CARNES Y FIAMBRERÍA
SAN JORGE,ACUENTA,FIAMBRERIA,1590.0,4.0,9.0,"[1590.0,4.0,9.0]","[0.2309173600753012,2.9858970332390777,1.43348148032248]",2,CARNES Y FIAMBRERÍA
LIDER,ACUENTA,OTROS FRESCOS,4290.0,4.0,5.0,"[4290.0,4.0,5.0]","[0.6230411790710957,2.9858970332390777,0.7963786001791556]",2,LACTEOS Y FRESCOS
GENERICA,ACUENTA,AVES,3321.0,4.0,15.0,"[3321.0,4.0,15.0]","[0.4823122973648272,2.9858970332390777,2.389135800537467]",2,CARNES Y FIAMBRERÍA
GENERICA,ACUENTA,AVES,3590.0,4.0,15.0,"[3590.0,4.0,15.0]","[0.5213794482203341,2.9858970332390777,2.389135800537467]",2,CARNES Y FIAMBRERÍA
SADIA,ACUENTA,AVES,6290.0,4.0,15.0,"[6290.0,4.0,15.0]","[0.9135032672161286,2.9858970332390777,2.389135800537467]",2,CARNES Y FIAMBRERÍA
GENERICA,ACUENTA,AVES,5211.0,4.0,15.0,"[5211.0,4.0,15.0]","[0.7567989706618834,2.9858970332390777,2.389135800537467]",2,CARNES Y FIAMBRERÍA
GENERICA,ACUENTA,CARNICERIA,9975.0,4.0,10.0,"[9975.0,4.0,10.0]","[1.4486796646233517,2.9858970332390777,1.5927572003583113]",2,CARNES Y FIAMBRERÍA
GENERICA,ACUENTA,CERDO,4990.0,4.0,24.0,"[4990.0,4.0,24.0]","[0.7247029099218573,2.9858970332390777,3.822617280859947]",1,CARNES Y FIAMBRERÍA
GENERICA,ACUENTA,AVES,4990.0,4.0,15.0,"[4990.0,4.0,15.0]","[0.7247029099218573,2.9858970332390777,2.389135800537467]",2,CARNES Y FIAMBRERÍA
GENERICA,ACUENTA,CERDO,4990.0,4.0,24.0,"[4990.0,4.0,24.0]","[0.7247029099218573,2.9858970332390777,3.822617280859947]",1,CARNES Y FIAMBRERÍA
GENERICA,ACUENTA,AVES,7190.0,4.0,15.0,"[7190.0,4.0,15.0]","[1.0442112068813934,2.9858970332390777,2.389135800537467]",2,CARNES Y FIAMBRERÍA
GENERICA,ACUENTA,AVES,3890.0,4.0,15.0,"[3890.0,4.0,15.0]","[0.564948761442089,2.9858970332390777,2.389135800537467]",2,CARNES Y FIAMBRERÍA
GENERICA,ACUENTA,AVES,2190.0,4.0,15.0,"[2190.0,4.0,15.0]","[0.31805598651881106,2.9858970332390777,2.389135800537467]",2,CARNES Y FIAMBRERÍA
GENERICA,ACUENTA,AVES,1890.0,4.0,15.0,"[1890.0,4.0,15.0]","[0.2744866732970561,2.9858970332390777,2.389135800537467]",2,CARNES Y FIAMBRERÍA
GENERICA,ACUENTA,CARNICERIA,3190.0,4.0,10.0,"[3190.0,4.0,10.0]","[0.46328703059132753,2.9858970332390777,1.5927572003583113]",2,CARNES Y FIAMBRERÍA
GENERICA,ACUENTA,CERDO,3890.0,4.0,24.0,"[3890.0,4.0,24.0]","[0.564948761442089,2.9858970332390777,3.822617280859947]",1,CARNES Y FIAMBRERÍA
GENERICA,ACUENTA,CARNICERIA,2290.0,4.0,10.0,"[2290.0,4.0,10.0]","[0.33257909092606275,2.9858970332390777,1.5927572003583113]",2,CARNES Y FIAMBRERÍA
GENERICA,ACUENTA,AVES,1050.0,4.0,15.0,"[1050.0,4.0,15.0]","[0.1524925962761423,2.9858970332390777,2.389135800537467]",2,CARNES Y FIAMBRERÍA
GENERICA,ACUENTA,CARNICERIA,12306.0,4.0,10.0,"[12306.0,4.0,10.0]","[1.7872132283563877,2.9858970332390777,1.5927572003583113]",2,CARNES Y FIAMBRERÍA
GENERICA,ACUENTA,CARNICERIA,13986.0,4.0,10.0,"[13986.0,4.0,10.0]","[2.0312013823982156,2.9858970332390777,1.5927572003583113]",2,CARNES Y FIAMBRERÍA
SUPER POLLO,ACUENTA,CARNICERIA,3090.0,4.0,10.0,"[3090.0,4.0,10.0]","[0.4487639261840759,2.9858970332390777,1.5927572003583113]",2,CARNES Y FIAMBRERÍA
GENERICA,ACUENTA,CARNICERIA,14985.0,4.0,10.0,"[14985.0,4.0,10.0]","[2.1762871954266596,2.9858970332390777,1.5927572003583113]",2,CARNES Y FIAMBRERÍA
MONTINA,ACUENTA,FIAMBRERIA,4590.0,4.0,9.0,"[4590.0,4.0,9.0]","[0.6666104922928506,2.9858970332390777,1.43348148032248]",2,CARNES Y FIAMBRERÍA
MONTINA,ACUENTA,FIAMBRERIA,1350.0,4.0,9.0,"[1350.0,4.0,9.0]","[0.19606190949789723,2.9858970332390777,1.43348148032248]",2,CARNES Y FIAMBRERÍA
MONTINA,ACUENTA,FIAMBRERIA,4490.0,4.0,9.0,"[4490.0,4.0,9.0]","[0.652087387885599,2.9858970332390777,1.43348148032248]",2,CARNES Y FIAMBRERÍA
GENERICA,ACUENTA,AVES,6390.0,4.0,15.0,"[6390.0,4.0,15.0]","[0.9280263716233803,2.9858970332390777,2.389135800537467]",2,CARNES Y FIAMBRERÍA
GENERICA,ACUENTA,CARNICERIA,760.0,4.0,10.0,"[760.0,4.0,10.0]","[0.11037559349511253,2.9858970332390777,1.5927572003583113]",2,CARNES Y FIAMBRERÍA
GENERICA,ACUENTA,CARNICERIA,1590.0,4.0,10.0,"[1590.0,4.0,10.0]","[0.2309173600753012,2.9858970332390777,1.5927572003583113]",2,CARNES Y FIAMBRERÍA
GENERICA,ACUENTA,FIAMBRERIA,3290.0,4.0,9.0,"[3290.0,4.0,9.0]","[0.4778101349985792,2.9858970332390777,1.43348148032248]",2,CARNES Y FIAMBRERÍA
PF,ACUENTA,FIAMBRERIA,2000.0,4.0,9.0,"[2000.0,4.0,9.0]","[0.29046208814503294,2.9858970332390777,1.43348148032248]",2,CARNES Y FIAMBRERÍA
GENERICA,ACUENTA,FIAMBRERIA,2650.0,4.0,9.0,"[2650.0,4.0,9.0]","[0.3848622667921687,2.9858970332390777,1.43348148032248]",2,CARNES Y FIAMBRERÍA
GENERICA,ACUENTA,OTROS FRESCOS,1990.0,4.0,5.0,"[1990.0,4.0,5.0]","[0.2890097777043078,2.9858970332390777,0.7963786001791556]",2,LACTEOS Y FRESCOS
GENERICA,ACUENTA,CERDO,9190.0,4.0,24.0,"[9190.0,4.0,24.0]","[1.3346732950264264,2.9858970332390777,3.822617280859947]",1,CARNES Y FIAMBRERÍA
PF,ACUENTA,FIAMBRERIA,4090.0,4.0,9.0,"[4090.0,4.0,9.0]","[0.5939949702565924,2.9858970332390777,1.43348148032248]",2,CARNES Y FIAMBRERÍA
SAN JORGE,ACUENTA,FIAMBRERIA,3790.0,4.0,9.0,"[3790.0,4.0,9.0]","[0.5504256570348375,2.9858970332390777,1.43348148032248]",2,CARNES Y FIAMBRERÍA
GENERICA,ACUENTA,CARNICERIA,3790.0,4.0,10.0,"[3790.0,4.0,10.0]","[0.5504256570348375,2.9858970332390777,1.5927572003583113]",2,CARNES Y FIAMBRERÍA
GENERICA,ACUENTA,CERDO,3990.0,4.0,24.0,"[3990.0,4.0,24.0]","[0.5794718658493407,2.9858970332390777,3.822617280859947]",1,CARNES Y FIAMBRERÍA
GENERICA,ACUENTA,OTROS FRESCOS,5790.0,4.0,5.0,"[5790.0,4.0,5.0]","[0.8408877451798704,2.9858970332390777,0.7963786001791556]",2,LACTEOS Y FRESCOS
GENERICA,ACUENTA,CARNICERIA,3090.0,4.0,10.0,"[3090.0,4.0,10.0]","[0.4487639261840759,2.9858970332390777,1.5927572003583113]",2,CARNES Y FIAMBRERÍA
GENERICA,ACUENTA,CERDO,6590.0,4.0,24.0,"[6590.0,4.0,24.0]","[0.9570725804378836,2.9858970332390777,3.822617280859947]",1,CARNES Y FIAMBRERÍA
SADIA,ACUENTA,AVES,17178.0,4.0,15.0,"[17178.0,4.0,15.0]","[2.494778875077688,2.9858970332390777,2.389135800537467]",2,CARNES Y FIAMBRERÍA
GENERICA,ACUENTA,AVES,2990.0,4.0,15.0,"[2990.0,4.0,15.0]","[0.43424082177682427,2.9858970332390777,2.389135800537467]",2,CARNES Y FIAMBRERÍA
GENERICA,ACUENTA,FIAMBRERIA,3390.0,4.0,9.0,"[3390.0,4.0,9.0]","[0.49233323940583085,2.9858970332390777,1.43348148032248]",2,CARNES Y FIAMBRERÍA
GENERICA,ACUENTA,AVES,3590.0,4.0,15.0,"[3590.0,4.0,15.0]","[0.5213794482203341,2.9858970332390777,2.389135800537467]",2,CARNES Y FIAMBRERÍA
GENERICA,ACUENTA,CARNICERIA,3290.0,4.0,10.0,"[3290.0,4.0,10.0]","[0.4778101349985792,2.9858970332390777,1.5927572003583113]",2,CARNES Y FIAMBRERÍA
GENERICA,ACUENTA,CARNICERIA,4290.0,4.0,10.0,"[4290.0,4.0,10.0]","[0.6230411790710957,2.9858970332390777,1.5927572003583113]",2,CARNES Y FIAMBRERÍA
SAN JORGE,ACUENTA,FIAMBRERIA,3890.0,4.0,9.0,"[3890.0,4.0,9.0]","[0.564948761442089,2.9858970332390777,1.43348148032248]",2,CARNES Y FIAMBRERÍA
SUPER POLLO,ACUENTA,AVES,6690.0,4.0,15.0,"[6690.0,4.0,15.0]","[0.9715956848451353,2.9858970332390777,2.389135800537467]",2,CARNES Y FIAMBRERÍA
GENERICA,ACUENTA,CARNICERIA,21399.0,4.0,10.0,"[21399.0,4.0,10.0]","[3.10779911210778,2.9858970332390777,1.5927572003583113]",2,CARNES Y FIAMBRERÍA
GENERICA,ACUENTA,CERDO,6390.0,4.0,24.0,"[6390.0,4.0,24.0]","[0.9280263716233803,2.9858970332390777,3.822617280859947]",1,CARNES Y FIAMBRERÍA
GENERICA,ACUENTA,FIAMBRERIA,5990.0,4.0,9.0,"[5990.0,4.0,9.0]","[0.8699339539943737,2.9858970332390777,1.43348148032248]",2,CARNES Y FIAMBRERÍA
GENERICA,ACUENTA,FIAMBRERIA,4590.0,4.0,9.0,"[4590.0,4.0,9.0]","[0.6666104922928506,2.9858970332390777,1.43348148032248]",2,CARNES Y FIAMBRERÍA
GENERICA,ACUENTA,FIAMBRERIA,6090.0,4.0,9.0,"[6090.0,4.0,9.0]","[0.8844570584016254,2.9858970332390777,1.43348148032248]",2,CARNES Y FIAMBRERÍA
GENERICA,ACUENTA,OTROS FRESCOS,3290.0,4.0,5.0,"[3290.0,4.0,5.0]","[0.4778101349985792,2.9858970332390777,0.7963786001791556]",2,LACTEOS Y FRESCOS
SAN JORGE,ACUENTA,FIAMBRERIA,3190.0,4.0,9.0,"[3190.0,4.0,9.0]","[0.46328703059132753,2.9858970332390777,1.43348148032248]",2,CARNES Y FIAMBRERÍA
SAN JORGE,ACUENTA,FIAMBRERIA,2750.0,4.0,9.0,"[2750.0,4.0,9.0]","[0.3993853711994203,2.9858970332390777,1.43348148032248]",2,CARNES Y FIAMBRERÍA
PF,ACUENTA,FIAMBRERIA,5590.0,4.0,9.0,"[5590.0,4.0,9.0]","[0.811841536365367,2.9858970332390777,1.43348148032248]",2,CARNES Y FIAMBRERÍA
GENERICA,ACUENTA,FIAMBRERIA,4250.0,4.0,9.0,"[4250.0,4.0,9.0]","[0.617231937308195,2.9858970332390777,1.43348148032248]",2,CARNES Y FIAMBRERÍA
GENERICA,ACUENTA,ELABORADOS,2890.0,4.0,31.0,"[2890.0,4.0,31.0]","[0.41971771736957264,2.9858970332390777,4.937547321110765]",1,OTROS / ELABORADOS
PF,ACUENTA,OTROS FRESCOS,1850.0,4.0,5.0,"[1850.0,4.0,5.0]","[0.26867743153415546,2.9858970332390777,0.7963786001791556]",2,LACTEOS Y FRESCOS
GENERICA,ACUENTA,PESCADOS Y MARISCOS,1250.0,4.0,28.0,"[1250.0,4.0,28.0]","[0.1815388050906456,2.9858970332390777,4.459720161003272]",1,CARNES Y FIAMBRERÍA
GENERICA,ACUENTA,CARNICERIA,4290.0,4.0,10.0,"[4290.0,4.0,10.0]","[0.6230411790710957,2.9858970332390777,1.5927572003583113]",2,CARNES Y FIAMBRERÍA
GENERICA,ACUENTA,CARNICERIA,3990.0,4.0,10.0,"[3990.0,4.0,10.0]","[0.5794718658493407,2.9858970332390777,1.5927572003583113]",2,CARNES Y FIAMBRERÍA
GENERICA,ACUENTA,CERDO,7290.0,4.0,24.0,"[7290.0,4.0,24.0]","[1.0587343112886451,2.9858970332390777,3.822617280859947]",1,CARNES Y FIAMBRERÍA
SAN JORGE,ACUENTA,FIAMBRERIA,1000.0,4.0,9.0,"[1000.0,4.0,9.0]","[0.14523104407251647,2.9858970332390777,1.43348148032248]",2,CARNES Y FIAMBRERÍA
GENERICA,ACUENTA,OTROS FRESCOS,3990.0,4.0,5.0,"[3990.0,4.0,5.0]","[0.5794718658493407,2.9858970332390777,0.7963786001791556]",2,LACTEOS Y FRESCOS
LIDER,ACUENTA,ELABORADOS,870.0,4.0,31.0,"[870.0,4.0,31.0]","[0.12635100834308932,2.9858970332390777,4.937547321110765]",1,OTROS / ELABORADOS
GENERICA,ACUENTA,AVES,8590.0,4.0,15.0,"[8590.0,4.0,15.0]","[1.2475346685829165,2.9858970332390777,2.389135800537467]",2,CARNES Y FIAMBRERÍA
GENERICA,ACUENTA,OTROS FRESCOS,3990.0,4.0,5.0,"[3990.0,4.0,5.0]","[0.5794718658493407,2.9858970332390777,0.7963786001791556]",2,LACTEOS Y FRESCOS
LIDER,ACUENTA,LACTEOS,990.0,4.0,4.0,"[990.0,4.0,4.0]","[0.1437787336317913,2.9858970332390777,0.6371028801433245]",2,LACTEOS Y FRESCOS
CALO,ACUENTA,LACTEOS,2450.0,4.0,4.0,"[2450.0,4.0,4.0]","[0.35581605797766536,2.9858970332390777,0.6371028801433245]",2,LACTEOS Y FRESCOS
LIDER,ACUENTA,LACTEOS/FIAMBRERIA,4890.0,4.0,12.0,"[4890.0,4.0,12.0]","[0.7101798055146056,2.9858970332390777,1.9113086404299735]",2,LACTEOS Y FRESCOS
LIDER,ACUENTA,HUEVOS,3790.0,4.0,29.0,"[3790.0,4.0,29.0]","[0.5504256570348375,2.9858970332390777,4.618995881039103]",1,LACTEOS Y FRESCOS
SOPROLE,ACUENTA,LACTEOS,1050.0,4.0,4.0,"[1050.0,4.0,4.0]","[0.1524925962761423,2.9858970332390777,0.6371028801433245]",2,LACTEOS Y FRESCOS
SOPROLE,ACUENTA,LACTEOS/FIAMBRERIA,5950.0,4.0,12.0,"[5950.0,4.0,12.0]","[0.864124712231473,2.9858970332390777,1.9113086404299735]",2,LACTEOS Y FRESCOS
NESTLE,ACUENTA,LACTEOS,1690.0,4.0,4.0,"[1690.0,4.0,4.0]","[0.24544046448255286,2.9858970332390777,0.6371028801433245]",2,LACTEOS Y FRESCOS
LIDER,ACUENTA,LACTEOS/FIAMBRERIA,2490.0,4.0,12.0,"[2490.0,4.0,12.0]","[0.361625299740566,2.9858970332390777,1.9113086404299735]",2,LACTEOS Y FRESCOS
NESTLE,ACUENTA,LACTEOS,1000.0,4.0,4.0,"[1000.0,4.0,4.0]","[0.14523104407251647,2.9858970332390777,0.6371028801433245]",2,LACTEOS Y FRESCOS
COLUN,ACUENTA,LACTEOS,1250.0,4.0,4.0,"[1250.0,4.0,4.0]","[0.1815388050906456,2.9858970332390777,0.6371028801433245]",2,LACTEOS Y FRESCOS
LONCOLECHE,ACUENTA,LACTEOS,1290.0,4.0,4.0,"[1290.0,4.0,4.0]","[0.18734804685354625,2.9858970332390777,0.6371028801433245]",2,LACTEOS Y FRESCOS
COLUN,ACUENTA,LACTEOS,3090.0,4.0,4.0,"[3090.0,4.0,4.0]","[0.4487639261840759,2.9858970332390777,0.6371028801433245]",2,LACTEOS Y FRESCOS
GENERICA,ACUENTA,LACTEOS,1390.0,4.0,4.0,"[1390.0,4.0,4.0]","[0.2018711512607979,2.9858970332390777,0.6371028801433245]",2,LACTEOS Y FRESCOS
GENERICA,ACUENTA,LACTEOS,2450.0,4.0,4.0,"[2450.0,4.0,4.0]","[0.35581605797766536,2.9858970332390777,0.6371028801433245]",2,LACTEOS Y FRESCOS
LIDER,ACUENTA,LACTEOS,990.0,4.0,4.0,"[990.0,4.0,4.0]","[0.1437787336317913,2.9858970332390777,0.6371028801433245]",2,LACTEOS Y FRESCOS
ACUENTA,ACUENTA,LACTEOS/FIAMBRERIA,4350.0,4.0,12.0,"[4350.0,4.0,12.0]","[0.6317550417154467,2.9858970332390777,1.9113086404299735]",2,LACTEOS Y FRESCOS
TIL,ACUENTA,OTROS FRESCOS,2550.0,4.0,5.0,"[2550.0,4.0,5.0]","[0.370339162384917,2.9858970332390777,0.7963786001791556]",2,LACTEOS Y FRESCOS
COLUN,ACUENTA,LACTEOS,1550.0,4.0,4.0,"[1550.0,4.0,4.0]","[0.22510811831240055,2.9858970332390777,0.6371028801433245]",2,LACTEOS Y FRESCOS
QUILLAYES,ACUENTA,LACTEOS/FIAMBRERIA,1250.0,4.0,12.0,"[1250.0,4.0,12.0]","[0.1815388050906456,2.9858970332390777,1.9113086404299735]",2,LACTEOS Y FRESCOS
COLUN,ACUENTA,LACTEOS,11390.0,4.0,4.0,"[11390.0,4.0,4.0]","[1.6541815919859626,2.9858970332390777,0.6371028801433245]",2,LACTEOS Y FRESCOS
SAN JORGE,ACUENTA,FIAMBRERIA,1490.0,4.0,9.0,"[1490.0,4.0,9.0]","[0.21639425566804954,2.9858970332390777,1.43348148032248]",2,CARNES Y FIAMBRERÍA
COLUN,ACUENTA,LACTEOS/FIAMBRERIA,4990.0,4.0,12.0,"[4990.0,4.0,12.0]","[0.7247029099218573,2.9858970332390777,1.9113086404299735]",2,LACTEOS Y FRESCOS
GENERICA,ACUENTA,LACTEOS,2000.0,4.0,4.0,"[2000.0,4.0,4.0]","[0.29046208814503294,2.9858970332390777,0.6371028801433245]",2,LACTEOS Y FRESCOS
GENERICA,ACUENTA,LACTEOS,1350.0,4.0,4.0,"[1350.0,4.0,4.0]","[0.19606190949789723,2.9858970332390777,0.6371028801433245]",2,LACTEOS Y FRESCOS
SOPROLE,ACUENTA,LACTEOS,2690.0,4.0,4.0,"[2690.0,4.0,4.0]","[0.3906715085550693,2.9858970332390777,0.6371028801433245]",2,LACTEOS Y FRESCOS
GENERICA,ACUENTA,LACTEOS,1150.0,4.0,4.0,"[1150.0,4.0,4.0]","[0.16701570068339394,2.9858970332390777,0.6371028801433245]",2,LACTEOS Y FRESCOS
ACUENTA,ACUENTA,ELABORADOS,2800.0,4.0,31.0,"[2800.0,4.0,31.0]","[0.40664692340304615,2.9858970332390777,4.937547321110765]",1,OTROS / ELABORADOS
SOPROLE,ACUENTA,LACTEOS/FIAMBRERIA,3550.0,4.0,12.0,"[3550.0,4.0,12.0]","[0.5155702064574335,2.9858970332390777,1.9113086404299735]",2,LACTEOS Y FRESCOS
GENERICA,ACUENTA,LACTEOS,760.0,4.0,4.0,"[760.0,4.0,4.0]","[0.11037559349511253,2.9858970332390777,0.6371028801433245]",2,LACTEOS Y FRESCOS
GENERICA,ACUENTA,COLACIONES/POSTRES,760.0,4.0,18.0,"[760.0,4.0,18.0]","[0.11037559349511253,2.9858970332390777,2.86696296064496]",1,OTROS / ELABORADOS
GENERICA,ACUENTA,LACTEOS,740.0,4.0,4.0,"[740.0,4.0,4.0]","[0.10747097261366219,2.9858970332390777,0.6371028801433245]",2,LACTEOS Y FRESCOS
GENERICA,ACUENTA,LACTEOS,1590.0,4.0,4.0,"[1590.0,4.0,4.0]","[0.2309173600753012,2.9858970332390777,0.6371028801433245]",2,LACTEOS Y FRESCOS
GENERICA,ACUENTA,LACTEOS,1650.0,4.0,4.0,"[1650.0,4.0,4.0]","[0.23963122271965218,2.9858970332390777,0.6371028801433245]",2,LACTEOS Y FRESCOS
GENERICA,ACUENTA,ELABORADOS,3590.0,4.0,31.0,"[3590.0,4.0,31.0]","[0.5213794482203341,2.9858970332390777,4.937547321110765]",1,OTROS / ELABORADOS
GENERICA,ACUENTA,OTROS FRESCOS,690.0,4.0,5.0,"[690.0,4.0,5.0]","[0.10020942041003637,2.9858970332390777,0.7963786001791556]",2,LACTEOS Y FRESCOS
COLUN,ACUENTA,LACTEOS/FIAMBRERIA,3590.0,4.0,12.0,"[3590.0,4.0,12.0]","[0.5213794482203341,2.9858970332390777,1.9113086404299735]",2,LACTEOS Y FRESCOS
GENERICA,ACUENTA,OTROS FRESCOS,680.0,4.0,5.0,"[680.0,4.0,5.0]","[0.0987571099693112,2.9858970332390777,0.7963786001791556]",2,LACTEOS Y FRESCOS
GENERICA,ACUENTA,OTROS FRESCOS,270.0,4.0,5.0,"[270.0,4.0,5.0]","[0.03921238189957945,2.9858970332390777,0.7963786001791556]",2,LACTEOS Y FRESCOS
GENERICA,ACUENTA,OTROS FRESCOS,270.0,4.0,5.0,"[270.0,4.0,5.0]","[0.03921238189957945,2.9858970332390777,0.7963786001791556]",2,LACTEOS Y FRESCOS
SOPROLE,ACUENTA,LACTEOS,540.0,4.0,4.0,"[540.0,4.0,4.0]","[0.0784247637991589,2.9858970332390777,0.6371028801433245]",2,LACTEOS Y FRESCOS
TIL,ACUENTA,OTROS FRESCOS,270.0,4.0,5.0,"[270.0,4.0,5.0]","[0.03921238189957945,2.9858970332390777,0.7963786001791556]",2,LACTEOS Y FRESCOS
GENERICA,ACUENTA,HUEVOS,8990.0,4.0,29.0,"[8990.0,4.0,29.0]","[1.305627086211923,2.9858970332390777,4.618995881039103]",1,LACTEOS Y FRESCOS
GENERICA,ACUENTA,ELABORADOS,3590.0,4.0,31.0,"[3590.0,4.0,31.0]","[0.5213794482203341,2.9858970332390777,4.937547321110765]",1,OTROS / ELABORADOS
LIDER,ACUENTA,LACTEOS,6190.0,4.0,4.0,"[6190.0,4.0,4.0]","[0.8989801628088769,2.9858970332390777,0.6371028801433245]",2,LACTEOS Y FRESCOS
TIL,ACUENTA,OTROS FRESCOS,250.0,4.0,5.0,"[250.0,4.0,5.0]","[0.03630776101812912,2.9858970332390777,0.7963786001791556]",2,LACTEOS Y FRESCOS
SOPROLE,ACUENTA,LACTEOS,1590.0,4.0,4.0,"[1590.0,4.0,4.0]","[0.2309173600753012,2.9858970332390777,0.6371028801433245]",2,LACTEOS Y FRESCOS
COLUN,ACUENTA,LACTEOS,6490.0,4.0,4.0,"[6490.0,4.0,4.0]","[0.9425494760306319,2.9858970332390777,0.6371028801433245]",2,LACTEOS Y FRESCOS
COLUN,ACUENTA,LACTEOS/FIAMBRERIA,760.0,4.0,12.0,"[760.0,4.0,12.0]","[0.11037559349511253,2.9858970332390777,1.9113086404299735]",2,LACTEOS Y FRESCOS
GENERICA,ACUENTA,OTROS FRESCOS,2550.0,4.0,5.0,"[2550.0,4.0,5.0]","[0.370339162384917,2.9858970332390777,0.7963786001791556]",2,LACTEOS Y FRESCOS
GENERICA,ACUENTA,LACTEOS,2790.0,4.0,4.0,"[2790.0,4.0,4.0]","[0.40519461296232095,2.9858970332390777,0.6371028801433245]",2,LACTEOS Y FRESCOS
COLUN,ACUENTA,LACTEOS,1250.0,4.0,4.0,"[1250.0,4.0,4.0]","[0.1815388050906456,2.9858970332390777,0.6371028801433245]",2,LACTEOS Y FRESCOS
LIDER,ACUENTA,FIAMBRERIA,1790.0,4.0,9.0,"[1790.0,4.0,9.0]","[0.2599635688898045,2.9858970332390777,1.43348148032248]",2,CARNES Y FIAMBRERÍA
SOPROLE,ACUENTA,OTROS FRESCOS,270.0,4.0,5.0,"[270.0,4.0,5.0]","[0.03921238189957945,2.9858970332390777,0.7963786001791556]",2,LACTEOS Y FRESCOS
GENERICA,ACUENTA,LACTEOS,3250.0,4.0,4.0,"[3250.0,4.0,4.0]","[0.47200089323567856,2.9858970332390777,0.6371028801433245]",2,LACTEOS Y FRESCOS
TIL,ACUENTA,LACTEOS,3350.0,4.0,4.0,"[3350.0,4.0,4.0]","[0.4865239976429302,2.9858970332390777,0.6371028801433245]",2,LACTEOS Y FRESCOS
COLUN,ACUENTA,LACTEOS/FIAMBRERIA,1350.0,4.0,12.0,"[1350.0,4.0,12.0]","[0.19606190949789723,2.9858970332390777,1.9113086404299735]",2,LACTEOS Y FRESCOS
NESTLE,ACUENTA,LACTEOS,4290.0,4.0,4.0,"[4290.0,4.0,4.0]","[0.6230411790710957,2.9858970332390777,0.6371028801433245]",2,LACTEOS Y FRESCOS
ACUENTA,ACUENTA,LACTEOS,1090.0,4.0,4.0,"[1090.0,4.0,4.0]","[0.15830183803904296,2.9858970332390777,0.6371028801433245]",2,LACTEOS Y FRESCOS
GENERICA,ACUENTA,LACTEOS,3550.0,4.0,4.0,"[3550.0,4.0,4.0]","[0.5155702064574335,2.9858970332390777,0.6371028801433245]",2,LACTEOS Y FRESCOS
COLUN,ACUENTA,OTROS FRESCOS,310.0,4.0,5.0,"[310.0,4.0,5.0]","[0.04502162366248011,2.9858970332390777,0.7963786001791556]",2,LACTEOS Y FRESCOS
ACUENTA,ACUENTA,OTROS FRESCOS,890.0,4.0,5.0,"[890.0,4.0,5.0]","[0.12925562922453968,2.9858970332390777,0.7963786001791556]",2,LACTEOS Y FRESCOS
GENERICA,ACUENTA,COLACIONES/POSTRES,760.0,4.0,18.0,"[760.0,4.0,18.0]","[0.11037559349511253,2.9858970332390777,2.86696296064496]",1,OTROS / ELABORADOS
GENERICA,ACUENTA,COLACIONES/POSTRES,540.0,4.0,18.0,"[540.0,4.0,18.0]","[0.0784247637991589,2.9858970332390777,2.86696296064496]",1,OTROS / ELABORADOS
SOPROLE,ACUENTA,LACTEOS,2190.0,4.0,4.0,"[2190.0,4.0,4.0]","[0.31805598651881106,2.9858970332390777,0.6371028801433245]",2,LACTEOS Y FRESCOS
PF,ACUENTA,FIAMBRERIA,590.0,4.0,9.0,"[590.0,4.0,9.0]","[0.08568631600278472,2.9858970332390777,1.43348148032248]",2,CARNES Y FIAMBRERÍA
ACUENTA,ACUENTA,LACTEOS,2590.0,4.0,4.0,"[2590.0,4.0,4.0]","[0.3761484041478177,2.9858970332390777,0.6371028801433245]",2,LACTEOS Y FRESCOS
COLUN,ACUENTA,LACTEOS,290.0,4.0,4.0,"[290.0,4.0,4.0]","[0.042117002781029776,2.9858970332390777,0.6371028801433245]",2,LACTEOS Y FRESCOS
TIL,ACUENTA,OTROS FRESCOS,690.0,4.0,5.0,"[690.0,4.0,5.0]","[0.10020942041003637,2.9858970332390777,0.7963786001791556]",2,LACTEOS Y FRESCOS
SOPROLE,ACUENTA,LACTEOS/FIAMBRERIA,6290.0,4.0,12.0,"[6290.0,4.0,12.0]","[0.9135032672161286,2.9858970332390777,1.9113086404299735]",2,LACTEOS Y FRESCOS
LIDER,ACUENTA,LACTEOS,990.0,4.0,4.0,"[990.0,4.0,4.0]","[0.1437787336317913,2.9858970332390777,0.6371028801433245]",2,LACTEOS Y FRESCOS
GENERICA,ACUENTA,LACTEOS,7790.0,4.0,4.0,"[7790.0,4.0,4.0]","[1.1313498333249032,2.9858970332390777,0.6371028801433245]",2,LACTEOS Y FRESCOS
GENERICA,ACUENTA,OTROS FRESCOS,2550.0,4.0,5.0,"[2550.0,4.0,5.0]","[0.370339162384917,2.9858970332390777,0.7963786001791556]",2,LACTEOS Y FRESCOS
TIL,ACUENTA,LACTEOS,2690.0,4.0,4.0,"[2690.0,4.0,4.0]","[0.3906715085550693,2.9858970332390777,0.6371028801433245]",2,LACTEOS Y FRESCOS
GENERICA,ACUENTA,FIAMBRERIA,2190.0,4.0,9.0,"[2190.0,4.0,9.0]","[0.31805598651881106,2.9858970332390777,1.43348148032248]",2,CARNES Y FIAMBRERÍA
COLUN,ACUENTA,COLACIONES/POSTRES,290.0,4.0,18.0,"[290.0,4.0,18.0]","[0.042117002781029776,2.9858970332390777,2.86696296064496]",1,OTROS / ELABORADOS
SAN JORGE,ACUENTA,FIAMBRERIA,770.0,4.0,9.0,"[770.0,4.0,9.0]","[0.11182790393583769,2.9858970332390777,1.43348148032248]",2,CARNES Y FIAMBRERÍA
SOPROLE,ACUENTA,COLACIONES/POSTRES,340.0,4.0,18.0,"[340.0,4.0,18.0]","[0.0493785549846556,2.9858970332390777,2.86696296064496]",1,OTROS / ELABORADOS
GENERICA,ACUENTA,LACTEOS,2850.0,4.0,4.0,"[2850.0,4.0,4.0]","[0.41390847560667193,2.9858970332390777,0.6371028801433245]",2,LACTEOS Y FRESCOS
LIDER,ACUENTA,OTROS FRESCOS,3590.0,4.0,5.0,"[3590.0,4.0,5.0]","[0.5213794482203341,2.9858970332390777,0.7963786001791556]",2,LACTEOS Y FRESCOS
LIDER,ACUENTA,LACTEOS,1490.0,4.0,4.0,"[1490.0,4.0,4.0]","[0.21639425566804954,2.9858970332390777,0.6371028801433245]",2,LACTEOS Y FRESCOS
ACUENTA,ACUENTA,AVES,2800.0,4.0,15.0,"[2800.0,4.0,15.0]","[0.40664692340304615,2.9858970332390777,2.389135800537467]",2,CARNES Y FIAMBRERÍA
LONCOLECHE,ACUENTA,LACTEOS,1290.0,4.0,4.0,"[1290.0,4.0,4.0]","[0.18734804685354625,2.9858970332390777,0.6371028801433245]",2,LACTEOS Y FRESCOS
LIDER,ACUENTA,LACTEOS/FIAMBRERIA,4190.0,4.0,12.0,"[4190.0,4.0,12.0]","[0.608518074663844,2.9858970332390777,1.9113086404299735]",2,LACTEOS Y FRESCOS
LIDER,ACUENTA,LACTEOS/FIAMBRERIA,3590.0,4.0,12.0,"[3590.0,4.0,12.0]","[0.5213794482203341,2.9858970332390777,1.9113086404299735]",2,LACTEOS Y FRESCOS
GENERICA,ACUENTA,OTROS FRESCOS,250.0,4.0,5.0,"[250.0,4.0,5.0]","[0.03630776101812912,2.9858970332390777,0.7963786001791556]",2,LACTEOS Y FRESCOS
GENERICA,ACUENTA,OTROS FRESCOS,690.0,4.0,5.0,"[690.0,4.0,5.0]","[0.10020942041003637,2.9858970332390777,0.7963786001791556]",2,LACTEOS Y FRESCOS
GENERICA,ACUENTA,LACTEOS,2490.0,4.0,4.0,"[2490.0,4.0,4.0]","[0.361625299740566,2.9858970332390777,0.6371028801433245]",2,LACTEOS Y FRESCOS
GENERICA,ACUENTA,OTROS FRESCOS,680.0,4.0,5.0,"[680.0,4.0,5.0]","[0.0987571099693112,2.9858970332390777,0.7963786001791556]",2,LACTEOS Y FRESCOS
SOPROLE,ACUENTA,LACTEOS,2550.0,4.0,4.0,"[2550.0,4.0,4.0]","[0.370339162384917,2.9858970332390777,0.6371028801433245]",2,LACTEOS Y FRESCOS
GENERICA,ACUENTA,OTROS FRESCOS,250.0,4.0,5.0,"[250.0,4.0,5.0]","[0.03630776101812912,2.9858970332390777,0.7963786001791556]",2,LACTEOS Y FRESCOS
ACUENTA,ACUENTA,ELABORADOS,2800.0,4.0,31.0,"[2800.0,4.0,31.0]","[0.40664692340304615,2.9858970332390777,4.937547321110765]",1,OTROS / ELABORADOS
SOPROLE,ACUENTA,COLACIONES/POSTRES,340.0,4.0,18.0,"[340.0,4.0,18.0]","[0.0493785549846556,2.9858970332390777,2.86696296064496]",1,OTROS / ELABORADOS
PF,ACUENTA,FIAMBRERIA,590.0,4.0,9.0,"[590.0,4.0,9.0]","[0.08568631600278472,2.9858970332390777,1.43348148032248]",2,CARNES Y FIAMBRERÍA
SOPROLE,ACUENTA,OTROS FRESCOS,270.0,4.0,5.0,"[270.0,4.0,5.0]","[0.03921238189957945,2.9858970332390777,0.7963786001791556]",2,LACTEOS Y FRESCOS
SAN JORGE,ACUENTA,FIAMBRERIA,2000.0,4.0,9.0,"[2000.0,4.0,9.0]","[0.29046208814503294,2.9858970332390777,1.43348148032248]",2,CARNES Y FIAMBRERÍA
TIL,ACUENTA,OTROS FRESCOS,680.0,4.0,5.0,"[680.0,4.0,5.0]","[0.0987571099693112,2.9858970332390777,0.7963786001791556]",2,LACTEOS Y FRESCOS
COLUN,ACUENTA,LACTEOS,4890.0,4.0,4.0,"[4890.0,4.0,4.0]","[0.7101798055146056,2.9858970332390777,0.6371028801433245]",2,LACTEOS Y FRESCOS
SAN JORGE,ACUENTA,CERDO,2000.0,4.0,24.0,"[2000.0,4.0,24.0]","[0.29046208814503294,2.9858970332390777,3.822617280859947]",1,CARNES Y FIAMBRERÍA
GENERICA,ACUENTA,LACTEOS,2550.0,4.0,4.0,"[2550.0,4.0,4.0]","[0.370339162384917,2.9858970332390777,0.6371028801433245]",2,LACTEOS Y FRESCOS
COLUN,ACUENTA,LACTEOS,1550.0,4.0,4.0,"[1550.0,4.0,4.0]","[0.22510811831240055,2.9858970332390777,0.6371028801433245]",2,LACTEOS Y FRESCOS
GENERICA,ACUENTA,OTROS FRESCOS,3290.0,4.0,5.0,"[3290.0,4.0,5.0]","[0.4778101349985792,2.9858970332390777,0.7963786001791556]",2,LACTEOS Y FRESCOS
PF,ACUENTA,FIAMBRERIA,1000.0,4.0,9.0,"[1000.0,4.0,9.0]","[0.14523104407251647,2.9858970332390777,1.43348148032248]",2,CARNES Y FIAMBRERÍA
COLUN,ACUENTA,OTROS FRESCOS,3390.0,4.0,5.0,"[3390.0,4.0,5.0]","[0.49233323940583085,2.9858970332390777,0.7963786001791556]",2,LACTEOS Y FRESCOS
WINTER,ACUENTA,OTROS FRESCOS,2000.0,4.0,5.0,"[2000.0,4.0,5.0]","[0.29046208814503294,2.9858970332390777,0.7963786001791556]",2,LACTEOS Y FRESCOS
COLUN,ACUENTA,LACTEOS/FIAMBRERIA,2250.0,4.0,12.0,"[2250.0,4.0,12.0]","[0.3267698491631621,2.9858970332390777,1.9113086404299735]",2,LACTEOS Y FRESCOS
GENERICA,ACUENTA,LACTEOS,4650.0,4.0,4.0,"[4650.0,4.0,4.0]","[0.6753243549372017,2.9858970332390777,0.6371028801433245]",2,LACTEOS Y FRESCOS
TIL,ACUENTA,LACTEOS,5990.0,4.0,4.0,"[5990.0,4.0,4.0]","[0.8699339539943737,2.9858970332390777,0.6371028801433245]",2,LACTEOS Y FRESCOS
SAN JORGE,ACUENTA,FIAMBRERIA,770.0,4.0,9.0,"[770.0,4.0,9.0]","[0.11182790393583769,2.9858970332390777,1.43348148032248]",2,CARNES Y FIAMBRERÍA
GENERICA,ACUENTA,OTROS FRESCOS,3390.0,4.0,5.0,"[3390.0,4.0,5.0]","[0.49233323940583085,2.9858970332390777,0.7963786001791556]",2,LACTEOS Y FRESCOS
SOPROLE,ACUENTA,COLACIONES/POSTRES,360.0,4.0,18.0,"[360.0,4.0,18.0]","[0.05228317586610593,2.9858970332390777,2.86696296064496]",1,OTROS / ELABORADOS
LONCOLECHE,ACUENTA,LACTEOS,1890.0,4.0,4.0,"[1890.0,4.0,4.0]","[0.2744866732970561,2.9858970332390777,0.6371028801433245]",2,LACTEOS Y FRESCOS
TIL,ACUENTA,LACTEOS,4990.0,4.0,4.0,"[4990.0,4.0,4.0]","[0.7247029099218573,2.9858970332390777,0.6371028801433245]",2,LACTEOS Y FRESCOS
SOPROLE,ACUENTA,OTROS FRESCOS,720.0,4.0,5.0,"[720.0,4.0,5.0]","[0.10456635173221186,2.9858970332390777,0.7963786001791556]",2,LACTEOS Y FRESCOS
GENERICA,ACUENTA,FIAMBRERIA,1190.0,4.0,9.0,"[1190.0,4.0,9.0]","[0.1728249424462946,2.9858970332390777,1.43348148032248]",2,CARNES Y FIAMBRERÍA
COLUN,ACUENTA,OTROS FRESCOS,1890.0,4.0,5.0,"[1890.0,4.0,5.0]","[0.2744866732970561,2.9858970332390777,0.7963786001791556]",2,LACTEOS Y FRESCOS
PF,ACUENTA,FIAMBRERIA,1000.0,4.0,9.0,"[1000.0,4.0,9.0]","[0.14523104407251647,2.9858970332390777,1.43348148032248]",2,CARNES Y FIAMBRERÍA
PF,ACUENTA,FIAMBRERIA,1000.0,4.0,9.0,"[1000.0,4.0,9.0]","[0.14523104407251647,2.9858970332390777,1.43348148032248]",2,CARNES Y FIAMBRERÍA
TIL,ACUENTA,OTROS FRESCOS,370.0,4.0,5.0,"[370.0,4.0,5.0]","[0.053735486306831094,2.9858970332390777,0.7963786001791556]",2,LACTEOS Y FRESCOS
COLUN,ACUENTA,LACTEOS/FIAMBRERIA,1750.0,4.0,12.0,"[1750.0,4.0,12.0]","[0.25415432712690383,2.9858970332390777,1.9113086404299735]",2,LACTEOS Y FRESCOS
COLUN,ACUENTA,OTROS FRESCOS,1890.0,4.0,5.0,"[1890.0,4.0,5.0]","[0.2744866732970561,2.9858970332390777,0.7963786001791556]",2,LACTEOS Y FRESCOS
GENERICA,ACUENTA,FIAMBRERIA,1050.0,4.0,9.0,"[1050.0,4.0,9.0]","[0.1524925962761423,2.9858970332390777,1.43348148032248]",2,CARNES Y FIAMBRERÍA
GENERICA,ACUENTA,OTROS FRESCOS,720.0,4.0,5.0,"[720.0,4.0,5.0]","[0.10456635173221186,2.9858970332390777,0.7963786001791556]",2,LACTEOS Y FRESCOS
GENERICA,ACUENTA,FIAMBRERIA,760.0,4.0,9.0,"[760.0,4.0,9.0]","[0.11037559349511253,2.9858970332390777,1.43348148032248]",2,CARNES Y FIAMBRERÍA
NESTLE,ACUENTA,COLACIONES/POSTRES,360.0,4.0,18.0,"[360.0,4.0,18.0]","[0.05228317586610593,2.9858970332390777,2.86696296064496]",1,OTROS / ELABORADOS
LIDER,ACUENTA,LACTEOS,1490.0,4.0,4.0,"[1490.0,4.0,4.0]","[0.21639425566804954,2.9858970332390777,0.6371028801433245]",2,LACTEOS Y FRESCOS
TIL,ACUENTA,COLACIONES/POSTRES,330.0,4.0,18.0,"[330.0,4.0,18.0]","[0.047926244543930435,2.9858970332390777,2.86696296064496]",1,OTROS / ELABORADOS
CHAMYTO,ACUENTA,LACTEOS,2690.0,4.0,4.0,"[2690.0,4.0,4.0]","[0.3906715085550693,2.9858970332390777,0.6371028801433245]",2,LACTEOS Y FRESCOS
GENERICA,ACUENTA,OTROS FRESCOS,370.0,4.0,5.0,"[370.0,4.0,5.0]","[0.053735486306831094,2.9858970332390777,0.7963786001791556]",2,LACTEOS Y FRESCOS
GENERICA,ACUENTA,OTROS FRESCOS,460.0,4.0,5.0,"[460.0,4.0,5.0]","[0.06680628027335758,2.9858970332390777,0.7963786001791556]",2,LACTEOS Y FRESCOS
COLUN,ACUENTA,COLACIONES/POSTRES,250.0,4.0,18.0,"[250.0,4.0,18.0]","[0.03630776101812912,2.9858970332390777,2.86696296064496]",1,OTROS / ELABORADOS
GENERICA,ACUENTA,OTROS FRESCOS,260.0,4.0,5.0,"[260.0,4.0,5.0]","[0.03776007145885428,2.9858970332390777,0.7963786001791556]",2,LACTEOS Y FRESCOS
GENERICA,ACUENTA,LACTEOS,1790.0,4.0,4.0,"[1790.0,4.0,4.0]","[0.2599635688898045,2.9858970332390777,0.6371028801433245]",2,LACTEOS Y FRESCOS
COLUN,ACUENTA,OTROS FRESCOS,1890.0,4.0,5.0,"[1890.0,4.0,5.0]","[0.2744866732970561,2.9858970332390777,0.7963786001791556]",2,LACTEOS Y FRESCOS
QUILLAYES,ACUENTA,OTROS FRESCOS,1290.0,4.0,5.0,"[1290.0,4.0,5.0]","[0.18734804685354625,2.9858970332390777,0.7963786001791556]",2,LACTEOS Y FRESCOS
GENERICA,ACUENTA,LACTEOS,8090.0,4.0,4.0,"[8090.0,4.0,4.0]","[1.1749191465466582,2.9858970332390777,0.6371028801433245]",2,LACTEOS Y FRESCOS
LIDER,ACUENTA,LACTEOS,2690.0,4.0,4.0,"[2690.0,4.0,4.0]","[0.3906715085550693,2.9858970332390777,0.6371028801433245]",2,LACTEOS Y FRESCOS
COLUN,ACUENTA,OTROS FRESCOS,1890.0,4.0,5.0,"[1890.0,4.0,5.0]","[0.2744866732970561,2.9858970332390777,0.7963786001791556]",2,LACTEOS Y FRESCOS
GENERICA,ACUENTA,LACTEOS/FIAMBRERIA,1890.0,4.0,12.0,"[1890.0,4.0,12.0]","[0.2744866732970561,2.9858970332390777,1.9113086404299735]",2,LACTEOS Y FRESCOS
TIL,ACUENTA,LACTEOS,3550.0,4.0,4.0,"[3550.0,4.0,4.0]","[0.5155702064574335,2.9858970332390777,0.6371028801433245]",2,LACTEOS Y FRESCOS
COLUN,ACUENTA,LACTEOS/FIAMBRERIA,3690.0,4.0,12.0,"[3690.0,4.0,12.0]","[0.5359025526275858,2.9858970332390777,1.9113086404299735]",2,LACTEOS Y FRESCOS
TIL,ACUENTA,OTROS FRESCOS,670.0,4.0,5.0,"[670.0,4.0,5.0]","[0.09730479952858603,2.9858970332390777,0.7963786001791556]",2,LACTEOS Y FRESCOS
COLUN,ACUENTA,OTROS FRESCOS,1890.0,4.0,5.0,"[1890.0,4.0,5.0]","[0.2744866732970561,2.9858970332390777,0.7963786001791556]",2,LACTEOS Y FRESCOS
COLUN,ACUENTA,OTROS FRESCOS,1890.0,4.0,5.0,"[1890.0,4.0,5.0]","[0.2744866732970561,2.9858970332390777,0.7963786001791556]",2,LACTEOS Y FRESCOS
SOPROLE,ACUENTA,COLACIONES/POSTRES,340.0,4.0,18.0,"[340.0,4.0,18.0]","[0.0493785549846556,2.9858970332390777,2.86696296064496]",1,OTROS / ELABORADOS
GENERICA,ACUENTA,COLACIONES/POSTRES,360.0,4.0,18.0,"[360.0,4.0,18.0]","[0.05228317586610593,2.9858970332390777,2.86696296064496]",1,OTROS / ELABORADOS
GENERICA,ACUENTA,COLACIONES/POSTRES,540.0,4.0,18.0,"[540.0,4.0,18.0]","[0.0784247637991589,2.9858970332390777,2.86696296064496]",1,OTROS / ELABORADOS
GENERICA,ACUENTA,LACTEOS,2050.0,4.0,4.0,"[2050.0,4.0,4.0]","[0.2977236403486588,2.9858970332390777,0.6371028801433245]",2,LACTEOS Y FRESCOS
GENERICA,ACUENTA,OTROS FRESCOS,570.0,4.0,5.0,"[570.0,4.0,5.0]","[0.08278169512133439,2.9858970332390777,0.7963786001791556]",2,LACTEOS Y FRESCOS
COLUN,ACUENTA,OTROS FRESCOS,1890.0,4.0,5.0,"[1890.0,4.0,5.0]","[0.2744866732970561,2.9858970332390777,0.7963786001791556]",2,LACTEOS Y FRESCOS
COLUN,ACUENTA,LACTEOS,7890.0,4.0,4.0,"[7890.0,4.0,4.0]","[1.145872937732155,2.9858970332390777,0.6371028801433245]",2,LACTEOS Y FRESCOS
GENERICA,ACUENTA,LACTEOS,3350.0,4.0,4.0,"[3350.0,4.0,4.0]","[0.4865239976429302,2.9858970332390777,0.6371028801433245]",2,LACTEOS Y FRESCOS
TIL,ACUENTA,OTROS FRESCOS,570.0,4.0,5.0,"[570.0,4.0,5.0]","[0.08278169512133439,2.9858970332390777,0.7963786001791556]",2,LACTEOS Y FRESCOS
SOPROLE,ACUENTA,COLACIONES/POSTRES,320.0,4.0,18.0,"[320.0,4.0,18.0]","[0.04647393410320527,2.9858970332390777,2.86696296064496]",1,OTROS / ELABORADOS
GENERICA,ACUENTA,FIAMBRERIA,1890.0,4.0,9.0,"[1890.0,4.0,9.0]","[0.2744866732970561,2.9858970332390777,1.43348148032248]",2,CARNES Y FIAMBRERÍA
GENERICA,ACUENTA,OTROS FRESCOS,720.0,4.0,5.0,"[720.0,4.0,5.0]","[0.10456635173221186,2.9858970332390777,0.7963786001791556]",2,LACTEOS Y FRESCOS
TIL,ACUENTA,OTROS FRESCOS,360.0,4.0,5.0,"[360.0,4.0,5.0]","[0.05228317586610593,2.9858970332390777,0.7963786001791556]",2,LACTEOS Y FRESCOS
GENERICA,ACUENTA,LACTEOS,8790.0,4.0,4.0,"[8790.0,4.0,4.0]","[1.2765808773974199,2.9858970332390777,0.6371028801433245]",2,LACTEOS Y FRESCOS
SOPROLE,ACUENTA,COLACIONES/POSTRES,320.0,4.0,18.0,"[320.0,4.0,18.0]","[0.04647393410320527,2.9858970332390777,2.86696296064496]",1,OTROS / ELABORADOS
GENERICA,ACUENTA,LACTEOS,8090.0,4.0,4.0,"[8090.0,4.0,4.0]","[1.1749191465466582,2.9858970332390777,0.6371028801433245]",2,LACTEOS Y FRESCOS
TIL,ACUENTA,OTROS FRESCOS,170.0,4.0,5.0,"[170.0,4.0,5.0]","[0.0246892774923278,2.9858970332390777,0.7963786001791556]",2,LACTEOS Y FRESCOS
GENERICA,ACUENTA,LACTEOS,740.0,4.0,4.0,"[740.0,4.0,4.0]","[0.10747097261366219,2.9858970332390777,0.6371028801433245]",2,LACTEOS Y FRESCOS
SOPROLE,ACUENTA,LACTEOS,1450.0,4.0,4.0,"[1450.0,4.0,4.0]","[0.2105850139051489,2.9858970332390777,0.6371028801433245]",2,LACTEOS Y FRESCOS
GENERICA,ACUENTA,OTROS FRESCOS,690.0,4.0,5.0,"[690.0,4.0,5.0]","[0.10020942041003637,2.9858970332390777,0.7963786001791556]",2,LACTEOS Y FRESCOS
SOPROLE,ACUENTA,LACTEOS,740.0,4.0,4.0,"[740.0,4.0,4.0]","[0.10747097261366219,2.9858970332390777,0.6371028801433245]",2,LACTEOS Y FRESCOS
SOPRAVAL,ACUENTA,AVES,2150.0,4.0,15.0,"[2150.0,4.0,15.0]","[0.3122467447559104,2.9858970332390777,2.389135800537467]",2,CARNES Y FIAMBRERÍA
GENERICA,ACUENTA,LACTEOS,8790.0,4.0,4.0,"[8790.0,4.0,4.0]","[1.2765808773974199,2.9858970332390777,0.6371028801433245]",2,LACTEOS Y FRESCOS
SOPROLE,ACUENTA,OTROS FRESCOS,2450.0,4.0,5.0,"[2450.0,4.0,5.0]","[0.35581605797766536,2.9858970332390777,0.7963786001791556]",2,LACTEOS Y FRESCOS
SOPROLE,ACUENTA,COLACIONES/POSTRES,640.0,4.0,18.0,"[640.0,4.0,18.0]","[0.09294786820641054,2.9858970332390777,2.86696296064496]",1,OTROS / ELABORADOS
CALO,ACUENTA,LACTEOS,1650.0,4.0,4.0,"[1650.0,4.0,4.0]","[0.23963122271965218,2.9858970332390777,0.6371028801433245]",2,LACTEOS Y FRESCOS
GENERICA,ACUENTA,OTROS FRESCOS,720.0,4.0,5.0,"[720.0,4.0,5.0]","[0.10456635173221186,2.9858970332390777,0.7963786001791556]",2,LACTEOS Y FRESCOS
COLUN,ACUENTA,OTROS FRESCOS,2290.0,4.0,5.0,"[2290.0,4.0,5.0]","[0.33257909092606275,2.9858970332390777,0.7963786001791556]",2,LACTEOS Y FRESCOS
GENERICA,ACUENTA,OTROS FRESCOS,360.0,4.0,5.0,"[360.0,4.0,5.0]","[0.05228317586610593,2.9858970332390777,0.7963786001791556]",2,LACTEOS Y FRESCOS
GENERICA,ACUENTA,LACTEOS,3350.0,4.0,4.0,"[3350.0,4.0,4.0]","[0.4865239976429302,2.9858970332390777,0.6371028801433245]",2,LACTEOS Y FRESCOS
COLUN,ACUENTA,LACTEOS,1250.0,4.0,4.0,"[1250.0,4.0,4.0]","[0.1815388050906456,2.9858970332390777,0.6371028801433245]",2,LACTEOS Y FRESCOS
GENERICA,ACUENTA,LACTEOS,2350.0,4.0,4.0,"[2350.0,4.0,4.0]","[0.3412929535704137,2.9858970332390777,0.6371028801433245]",2,LACTEOS Y FRESCOS
GENERICA,ACUENTA,COLACIONES/POSTRES,380.0,4.0,18.0,"[380.0,4.0,18.0]","[0.055187796747556264,2.9858970332390777,2.86696296064496]",1,OTROS / ELABORADOS
GENERICA,ACUENTA,OTROS FRESCOS,360.0,4.0,5.0,"[360.0,4.0,5.0]","[0.05228317586610593,2.9858970332390777,0.7963786001791556]",2,LACTEOS Y FRESCOS
GENERICA,ACUENTA,LACTEOS/FIAMBRERIA,4250.0,4.0,12.0,"[4250.0,4.0,12.0]","[0.617231937308195,2.9858970332390777,1.9113086404299735]",2,LACTEOS Y FRESCOS
GENERICA,ACUENTA,LACTEOS,2150.0,4.0,4.0,"[2150.0,4.0,4.0]","[0.3122467447559104,2.9858970332390777,0.6371028801433245]",2,LACTEOS Y FRESCOS
LIDER,ACUENTA,LACTEOS,1190.0,4.0,4.0,"[1190.0,4.0,4.0]","[0.1728249424462946,2.9858970332390777,0.6371028801433245]",2,LACTEOS Y FRESCOS
GENERICA,ACUENTA,COLACIONES/POSTRES,360.0,4.0,18.0,"[360.0,4.0,18.0]","[0.05228317586610593,2.9858970332390777,2.86696296064496]",1,OTROS / ELABORADOS
TIL,ACUENTA,LACTEOS,2350.0,4.0,4.0,"[2350.0,4.0,4.0]","[0.3412929535704137,2.9858970332390777,0.6371028801433245]",2,LACTEOS Y FRESCOS
SOPRAVAL,ACUENTA,AVES,2150.0,4.0,15.0,"[2150.0,4.0,15.0]","[0.3122467447559104,2.9858970332390777,2.389135800537467]",2,CARNES Y FIAMBRERÍA
GENERICA,ACUENTA,COLACIONES/POSTRES,330.0,4.0,18.0,"[330.0,4.0,18.0]","[0.047926244543930435,2.9858970332390777,2.86696296064496]",1,OTROS / ELABORADOS
QUILLAYES,ACUENTA,FIAMBRERIA,1450.0,4.0,9.0,"[1450.0,4.0,9.0]","[0.2105850139051489,2.9858970332390777,1.43348148032248]",2,CARNES Y FIAMBRERÍA
GENERICA,ACUENTA,OTROS FRESCOS,2790.0,4.0,5.0,"[2790.0,4.0,5.0]","[0.40519461296232095,2.9858970332390777,0.7963786001791556]",2,LACTEOS Y FRESCOS
GENERICA,ACUENTA,OTROS FRESCOS,670.0,4.0,5.0,"[670.0,4.0,5.0]","[0.09730479952858603,2.9858970332390777,0.7963786001791556]",2,LACTEOS Y FRESCOS
LIDER,ACUENTA,OTROS FRESCOS,1790.0,4.0,5.0,"[1790.0,4.0,5.0]","[0.2599635688898045,2.9858970332390777,0.7963786001791556]",2,LACTEOS Y FRESCOS
CALO,ACUENTA,LACTEOS,6390.0,4.0,4.0,"[6390.0,4.0,4.0]","[0.9280263716233803,2.9858970332390777,0.6371028801433245]",2,LACTEOS Y FRESCOS
GENERICA,ACUENTA,COLACIONES/POSTRES,380.0,4.0,18.0,"[380.0,4.0,18.0]","[0.055187796747556264,2.9858970332390777,2.86696296064496]",1,OTROS / ELABORADOS
GENERICA,ACUENTA,LACTEOS/FIAMBRERIA,2250.0,4.0,12.0,"[2250.0,4.0,12.0]","[0.3267698491631621,2.9858970332390777,1.9113086404299735]",2,LACTEOS Y FRESCOS
ACUENTA,ACUENTA,OTROS FRESCOS,170.0,4.0,5.0,"[170.0,4.0,5.0]","[0.0246892774923278,2.9858970332390777,0.7963786001791556]",2,LACTEOS Y FRESCOS
LIDER,ACUENTA,OTROS FRESCOS,2890.0,4.0,5.0,"[2890.0,4.0,5.0]","[0.41971771736957264,2.9858970332390777,0.7963786001791556]",2,LACTEOS Y FRESCOS
GENERICA,ACUENTA,OTROS FRESCOS,1390.0,4.0,5.0,"[1390.0,4.0,5.0]","[0.2018711512607979,2.9858970332390777,0.7963786001791556]",2,LACTEOS Y FRESCOS
TIL,ACUENTA,OTROS FRESCOS,720.0,4.0,5.0,"[720.0,4.0,5.0]","[0.10456635173221186,2.9858970332390777,0.7963786001791556]",2,LACTEOS Y FRESCOS
LIDER,ACUENTA,LACTEOS,4590.0,4.0,4.0,"[4590.0,4.0,4.0]","[0.6666104922928506,2.9858970332390777,0.6371028801433245]",2,LACTEOS Y FRESCOS
GENERICA,ACUENTA,OTROS FRESCOS,2390.0,4.0,5.0,"[2390.0,4.0,5.0]","[0.3471021953333144,2.9858970332390777,0.7963786001791556]",2,LACTEOS Y FRESCOS
SURLAT,ACUENTA,LACTEOS/FIAMBRERIA,4750.0,4.0,12.0,"[4750.0,4.0,12.0]","[0.6898474593444532,2.9858970332390777,1.9113086404299735]",2,LACTEOS Y FRESCOS
DANONE,ACUENTA,OTROS FRESCOS,990.0,4.0,5.0,"[990.0,4.0,5.0]","[0.1437787336317913,2.9858970332390777,0.7963786001791556]",2,LACTEOS Y FRESCOS
GENERICA,ACUENTA,OTROS FRESCOS,170.0,4.0,5.0,"[170.0,4.0,5.0]","[0.0246892774923278,2.9858970332390777,0.7963786001791556]",2,LACTEOS Y FRESCOS
GENERICA,ACUENTA,OTROS FRESCOS,3350.0,4.0,5.0,"[3350.0,4.0,5.0]","[0.4865239976429302,2.9858970332390777,0.7963786001791556]",2,LACTEOS Y FRESCOS
GENERICA,ACUENTA,FIAMBRERIA,2390.0,4.0,9.0,"[2390.0,4.0,9.0]","[0.3471021953333144,2.9858970332390777,1.43348148032248]",2,CARNES Y FIAMBRERÍA
COLUN,ACUENTA,OTROS FRESCOS,1890.0,4.0,5.0,"[1890.0,4.0,5.0]","[0.2744866732970561,2.9858970332390777,0.7963786001791556]",2,LACTEOS Y FRESCOS
GENERICA,ACUENTA,LACTEOS/FIAMBRERIA,1450.0,4.0,12.0,"[1450.0,4.0,12.0]","[0.2105850139051489,2.9858970332390777,1.9113086404299735]",2,LACTEOS Y FRESCOS
LONCOLECHE,ACUENTA,LACTEOS,1450.0,4.0,4.0,"[1450.0,4.0,4.0]","[0.2105850139051489,2.9858970332390777,0.6371028801433245]",2,LACTEOS Y FRESCOS
GENERICA,ACUENTA,LACTEOS,1690.0,4.0,4.0,"[1690.0,4.0,4.0]","[0.24544046448255286,2.9858970332390777,0.6371028801433245]",2,LACTEOS Y FRESCOS
COLUN,ACUENTA,LACTEOS/FIAMBRERIA,760.0,4.0,12.0,"[760.0,4.0,12.0]","[0.11037559349511253,2.9858970332390777,1.9113086404299735]",2,LACTEOS Y FRESCOS
SAN JORGE,ACUENTA,FIAMBRERIA,1590.0,4.0,9.0,"[1590.0,4.0,9.0]","[0.2309173600753012,2.9858970332390777,1.43348148032248]",2,CARNES Y FIAMBRERÍA
GENERICA,ACUENTA,OTROS FRESCOS,360.0,4.0,5.0,"[360.0,4.0,5.0]","[0.05228317586610593,2.9858970332390777,0.7963786001791556]",2,LACTEOS Y FRESCOS
GENERICA,ACUENTA,OTROS FRESCOS,490.0,4.0,5.0,"[490.0,4.0,5.0]","[0.07116321159553307,2.9858970332390777,0.7963786001791556]",2,LACTEOS Y FRESCOS
GENERICA,ACUENTA,FIAMBRERIA,1000.0,4.0,9.0,"[1000.0,4.0,9.0]","[0.14523104407251647,2.9858970332390777,1.43348148032248]",2,CARNES Y FIAMBRERÍA
LONCOLECHE,ACUENTA,LACTEOS,1090.0,4.0,4.0,"[1090.0,4.0,4.0]","[0.15830183803904296,2.9858970332390777,0.6371028801433245]",2,LACTEOS Y FRESCOS
GENERICA,ACUENTA,OTROS FRESCOS,1950.0,4.0,5.0,"[1950.0,4.0,5.0]","[0.28320053594140715,2.9858970332390777,0.7963786001791556]",2,LACTEOS Y FRESCOS
LIDER,ACUENTA,OTROS FRESCOS,240.0,4.0,5.0,"[240.0,4.0,5.0]","[0.034855450577403954,2.9858970332390777,0.7963786001791556]",2,LACTEOS Y FRESCOS
COLUN,ACUENTA,OTROS FRESCOS,360.0,4.0,5.0,"[360.0,4.0,5.0]","[0.05228317586610593,2.9858970332390777,0.7963786001791556]",2,LACTEOS Y FRESCOS
PF,ACUENTA,FIAMBRERIA,2390.0,4.0,9.0,"[2390.0,4.0,9.0]","[0.3471021953333144,2.9858970332390777,1.43348148032248]",2,CARNES Y FIAMBRERÍA
LIDER,ACUENTA,FIAMBRERIA,1790.0,4.0,9.0,"[1790.0,4.0,9.0]","[0.2599635688898045,2.9858970332390777,1.43348148032248]",2,CARNES Y FIAMBRERÍA
SOPROLE,ACUENTA,LACTEOS/FIAMBRERIA,3050.0,4.0,12.0,"[3050.0,4.0,12.0]","[0.44295468442117525,2.9858970332390777,1.9113086404299735]",2,LACTEOS Y FRESCOS
LIDER,ACUENTA,OTROS FRESCOS,240.0,4.0,5.0,"[240.0,4.0,5.0]","[0.034855450577403954,2.9858970332390777,0.7963786001791556]",2,LACTEOS Y FRESCOS
SAN JORGE,ACUENTA,CARNICERIA,1190.0,4.0,10.0,"[1190.0,4.0,10.0]","[0.1728249424462946,2.9858970332390777,1.5927572003583113]",2,CARNES Y FIAMBRERÍA
GENERICA,ACUENTA,FIAMBRERIA,1690.0,4.0,9.0,"[1690.0,4.0,9.0]","[0.24544046448255286,2.9858970332390777,1.43348148032248]",2,CARNES Y FIAMBRERÍA
GENERICA,ACUENTA,LACTEOS,1290.0,4.0,4.0,"[1290.0,4.0,4.0]","[0.18734804685354625,2.9858970332390777,0.6371028801433245]",2,LACTEOS Y FRESCOS
ACUENTA,ACUENTA,OTROS FRESCOS,170.0,4.0,5.0,"[170.0,4.0,5.0]","[0.0246892774923278,2.9858970332390777,0.7963786001791556]",2,LACTEOS Y FRESCOS
GENERICA,ACUENTA,CERDO,2250.0,4.0,24.0,"[2250.0,4.0,24.0]","[0.3267698491631621,2.9858970332390777,3.822617280859947]",1,CARNES Y FIAMBRERÍA
SOPROLE,ACUENTA,LACTEOS,3190.0,4.0,4.0,"[3190.0,4.0,4.0]","[0.46328703059132753,2.9858970332390777,0.6371028801433245]",2,LACTEOS Y FRESCOS
LIDER,ACUENTA,HUEVOS,8890.0,4.0,29.0,"[8890.0,4.0,29.0]","[1.2911039818046715,2.9858970332390777,4.618995881039103]",1,LACTEOS Y FRESCOS
PF,ACUENTA,AVES,2290.0,4.0,15.0,"[2290.0,4.0,15.0]","[0.33257909092606275,2.9858970332390777,2.389135800537467]",2,CARNES Y FIAMBRERÍA
LIDER,ACUENTA,OTROS FRESCOS,2490.0,4.0,5.0,"[2490.0,4.0,5.0]","[0.361625299740566,2.9858970332390777,0.7963786001791556]",2,LACTEOS Y FRESCOS
GENERICA,ACUENTA,CERDO,1890.0,4.0,24.0,"[1890.0,4.0,24.0]","[0.2744866732970561,2.9858970332390777,3.822617280859947]",1,CARNES Y FIAMBRERÍA
GENERICA,ACUENTA,LACTEOS,1190.0,4.0,4.0,"[1190.0,4.0,4.0]","[0.1728249424462946,2.9858970332390777,0.6371028801433245]",2,LACTEOS Y FRESCOS
LIDER,ACUENTA,LACTEOS,1150.0,4.0,4.0,"[1150.0,4.0,4.0]","[0.16701570068339394,2.9858970332390777,0.6371028801433245]",2,LACTEOS Y FRESCOS
GENERICA,ACUENTA,LACTEOS,5950.0,4.0,4.0,"[5950.0,4.0,4.0]","[0.864124712231473,2.9858970332390777,0.6371028801433245]",2,LACTEOS Y FRESCOS
CHAMYTO,ACUENTA,LACTEOS,6190.0,4.0,4.0,"[6190.0,4.0,4.0]","[0.8989801628088769,2.9858970332390777,0.6371028801433245]",2,LACTEOS Y FRESCOS
GENERICA,ACUENTA,LACTEOS,5790.0,4.0,4.0,"[5790.0,4.0,4.0]","[0.8408877451798704,2.9858970332390777,0.6371028801433245]",2,LACTEOS Y FRESCOS
GENERICA,ACUENTA,OTROS FRESCOS,3750.0,4.0,5.0,"[3750.0,4.0,5.0]","[0.5446164152719368,2.9858970332390777,0.7963786001791556]",2,LACTEOS Y FRESCOS
LONCOLECHE,ACUENTA,LACTEOS,1450.0,4.0,4.0,"[1450.0,4.0,4.0]","[0.2105850139051489,2.9858970332390777,0.6371028801433245]",2,LACTEOS Y FRESCOS
LIDER,ACUENTA,OTROS FRESCOS,240.0,4.0,5.0,"[240.0,4.0,5.0]","[0.034855450577403954,2.9858970332390777,0.7963786001791556]",2,LACTEOS Y FRESCOS
GENERICA,ACUENTA,LACTEOS,1750.0,4.0,4.0,"[1750.0,4.0,4.0]","[0.25415432712690383,2.9858970332390777,0.6371028801433245]",2,LACTEOS Y FRESCOS
GENERICA,ACUENTA,FIAMBRERIA,2750.0,4.0,9.0,"[2750.0,4.0,9.0]","[0.3993853711994203,2.9858970332390777,1.43348148032248]",2,CARNES Y FIAMBRERÍA
GENERICA,ACUENTA,FIAMBRERIA,1690.0,4.0,9.0,"[1690.0,4.0,9.0]","[0.24544046448255286,2.9858970332390777,1.43348148032248]",2,CARNES Y FIAMBRERÍA
SOPROLE,ACUENTA,OTROS FRESCOS,2390.0,4.0,5.0,"[2390.0,4.0,5.0]","[0.3471021953333144,2.9858970332390777,0.7963786001791556]",2,LACTEOS Y FRESCOS
LONCOLECHE,ACUENTA,LACTEOS,1450.0,4.0,4.0,"[1450.0,4.0,4.0]","[0.2105850139051489,2.9858970332390777,0.6371028801433245]",2,LACTEOS Y FRESCOS
GENERICA,ACUENTA,LACTEOS,7050.0,4.0,4.0,"[7050.0,4.0,4.0]","[1.0238788607112412,2.9858970332390777,0.6371028801433245]",2,LACTEOS Y FRESCOS
LIDER,ACUENTA,OTROS FRESCOS,240.0,4.0,5.0,"[240.0,4.0,5.0]","[0.034855450577403954,2.9858970332390777,0.7963786001791556]",2,LACTEOS Y FRESCOS
LIDER,ACUENTA,LACTEOS,1790.0,4.0,4.0,"[1790.0,4.0,4.0]","[0.2599635688898045,2.9858970332390777,0.6371028801433245]",2,LACTEOS Y FRESCOS
TIL,ACUENTA,LACTEOS,2790.0,4.0,4.0,"[2790.0,4.0,4.0]","[0.40519461296232095,2.9858970332390777,0.6371028801433245]",2,LACTEOS Y FRESCOS
GENERICA,ACUENTA,LACTEOS,3590.0,4.0,4.0,"[3590.0,4.0,4.0]","[0.5213794482203341,2.9858970332390777,0.6371028801433245]",2,LACTEOS Y FRESCOS
COLUN,ACUENTA,LACTEOS/FIAMBRERIA,6690.0,4.0,12.0,"[6690.0,4.0,12.0]","[0.9715956848451353,2.9858970332390777,1.9113086404299735]",2,LACTEOS Y FRESCOS
GENERICA,ACUENTA,OTROS FRESCOS,560.0,4.0,5.0,"[560.0,4.0,5.0]","[0.08132938468060923,2.9858970332390777,0.7963786001791556]",2,LACTEOS Y FRESCOS
SOPROLE,ACUENTA,LACTEOS,1590.0,4.0,4.0,"[1590.0,4.0,4.0]","[0.2309173600753012,2.9858970332390777,0.6371028801433245]",2,LACTEOS Y FRESCOS
LIDER,ACUENTA,OTROS FRESCOS,1790.0,4.0,5.0,"[1790.0,4.0,5.0]","[0.2599635688898045,2.9858970332390777,0.7963786001791556]",2,LACTEOS Y FRESCOS
LONCOLECHE,ACUENTA,LACTEOS,1450.0,4.0,4.0,"[1450.0,4.0,4.0]","[0.2105850139051489,2.9858970332390777,0.6371028801433245]",2,LACTEOS Y FRESCOS
LIDER,ACUENTA,OTROS FRESCOS,1790.0,4.0,5.0,"[1790.0,4.0,5.0]","[0.2599635688898045,2.9858970332390777,0.7963786001791556]",2,LACTEOS Y FRESCOS
TIL,ACUENTA,LACTEOS,2350.0,4.0,4.0,"[2350.0,4.0,4.0]","[0.3412929535704137,2.9858970332390777,0.6371028801433245]",2,LACTEOS Y FRESCOS
GENERICA,ACUENTA,OTROS FRESCOS,730.0,4.0,5.0,"[730.0,4.0,5.0]","[0.10601866217293703,2.9858970332390777,0.7963786001791556]",2,LACTEOS Y FRESCOS
GENERICA,ACUENTA,LACTEOS,10990.0,4.0,4.0,"[10990.0,4.0,4.0]","[1.596089174356956,2.9858970332390777,0.6371028801433245]",2,LACTEOS Y FRESCOS
ACUENTA,ACUENTA,OTROS FRESCOS,2790.0,4.0,5.0,"[2790.0,4.0,5.0]","[0.40519461296232095,2.9858970332390777,0.7963786001791556]",2,LACTEOS Y FRESCOS
GENERICA,ACUENTA,OTROS FRESCOS,560.0,4.0,5.0,"[560.0,4.0,5.0]","[0.08132938468060923,2.9858970332390777,0.7963786001791556]",2,LACTEOS Y FRESCOS
PF,ACUENTA,FIAMBRERIA,1650.0,4.0,9.0,"[1650.0,4.0,9.0]","[0.23963122271965218,2.9858970332390777,1.43348148032248]",2,CARNES Y FIAMBRERÍA
GENERICA,ACUENTA,OTROS FRESCOS,670.0,4.0,5.0,"[670.0,4.0,5.0]","[0.09730479952858603,2.9858970332390777,0.7963786001791556]",2,LACTEOS Y FRESCOS
GENERICA,ACUENTA,OTROS FRESCOS,3890.0,4.0,5.0,"[3890.0,4.0,5.0]","[0.564948761442089,2.9858970332390777,0.7963786001791556]",2,LACTEOS Y FRESCOS
GENERICA,ACUENTA,LACTEOS,1350.0,4.0,4.0,"[1350.0,4.0,4.0]","[0.19606190949789723,2.9858970332390777,0.6371028801433245]",2,LACTEOS Y FRESCOS
GENERICA,ACUENTA,OTROS FRESCOS,560.0,4.0,5.0,"[560.0,4.0,5.0]","[0.08132938468060923,2.9858970332390777,0.7963786001791556]",2,LACTEOS Y FRESCOS
COLUN,ACUENTA,LACTEOS,1350.0,4.0,4.0,"[1350.0,4.0,4.0]","[0.19606190949789723,2.9858970332390777,0.6371028801433245]",2,LACTEOS Y FRESCOS
GENERICA,ACUENTA,OTROS FRESCOS,670.0,4.0,5.0,"[670.0,4.0,5.0]","[0.09730479952858603,2.9858970332390777,0.7963786001791556]",2,LACTEOS Y FRESCOS
CALO,ACUENTA,LACTEOS,11450.0,4.0,4.0,"[11450.0,4.0,4.0]","[1.6628954546303136,2.9858970332390777,0.6371028801433245]",2,LACTEOS Y FRESCOS
GENERICA,ACUENTA,LACTEOS,6190.0,4.0,4.0,"[6190.0,4.0,4.0]","[0.8989801628088769,2.9858970332390777,0.6371028801433245]",2,LACTEOS Y FRESCOS
COLUN,ACUENTA,OTROS FRESCOS,2450.0,4.0,5.0,"[2450.0,4.0,5.0]","[0.35581605797766536,2.9858970332390777,0.7963786001791556]",2,LACTEOS Y FRESCOS
GENERICA,ACUENTA,LACTEOS,2450.0,4.0,4.0,"[2450.0,4.0,4.0]","[0.35581605797766536,2.9858970332390777,0.6371028801433245]",2,LACTEOS Y FRESCOS
GENERICA,ACUENTA,LACTEOS,5990.0,4.0,4.0,"[5990.0,4.0,4.0]","[0.8699339539943737,2.9858970332390777,0.6371028801433245]",2,LACTEOS Y FRESCOS
GENERICA,ACUENTA,LACTEOS,2450.0,4.0,4.0,"[2450.0,4.0,4.0]","[0.35581605797766536,2.9858970332390777,0.6371028801433245]",2,LACTEOS Y FRESCOS
GENERICA,ACUENTA,LACTEOS,8290.0,4.0,4.0,"[8290.0,4.0,4.0]","[1.2039653553611616,2.9858970332390777,0.6371028801433245]",2,LACTEOS Y FRESCOS
COLUN,ACUENTA,LACTEOS,1350.0,4.0,4.0,"[1350.0,4.0,4.0]","[0.19606190949789723,2.9858970332390777,0.6371028801433245]",2,LACTEOS Y FRESCOS
CALO,ACUENTA,LACTEOS/FIAMBRERIA,5790.0,4.0,12.0,"[5790.0,4.0,12.0]","[0.8408877451798704,2.9858970332390777,1.9113086404299735]",2,LACTEOS Y FRESCOS
SOPROLE,ACUENTA,LACTEOS,1250.0,4.0,4.0,"[1250.0,4.0,4.0]","[0.1815388050906456,2.9858970332390777,0.6371028801433245]",2,LACTEOS Y FRESCOS
LONCOLECHE,ACUENTA,LACTEOS,2850.0,4.0,4.0,"[2850.0,4.0,4.0]","[0.41390847560667193,2.9858970332390777,0.6371028801433245]",2,LACTEOS Y FRESCOS
GENERICA,ACUENTA,CERDO,1790.0,4.0,24.0,"[1790.0,4.0,24.0]","[0.2599635688898045,2.9858970332390777,3.822617280859947]",1,CARNES Y FIAMBRERÍA
GENERICA,ACUENTA,LACTEOS,2390.0,4.0,4.0,"[2390.0,4.0,4.0]","[0.3471021953333144,2.9858970332390777,0.6371028801433245]",2,LACTEOS Y FRESCOS
COLUN,ACUENTA,LACTEOS/FIAMBRERIA,6590.0,4.0,12.0,"[6590.0,4.0,12.0]","[0.9570725804378836,2.9858970332390777,1.9113086404299735]",2,LACTEOS Y FRESCOS
LIDER,ACUENTA,LACTEOS,1190.0,4.0,4.0,"[1190.0,4.0,4.0]","[0.1728249424462946,2.9858970332390777,0.6371028801433245]",2,LACTEOS Y FRESCOS
SOPROLE,ACUENTA,LACTEOS,1950.0,4.0,4.0,"[1950.0,4.0,4.0]","[0.28320053594140715,2.9858970332390777,0.6371028801433245]",2,LACTEOS Y FRESCOS
LIDER,ACUENTA,LACTEOS/FIAMBRERIA,1690.0,4.0,12.0,"[1690.0,4.0,12.0]","[0.24544046448255286,2.9858970332390777,1.9113086404299735]",2,LACTEOS Y FRESCOS
GENERICA,ACUENTA,LACTEOS,3150.0,4.0,4.0,"[3150.0,4.0,4.0]","[0.4574777888284269,2.9858970332390777,0.6371028801433245]",2,LACTEOS Y FRESCOS
GENERICA,ACUENTA,LACTEOS,17750.0,4.0,4.0,"[17750.0,4.0,4.0]","[2.5778510322871675,2.9858970332390777,0.6371028801433245]",2,LACTEOS Y FRESCOS
CALO,ACUENTA,LACTEOS,2520.0,4.0,4.0,"[2520.0,4.0,4.0]","[0.3659822310627415,2.9858970332390777,0.6371028801433245]",2,LACTEOS Y FRESCOS
LIDER,ACUENTA,LACTEOS,1190.0,4.0,4.0,"[1190.0,4.0,4.0]","[0.1728249424462946,2.9858970332390777,0.6371028801433245]",2,LACTEOS Y FRESCOS
GENERICA,ACUENTA,HUEVOS,4190.0,4.0,29.0,"[4190.0,4.0,29.0]","[0.608518074663844,2.9858970332390777,4.618995881039103]",1,LACTEOS Y FRESCOS
DANONE,ACUENTA,LACTEOS,2690.0,4.0,4.0,"[2690.0,4.0,4.0]","[0.3906715085550693,2.9858970332390777,0.6371028801433245]",2,LACTEOS Y FRESCOS
GENERICA,ACUENTA,LACTEOS,7090.0,4.0,4.0,"[7090.0,4.0,4.0]","[1.0296881024741418,2.9858970332390777,0.6371028801433245]",2,LACTEOS Y FRESCOS
GENERICA,ACUENTA,AVES,2690.0,4.0,15.0,"[2690.0,4.0,15.0]","[0.3906715085550693,2.9858970332390777,2.389135800537467]",2,CARNES Y FIAMBRERÍA
GENERICA,ACUENTA,COLACIONES/POSTRES,1950.0,4.0,18.0,"[1950.0,4.0,18.0]","[0.28320053594140715,2.9858970332390777,2.86696296064496]",1,OTROS / ELABORADOS
GENERICA,ACUENTA,FIAMBRERIA,2350.0,4.0,9.0,"[2350.0,4.0,9.0]","[0.3412929535704137,2.9858970332390777,1.43348148032248]",2,CARNES Y FIAMBRERÍA
LIDER,ACUENTA,COLACIONES/POSTRES,250.0,4.0,18.0,"[250.0,4.0,18.0]","[0.03630776101812912,2.9858970332390777,2.86696296064496]",1,OTROS / ELABORADOS
SURLAT,ACUENTA,OTROS FRESCOS,1190.0,4.0,5.0,"[1190.0,4.0,5.0]","[0.1728249424462946,2.9858970332390777,0.7963786001791556]",2,LACTEOS Y FRESCOS
LIDER,ACUENTA,COLACIONES/POSTRES,250.0,4.0,18.0,"[250.0,4.0,18.0]","[0.03630776101812912,2.9858970332390777,2.86696296064496]",1,OTROS / ELABORADOS
GENERICA,ACUENTA,LACTEOS,2190.0,4.0,4.0,"[2190.0,4.0,4.0]","[0.31805598651881106,2.9858970332390777,0.6371028801433245]",2,LACTEOS Y FRESCOS
GENERICA,ACUENTA,OTROS FRESCOS,1984.0,4.0,5.0,"[1984.0,4.0,5.0]","[0.2881383914398727,2.9858970332390777,0.7963786001791556]",2,LACTEOS Y FRESCOS
GENERICA,ACUENTA,OTROS FRESCOS,1990.0,4.0,5.0,"[1990.0,4.0,5.0]","[0.2890097777043078,2.9858970332390777,0.7963786001791556]",2,LACTEOS Y FRESCOS
GENERICA,ACUENTA,OTROS FRESCOS,2150.0,4.0,5.0,"[2150.0,4.0,5.0]","[0.3122467447559104,2.9858970332390777,0.7963786001791556]",2,LACTEOS Y FRESCOS
SOPROLE,ACUENTA,LACTEOS,1250.0,4.0,4.0,"[1250.0,4.0,4.0]","[0.1815388050906456,2.9858970332390777,0.6371028801433245]",2,LACTEOS Y FRESCOS
GENERICA,ACUENTA,LACTEOS,1350.0,4.0,4.0,"[1350.0,4.0,4.0]","[0.19606190949789723,2.9858970332390777,0.6371028801433245]",2,LACTEOS Y FRESCOS
LIDER,ACUENTA,LACTEOS,5790.0,4.0,4.0,"[5790.0,4.0,4.0]","[0.8408877451798704,2.9858970332390777,0.6371028801433245]",2,LACTEOS Y FRESCOS
PF,ACUENTA,FIAMBRERIA,1790.0,4.0,9.0,"[1790.0,4.0,9.0]","[0.2599635688898045,2.9858970332390777,1.43348148032248]",2,CARNES Y FIAMBRERÍA
GENERICA,ACUENTA,LACTEOS,3590.0,4.0,4.0,"[3590.0,4.0,4.0]","[0.5213794482203341,2.9858970332390777,0.6371028801433245]",2,LACTEOS Y FRESCOS
GENERICA,ACUENTA,LACTEOS,6490.0,4.0,4.0,"[6490.0,4.0,4.0]","[0.9425494760306319,2.9858970332390777,0.6371028801433245]",2,LACTEOS Y FRESCOS
LIDER,ACUENTA,OTROS FRESCOS,2990.0,4.0,5.0,"[2990.0,4.0,5.0]","[0.43424082177682427,2.9858970332390777,0.7963786001791556]",2,LACTEOS Y FRESCOS
GENERICA,ACUENTA,LACTEOS,5190.0,4.0,4.0,"[5190.0,4.0,4.0]","[0.7537491187363605,2.9858970332390777,0.6371028801433245]",2,LACTEOS Y FRESCOS
GENERICA,ACUENTA,LACTEOS,1350.0,4.0,4.0,"[1350.0,4.0,4.0]","[0.19606190949789723,2.9858970332390777,0.6371028801433245]",2,LACTEOS Y FRESCOS
GENERICA,ACUENTA,LACTEOS,11090.0,4.0,4.0,"[11090.0,4.0,4.0]","[1.6106122787642076,2.9858970332390777,0.6371028801433245]",2,LACTEOS Y FRESCOS
GENERICA,ACUENTA,LACTEOS,6090.0,4.0,4.0,"[6090.0,4.0,4.0]","[0.8844570584016254,2.9858970332390777,0.6371028801433245]",2,LACTEOS Y FRESCOS
LIDER,ACUENTA,COLACIONES/POSTRES,250.0,4.0,18.0,"[250.0,4.0,18.0]","[0.03630776101812912,2.9858970332390777,2.86696296064496]",1,OTROS / ELABORADOS
LIDER,ACUENTA,HUEVOS,3990.0,4.0,29.0,"[3990.0,4.0,29.0]","[0.5794718658493407,2.9858970332390777,4.618995881039103]",1,LACTEOS Y FRESCOS
LIDER,ACUENTA,COLACIONES/POSTRES,250.0,4.0,18.0,"[250.0,4.0,18.0]","[0.03630776101812912,2.9858970332390777,2.86696296064496]",1,OTROS / ELABORADOS
LIDER,ACUENTA,COLACIONES/POSTRES,250.0,4.0,18.0,"[250.0,4.0,18.0]","[0.03630776101812912,2.9858970332390777,2.86696296064496]",1,OTROS / ELABORADOS
LIDER,ACUENTA,LACTEOS/FIAMBRERIA,2490.0,4.0,12.0,"[2490.0,4.0,12.0]","[0.361625299740566,2.9858970332390777,1.9113086404299735]",2,LACTEOS Y FRESCOS
GENERICA,ACUENTA,OTROS FRESCOS,3890.0,4.0,5.0,"[3890.0,4.0,5.0]","[0.564948761442089,2.9858970332390777,0.7963786001791556]",2,LACTEOS Y FRESCOS
LIDER,ACUENTA,LACTEOS/FIAMBRERIA,2950.0,4.0,12.0,"[2950.0,4.0,12.0]","[0.4284315800139236,2.9858970332390777,1.9113086404299735]",2,LACTEOS Y FRESCOS
SOPROLE,ACUENTA,LACTEOS/FIAMBRERIA,2590.0,4.0,12.0,"[2590.0,4.0,12.0]","[0.3761484041478177,2.9858970332390777,1.9113086404299735]",2,LACTEOS Y FRESCOS
LIDER,ACUENTA,LACTEOS/FIAMBRERIA,5690.0,4.0,12.0,"[5690.0,4.0,12.0]","[0.8263646407726187,2.9858970332390777,1.9113086404299735]",2,LACTEOS Y FRESCOS
LIDER,ACUENTA,LACTEOS/FIAMBRERIA,1890.0,4.0,12.0,"[1890.0,4.0,12.0]","[0.2744866732970561,2.9858970332390777,1.9113086404299735]",2,LACTEOS Y FRESCOS
GENERICA,ACUENTA,LACTEOS/FIAMBRERIA,1950.0,4.0,12.0,"[1950.0,4.0,12.0]","[0.28320053594140715,2.9858970332390777,1.9113086404299735]",2,LACTEOS Y FRESCOS
LIDER,ACUENTA,LACTEOS/FIAMBRERIA,2850.0,4.0,12.0,"[2850.0,4.0,12.0]","[0.41390847560667193,2.9858970332390777,1.9113086404299735]",2,LACTEOS Y FRESCOS
LIDER,ACUENTA,LACTEOS/FIAMBRERIA,2290.0,4.0,12.0,"[2290.0,4.0,12.0]","[0.33257909092606275,2.9858970332390777,1.9113086404299735]",2,LACTEOS Y FRESCOS
QUILLAYES,ACUENTA,LACTEOS/FIAMBRERIA,3390.0,4.0,12.0,"[3390.0,4.0,12.0]","[0.49233323940583085,2.9858970332390777,1.9113086404299735]",2,LACTEOS Y FRESCOS
GENERICA,ACUENTA,FIAMBRERIA,1550.0,4.0,9.0,"[1550.0,4.0,9.0]","[0.22510811831240055,2.9858970332390777,1.43348148032248]",2,CARNES Y FIAMBRERÍA
COLUN,ACUENTA,LACTEOS/FIAMBRERIA,2890.0,4.0,12.0,"[2890.0,4.0,12.0]","[0.41971771736957264,2.9858970332390777,1.9113086404299735]",2,LACTEOS Y FRESCOS
COLUN,ACUENTA,LACTEOS/FIAMBRERIA,990.0,4.0,12.0,"[990.0,4.0,12.0]","[0.1437787336317913,2.9858970332390777,1.9113086404299735]",2,LACTEOS Y FRESCOS
GENERICA,ACUENTA,LACTEOS/FIAMBRERIA,3850.0,4.0,12.0,"[3850.0,4.0,12.0]","[0.5591395196791884,2.9858970332390777,1.9113086404299735]",2,LACTEOS Y FRESCOS
LIDER,ACUENTA,LACTEOS/FIAMBRERIA,5890.0,4.0,12.0,"[5890.0,4.0,12.0]","[0.855410849587122,2.9858970332390777,1.9113086404299735]",2,LACTEOS Y FRESCOS
LIDER,ACUENTA,LACTEOS/FIAMBRERIA,4490.0,4.0,12.0,"[4490.0,4.0,12.0]","[0.652087387885599,2.9858970332390777,1.9113086404299735]",2,LACTEOS Y FRESCOS
COLUN,ACUENTA,OTROS FRESCOS,2790.0,4.0,5.0,"[2790.0,4.0,5.0]","[0.40519461296232095,2.9858970332390777,0.7963786001791556]",2,LACTEOS Y FRESCOS
SOPROLE,ACUENTA,LACTEOS/FIAMBRERIA,4250.0,4.0,12.0,"[4250.0,4.0,12.0]","[0.617231937308195,2.9858970332390777,1.9113086404299735]",2,LACTEOS Y FRESCOS
LIDER,ACUENTA,LACTEOS/FIAMBRERIA,3290.0,4.0,12.0,"[3290.0,4.0,12.0]","[0.4778101349985792,2.9858970332390777,1.9113086404299735]",2,LACTEOS Y FRESCOS
GENERICA,ACUENTA,COLACIONES/POSTRES,670.0,4.0,18.0,"[670.0,4.0,18.0]","[0.09730479952858603,2.9858970332390777,2.86696296064496]",1,OTROS / ELABORADOS
PF,ACUENTA,AVES,2090.0,4.0,15.0,"[2090.0,4.0,15.0]","[0.30353288211155943,2.9858970332390777,2.389135800537467]",2,CARNES Y FIAMBRERÍA
SAN JORGE,ACUENTA,FIAMBRERIA,1550.0,4.0,9.0,"[1550.0,4.0,9.0]","[0.22510811831240055,2.9858970332390777,1.43348148032248]",2,CARNES Y FIAMBRERÍA
WINTER,ACUENTA,FIAMBRERIA,2290.0,4.0,9.0,"[2290.0,4.0,9.0]","[0.33257909092606275,2.9858970332390777,1.43348148032248]",2,CARNES Y FIAMBRERÍA
GENERICA,ACUENTA,OTROS FRESCOS,2090.0,4.0,5.0,"[2090.0,4.0,5.0]","[0.30353288211155943,2.9858970332390777,0.7963786001791556]",2,LACTEOS Y FRESCOS
SAN JORGE,ACUENTA,FIAMBRERIA,1990.0,4.0,9.0,"[1990.0,4.0,9.0]","[0.2890097777043078,2.9858970332390777,1.43348148032248]",2,CARNES Y FIAMBRERÍA
SAN JORGE,ACUENTA,FIAMBRERIA,2250.0,4.0,9.0,"[2250.0,4.0,9.0]","[0.3267698491631621,2.9858970332390777,1.43348148032248]",2,CARNES Y FIAMBRERÍA
COLUN,ACUENTA,LACTEOS,1750.0,4.0,4.0,"[1750.0,4.0,4.0]","[0.25415432712690383,2.9858970332390777,0.6371028801433245]",2,LACTEOS Y FRESCOS
GENERICA,ACUENTA,LACTEOS,3190.0,4.0,4.0,"[3190.0,4.0,4.0]","[0.46328703059132753,2.9858970332390777,0.6371028801433245]",2,LACTEOS Y FRESCOS
COLUN,ACUENTA,LACTEOS,3690.0,4.0,4.0,"[3690.0,4.0,4.0]","[0.5359025526275858,2.9858970332390777,0.6371028801433245]",2,LACTEOS Y FRESCOS
GENERICA,ACUENTA,AVES,3390.0,4.0,15.0,"[3390.0,4.0,15.0]","[0.49233323940583085,2.9858970332390777,2.389135800537467]",2,CARNES Y FIAMBRERÍA
GENERICA,ACUENTA,OTROS FRESCOS,3390.0,4.0,5.0,"[3390.0,4.0,5.0]","[0.49233323940583085,2.9858970332390777,0.7963786001791556]",2,LACTEOS Y FRESCOS
GENERICA,ACUENTA,CERDO,2050.0,4.0,24.0,"[2050.0,4.0,24.0]","[0.2977236403486588,2.9858970332390777,3.822617280859947]",1,CARNES Y FIAMBRERÍA
GENERICA,ACUENTA,FIAMBRERIA,990.0,4.0,9.0,"[990.0,4.0,9.0]","[0.1437787336317913,2.9858970332390777,1.43348148032248]",2,CARNES Y FIAMBRERÍA
CALO,ACUENTA,LACTEOS,2350.0,4.0,4.0,"[2350.0,4.0,4.0]","[0.3412929535704137,2.9858970332390777,0.6371028801433245]",2,LACTEOS Y FRESCOS
SOPROLE,ACUENTA,LACTEOS,540.0,4.0,4.0,"[540.0,4.0,4.0]","[0.0784247637991589,2.9858970332390777,0.6371028801433245]",2,LACTEOS Y FRESCOS
GENERICA,ACUENTA,OTROS FRESCOS,2250.0,4.0,5.0,"[2250.0,4.0,5.0]","[0.3267698491631621,2.9858970332390777,0.7963786001791556]",2,LACTEOS Y FRESCOS
PF,ACUENTA,FIAMBRERIA,1950.0,4.0,9.0,"[1950.0,4.0,9.0]","[0.28320053594140715,2.9858970332390777,1.43348148032248]",2,CARNES Y FIAMBRERÍA
GENERICA,ACUENTA,LACTEOS,3390.0,4.0,4.0,"[3390.0,4.0,4.0]","[0.49233323940583085,2.9858970332390777,0.6371028801433245]",2,LACTEOS Y FRESCOS
WINTER,ACUENTA,OTROS FRESCOS,1690.0,4.0,5.0,"[1690.0,4.0,5.0]","[0.24544046448255286,2.9858970332390777,0.7963786001791556]",2,LACTEOS Y FRESCOS
GENERICA,ACUENTA,FIAMBRERIA,1090.0,4.0,9.0,"[1090.0,4.0,9.0]","[0.15830183803904296,2.9858970332390777,1.43348148032248]",2,CARNES Y FIAMBRERÍA
GENERICA,ACUENTA,FIAMBRERIA,1090.0,4.0,9.0,"[1090.0,4.0,9.0]","[0.15830183803904296,2.9858970332390777,1.43348148032248]",2,CARNES Y FIAMBRERÍA
GENERICA,ACUENTA,AVES,1150.0,4.0,15.0,"[1150.0,4.0,15.0]","[0.16701570068339394,2.9858970332390777,2.389135800537467]",2,CARNES Y FIAMBRERÍA
LIDER,ACUENTA,HUEVOS,1990.0,4.0,29.0,"[1990.0,4.0,29.0]","[0.2890097777043078,2.9858970332390777,4.618995881039103]",1,LACTEOS Y FRESCOS
SOPROLE,ACUENTA,COLACIONES/POSTRES,670.0,4.0,18.0,"[670.0,4.0,18.0]","[0.09730479952858603,2.9858970332390777,2.86696296064496]",1,OTROS / ELABORADOS
GENERICA,ACUENTA,FIAMBRERIA,2550.0,4.0,9.0,"[2550.0,4.0,9.0]","[0.370339162384917,2.9858970332390777,1.43348148032248]",2,CARNES Y FIAMBRERÍA
LIDER,ACUENTA,LACTEOS,2950.0,4.0,4.0,"[2950.0,4.0,4.0]","[0.4284315800139236,2.9858970332390777,0.6371028801433245]",2,LACTEOS Y FRESCOS
PF,ACUENTA,OTROS FRESCOS,2750.0,4.0,5.0,"[2750.0,4.0,5.0]","[0.3993853711994203,2.9858970332390777,0.7963786001791556]",2,LACTEOS Y FRESCOS
CALO,ACUENTA,LACTEOS,1750.0,4.0,4.0,"[1750.0,4.0,4.0]","[0.25415432712690383,2.9858970332390777,0.6371028801433245]",2,LACTEOS Y FRESCOS
PF,ACUENTA,FIAMBRERIA,1350.0,4.0,9.0,"[1350.0,4.0,9.0]","[0.19606190949789723,2.9858970332390777,1.43348148032248]",2,CARNES Y FIAMBRERÍA
PF,ACUENTA,FIAMBRERIA,2590.0,4.0,9.0,"[2590.0,4.0,9.0]","[0.3761484041478177,2.9858970332390777,1.43348148032248]",2,CARNES Y FIAMBRERÍA
GENERICA,ACUENTA,COLACIONES/POSTRES,670.0,4.0,18.0,"[670.0,4.0,18.0]","[0.09730479952858603,2.9858970332390777,2.86696296064496]",1,OTROS / ELABORADOS
GENERICA,ACUENTA,OTROS FRESCOS,4890.0,4.0,5.0,"[4890.0,4.0,5.0]","[0.7101798055146056,2.9858970332390777,0.7963786001791556]",2,LACTEOS Y FRESCOS
WINTER,ACUENTA,FIAMBRERIA,2750.0,4.0,9.0,"[2750.0,4.0,9.0]","[0.3993853711994203,2.9858970332390777,1.43348148032248]",2,CARNES Y FIAMBRERÍA
SOPROLE,ACUENTA,LACTEOS/FIAMBRERIA,3890.0,4.0,12.0,"[3890.0,4.0,12.0]","[0.564948761442089,2.9858970332390777,1.9113086404299735]",2,LACTEOS Y FRESCOS
COLUN,ACUENTA,COLACIONES/POSTRES,380.0,4.0,18.0,"[380.0,4.0,18.0]","[0.055187796747556264,2.9858970332390777,2.86696296064496]",1,OTROS / ELABORADOS
GENERICA,ACUENTA,FIAMBRERIA,2650.0,4.0,9.0,"[2650.0,4.0,9.0]","[0.3848622667921687,2.9858970332390777,1.43348148032248]",2,CARNES Y FIAMBRERÍA
COLUN,ACUENTA,LACTEOS,3890.0,4.0,4.0,"[3890.0,4.0,4.0]","[0.564948761442089,2.9858970332390777,0.6371028801433245]",2,LACTEOS Y FRESCOS
GENERICA,ACUENTA,FIAMBRERIA,1690.0,4.0,9.0,"[1690.0,4.0,9.0]","[0.24544046448255286,2.9858970332390777,1.43348148032248]",2,CARNES Y FIAMBRERÍA
SAN JORGE,ACUENTA,FIAMBRERIA,1790.0,4.0,9.0,"[1790.0,4.0,9.0]","[0.2599635688898045,2.9858970332390777,1.43348148032248]",2,CARNES Y FIAMBRERÍA
GENERICA,ACUENTA,HUEVOS,4090.0,4.0,29.0,"[4090.0,4.0,29.0]","[0.5939949702565924,2.9858970332390777,4.618995881039103]",1,LACTEOS Y FRESCOS
PF,ACUENTA,OTROS FRESCOS,3590.0,4.0,5.0,"[3590.0,4.0,5.0]","[0.5213794482203341,2.9858970332390777,0.7963786001791556]",2,LACTEOS Y FRESCOS
GENERICA,ACUENTA,OTROS FRESCOS,490.0,4.0,5.0,"[490.0,4.0,5.0]","[0.07116321159553307,2.9858970332390777,0.7963786001791556]",2,LACTEOS Y FRESCOS
GENERICA,ACUENTA,COLACIONES/POSTRES,660.0,4.0,18.0,"[660.0,4.0,18.0]","[0.09585248908786087,2.9858970332390777,2.86696296064496]",1,OTROS / ELABORADOS
LIDER,ACUENTA,LACTEOS/FIAMBRERIA,990.0,4.0,12.0,"[990.0,4.0,12.0]","[0.1437787336317913,2.9858970332390777,1.9113086404299735]",2,LACTEOS Y FRESCOS
PF,ACUENTA,OTROS FRESCOS,1350.0,4.0,5.0,"[1350.0,4.0,5.0]","[0.19606190949789723,2.9858970332390777,0.7963786001791556]",2,LACTEOS Y FRESCOS
GENERICA,ACUENTA,FIAMBRERIA,1950.0,4.0,9.0,"[1950.0,4.0,9.0]","[0.28320053594140715,2.9858970332390777,1.43348148032248]",2,CARNES Y FIAMBRERÍA
LIDER,ACUENTA,LACTEOS/FIAMBRERIA,2850.0,4.0,12.0,"[2850.0,4.0,12.0]","[0.41390847560667193,2.9858970332390777,1.9113086404299735]",2,LACTEOS Y FRESCOS
GENERICA,ACUENTA,COLACIONES/POSTRES,760.0,4.0,18.0,"[760.0,4.0,18.0]","[0.11037559349511253,2.9858970332390777,2.86696296064496]",1,OTROS / ELABORADOS
GENERICA,ACUENTA,FIAMBRERIA,1350.0,4.0,9.0,"[1350.0,4.0,9.0]","[0.19606190949789723,2.9858970332390777,1.43348148032248]",2,CARNES Y FIAMBRERÍA
COLUN,ACUENTA,LACTEOS/FIAMBRERIA,2950.0,4.0,12.0,"[2950.0,4.0,12.0]","[0.4284315800139236,2.9858970332390777,1.9113086404299735]",2,LACTEOS Y FRESCOS
GENERICA,ACUENTA,COLACIONES/POSTRES,770.0,4.0,18.0,"[770.0,4.0,18.0]","[0.11182790393583769,2.9858970332390777,2.86696296064496]",1,OTROS / ELABORADOS
SOPROLE,ACUENTA,COLACIONES/POSTRES,770.0,4.0,18.0,"[770.0,4.0,18.0]","[0.11182790393583769,2.9858970332390777,2.86696296064496]",1,OTROS / ELABORADOS
GENERICA,ACUENTA,CERDO,2250.0,4.0,24.0,"[2250.0,4.0,24.0]","[0.3267698491631621,2.9858970332390777,3.822617280859947]",1,CARNES Y FIAMBRERÍA
GENERICA,ACUENTA,COLACIONES/POSTRES,680.0,4.0,18.0,"[680.0,4.0,18.0]","[0.0987571099693112,2.9858970332390777,2.86696296064496]",1,OTROS / ELABORADOS
GENERICA,ACUENTA,FIAMBRERIA,2150.0,4.0,9.0,"[2150.0,4.0,9.0]","[0.3122467447559104,2.9858970332390777,1.43348148032248]",2,CARNES Y FIAMBRERÍA
GENERICA,ACUENTA,AVES,2490.0,4.0,15.0,"[2490.0,4.0,15.0]","[0.361625299740566,2.9858970332390777,2.389135800537467]",2,CARNES Y FIAMBRERÍA
GENERICA,ACUENTA,OTROS FRESCOS,490.0,4.0,5.0,"[490.0,4.0,5.0]","[0.07116321159553307,2.9858970332390777,0.7963786001791556]",2,LACTEOS Y FRESCOS
LIDER,ACUENTA,LACTEOS/FIAMBRERIA,840.0,4.0,12.0,"[840.0,4.0,12.0]","[0.12199407702091383,2.9858970332390777,1.9113086404299735]",2,LACTEOS Y FRESCOS
LIDER,ACUENTA,LACTEOS/FIAMBRERIA,990.0,4.0,12.0,"[990.0,4.0,12.0]","[0.1437787336317913,2.9858970332390777,1.9113086404299735]",2,LACTEOS Y FRESCOS
LIDER,ACUENTA,LACTEOS/FIAMBRERIA,990.0,4.0,12.0,"[990.0,4.0,12.0]","[0.1437787336317913,2.9858970332390777,1.9113086404299735]",2,LACTEOS Y FRESCOS
GENERICA,ACUENTA,LACTEOS,2250.0,4.0,4.0,"[2250.0,4.0,4.0]","[0.3267698491631621,2.9858970332390777,0.6371028801433245]",2,LACTEOS Y FRESCOS
GENERICA,ACUENTA,COLACIONES/POSTRES,800.0,4.0,18.0,"[800.0,4.0,18.0]","[0.11618483525801318,2.9858970332390777,2.86696296064496]",1,OTROS / ELABORADOS
LLANQUIHUE,ACUENTA,FIAMBRERIA,2590.0,4.0,9.0,"[2590.0,4.0,9.0]","[0.3761484041478177,2.9858970332390777,1.43348148032248]",2,CARNES Y FIAMBRERÍA
GENERICA,ACUENTA,COLACIONES/POSTRES,810.0,4.0,18.0,"[810.0,4.0,18.0]","[0.11763714569873834,2.9858970332390777,2.86696296064496]",1,OTROS / ELABORADOS
GENERICA,ACUENTA,LACTEOS,2890.0,4.0,4.0,"[2890.0,4.0,4.0]","[0.41971771736957264,2.9858970332390777,0.6371028801433245]",2,LACTEOS Y FRESCOS
GENERICA,ACUENTA,LACTEOS/FIAMBRERIA,7890.0,4.0,12.0,"[7890.0,4.0,12.0]","[1.145872937732155,2.9858970332390777,1.9113086404299735]",2,LACTEOS Y FRESCOS
COLUN,ACUENTA,LACTEOS/FIAMBRERIA,2290.0,4.0,12.0,"[2290.0,4.0,12.0]","[0.33257909092606275,2.9858970332390777,1.9113086404299735]",2,LACTEOS Y FRESCOS
GENERICA,ACUENTA,LACTEOS/FIAMBRERIA,5950.0,4.0,12.0,"[5950.0,4.0,12.0]","[0.864124712231473,2.9858970332390777,1.9113086404299735]",2,LACTEOS Y FRESCOS
QUILLAYES,ACUENTA,LACTEOS/FIAMBRERIA,6590.0,4.0,12.0,"[6590.0,4.0,12.0]","[0.9570725804378836,2.9858970332390777,1.9113086404299735]",2,LACTEOS Y FRESCOS
GENERICA,ACUENTA,LACTEOS/FIAMBRERIA,3590.0,4.0,12.0,"[3590.0,4.0,12.0]","[0.5213794482203341,2.9858970332390777,1.9113086404299735]",2,LACTEOS Y FRESCOS
QUILLAYES,ACUENTA,LACTEOS/FIAMBRERIA,3190.0,4.0,12.0,"[3190.0,4.0,12.0]","[0.46328703059132753,2.9858970332390777,1.9113086404299735]",2,LACTEOS Y FRESCOS
QUILLAYES,ACUENTA,LACTEOS/FIAMBRERIA,5890.0,4.0,12.0,"[5890.0,4.0,12.0]","[0.855410849587122,2.9858970332390777,1.9113086404299735]",2,LACTEOS Y FRESCOS
GENERICA,ACUENTA,COLACIONES/POSTRES,1890.0,4.0,18.0,"[1890.0,4.0,18.0]","[0.2744866732970561,2.9858970332390777,2.86696296064496]",1,OTROS / ELABORADOS
TIL,ACUENTA,OTROS FRESCOS,610.0,4.0,5.0,"[610.0,4.0,5.0]","[0.08859093688423506,2.9858970332390777,0.7963786001791556]",2,LACTEOS Y FRESCOS
TIL,ACUENTA,LACTEOS,450.0,4.0,4.0,"[450.0,4.0,4.0]","[0.06535396983263242,2.9858970332390777,0.6371028801433245]",2,LACTEOS Y FRESCOS
COLUN,ACUENTA,LACTEOS,550.0,4.0,4.0,"[550.0,4.0,4.0]","[0.07987707423988406,2.9858970332390777,0.6371028801433245]",2,LACTEOS Y FRESCOS
COLUN,ACUENTA,LACTEOS,590.0,4.0,4.0,"[590.0,4.0,4.0]","[0.08568631600278472,2.9858970332390777,0.6371028801433245]",2,LACTEOS Y FRESCOS
GENERICA,ACUENTA,LACTEOS,450.0,4.0,4.0,"[450.0,4.0,4.0]","[0.06535396983263242,2.9858970332390777,0.6371028801433245]",2,LACTEOS Y FRESCOS
LONCOLECHE,ACUENTA,LACTEOS,450.0,4.0,4.0,"[450.0,4.0,4.0]","[0.06535396983263242,2.9858970332390777,0.6371028801433245]",2,LACTEOS Y FRESCOS
COLUN,ACUENTA,COLACIONES/POSTRES,280.0,4.0,18.0,"[280.0,4.0,18.0]","[0.04066469234030461,2.9858970332390777,2.86696296064496]",1,OTROS / ELABORADOS
COLUN,ACUENTA,COLACIONES/POSTRES,280.0,4.0,18.0,"[280.0,4.0,18.0]","[0.04066469234030461,2.9858970332390777,2.86696296064496]",1,OTROS / ELABORADOS
SOPROLE,ACUENTA,LACTEOS,530.0,4.0,4.0,"[530.0,4.0,4.0]","[0.07697245335843374,2.9858970332390777,0.6371028801433245]",2,LACTEOS Y FRESCOS
SOPROLE,ACUENTA,LACTEOS,670.0,4.0,4.0,"[670.0,4.0,4.0]","[0.09730479952858603,2.9858970332390777,0.6371028801433245]",2,LACTEOS Y FRESCOS
LONCOLECHE,ACUENTA,LACTEOS,450.0,4.0,4.0,"[450.0,4.0,4.0]","[0.06535396983263242,2.9858970332390777,0.6371028801433245]",2,LACTEOS Y FRESCOS
SOPROLE,ACUENTA,LACTEOS,530.0,4.0,4.0,"[530.0,4.0,4.0]","[0.07697245335843374,2.9858970332390777,0.6371028801433245]",2,LACTEOS Y FRESCOS
SOPROLE,ACUENTA,LACTEOS,400.0,4.0,4.0,"[400.0,4.0,4.0]","[0.05809241762900659,2.9858970332390777,0.6371028801433245]",2,LACTEOS Y FRESCOS
GENERICA,ACUENTA,LACTEOS,570.0,4.0,4.0,"[570.0,4.0,4.0]","[0.08278169512133439,2.9858970332390777,0.6371028801433245]",2,LACTEOS Y FRESCOS
GENERICA,ACUENTA,LACTEOS,570.0,4.0,4.0,"[570.0,4.0,4.0]","[0.08278169512133439,2.9858970332390777,0.6371028801433245]",2,LACTEOS Y FRESCOS
GENERICA,ACUENTA,LACTEOS,2490.0,4.0,4.0,"[2490.0,4.0,4.0]","[0.361625299740566,2.9858970332390777,0.6371028801433245]",2,LACTEOS Y FRESCOS
GENERICA,ACUENTA,OTROS FRESCOS,720.0,4.0,5.0,"[720.0,4.0,5.0]","[0.10456635173221186,2.9858970332390777,0.7963786001791556]",2,LACTEOS Y FRESCOS
GENERICA,ACUENTA,LACTEOS/FIAMBRERIA,3590.0,4.0,12.0,"[3590.0,4.0,12.0]","[0.5213794482203341,2.9858970332390777,1.9113086404299735]",2,LACTEOS Y FRESCOS
GENERICA,ACUENTA,OTROS FRESCOS,720.0,4.0,5.0,"[720.0,4.0,5.0]","[0.10456635173221186,2.9858970332390777,0.7963786001791556]",2,LACTEOS Y FRESCOS
GENERICA,ACUENTA,OTROS FRESCOS,390.0,4.0,5.0,"[390.0,4.0,5.0]","[0.05664010718828143,2.9858970332390777,0.7963786001791556]",2,LACTEOS Y FRESCOS
GENERICA,ACUENTA,LACTEOS,1290.0,4.0,4.0,"[1290.0,4.0,4.0]","[0.18734804685354625,2.9858970332390777,0.6371028801433245]",2,LACTEOS Y FRESCOS
GENERICA,ACUENTA,OTROS FRESCOS,3090.0,4.0,5.0,"[3090.0,4.0,5.0]","[0.4487639261840759,2.9858970332390777,0.7963786001791556]",2,LACTEOS Y FRESCOS
GENERICA,ACUENTA,LACTEOS,990.0,4.0,4.0,"[990.0,4.0,4.0]","[0.1437787336317913,2.9858970332390777,0.6371028801433245]",2,LACTEOS Y FRESCOS
SOPROLE,ACUENTA,OTROS FRESCOS,3290.0,4.0,5.0,"[3290.0,4.0,5.0]","[0.4778101349985792,2.9858970332390777,0.7963786001791556]",2,LACTEOS Y FRESCOS
GENERICA,ACUENTA,OTROS FRESCOS,4090.0,4.0,5.0,"[4090.0,4.0,5.0]","[0.5939949702565924,2.9858970332390777,0.7963786001791556]",2,LACTEOS Y FRESCOS
GENERICA,ACUENTA,OTROS FRESCOS,680.0,4.0,5.0,"[680.0,4.0,5.0]","[0.0987571099693112,2.9858970332390777,0.7963786001791556]",2,LACTEOS Y FRESCOS
GENERICA,ACUENTA,OTROS FRESCOS,650.0,4.0,5.0,"[650.0,4.0,5.0]","[0.09440017864713571,2.9858970332390777,0.7963786001791556]",2,LACTEOS Y FRESCOS
TIL,ACUENTA,LACTEOS,3690.0,4.0,4.0,"[3690.0,4.0,4.0]","[0.5359025526275858,2.9858970332390777,0.6371028801433245]",2,LACTEOS Y FRESCOS
GENERICA,ACUENTA,LACTEOS,2890.0,4.0,4.0,"[2890.0,4.0,4.0]","[0.41971771736957264,2.9858970332390777,0.6371028801433245]",2,LACTEOS Y FRESCOS
SOPROLE,ACUENTA,LACTEOS,1650.0,4.0,4.0,"[1650.0,4.0,4.0]","[0.23963122271965218,2.9858970332390777,0.6371028801433245]",2,LACTEOS Y FRESCOS
WATTS,ACUENTA,LACTEOS,3790.0,4.0,4.0,"[3790.0,4.0,4.0]","[0.5504256570348375,2.9858970332390777,0.6371028801433245]",2,LACTEOS Y FRESCOS
GENERICA,ACUENTA,OTROS FRESCOS,2590.0,4.0,5.0,"[2590.0,4.0,5.0]","[0.3761484041478177,2.9858970332390777,0.7963786001791556]",2,LACTEOS Y FRESCOS
GENERICA,ACUENTA,OTROS FRESCOS,620.0,4.0,5.0,"[620.0,4.0,5.0]","[0.09004324732496022,2.9858970332390777,0.7963786001791556]",2,LACTEOS Y FRESCOS
GENERICA,ACUENTA,OTROS FRESCOS,480.0,4.0,5.0,"[480.0,4.0,5.0]","[0.06971090115480791,2.9858970332390777,0.7963786001791556]",2,LACTEOS Y FRESCOS
TIL,ACUENTA,OTROS FRESCOS,1090.0,4.0,5.0,"[1090.0,4.0,5.0]","[0.15830183803904296,2.9858970332390777,0.7963786001791556]",2,LACTEOS Y FRESCOS
GENERICA,ACUENTA,LACTEOS,2390.0,4.0,4.0,"[2390.0,4.0,4.0]","[0.3471021953333144,2.9858970332390777,0.6371028801433245]",2,LACTEOS Y FRESCOS
GENERICA,ACUENTA,OTROS FRESCOS,1090.0,4.0,5.0,"[1090.0,4.0,5.0]","[0.15830183803904296,2.9858970332390777,0.7963786001791556]",2,LACTEOS Y FRESCOS
GENERICA,ACUENTA,OTROS FRESCOS,480.0,4.0,5.0,"[480.0,4.0,5.0]","[0.06971090115480791,2.9858970332390777,0.7963786001791556]",2,LACTEOS Y FRESCOS
GENERICA,ACUENTA,COLACIONES/POSTRES,810.0,4.0,18.0,"[810.0,4.0,18.0]","[0.11763714569873834,2.9858970332390777,2.86696296064496]",1,OTROS / ELABORADOS
NUESTRA COCINA,UNIMARC,DESPENSA,1000.0,0.0,0.0,"[1000.0,0.0,0.0]","[0.14523104407251647,0.0,0.0]",0,DESPENSA Y ABARROTES
NUESTRA COCINA,UNIMARC,DESPENSA,1890.0,0.0,0.0,"[1890.0,0.0,0.0]","[0.2744866732970561,0.0,0.0]",0,DESPENSA Y ABARROTES
NUESTRA COCINA,UNIMARC,DESPENSA,1790.0,0.0,0.0,"[1790.0,0.0,0.0]","[0.2599635688898045,0.0,0.0]",0,DESPENSA Y ABARROTES
TUCAPEL,UNIMARC,DESPENSA,1090.0,0.0,0.0,"[1090.0,0.0,0.0]","[0.15830183803904296,0.0,0.0]",0,DESPENSA Y ABARROTES
MERKAT,UNIMARC,DESPENSA,1550.0,0.0,0.0,"[1550.0,0.0,0.0]","[0.22510811831240055,0.0,0.0]",0,DESPENSA Y ABARROTES
LUCCHETTI,UNIMARC,DESPENSA,21590.0,0.0,0.0,"[21590.0,0.0,0.0]","[3.1355382415256305,0.0,0.0]",0,DESPENSA Y ABARROTES
NUESTRA COCINA,UNIMARC,DESPENSA,1000.0,0.0,0.0,"[1000.0,0.0,0.0]","[0.14523104407251647,0.0,0.0]",0,DESPENSA Y ABARROTES
NUESTRA COCINA,UNIMARC,DESPENSA,690.0,0.0,0.0,"[690.0,0.0,0.0]","[0.10020942041003637,0.0,0.0]",0,DESPENSA Y ABARROTES
HELLMANNS,UNIMARC,DESPENSA,3490.0,0.0,0.0,"[3490.0,0.0,0.0]","[0.5068563438130825,0.0,0.0]",0,DESPENSA Y ABARROTES
TUCAPEL,UNIMARC,DESPENSA,2450.0,0.0,0.0,"[2450.0,0.0,0.0]","[0.35581605797766536,0.0,0.0]",0,DESPENSA Y ABARROTES
NUESTRA COCINA,UNIMARC,DESPENSA,1250.0,0.0,0.0,"[1250.0,0.0,0.0]","[0.1815388050906456,0.0,0.0]",0,DESPENSA Y ABARROTES
NUESTRA COCINA,UNIMARC,DESPENSA,690.0,0.0,0.0,"[690.0,0.0,0.0]","[0.10020942041003637,0.0,0.0]",0,DESPENSA Y ABARROTES
POMAROLA,UNIMARC,DESPENSA,4150.0,0.0,0.0,"[4150.0,0.0,0.0]","[0.6027088329009433,0.0,0.0]",0,DESPENSA Y ABARROTES
MARCO POLO,UNIMARC,DESPENSA,2000.0,0.0,0.0,"[2000.0,0.0,0.0]","[0.29046208814503294,0.0,0.0]",0,DESPENSA Y ABARROTES
MONT BLANC,UNIMARC,DESPENSA,1100.0,0.0,0.0,"[1100.0,0.0,0.0]","[0.15975414847976813,0.0,0.0]",0,DESPENSA Y ABARROTES
NUESTRA COCINA,UNIMARC,DESPENSA,1000.0,0.0,0.0,"[1000.0,0.0,0.0]","[0.14523104407251647,0.0,0.0]",0,DESPENSA Y ABARROTES
CLUB SOCIAL,UNIMARC,DESPENSA,33990.0,0.0,0.0,"[33990.0,0.0,0.0]","[4.936403188024835,0.0,0.0]",0,DESPENSA Y ABARROTES
NUESTRA COCINA,UNIMARC,DESPENSA,1990.0,0.0,0.0,"[1990.0,0.0,0.0]","[0.2890097777043078,0.0,0.0]",0,DESPENSA Y ABARROTES
NUESTRA COCINA,UNIMARC,DESPENSA,1000.0,0.0,0.0,"[1000.0,0.0,0.0]","[0.14523104407251647,0.0,0.0]",0,DESPENSA Y ABARROTES
MERKAT,UNIMARC,DESPENSA,1190.0,0.0,0.0,"[1190.0,0.0,0.0]","[0.1728249424462946,0.0,0.0]",0,DESPENSA Y ABARROTES
MERKAT,UNIMARC,DESPENSA,990.0,0.0,0.0,"[990.0,0.0,0.0]","[0.1437787336317913,0.0,0.0]",0,DESPENSA Y ABARROTES
LUCCHETTI,UNIMARC,DESPENSA,3290.0,0.0,0.0,"[3290.0,0.0,0.0]","[0.4778101349985792,0.0,0.0]",0,DESPENSA Y ABARROTES
LUCCHETTI,UNIMARC,DESPENSA,21500.0,0.0,0.0,"[21500.0,0.0,0.0]","[3.1224674475591043,0.0,0.0]",0,DESPENSA Y ABARROTES
NUESTRA COCINA,UNIMARC,DESPENSA,3000.0,0.0,0.0,"[3000.0,0.0,0.0]","[0.4356931322175494,0.0,0.0]",0,DESPENSA Y ABARROTES
NUESTRA COCINA,UNIMARC,DESPENSA,3000.0,0.0,0.0,"[3000.0,0.0,0.0]","[0.4356931322175494,0.0,0.0]",0,DESPENSA Y ABARROTES
ROBINSON CRUSOE,UNIMARC,DESPENSA,1990.0,0.0,0.0,"[1990.0,0.0,0.0]","[0.2890097777043078,0.0,0.0]",0,DESPENSA Y ABARROTES
CAROZZI,UNIMARC,DESPENSA,510.0,0.0,0.0,"[510.0,0.0,0.0]","[0.0740678324769834,0.0,0.0]",0,DESPENSA Y ABARROTES
MAGGI,UNIMARC,DESPENSA,1390.0,0.0,0.0,"[1390.0,0.0,0.0]","[0.2018711512607979,0.0,0.0]",0,DESPENSA Y ABARROTES
VAN CAMPS,UNIMARC,DESPENSA,23000.0,0.0,0.0,"[23000.0,0.0,0.0]","[3.340314013667879,0.0,0.0]",0,DESPENSA Y ABARROTES
NUESTRA COCINA,UNIMARC,DESPENSA,12990.0,0.0,0.0,"[12990.0,0.0,0.0]","[1.8865512625019891,0.0,0.0]",0,DESPENSA Y ABARROTES
CAROZZI,UNIMARC,DESPENSA,21490.0,0.0,0.0,"[21490.0,0.0,0.0]","[3.121015137118379,0.0,0.0]",0,DESPENSA Y ABARROTES
MERKAT,UNIMARC,DESPENSA,8390.0,0.0,0.0,"[8390.0,0.0,0.0]","[1.2184884597684131,0.0,0.0]",0,DESPENSA Y ABARROTES
NUESTRA COCINA,UNIMARC,DESPENSA,23000.0,0.0,0.0,"[23000.0,0.0,0.0]","[3.340314013667879,0.0,0.0]",0,DESPENSA Y ABARROTES
LOBOS,UNIMARC,DESPENSA,610.0,0.0,0.0,"[610.0,0.0,0.0]","[0.08859093688423506,0.0,0.0]",0,DESPENSA Y ABARROTES
CAROZZI,UNIMARC,DESPENSA,21590.0,0.0,0.0,"[21590.0,0.0,0.0]","[3.1355382415256305,0.0,0.0]",0,DESPENSA Y ABARROTES
NUESTRA COCINA,UNIMARC,DESPENSA,2550.0,0.0,0.0,"[2550.0,0.0,0.0]","[0.370339162384917,0.0,0.0]",0,DESPENSA Y ABARROTES
CHEF,UNIMARC,DESPENSA,3750.0,0.0,0.0,"[3750.0,0.0,0.0]","[0.5446164152719368,0.0,0.0]",0,DESPENSA Y ABARROTES
DOÑA CLARA,UNIMARC,DESPENSA,21000.0,0.0,0.0,"[21000.0,0.0,0.0]","[3.049851925522846,0.0,0.0]",0,DESPENSA Y ABARROTES
LUCCHETTI,UNIMARC,DESPENSA,21590.0,0.0,0.0,"[21590.0,0.0,0.0]","[3.1355382415256305,0.0,0.0]",0,DESPENSA Y ABARROTES
LAYS,UNIMARC,DESPENSA,2000.0,0.0,0.0,"[2000.0,0.0,0.0]","[0.29046208814503294,0.0,0.0]",0,DESPENSA Y ABARROTES
VAN CAMPS,UNIMARC,DESPENSA,1990.0,0.0,0.0,"[1990.0,0.0,0.0]","[0.2890097777043078,0.0,0.0]",0,DESPENSA Y ABARROTES
NUESTRA COCINA,UNIMARC,DESPENSA,1490.0,0.0,0.0,"[1490.0,0.0,0.0]","[0.21639425566804954,0.0,0.0]",0,DESPENSA Y ABARROTES
LAYS,UNIMARC,DESPENSA,2000.0,0.0,0.0,"[2000.0,0.0,0.0]","[0.29046208814503294,0.0,0.0]",0,DESPENSA Y ABARROTES
NUESTRA COCINA,UNIMARC,DESPENSA,690.0,0.0,0.0,"[690.0,0.0,0.0]","[0.10020942041003637,0.0,0.0]",0,DESPENSA Y ABARROTES
KRAFT,UNIMARC,DESPENSA,7290.0,0.0,0.0,"[7290.0,0.0,0.0]","[1.0587343112886451,0.0,0.0]",0,DESPENSA Y ABARROTES
NUESTRA COCINA,UNIMARC,DESPENSA,1000.0,0.0,0.0,"[1000.0,0.0,0.0]","[0.14523104407251647,0.0,0.0]",0,DESPENSA Y ABARROTES
NUESTRA COCINA,UNIMARC,DESPENSA,450.0,0.0,0.0,"[450.0,0.0,0.0]","[0.06535396983263242,0.0,0.0]",0,DESPENSA Y ABARROTES
TUCAPEL,UNIMARC,DESPENSA,2590.0,0.0,0.0,"[2590.0,0.0,0.0]","[0.3761484041478177,0.0,0.0]",0,DESPENSA Y ABARROTES
CARAVELLA,UNIMARC,DESPENSA,6990.0,0.0,0.0,"[6990.0,0.0,0.0]","[1.0151649980668902,0.0,0.0]",0,DESPENSA Y ABARROTES
MONT BLANC,UNIMARC,DESPENSA,1390.0,0.0,0.0,"[1390.0,0.0,0.0]","[0.2018711512607979,0.0,0.0]",0,DESPENSA Y ABARROTES
NUESTRA COCINA,UNIMARC,DESPENSA,690.0,0.0,0.0,"[690.0,0.0,0.0]","[0.10020942041003637,0.0,0.0]",0,DESPENSA Y ABARROTES
MERKAT,UNIMARC,DESPENSA,880.0,0.0,0.0,"[880.0,0.0,0.0]","[0.1278033187838145,0.0,0.0]",0,DESPENSA Y ABARROTES
CAROZZI,UNIMARC,DESPENSA,21590.0,0.0,0.0,"[21590.0,0.0,0.0]","[3.1355382415256305,0.0,0.0]",0,DESPENSA Y ABARROTES
NUESTRA COCINA,UNIMARC,DESPENSA,1650.0,0.0,0.0,"[1650.0,0.0,0.0]","[0.23963122271965218,0.0,0.0]",0,DESPENSA Y ABARROTES
LAYS,UNIMARC,DESPENSA,2490.0,0.0,0.0,"[2490.0,0.0,0.0]","[0.361625299740566,0.0,0.0]",0,DESPENSA Y ABARROTES
LAYS,UNIMARC,DESPENSA,1743.0,0.0,0.0,"[1743.0,0.0,0.0]","[0.25313770981839623,0.0,0.0]",0,DESPENSA Y ABARROTES
CHEF,UNIMARC,DESPENSA,7750.0,0.0,0.0,"[7750.0,0.0,0.0]","[1.1255405915620027,0.0,0.0]",0,DESPENSA Y ABARROTES
TRAVERSO,UNIMARC,DESPENSA,1000.0,0.0,0.0,"[1000.0,0.0,0.0]","[0.14523104407251647,0.0,0.0]",0,DESPENSA Y ABARROTES
LAYS,UNIMARC,DESPENSA,2490.0,0.0,0.0,"[2490.0,0.0,0.0]","[0.361625299740566,0.0,0.0]",0,DESPENSA Y ABARROTES
KRYZPO,UNIMARC,DESPENSA,23280.0,0.0,0.0,"[23280.0,0.0,0.0]","[3.3809787060081837,0.0,0.0]",0,DESPENSA Y ABARROTES
LUCCHETTI,UNIMARC,DESPENSA,21590.0,0.0,0.0,"[21590.0,0.0,0.0]","[3.1355382415256305,0.0,0.0]",0,DESPENSA Y ABARROTES
LUCCHETTI,UNIMARC,DESPENSA,21500.0,0.0,0.0,"[21500.0,0.0,0.0]","[3.1224674475591043,0.0,0.0]",0,DESPENSA Y ABARROTES
LAYS,UNIMARC,DESPENSA,2490.0,0.0,0.0,"[2490.0,0.0,0.0]","[0.361625299740566,0.0,0.0]",0,DESPENSA Y ABARROTES
MAGGI,UNIMARC,DESPENSA,31430.0,0.0,0.0,"[31430.0,0.0,0.0]","[4.5646117151991925,0.0,0.0]",0,DESPENSA Y ABARROTES
NUESTRA COCINA,UNIMARC,DESPENSA,4450.0,0.0,0.0,"[4450.0,0.0,0.0]","[0.6462781461226983,0.0,0.0]",0,DESPENSA Y ABARROTES
ANGELMO,UNIMARC,DESPENSA,1190.0,0.0,0.0,"[1190.0,0.0,0.0]","[0.1728249424462946,0.0,0.0]",0,DESPENSA Y ABARROTES
CAROZZI,UNIMARC,DESPENSA,21600.0,0.0,0.0,"[21600.0,0.0,0.0]","[3.1369905519663557,0.0,0.0]",0,DESPENSA Y ABARROTES
NUESTRA COCINA,UNIMARC,DESPENSA,3250.0,0.0,0.0,"[3250.0,0.0,0.0]","[0.47200089323567856,0.0,0.0]",0,DESPENSA Y ABARROTES
EVERCRISP,UNIMARC,DESPENSA,2090.0,0.0,0.0,"[2090.0,0.0,0.0]","[0.30353288211155943,0.0,0.0]",0,DESPENSA Y ABARROTES
LUCCHETTI,UNIMARC,DESPENSA,1090.0,0.0,0.0,"[1090.0,0.0,0.0]","[0.15830183803904296,0.0,0.0]",0,DESPENSA Y ABARROTES
NUESTRA COCINA,UNIMARC,DESPENSA,2690.0,0.0,0.0,"[2690.0,0.0,0.0]","[0.3906715085550693,0.0,0.0]",0,DESPENSA Y ABARROTES
TRATTORIA,UNIMARC,DESPENSA,890.0,0.0,0.0,"[890.0,0.0,0.0]","[0.12925562922453968,0.0,0.0]",0,DESPENSA Y ABARROTES
LUCCHETTI,UNIMARC,DESPENSA,1090.0,0.0,0.0,"[1090.0,0.0,0.0]","[0.15830183803904296,0.0,0.0]",0,DESPENSA Y ABARROTES
KRYZPO,UNIMARC,DESPENSA,23280.0,0.0,0.0,"[23280.0,0.0,0.0]","[3.3809787060081837,0.0,0.0]",0,DESPENSA Y ABARROTES
SELZ,UNIMARC,DESPENSA,1190.0,0.0,0.0,"[1190.0,0.0,0.0]","[0.1728249424462946,0.0,0.0]",0,DESPENSA Y ABARROTES
MAGGI,UNIMARC,DESPENSA,21200.0,0.0,0.0,"[21200.0,0.0,0.0]","[3.0788981343373494,0.0,0.0]",0,DESPENSA Y ABARROTES
CAROZZI,UNIMARC,DESPENSA,2590.0,0.0,0.0,"[2590.0,0.0,0.0]","[0.3761484041478177,0.0,0.0]",0,DESPENSA Y ABARROTES
MAGGI,UNIMARC,DESPENSA,31550.0,0.0,0.0,"[31550.0,0.0,0.0]","[4.582039440487895,0.0,0.0]",0,DESPENSA Y ABARROTES
LAYS,UNIMARC,DESPENSA,1900.0,0.0,0.0,"[1900.0,0.0,0.0]","[0.2759389837377813,0.0,0.0]",0,DESPENSA Y ABARROTES
NUESTRA COCINA,UNIMARC,DESPENSA,3650.0,0.0,0.0,"[3650.0,0.0,0.0]","[0.5300933108646851,0.0,0.0]",0,DESPENSA Y ABARROTES
NUESTRA COCINA,UNIMARC,DESPENSA,1000.0,0.0,0.0,"[1000.0,0.0,0.0]","[0.14523104407251647,0.0,0.0]",0,DESPENSA Y ABARROTES
TRATTORIA,UNIMARC,DESPENSA,890.0,0.0,0.0,"[890.0,0.0,0.0]","[0.12925562922453968,0.0,0.0]",0,DESPENSA Y ABARROTES
MARCO POLO,UNIMARC,DESPENSA,2000.0,0.0,0.0,"[2000.0,0.0,0.0]","[0.29046208814503294,0.0,0.0]",0,DESPENSA Y ABARROTES
EVERCRISP,UNIMARC,DESPENSA,2090.0,0.0,0.0,"[2090.0,0.0,0.0]","[0.30353288211155943,0.0,0.0]",0,DESPENSA Y ABARROTES
NUESTRA COCINA,UNIMARC,DESPENSA,690.0,0.0,0.0,"[690.0,0.0,0.0]","[0.10020942041003637,0.0,0.0]",0,DESPENSA Y ABARROTES
CAROZZI,UNIMARC,DESPENSA,990.0,0.0,0.0,"[990.0,0.0,0.0]","[0.1437787336317913,0.0,0.0]",0,DESPENSA Y ABARROTES
MERKAT,UNIMARC,DESPENSA,390.0,0.0,0.0,"[390.0,0.0,0.0]","[0.05664010718828143,0.0,0.0]",0,DESPENSA Y ABARROTES
CAROZZI,UNIMARC,DESPENSA,21590.0,0.0,0.0,"[21590.0,0.0,0.0]","[3.1355382415256305,0.0,0.0]",0,DESPENSA Y ABARROTES
WASIL,UNIMARC,DESPENSA,1790.0,0.0,0.0,"[1790.0,0.0,0.0]","[0.2599635688898045,0.0,0.0]",0,DESPENSA Y ABARROTES
CAROZZI,UNIMARC,DESPENSA,21590.0,0.0,0.0,"[21590.0,0.0,0.0]","[3.1355382415256305,0.0,0.0]",0,DESPENSA Y ABARROTES
MAGGI,UNIMARC,DESPENSA,21200.0,0.0,0.0,"[21200.0,0.0,0.0]","[3.0788981343373494,0.0,0.0]",0,DESPENSA Y ABARROTES
CAROZZI,UNIMARC,DESPENSA,21590.0,0.0,0.0,"[21590.0,0.0,0.0]","[3.1355382415256305,0.0,0.0]",0,DESPENSA Y ABARROTES
CAROZZI,UNIMARC,DESPENSA,1950.0,0.0,0.0,"[1950.0,0.0,0.0]","[0.28320053594140715,0.0,0.0]",0,DESPENSA Y ABARROTES
CLUB SOCIAL,UNIMARC,DESPENSA,22780.0,0.0,0.0,"[22780.0,0.0,0.0]","[3.308363183971925,0.0,0.0]",0,DESPENSA Y ABARROTES
TRAVERSO,UNIMARC,DESPENSA,990.0,0.0,0.0,"[990.0,0.0,0.0]","[0.1437787336317913,0.0,0.0]",0,DESPENSA Y ABARROTES
MAGGI,UNIMARC,DESPENSA,31510.0,0.0,0.0,"[31510.0,0.0,0.0]","[4.5762301987249945,0.0,0.0]",0,DESPENSA Y ABARROTES
CAROZZI,UNIMARC,DESPENSA,21590.0,0.0,0.0,"[21590.0,0.0,0.0]","[3.1355382415256305,0.0,0.0]",0,DESPENSA Y ABARROTES
KRAFT,UNIMARC,DESPENSA,4250.0,0.0,0.0,"[4250.0,0.0,0.0]","[0.617231937308195,0.0,0.0]",0,DESPENSA Y ABARROTES
MAGGI,UNIMARC,DESPENSA,21200.0,0.0,0.0,"[21200.0,0.0,0.0]","[3.0788981343373494,0.0,0.0]",0,DESPENSA Y ABARROTES
NUESTRA COCINA,UNIMARC,DESPENSA,2000.0,0.0,0.0,"[2000.0,0.0,0.0]","[0.29046208814503294,0.0,0.0]",0,DESPENSA Y ABARROTES
HELLMANNS,UNIMARC,DESPENSA,5490.0,0.0,0.0,"[5490.0,0.0,0.0]","[0.7973184319581155,0.0,0.0]",0,DESPENSA Y ABARROTES
MAGGI,UNIMARC,DESPENSA,31460.0,0.0,0.0,"[31460.0,0.0,0.0]","[4.568968646521368,0.0,0.0]",0,DESPENSA Y ABARROTES
MERKAT,UNIMARC,DESPENSA,950.0,0.0,0.0,"[950.0,0.0,0.0]","[0.13796949186889065,0.0,0.0]",0,DESPENSA Y ABARROTES
RITZ,UNIMARC,DESPENSA,590.0,0.0,0.0,"[590.0,0.0,0.0]","[0.08568631600278472,0.0,0.0]",0,DESPENSA Y ABARROTES
NUESTRA COCINA,UNIMARC,DESPENSA,23000.0,0.0,0.0,"[23000.0,0.0,0.0]","[3.340314013667879,0.0,0.0]",0,DESPENSA Y ABARROTES
NUESTRA COCINA,UNIMARC,DESPENSA,700.0,0.0,0.0,"[700.0,0.0,0.0]","[0.10166173085076154,0.0,0.0]",0,DESPENSA Y ABARROTES
POMAROLA,UNIMARC,DESPENSA,870.0,0.0,0.0,"[870.0,0.0,0.0]","[0.12635100834308932,0.0,0.0]",0,DESPENSA Y ABARROTES
NUESTRA COCINA,UNIMARC,DESPENSA,2890.0,0.0,0.0,"[2890.0,0.0,0.0]","[0.41971771736957264,0.0,0.0]",0,DESPENSA Y ABARROTES
TRATTORIA,UNIMARC,DESPENSA,890.0,0.0,0.0,"[890.0,0.0,0.0]","[0.12925562922453968,0.0,0.0]",0,DESPENSA Y ABARROTES
MAGGI,UNIMARC,DESPENSA,21200.0,0.0,0.0,"[21200.0,0.0,0.0]","[3.0788981343373494,0.0,0.0]",0,DESPENSA Y ABARROTES
LECHE SUR,UNIMARC,DESPENSA,22880.0,0.0,0.0,"[22880.0,0.0,0.0]","[3.322886288379177,0.0,0.0]",0,DESPENSA Y ABARROTES
CHEETOS,UNIMARC,DESPENSA,1650.0,0.0,0.0,"[1650.0,0.0,0.0]","[0.23963122271965218,0.0,0.0]",0,DESPENSA Y ABARROTES
NUESTRA COCINA,UNIMARC,DESPENSA,23000.0,0.0,0.0,"[23000.0,0.0,0.0]","[3.340314013667879,0.0,0.0]",0,DESPENSA Y ABARROTES
CLUB SOCIAL,UNIMARC,DESPENSA,22780.0,0.0,0.0,"[22780.0,0.0,0.0]","[3.308363183971925,0.0,0.0]",0,DESPENSA Y ABARROTES
NUESTRA COCINA,UNIMARC,DESPENSA,5000.0,0.0,0.0,"[5000.0,0.0,0.0]","[0.7261552203625824,0.0,0.0]",0,DESPENSA Y ABARROTES
PANCHO VILLA,UNIMARC,DESPENSA,1000.0,0.0,0.0,"[1000.0,0.0,0.0]","[0.14523104407251647,0.0,0.0]",0,DESPENSA Y ABARROTES
MAGGI,UNIMARC,DESPENSA,31550.0,0.0,0.0,"[31550.0,0.0,0.0]","[4.582039440487895,0.0,0.0]",0,DESPENSA Y ABARROTES
MAGGI,UNIMARC,DESPENSA,31460.0,0.0,0.0,"[31460.0,0.0,0.0]","[4.568968646521368,0.0,0.0]",0,DESPENSA Y ABARROTES
EVERCRISP,UNIMARC,DESPENSA,2000.0,0.0,0.0,"[2000.0,0.0,0.0]","[0.29046208814503294,0.0,0.0]",0,DESPENSA Y ABARROTES
MARCO POLO,UNIMARC,DESPENSA,1000.0,0.0,0.0,"[1000.0,0.0,0.0]","[0.14523104407251647,0.0,0.0]",0,DESPENSA Y ABARROTES
CLUB SOCIAL,UNIMARC,DESPENSA,22780.0,0.0,0.0,"[22780.0,0.0,0.0]","[3.308363183971925,0.0,0.0]",0,DESPENSA Y ABARROTES
CAROZZI,UNIMARC,DESPENSA,3090.0,0.0,0.0,"[3090.0,0.0,0.0]","[0.4487639261840759,0.0,0.0]",0,DESPENSA Y ABARROTES
MAGGI,UNIMARC,DESPENSA,21200.0,0.0,0.0,"[21200.0,0.0,0.0]","[3.0788981343373494,0.0,0.0]",0,DESPENSA Y ABARROTES
MAGGI,UNIMARC,DESPENSA,31510.0,0.0,0.0,"[31510.0,0.0,0.0]","[4.5762301987249945,0.0,0.0]",0,DESPENSA Y ABARROTES
TUCAPEL,UNIMARC,DESPENSA,1790.0,0.0,0.0,"[1790.0,0.0,0.0]","[0.2599635688898045,0.0,0.0]",0,DESPENSA Y ABARROTES
LAYS,UNIMARC,DESPENSA,2250.0,0.0,0.0,"[2250.0,0.0,0.0]","[0.3267698491631621,0.0,0.0]",0,DESPENSA Y ABARROTES
IANSA CERO K,UNIMARC,DESPENSA,3490.0,0.0,0.0,"[3490.0,0.0,0.0]","[0.5068563438130825,0.0,0.0]",0,DESPENSA Y ABARROTES
CAROZZI,UNIMARC,DESPENSA,1390.0,0.0,0.0,"[1390.0,0.0,0.0]","[0.2018711512607979,0.0,0.0]",0,DESPENSA Y ABARROTES
TUCAPEL,UNIMARC,DESPENSA,1290.0,0.0,0.0,"[1290.0,0.0,0.0]","[0.18734804685354625,0.0,0.0]",0,DESPENSA Y ABARROTES
MAGGI,UNIMARC,DESPENSA,31550.0,0.0,0.0,"[31550.0,0.0,0.0]","[4.582039440487895,0.0,0.0]",0,DESPENSA Y ABARROTES
CARAVELLA,UNIMARC,DESPENSA,6990.0,0.0,0.0,"[6990.0,0.0,0.0]","[1.0151649980668902,0.0,0.0]",0,DESPENSA Y ABARROTES
BANQUETE,UNIMARC,DESPENSA,4390.0,0.0,0.0,"[4390.0,0.0,0.0]","[0.6375642834783474,0.0,0.0]",0,DESPENSA Y ABARROTES
NUESTRA COCINA,UNIMARC,DESPENSA,690.0,0.0,0.0,"[690.0,0.0,0.0]","[0.10020942041003637,0.0,0.0]",0,DESPENSA Y ABARROTES
HELLMANNS,UNIMARC,DESPENSA,1000.0,0.0,0.0,"[1000.0,0.0,0.0]","[0.14523104407251647,0.0,0.0]",0,DESPENSA Y ABARROTES
BANQUETE,UNIMARC,DESPENSA,2750.0,0.0,0.0,"[2750.0,0.0,0.0]","[0.3993853711994203,0.0,0.0]",0,DESPENSA Y ABARROTES
CAROZZI,UNIMARC,DESPENSA,990.0,0.0,0.0,"[990.0,0.0,0.0]","[0.1437787336317913,0.0,0.0]",0,DESPENSA Y ABARROTES
NATURA,UNIMARC,DESPENSA,2000.0,0.0,0.0,"[2000.0,0.0,0.0]","[0.29046208814503294,0.0,0.0]",0,DESPENSA Y ABARROTES
IANSA,UNIMARC,DESPENSA,1490.0,0.0,0.0,"[1490.0,0.0,0.0]","[0.21639425566804954,0.0,0.0]",0,DESPENSA Y ABARROTES
KARDAMILI,UNIMARC,DESPENSA,18890.0,0.0,0.0,"[18890.0,0.0,0.0]","[2.743414422529836,0.0,0.0]",0,DESPENSA Y ABARROTES
MAGGI,UNIMARC,DESPENSA,31200.0,0.0,0.0,"[31200.0,0.0,0.0]","[4.531208575062514,0.0,0.0]",0,DESPENSA Y ABARROTES
MERKAT,UNIMARC,DESPENSA,870.0,0.0,0.0,"[870.0,0.0,0.0]","[0.12635100834308932,0.0,0.0]",0,DESPENSA Y ABARROTES
JB,UNIMARC,DESPENSA,3090.0,0.0,0.0,"[3090.0,0.0,0.0]","[0.4487639261840759,0.0,0.0]",0,DESPENSA Y ABARROTES
IANSA,UNIMARC,DESPENSA,1350.0,0.0,0.0,"[1350.0,0.0,0.0]","[0.19606190949789723,0.0,0.0]",0,DESPENSA Y ABARROTES
PANCHO VILLA,UNIMARC,DESPENSA,950.0,0.0,0.0,"[950.0,0.0,0.0]","[0.13796949186889065,0.0,0.0]",0,DESPENSA Y ABARROTES
TRATTORIA,UNIMARC,DESPENSA,890.0,0.0,0.0,"[890.0,0.0,0.0]","[0.12925562922453968,0.0,0.0]",0,DESPENSA Y ABARROTES
CAROZZI,UNIMARC,DESPENSA,2850.0,0.0,0.0,"[2850.0,0.0,0.0]","[0.41390847560667193,0.0,0.0]",0,DESPENSA Y ABARROTES
NUESTRA COCINA,UNIMARC,DESPENSA,23000.0,0.0,0.0,"[23000.0,0.0,0.0]","[3.340314013667879,0.0,0.0]",0,DESPENSA Y ABARROTES
HELLMANNS,UNIMARC,DESPENSA,3000.0,0.0,0.0,"[3000.0,0.0,0.0]","[0.4356931322175494,0.0,0.0]",0,DESPENSA Y ABARROTES
MERKAT,UNIMARC,DESPENSA,880.0,0.0,0.0,"[880.0,0.0,0.0]","[0.1278033187838145,0.0,0.0]",0,DESPENSA Y ABARROTES
BUKA,UNIMARC,DESPENSA,1000.0,0.0,0.0,"[1000.0,0.0,0.0]","[0.14523104407251647,0.0,0.0]",0,DESPENSA Y ABARROTES
MAGGI,UNIMARC,DESPENSA,31120.0,0.0,0.0,"[31120.0,0.0,0.0]","[4.519590091536712,0.0,0.0]",0,DESPENSA Y ABARROTES
LUCCHETTI,UNIMARC,DESPENSA,980.0,0.0,0.0,"[980.0,0.0,0.0]","[0.14232642319106614,0.0,0.0]",0,DESPENSA Y ABARROTES
WASIL,UNIMARC,DESPENSA,23000.0,0.0,0.0,"[23000.0,0.0,0.0]","[3.340314013667879,0.0,0.0]",0,DESPENSA Y ABARROTES
LOS GRANOS,UNIMARC,DESPENSA,2300.0,0.0,0.0,"[2300.0,0.0,0.0]","[0.3340314013667879,0.0,0.0]",0,DESPENSA Y ABARROTES
EVERCRISP,UNIMARC,DESPENSA,1850.0,0.0,0.0,"[1850.0,0.0,0.0]","[0.26867743153415546,0.0,0.0]",0,DESPENSA Y ABARROTES
MERKAT,UNIMARC,DESPENSA,4150.0,0.0,0.0,"[4150.0,0.0,0.0]","[0.6027088329009433,0.0,0.0]",0,DESPENSA Y ABARROTES
LIVEAN,UNIMARC,DESPENSA,890.0,0.0,0.0,"[890.0,0.0,0.0]","[0.12925562922453968,0.0,0.0]",0,DESPENSA Y ABARROTES
NUESTRA COCINA,UNIMARC,DESPENSA,4000.0,0.0,0.0,"[4000.0,0.0,0.0]","[0.5809241762900659,0.0,0.0]",0,DESPENSA Y ABARROTES
VIVO,UNIMARC,DESPENSA,860.0,0.0,0.0,"[860.0,0.0,0.0]","[0.12489869790236417,0.0,0.0]",0,DESPENSA Y ABARROTES
NUESTRA COCINA,UNIMARC,DESPENSA,2150.0,0.0,0.0,"[2150.0,0.0,0.0]","[0.3122467447559104,0.0,0.0]",0,DESPENSA Y ABARROTES
MAGGI,UNIMARC,DESPENSA,31150.0,0.0,0.0,"[31150.0,0.0,0.0]","[4.523947022858888,0.0,0.0]",0,DESPENSA Y ABARROTES
LUCCHETTI,UNIMARC,DESPENSA,43000.0,0.0,0.0,"[43000.0,0.0,0.0]","[6.244934895118209,0.0,0.0]",0,DESPENSA Y ABARROTES
DAILY,UNIMARC,DESPENSA,4950.0,0.0,0.0,"[4950.0,0.0,0.0]","[0.7188936681589565,0.0,0.0]",0,DESPENSA Y ABARROTES
MAGGI,UNIMARC,DESPENSA,31150.0,0.0,0.0,"[31150.0,0.0,0.0]","[4.523947022858888,0.0,0.0]",0,DESPENSA Y ABARROTES
LUCCHETTI,UNIMARC,DESPENSA,980.0,0.0,0.0,"[980.0,0.0,0.0]","[0.14232642319106614,0.0,0.0]",0,DESPENSA Y ABARROTES
GOURMET,UNIMARC,DESPENSA,31000.0,0.0,0.0,"[31000.0,0.0,0.0]","[4.502162366248011,0.0,0.0]",0,DESPENSA Y ABARROTES
PF LISTO,UNIMARC,DESPENSA,4190.0,0.0,0.0,"[4190.0,0.0,0.0]","[0.608518074663844,0.0,0.0]",0,DESPENSA Y ABARROTES
MAGGI,UNIMARC,DESPENSA,31150.0,0.0,0.0,"[31150.0,0.0,0.0]","[4.523947022858888,0.0,0.0]",0,DESPENSA Y ABARROTES
BANQUETE,UNIMARC,DESPENSA,2590.0,0.0,0.0,"[2590.0,0.0,0.0]","[0.3761484041478177,0.0,0.0]",0,DESPENSA Y ABARROTES
MAGGI,UNIMARC,DESPENSA,1290.0,0.0,0.0,"[1290.0,0.0,0.0]","[0.18734804685354625,0.0,0.0]",0,DESPENSA Y ABARROTES
NUESTRA COCINA,UNIMARC,DESPENSA,700.0,0.0,0.0,"[700.0,0.0,0.0]","[0.10166173085076154,0.0,0.0]",0,DESPENSA Y ABARROTES
DORITOS,UNIMARC,DESPENSA,1000.0,0.0,0.0,"[1000.0,0.0,0.0]","[0.14523104407251647,0.0,0.0]",0,DESPENSA Y ABARROTES
DAILY,UNIMARC,DESPENSA,1650.0,0.0,0.0,"[1650.0,0.0,0.0]","[0.23963122271965218,0.0,0.0]",0,DESPENSA Y ABARROTES
MAGGI,UNIMARC,DESPENSA,31150.0,0.0,0.0,"[31150.0,0.0,0.0]","[4.523947022858888,0.0,0.0]",0,DESPENSA Y ABARROTES
GOURMET,UNIMARC,DESPENSA,31090.0,0.0,0.0,"[31090.0,0.0,0.0]","[4.515233160214537,0.0,0.0]",0,DESPENSA Y ABARROTES
GOURMET,UNIMARC,DESPENSA,31000.0,0.0,0.0,"[31000.0,0.0,0.0]","[4.502162366248011,0.0,0.0]",0,DESPENSA Y ABARROTES
MAGGI,UNIMARC,DESPENSA,1290.0,0.0,0.0,"[1290.0,0.0,0.0]","[0.18734804685354625,0.0,0.0]",0,DESPENSA Y ABARROTES
IANSA,UNIMARC,DESPENSA,7390.0,0.0,0.0,"[7390.0,0.0,0.0]","[1.0732574156958967,0.0,0.0]",0,DESPENSA Y ABARROTES
GOURMET,UNIMARC,DESPENSA,31000.0,0.0,0.0,"[31000.0,0.0,0.0]","[4.502162366248011,0.0,0.0]",0,DESPENSA Y ABARROTES
MAGGI,UNIMARC,DESPENSA,32200.0,0.0,0.0,"[32200.0,0.0,0.0]","[4.676439619135031,0.0,0.0]",0,DESPENSA Y ABARROTES
MIRAFLORES,UNIMARC,DESPENSA,2990.0,0.0,0.0,"[2990.0,0.0,0.0]","[0.43424082177682427,0.0,0.0]",0,DESPENSA Y ABARROTES
CRACKELET,UNIMARC,DESPENSA,1000.0,0.0,0.0,"[1000.0,0.0,0.0]","[0.14523104407251647,0.0,0.0]",0,DESPENSA Y ABARROTES
PANCHO VILLA,UNIMARC,DESPENSA,1000.0,0.0,0.0,"[1000.0,0.0,0.0]","[0.14523104407251647,0.0,0.0]",0,DESPENSA Y ABARROTES
GOURMET,UNIMARC,DESPENSA,31090.0,0.0,0.0,"[31090.0,0.0,0.0]","[4.515233160214537,0.0,0.0]",0,DESPENSA Y ABARROTES
TUCAPEL,UNIMARC,DESPENSA,1300.0,0.0,0.0,"[1300.0,0.0,0.0]","[0.18880035729427141,0.0,0.0]",0,DESPENSA Y ABARROTES
CHEF,UNIMARC,DESPENSA,16290.0,0.0,0.0,"[16290.0,0.0,0.0]","[2.3658137079412933,0.0,0.0]",0,DESPENSA Y ABARROTES
TRATTORIA,UNIMARC,DESPENSA,2380.0,0.0,0.0,"[2380.0,0.0,0.0]","[0.3456498848925892,0.0,0.0]",0,DESPENSA Y ABARROTES
NATUREZZA,UNIMARC,DESPENSA,31000.0,0.0,0.0,"[31000.0,0.0,0.0]","[4.502162366248011,0.0,0.0]",0,DESPENSA Y ABARROTES
LAYS,UNIMARC,DESPENSA,1890.0,0.0,0.0,"[1890.0,0.0,0.0]","[0.2744866732970561,0.0,0.0]",0,DESPENSA Y ABARROTES
TRAVERSO,UNIMARC,DESPENSA,4150.0,0.0,0.0,"[4150.0,0.0,0.0]","[0.6027088329009433,0.0,0.0]",0,DESPENSA Y ABARROTES
CAROZZI,UNIMARC,DESPENSA,1090.0,0.0,0.0,"[1090.0,0.0,0.0]","[0.15830183803904296,0.0,0.0]",0,DESPENSA Y ABARROTES
SELECTA,UNIMARC,DESPENSA,1400.0,0.0,0.0,"[1400.0,0.0,0.0]","[0.20332346170152307,0.0,0.0]",0,DESPENSA Y ABARROTES
LIVEAN,UNIMARC,DESPENSA,890.0,0.0,0.0,"[890.0,0.0,0.0]","[0.12925562922453968,0.0,0.0]",0,DESPENSA Y ABARROTES
PF LISTO,UNIMARC,DESPENSA,4190.0,0.0,0.0,"[4190.0,0.0,0.0]","[0.608518074663844,0.0,0.0]",0,DESPENSA Y ABARROTES
NUESTRA COCINA,UNIMARC,DESPENSA,790.0,0.0,0.0,"[790.0,0.0,0.0]","[0.11473252481728802,0.0,0.0]",0,DESPENSA Y ABARROTES
EVERCRISP,UNIMARC,DESPENSA,1000.0,0.0,0.0,"[1000.0,0.0,0.0]","[0.14523104407251647,0.0,0.0]",0,DESPENSA Y ABARROTES
NUESTRA COCINA,UNIMARC,DESPENSA,1690.0,0.0,0.0,"[1690.0,0.0,0.0]","[0.24544046448255286,0.0,0.0]",0,DESPENSA Y ABARROTES
NUESTRA COCINA,UNIMARC,DESPENSA,2690.0,0.0,0.0,"[2690.0,0.0,0.0]","[0.3906715085550693,0.0,0.0]",0,DESPENSA Y ABARROTES
CAROZZI,UNIMARC,DESPENSA,2590.0,0.0,0.0,"[2590.0,0.0,0.0]","[0.3761484041478177,0.0,0.0]",0,DESPENSA Y ABARROTES
NUESTRA COCINA,UNIMARC,DESPENSA,1500.0,0.0,0.0,"[1500.0,0.0,0.0]","[0.2178465661087747,0.0,0.0]",0,DESPENSA Y ABARROTES
NUESTRA COCINA,UNIMARC,DESPENSA,2000.0,0.0,0.0,"[2000.0,0.0,0.0]","[0.29046208814503294,0.0,0.0]",0,DESPENSA Y ABARROTES
NATURA,UNIMARC,DESPENSA,3590.0,0.0,0.0,"[3590.0,0.0,0.0]","[0.5213794482203341,0.0,0.0]",0,DESPENSA Y ABARROTES
TRAVERSO,UNIMARC,DESPENSA,2290.0,0.0,0.0,"[2290.0,0.0,0.0]","[0.33257909092606275,0.0,0.0]",0,DESPENSA Y ABARROTES
DAILY FRESH,UNIMARC,DESPENSA,2890.0,0.0,0.0,"[2890.0,0.0,0.0]","[0.41971771736957264,0.0,0.0]",0,DESPENSA Y ABARROTES
CRACKELET,UNIMARC,DESPENSA,1050.0,0.0,0.0,"[1050.0,0.0,0.0]","[0.1524925962761423,0.0,0.0]",0,DESPENSA Y ABARROTES
NUESTRA COCINA,UNIMARC,DESPENSA,2890.0,0.0,0.0,"[2890.0,0.0,0.0]","[0.41971771736957264,0.0,0.0]",0,DESPENSA Y ABARROTES
RECETA DEL ABUELO,UNIMARC,DESPENSA,3550.0,0.0,0.0,"[3550.0,0.0,0.0]","[0.5155702064574335,0.0,0.0]",0,DESPENSA Y ABARROTES
BANQUETE,UNIMARC,DESPENSA,9990.0,0.0,0.0,"[9990.0,0.0,0.0]","[1.4508581302844397,0.0,0.0]",0,DESPENSA Y ABARROTES
IANSA AGRO,UNIMARC,DESPENSA,1590.0,0.0,0.0,"[1590.0,0.0,0.0]","[0.2309173600753012,0.0,0.0]",0,DESPENSA Y ABARROTES
NUESTRA COCINA,UNIMARC,DESPENSA,790.0,0.0,0.0,"[790.0,0.0,0.0]","[0.11473252481728802,0.0,0.0]",0,DESPENSA Y ABARROTES
MARCO POLO,UNIMARC,DESPENSA,1000.0,0.0,0.0,"[1000.0,0.0,0.0]","[0.14523104407251647,0.0,0.0]",0,DESPENSA Y ABARROTES
NUESTRA COCINA,UNIMARC,DESPENSA,3590.0,0.0,0.0,"[3590.0,0.0,0.0]","[0.5213794482203341,0.0,0.0]",0,DESPENSA Y ABARROTES
LAS DOSCIENTAS,UNIMARC,DESPENSA,8750.0,0.0,0.0,"[8750.0,0.0,0.0]","[1.2707716356345191,0.0,0.0]",0,DESPENSA Y ABARROTES
ANGELMO,UNIMARC,DESPENSA,1390.0,0.0,0.0,"[1390.0,0.0,0.0]","[0.2018711512607979,0.0,0.0]",0,DESPENSA Y ABARROTES
EVERCRISP,UNIMARC,DESPENSA,2000.0,0.0,0.0,"[2000.0,0.0,0.0]","[0.29046208814503294,0.0,0.0]",0,DESPENSA Y ABARROTES
PANCHO VILLA,UNIMARC,DESPENSA,2990.0,0.0,0.0,"[2990.0,0.0,0.0]","[0.43424082177682427,0.0,0.0]",0,DESPENSA Y ABARROTES
TENTO,UNIMARC,DESPENSA,2990.0,0.0,0.0,"[2990.0,0.0,0.0]","[0.43424082177682427,0.0,0.0]",0,DESPENSA Y ABARROTES
WASIL,UNIMARC,DESPENSA,2250.0,0.0,0.0,"[2250.0,0.0,0.0]","[0.3267698491631621,0.0,0.0]",0,DESPENSA Y ABARROTES
TENTO,UNIMARC,DESPENSA,2850.0,0.0,0.0,"[2850.0,0.0,0.0]","[0.41390847560667193,0.0,0.0]",0,DESPENSA Y ABARROTES
NUESTRA COCINA,UNIMARC,DESPENSA,1790.0,0.0,0.0,"[1790.0,0.0,0.0]","[0.2599635688898045,0.0,0.0]",0,DESPENSA Y ABARROTES
DAILY,UNIMARC,DESPENSA,3640.0,0.0,0.0,"[3640.0,0.0,0.0]","[0.52864100042396,0.0,0.0]",0,DESPENSA Y ABARROTES
DAILY,UNIMARC,DESPENSA,3890.0,0.0,0.0,"[3890.0,0.0,0.0]","[0.564948761442089,0.0,0.0]",0,DESPENSA Y ABARROTES
IANSA,UNIMARC,DESPENSA,2450.0,0.0,0.0,"[2450.0,0.0,0.0]","[0.35581605797766536,0.0,0.0]",0,DESPENSA Y ABARROTES
LAYS,UNIMARC,DESPENSA,1000.0,0.0,0.0,"[1000.0,0.0,0.0]","[0.14523104407251647,0.0,0.0]",0,DESPENSA Y ABARROTES
NUESTRA COCINA,UNIMARC,DESPENSA,2490.0,0.0,0.0,"[2490.0,0.0,0.0]","[0.361625299740566,0.0,0.0]",0,DESPENSA Y ABARROTES
TENTO,UNIMARC,DESPENSA,1890.0,0.0,0.0,"[1890.0,0.0,0.0]","[0.2744866732970561,0.0,0.0]",0,DESPENSA Y ABARROTES
PF LISTO,UNIMARC,DESPENSA,3920.0,0.0,0.0,"[3920.0,0.0,0.0]","[0.5693056927642646,0.0,0.0]",0,DESPENSA Y ABARROTES
TRATTORIA,UNIMARC,DESPENSA,3690.0,0.0,0.0,"[3690.0,0.0,0.0]","[0.5359025526275858,0.0,0.0]",0,DESPENSA Y ABARROTES
POMAROLA,UNIMARC,DESPENSA,630.0,0.0,0.0,"[630.0,0.0,0.0]","[0.09149555776568538,0.0,0.0]",0,DESPENSA Y ABARROTES
EVERCRISP,UNIMARC,DESPENSA,1000.0,0.0,0.0,"[1000.0,0.0,0.0]","[0.14523104407251647,0.0,0.0]",0,DESPENSA Y ABARROTES
PF LISTO,UNIMARC,DESPENSA,3920.0,0.0,0.0,"[3920.0,0.0,0.0]","[0.5693056927642646,0.0,0.0]",0,DESPENSA Y ABARROTES
NUESTRA COCINA,UNIMARC,DESPENSA,7890.0,0.0,0.0,"[7890.0,0.0,0.0]","[1.145872937732155,0.0,0.0]",0,DESPENSA Y ABARROTES
HEINZ,UNIMARC,DESPENSA,2750.0,0.0,0.0,"[2750.0,0.0,0.0]","[0.3993853711994203,0.0,0.0]",0,DESPENSA Y ABARROTES
MARCO POLO,UNIMARC,DESPENSA,2350.0,0.0,0.0,"[2350.0,0.0,0.0]","[0.3412929535704137,0.0,0.0]",0,DESPENSA Y ABARROTES
TENTO,UNIMARC,DESPENSA,1194.0,0.0,0.0,"[1194.0,0.0,0.0]","[0.17340586662258467,0.0,0.0]",0,DESPENSA Y ABARROTES
DAILY,UNIMARC,DESPENSA,2290.0,0.0,0.0,"[2290.0,0.0,0.0]","[0.33257909092606275,0.0,0.0]",0,DESPENSA Y ABARROTES
SELECTA,UNIMARC,DESPENSA,2480.0,0.0,0.0,"[2480.0,0.0,0.0]","[0.3601729892998409,0.0,0.0]",0,DESPENSA Y ABARROTES
BUKA,UNIMARC,DESPENSA,1000.0,0.0,0.0,"[1000.0,0.0,0.0]","[0.14523104407251647,0.0,0.0]",0,DESPENSA Y ABARROTES
TENTO,UNIMARC,DESPENSA,1194.0,0.0,0.0,"[1194.0,0.0,0.0]","[0.17340586662258467,0.0,0.0]",0,DESPENSA Y ABARROTES
TENTO,UNIMARC,DESPENSA,1194.0,0.0,0.0,"[1194.0,0.0,0.0]","[0.17340586662258467,0.0,0.0]",0,DESPENSA Y ABARROTES
NUESTRA COCINA,UNIMARC,DESPENSA,1490.0,0.0,0.0,"[1490.0,0.0,0.0]","[0.21639425566804954,0.0,0.0]",0,DESPENSA Y ABARROTES
VIVO,UNIMARC,DESPENSA,860.0,0.0,0.0,"[860.0,0.0,0.0]","[0.12489869790236417,0.0,0.0]",0,DESPENSA Y ABARROTES
BUKA,UNIMARC,DESPENSA,1000.0,0.0,0.0,"[1000.0,0.0,0.0]","[0.14523104407251647,0.0,0.0]",0,DESPENSA Y ABARROTES
MAGGI,UNIMARC,DESPENSA,1400.0,0.0,0.0,"[1400.0,0.0,0.0]","[0.20332346170152307,0.0,0.0]",0,DESPENSA Y ABARROTES
GOURMET,UNIMARC,DESPENSA,840.0,0.0,0.0,"[840.0,0.0,0.0]","[0.12199407702091383,0.0,0.0]",0,DESPENSA Y ABARROTES
LAYS,UNIMARC,DESPENSA,2000.0,0.0,0.0,"[2000.0,0.0,0.0]","[0.29046208814503294,0.0,0.0]",0,DESPENSA Y ABARROTES
PF LISTO,UNIMARC,DESPENSA,4550.0,0.0,0.0,"[4550.0,0.0,0.0]","[0.66080125052995,0.0,0.0]",0,DESPENSA Y ABARROTES
TIKA,UNIMARC,DESPENSA,3590.0,0.0,0.0,"[3590.0,0.0,0.0]","[0.5213794482203341,0.0,0.0]",0,DESPENSA Y ABARROTES
TAKIS,UNIMARC,DESPENSA,1090.0,0.0,0.0,"[1090.0,0.0,0.0]","[0.15830183803904296,0.0,0.0]",0,DESPENSA Y ABARROTES
AMBROSOLI,UNIMARC,DESPENSA,1350.0,0.0,0.0,"[1350.0,0.0,0.0]","[0.19606190949789723,0.0,0.0]",0,DESPENSA Y ABARROTES
WASIL,UNIMARC,DESPENSA,2650.0,0.0,0.0,"[2650.0,0.0,0.0]","[0.3848622667921687,0.0,0.0]",0,DESPENSA Y ABARROTES
IANSA AGRO,UNIMARC,DESPENSA,1590.0,0.0,0.0,"[1590.0,0.0,0.0]","[0.2309173600753012,0.0,0.0]",0,DESPENSA Y ABARROTES
KIKKOMAN,UNIMARC,DESPENSA,10990.0,0.0,0.0,"[10990.0,0.0,0.0]","[1.596089174356956,0.0,0.0]",0,DESPENSA Y ABARROTES
RANA,UNIMARC,DESPENSA,3860.0,0.0,0.0,"[3860.0,0.0,0.0]","[0.5605918301199136,0.0,0.0]",0,DESPENSA Y ABARROTES
TRAVERSO,UNIMARC,DESPENSA,3290.0,0.0,0.0,"[3290.0,0.0,0.0]","[0.4778101349985792,0.0,0.0]",0,DESPENSA Y ABARROTES
NUESTRA COCINA,UNIMARC,DESPENSA,2490.0,0.0,0.0,"[2490.0,0.0,0.0]","[0.361625299740566,0.0,0.0]",0,DESPENSA Y ABARROTES
MARCO POLO,UNIMARC,DESPENSA,2350.0,0.0,0.0,"[2350.0,0.0,0.0]","[0.3412929535704137,0.0,0.0]",0,DESPENSA Y ABARROTES
VIVO,UNIMARC,DESPENSA,690.0,0.0,0.0,"[690.0,0.0,0.0]","[0.10020942041003637,0.0,0.0]",0,DESPENSA Y ABARROTES
LOS GRANOS,UNIMARC,DESPENSA,3950.0,0.0,0.0,"[3950.0,0.0,0.0]","[0.5736626240864401,0.0,0.0]",0,DESPENSA Y ABARROTES
BUKA,UNIMARC,DESPENSA,3090.0,0.0,0.0,"[3090.0,0.0,0.0]","[0.4487639261840759,0.0,0.0]",0,DESPENSA Y ABARROTES
CRACKELET,UNIMARC,DESPENSA,1050.0,0.0,0.0,"[1050.0,0.0,0.0]","[0.1524925962761423,0.0,0.0]",0,DESPENSA Y ABARROTES
NUESTRA COCINA,UNIMARC,DESPENSA,700.0,0.0,0.0,"[700.0,0.0,0.0]","[0.10166173085076154,0.0,0.0]",0,DESPENSA Y ABARROTES
IANSA AGRO,UNIMARC,DESPENSA,1590.0,0.0,0.0,"[1590.0,0.0,0.0]","[0.2309173600753012,0.0,0.0]",0,DESPENSA Y ABARROTES
TRAVERSO,UNIMARC,DESPENSA,1290.0,0.0,0.0,"[1290.0,0.0,0.0]","[0.18734804685354625,0.0,0.0]",0,DESPENSA Y ABARROTES
MARCO POLO,UNIMARC,DESPENSA,1500.0,0.0,0.0,"[1500.0,0.0,0.0]","[0.2178465661087747,0.0,0.0]",0,DESPENSA Y ABARROTES
TRAVERSO,UNIMARC,DESPENSA,3250.0,0.0,0.0,"[3250.0,0.0,0.0]","[0.47200089323567856,0.0,0.0]",0,DESPENSA Y ABARROTES
GIADA,UNIMARC,DESPENSA,12190.0,0.0,0.0,"[12190.0,0.0,0.0]","[1.7703664272439759,0.0,0.0]",0,DESPENSA Y ABARROTES
PERFECT CHOICE,UNIMARC,DESPENSA,4290.0,0.0,0.0,"[4290.0,0.0,0.0]","[0.6230411790710957,0.0,0.0]",0,DESPENSA Y ABARROTES
GOURMET,UNIMARC,DESPENSA,840.0,0.0,0.0,"[840.0,0.0,0.0]","[0.12199407702091383,0.0,0.0]",0,DESPENSA Y ABARROTES
SAN JOSE,UNIMARC,DESPENSA,1450.0,0.0,0.0,"[1450.0,0.0,0.0]","[0.2105850139051489,0.0,0.0]",0,DESPENSA Y ABARROTES
BUKA,UNIMARC,DESPENSA,1000.0,0.0,0.0,"[1000.0,0.0,0.0]","[0.14523104407251647,0.0,0.0]",0,DESPENSA Y ABARROTES
TIKA,UNIMARC,DESPENSA,3590.0,0.0,0.0,"[3590.0,0.0,0.0]","[0.5213794482203341,0.0,0.0]",0,DESPENSA Y ABARROTES
CAROZZI,UNIMARC,DESPENSA,1120.0,0.0,0.0,"[1120.0,0.0,0.0]","[0.16265876936121845,0.0,0.0]",0,DESPENSA Y ABARROTES
NUESTRA COCINA,UNIMARC,DESPENSA,1490.0,0.0,0.0,"[1490.0,0.0,0.0]","[0.21639425566804954,0.0,0.0]",0,DESPENSA Y ABARROTES
VIVO,UNIMARC,DESPENSA,860.0,0.0,0.0,"[860.0,0.0,0.0]","[0.12489869790236417,0.0,0.0]",0,DESPENSA Y ABARROTES
MARCO POLO,UNIMARC,DESPENSA,1500.0,0.0,0.0,"[1500.0,0.0,0.0]","[0.2178465661087747,0.0,0.0]",0,DESPENSA Y ABARROTES
HELLMANNS,UNIMARC,DESPENSA,1000.0,0.0,0.0,"[1000.0,0.0,0.0]","[0.14523104407251647,0.0,0.0]",0,DESPENSA Y ABARROTES
IANSA AGRO,UNIMARC,DESPENSA,3000.0,0.0,0.0,"[3000.0,0.0,0.0]","[0.4356931322175494,0.0,0.0]",0,DESPENSA Y ABARROTES
CARAVELLA,UNIMARC,DESPENSA,6990.0,0.0,0.0,"[6990.0,0.0,0.0]","[1.0151649980668902,0.0,0.0]",0,DESPENSA Y ABARROTES
SELECTA,UNIMARC,DESPENSA,2590.0,0.0,0.0,"[2590.0,0.0,0.0]","[0.3761484041478177,0.0,0.0]",0,DESPENSA Y ABARROTES
MARCO POLO,UNIMARC,DESPENSA,1500.0,0.0,0.0,"[1500.0,0.0,0.0]","[0.2178465661087747,0.0,0.0]",0,DESPENSA Y ABARROTES
TRAVERSO,UNIMARC,DESPENSA,2950.0,0.0,0.0,"[2950.0,0.0,0.0]","[0.4284315800139236,0.0,0.0]",0,DESPENSA Y ABARROTES
NUESTRA COCINA,UNIMARC,DESPENSA,3590.0,0.0,0.0,"[3590.0,0.0,0.0]","[0.5213794482203341,0.0,0.0]",0,DESPENSA Y ABARROTES
PANCHO VILLA,UNIMARC,DESPENSA,2990.0,0.0,0.0,"[2990.0,0.0,0.0]","[0.43424082177682427,0.0,0.0]",0,DESPENSA Y ABARROTES
MARCO POLO,UNIMARC,DESPENSA,1000.0,0.0,0.0,"[1000.0,0.0,0.0]","[0.14523104407251647,0.0,0.0]",0,DESPENSA Y ABARROTES
NUESTRA COCINA,UNIMARC,DESPENSA,2490.0,0.0,0.0,"[2490.0,0.0,0.0]","[0.361625299740566,0.0,0.0]",0,DESPENSA Y ABARROTES
EVERCRISP,UNIMARC,DESPENSA,1000.0,0.0,0.0,"[1000.0,0.0,0.0]","[0.14523104407251647,0.0,0.0]",0,DESPENSA Y ABARROTES
EVERCRISP,UNIMARC,DESPENSA,2000.0,0.0,0.0,"[2000.0,0.0,0.0]","[0.29046208814503294,0.0,0.0]",0,DESPENSA Y ABARROTES
TRAVERSO,UNIMARC,DESPENSA,1850.0,0.0,0.0,"[1850.0,0.0,0.0]","[0.26867743153415546,0.0,0.0]",0,DESPENSA Y ABARROTES
NUESTRA COCINA,UNIMARC,DESPENSA,690.0,0.0,0.0,"[690.0,0.0,0.0]","[0.10020942041003637,0.0,0.0]",0,DESPENSA Y ABARROTES
PF LISTO,UNIMARC,DESPENSA,4390.0,0.0,0.0,"[4390.0,0.0,0.0]","[0.6375642834783474,0.0,0.0]",0,DESPENSA Y ABARROTES
MARCO POLO,UNIMARC,DESPENSA,2350.0,0.0,0.0,"[2350.0,0.0,0.0]","[0.3412929535704137,0.0,0.0]",0,DESPENSA Y ABARROTES
MARCO POLO,UNIMARC,DESPENSA,1500.0,0.0,0.0,"[1500.0,0.0,0.0]","[0.2178465661087747,0.0,0.0]",0,DESPENSA Y ABARROTES
HEINZ,UNIMARC,DESPENSA,5950.0,0.0,0.0,"[5950.0,0.0,0.0]","[0.864124712231473,0.0,0.0]",0,DESPENSA Y ABARROTES
TRIBU,UNIMARC,DESPENSA,1000.0,0.0,0.0,"[1000.0,0.0,0.0]","[0.14523104407251647,0.0,0.0]",0,DESPENSA Y ABARROTES
AMBROSOLI,UNIMARC,DESPENSA,1060.0,0.0,0.0,"[1060.0,0.0,0.0]","[0.15394490671686747,0.0,0.0]",0,DESPENSA Y ABARROTES
RANA,UNIMARC,DESPENSA,5290.0,0.0,0.0,"[5290.0,0.0,0.0]","[0.7682722231436122,0.0,0.0]",0,DESPENSA Y ABARROTES
LOS GRANOS,UNIMARC,DESPENSA,2000.0,0.0,0.0,"[2000.0,0.0,0.0]","[0.29046208814503294,0.0,0.0]",0,DESPENSA Y ABARROTES
KIKKOMAN,UNIMARC,DESPENSA,5750.0,0.0,0.0,"[5750.0,0.0,0.0]","[0.8350785034169698,0.0,0.0]",0,DESPENSA Y ABARROTES
CARAVELLA,UNIMARC,DESPENSA,6990.0,0.0,0.0,"[6990.0,0.0,0.0]","[1.0151649980668902,0.0,0.0]",0,DESPENSA Y ABARROTES
MARCO POLO,UNIMARC,DESPENSA,1000.0,0.0,0.0,"[1000.0,0.0,0.0]","[0.14523104407251647,0.0,0.0]",0,DESPENSA Y ABARROTES
PERFECT CHOICE,UNIMARC,DESPENSA,3890.0,0.0,0.0,"[3890.0,0.0,0.0]","[0.564948761442089,0.0,0.0]",0,DESPENSA Y ABARROTES
HELLMANNS,UNIMARC,DESPENSA,3790.0,0.0,0.0,"[3790.0,0.0,0.0]","[0.5504256570348375,0.0,0.0]",0,DESPENSA Y ABARROTES
ALUSWEET,UNIMARC,DESPENSA,4390.0,0.0,0.0,"[4390.0,0.0,0.0]","[0.6375642834783474,0.0,0.0]",0,DESPENSA Y ABARROTES
RECETA DEL ABUELO,UNIMARC,DESPENSA,6890.0,0.0,0.0,"[6890.0,0.0,0.0]","[1.0006418936596386,0.0,0.0]",0,DESPENSA Y ABARROTES
ROBINSON CRUSOE,UNIMARC,DESPENSA,2730.0,0.0,0.0,"[2730.0,0.0,0.0]","[0.39648075031797,0.0,0.0]",0,DESPENSA Y ABARROTES
IANSA AGRO,UNIMARC,DESPENSA,3000.0,0.0,0.0,"[3000.0,0.0,0.0]","[0.4356931322175494,0.0,0.0]",0,DESPENSA Y ABARROTES
DAILY FRESH,UNIMARC,DESPENSA,2890.0,0.0,0.0,"[2890.0,0.0,0.0]","[0.41971771736957264,0.0,0.0]",0,DESPENSA Y ABARROTES
IANSA AGRO,UNIMARC,DESPENSA,3000.0,0.0,0.0,"[3000.0,0.0,0.0]","[0.4356931322175494,0.0,0.0]",0,DESPENSA Y ABARROTES
STOLLENWERK,UNIMARC,DESPENSA,3060.0,0.0,0.0,"[3060.0,0.0,0.0]","[0.44440699486190044,0.0,0.0]",0,DESPENSA Y ABARROTES
WASIL,UNIMARC,DESPENSA,2490.0,0.0,0.0,"[2490.0,0.0,0.0]","[0.361625299740566,0.0,0.0]",0,DESPENSA Y ABARROTES
MARCO POLO,UNIMARC,DESPENSA,1640.0,0.0,0.0,"[1640.0,0.0,0.0]","[0.238178912278927,0.0,0.0]",0,DESPENSA Y ABARROTES
PF LISTO,UNIMARC,DESPENSA,2990.0,0.0,0.0,"[2990.0,0.0,0.0]","[0.43424082177682427,0.0,0.0]",0,DESPENSA Y ABARROTES
PERFECT CHOICE,UNIMARC,DESPENSA,4390.0,0.0,0.0,"[4390.0,0.0,0.0]","[0.6375642834783474,0.0,0.0]",0,DESPENSA Y ABARROTES
TRIBU,UNIMARC,DESPENSA,1000.0,0.0,0.0,"[1000.0,0.0,0.0]","[0.14523104407251647,0.0,0.0]",0,DESPENSA Y ABARROTES
GOURMET,UNIMARC,DESPENSA,6690.0,0.0,0.0,"[6690.0,0.0,0.0]","[0.9715956848451353,0.0,0.0]",0,DESPENSA Y ABARROTES
CAROZZI,UNIMARC,DESPENSA,2600.0,0.0,0.0,"[2600.0,0.0,0.0]","[0.37760071458854283,0.0,0.0]",0,DESPENSA Y ABARROTES
MERKAT,UNIMARC,DESPENSA,480.0,0.0,0.0,"[480.0,0.0,0.0]","[0.06971090115480791,0.0,0.0]",0,DESPENSA Y ABARROTES
DAILY FRESH,UNIMARC,DESPENSA,2750.0,0.0,0.0,"[2750.0,0.0,0.0]","[0.3993853711994203,0.0,0.0]",0,DESPENSA Y ABARROTES
BARILLA,UNIMARC,DESPENSA,3950.0,0.0,0.0,"[3950.0,0.0,0.0]","[0.5736626240864401,0.0,0.0]",0,DESPENSA Y ABARROTES
KRYZPO,UNIMARC,DESPENSA,1000.0,0.0,0.0,"[1000.0,0.0,0.0]","[0.14523104407251647,0.0,0.0]",0,DESPENSA Y ABARROTES
PF LISTO,UNIMARC,DESPENSA,4390.0,0.0,0.0,"[4390.0,0.0,0.0]","[0.6375642834783474,0.0,0.0]",0,DESPENSA Y ABARROTES
GOURMET,UNIMARC,DESPENSA,750.0,0.0,0.0,"[750.0,0.0,0.0]","[0.10892328305438735,0.0,0.0]",0,DESPENSA Y ABARROTES
MARCO POLO,UNIMARC,DESPENSA,1000.0,0.0,0.0,"[1000.0,0.0,0.0]","[0.14523104407251647,0.0,0.0]",0,DESPENSA Y ABARROTES
TIKA,UNIMARC,DESPENSA,3590.0,0.0,0.0,"[3590.0,0.0,0.0]","[0.5213794482203341,0.0,0.0]",0,DESPENSA Y ABARROTES
PERFECT CHOICE,UNIMARC,DESPENSA,3830.0,0.0,0.0,"[3830.0,0.0,0.0]","[0.5562348987977381,0.0,0.0]",0,DESPENSA Y ABARROTES
PF LISTO,UNIMARC,DESPENSA,4390.0,0.0,0.0,"[4390.0,0.0,0.0]","[0.6375642834783474,0.0,0.0]",0,DESPENSA Y ABARROTES
ROBINSON CRUSOE,UNIMARC,DESPENSA,2730.0,0.0,0.0,"[2730.0,0.0,0.0]","[0.39648075031797,0.0,0.0]",0,DESPENSA Y ABARROTES
NUCETE,UNIMARC,DESPENSA,1850.0,0.0,0.0,"[1850.0,0.0,0.0]","[0.26867743153415546,0.0,0.0]",0,DESPENSA Y ABARROTES
NUESTRA COCINA,UNIMARC,DESPENSA,690.0,0.0,0.0,"[690.0,0.0,0.0]","[0.10020942041003637,0.0,0.0]",0,DESPENSA Y ABARROTES
RANA,UNIMARC,DESPENSA,3860.0,0.0,0.0,"[3860.0,0.0,0.0]","[0.5605918301199136,0.0,0.0]",0,DESPENSA Y ABARROTES
RANA,UNIMARC,DESPENSA,5890.0,0.0,0.0,"[5890.0,0.0,0.0]","[0.855410849587122,0.0,0.0]",0,DESPENSA Y ABARROTES
NUESTRA COCINA,UNIMARC,DESPENSA,690.0,0.0,0.0,"[690.0,0.0,0.0]","[0.10020942041003637,0.0,0.0]",0,DESPENSA Y ABARROTES
GOURMET,UNIMARC,DESPENSA,750.0,0.0,0.0,"[750.0,0.0,0.0]","[0.10892328305438735,0.0,0.0]",0,DESPENSA Y ABARROTES
WASIL,UNIMARC,DESPENSA,2650.0,0.0,0.0,"[2650.0,0.0,0.0]","[0.3848622667921687,0.0,0.0]",0,DESPENSA Y ABARROTES
SAF INSTANT,UNIMARC,DESPENSA,2890.0,0.0,0.0,"[2890.0,0.0,0.0]","[0.41971771736957264,0.0,0.0]",0,DESPENSA Y ABARROTES
PERFECT CHOICE,UNIMARC,DESPENSA,3160.0,0.0,0.0,"[3160.0,0.0,0.0]","[0.45893009926915207,0.0,0.0]",0,DESPENSA Y ABARROTES
PERFECT CHOICE,UNIMARC,DESPENSA,3830.0,0.0,0.0,"[3830.0,0.0,0.0]","[0.5562348987977381,0.0,0.0]",0,DESPENSA Y ABARROTES
PERFECT CHOICE,UNIMARC,DESPENSA,3520.0,0.0,0.0,"[3520.0,0.0,0.0]","[0.511213275135258,0.0,0.0]",0,DESPENSA Y ABARROTES
RANA,UNIMARC,DESPENSA,5890.0,0.0,0.0,"[5890.0,0.0,0.0]","[0.855410849587122,0.0,0.0]",0,DESPENSA Y ABARROTES
PERFECT CHOICE,UNIMARC,DESPENSA,2520.0,0.0,0.0,"[2520.0,0.0,0.0]","[0.3659822310627415,0.0,0.0]",0,DESPENSA Y ABARROTES
PERFECT CHOICE,UNIMARC,DESPENSA,5050.0,0.0,0.0,"[5050.0,0.0,0.0]","[0.7334167725662082,0.0,0.0]",0,DESPENSA Y ABARROTES
NUESTRA COCINA,UNIMARC,DESPENSA,3450.0,0.0,0.0,"[3450.0,0.0,0.0]","[0.5010471020501819,0.0,0.0]",0,DESPENSA Y ABARROTES
WASIL,UNIMARC,DESPENSA,1690.0,0.0,0.0,"[1690.0,0.0,0.0]","[0.24544046448255286,0.0,0.0]",0,DESPENSA Y ABARROTES
HELLMANNS,UNIMARC,DESPENSA,3490.0,0.0,0.0,"[3490.0,0.0,0.0]","[0.5068563438130825,0.0,0.0]",0,DESPENSA Y ABARROTES
SELECTA,UNIMARC,DESPENSA,2240.0,0.0,0.0,"[2240.0,0.0,0.0]","[0.3253175387224369,0.0,0.0]",0,DESPENSA Y ABARROTES
NUESTRA COCINA,UNIMARC,DESPENSA,690.0,0.0,0.0,"[690.0,0.0,0.0]","[0.10020942041003637,0.0,0.0]",0,DESPENSA Y ABARROTES
NUESTRA COCINA,UNIMARC,DESPENSA,1690.0,0.0,0.0,"[1690.0,0.0,0.0]","[0.24544046448255286,0.0,0.0]",0,DESPENSA Y ABARROTES
NUESTRA COCINA,UNIMARC,DESPENSA,1390.0,0.0,0.0,"[1390.0,0.0,0.0]","[0.2018711512607979,0.0,0.0]",0,DESPENSA Y ABARROTES
HELLMANNS,UNIMARC,DESPENSA,3390.0,0.0,0.0,"[3390.0,0.0,0.0]","[0.49233323940583085,0.0,0.0]",0,DESPENSA Y ABARROTES
TRAVERSO,UNIMARC,DESPENSA,2250.0,0.0,0.0,"[2250.0,0.0,0.0]","[0.3267698491631621,0.0,0.0]",0,DESPENSA Y ABARROTES
NUESTRA COCINA,UNIMARC,DESPENSA,1690.0,0.0,0.0,"[1690.0,0.0,0.0]","[0.24544046448255286,0.0,0.0]",0,DESPENSA Y ABARROTES
VALLE DEL NORTE,UNIMARC,DESPENSA,2650.0,0.0,0.0,"[2650.0,0.0,0.0]","[0.3848622667921687,0.0,0.0]",0,DESPENSA Y ABARROTES
RANA,UNIMARC,DESPENSA,3780.0,0.0,0.0,"[3780.0,0.0,0.0]","[0.5489733465941122,0.0,0.0]",0,DESPENSA Y ABARROTES
EVERCRISP,UNIMARC,DESPENSA,2990.0,0.0,0.0,"[2990.0,0.0,0.0]","[0.43424082177682427,0.0,0.0]",0,DESPENSA Y ABARROTES
WASIL,UNIMARC,DESPENSA,2790.0,0.0,0.0,"[2790.0,0.0,0.0]","[0.40519461296232095,0.0,0.0]",0,DESPENSA Y ABARROTES
EVERCRISP,UNIMARC,DESPENSA,2300.0,0.0,0.0,"[2300.0,0.0,0.0]","[0.3340314013667879,0.0,0.0]",0,DESPENSA Y ABARROTES
GOURMET,UNIMARC,DESPENSA,1350.0,0.0,0.0,"[1350.0,0.0,0.0]","[0.19606190949789723,0.0,0.0]",0,DESPENSA Y ABARROTES
LOBOS,UNIMARC,DESPENSA,1790.0,0.0,0.0,"[1790.0,0.0,0.0]","[0.2599635688898045,0.0,0.0]",0,DESPENSA Y ABARROTES
ALUSWEET,UNIMARC,DESPENSA,6990.0,0.0,0.0,"[6990.0,0.0,0.0]","[1.0151649980668902,0.0,0.0]",0,DESPENSA Y ABARROTES
RANA,UNIMARC,DESPENSA,5890.0,0.0,0.0,"[5890.0,0.0,0.0]","[0.855410849587122,0.0,0.0]",0,DESPENSA Y ABARROTES
VALLE DEL NORTE,UNIMARC,DESPENSA,2650.0,0.0,0.0,"[2650.0,0.0,0.0]","[0.3848622667921687,0.0,0.0]",0,DESPENSA Y ABARROTES
TRAVERSO,UNIMARC,DESPENSA,2350.0,0.0,0.0,"[2350.0,0.0,0.0]","[0.3412929535704137,0.0,0.0]",0,DESPENSA Y ABARROTES
VALLE DEL NORTE,UNIMARC,DESPENSA,2650.0,0.0,0.0,"[2650.0,0.0,0.0]","[0.3848622667921687,0.0,0.0]",0,DESPENSA Y ABARROTES
GOURMET,UNIMARC,DESPENSA,6690.0,0.0,0.0,"[6690.0,0.0,0.0]","[0.9715956848451353,0.0,0.0]",0,DESPENSA Y ABARROTES
SELECTA,UNIMARC,DESPENSA,2250.0,0.0,0.0,"[2250.0,0.0,0.0]","[0.3267698491631621,0.0,0.0]",0,DESPENSA Y ABARROTES
RANA,UNIMARC,DESPENSA,5290.0,0.0,0.0,"[5290.0,0.0,0.0]","[0.7682722231436122,0.0,0.0]",0,DESPENSA Y ABARROTES
IANSA AGRO,UNIMARC,DESPENSA,3000.0,0.0,0.0,"[3000.0,0.0,0.0]","[0.4356931322175494,0.0,0.0]",0,DESPENSA Y ABARROTES
PF LISTO,UNIMARC,DESPENSA,2990.0,0.0,0.0,"[2990.0,0.0,0.0]","[0.43424082177682427,0.0,0.0]",0,DESPENSA Y ABARROTES
DAILY FRESH,UNIMARC,DESPENSA,2750.0,0.0,0.0,"[2750.0,0.0,0.0]","[0.3993853711994203,0.0,0.0]",0,DESPENSA Y ABARROTES
VALLE DEL NORTE,UNIMARC,DESPENSA,2650.0,0.0,0.0,"[2650.0,0.0,0.0]","[0.3848622667921687,0.0,0.0]",0,DESPENSA Y ABARROTES
SELECTA,UNIMARC,DESPENSA,2280.0,0.0,0.0,"[2280.0,0.0,0.0]","[0.33112678048533756,0.0,0.0]",0,DESPENSA Y ABARROTES
WASIL,UNIMARC,DESPENSA,2490.0,0.0,0.0,"[2490.0,0.0,0.0]","[0.361625299740566,0.0,0.0]",0,DESPENSA Y ABARROTES
LAS DOSCIENTAS,UNIMARC,DESPENSA,8990.0,0.0,0.0,"[8990.0,0.0,0.0]","[1.305627086211923,0.0,0.0]",0,DESPENSA Y ABARROTES
MERKAT,UNIMARC,DESPENSA,8350.0,0.0,0.0,"[8350.0,0.0,0.0]","[1.2126792180055126,0.0,0.0]",0,DESPENSA Y ABARROTES
WASIL,UNIMARC,DESPENSA,2490.0,0.0,0.0,"[2490.0,0.0,0.0]","[0.361625299740566,0.0,0.0]",0,DESPENSA Y ABARROTES
NUESTRA COCINA,UNIMARC,DESPENSA,560.0,0.0,0.0,"[560.0,0.0,0.0]","[0.08132938468060923,0.0,0.0]",0,DESPENSA Y ABARROTES
NUESTRA COCINA,UNIMARC,DESPENSA,1390.0,0.0,0.0,"[1390.0,0.0,0.0]","[0.2018711512607979,0.0,0.0]",0,DESPENSA Y ABARROTES
WASIL,UNIMARC,DESPENSA,2390.0,0.0,0.0,"[2390.0,0.0,0.0]","[0.3471021953333144,0.0,0.0]",0,DESPENSA Y ABARROTES
HELLMANNS,UNIMARC,DESPENSA,4190.0,0.0,0.0,"[4190.0,0.0,0.0]","[0.608518074663844,0.0,0.0]",0,DESPENSA Y ABARROTES
VALLE DEL NORTE,UNIMARC,DESPENSA,2260.0,0.0,0.0,"[2260.0,0.0,0.0]","[0.32822215960388723,0.0,0.0]",0,DESPENSA Y ABARROTES
GOURMET,UNIMARC,DESPENSA,6000.0,0.0,0.0,"[6000.0,0.0,0.0]","[0.8713862644350988,0.0,0.0]",0,DESPENSA Y ABARROTES
TALLIANI,UNIMARC,DESPENSA,1250.0,0.0,0.0,"[1250.0,0.0,0.0]","[0.1815388050906456,0.0,0.0]",0,DESPENSA Y ABARROTES
IANSA AGRO,UNIMARC,DESPENSA,2490.0,0.0,0.0,"[2490.0,0.0,0.0]","[0.361625299740566,0.0,0.0]",0,DESPENSA Y ABARROTES
ROBINSON CRUSOE,UNIMARC,DESPENSA,22500.0,0.0,0.0,"[22500.0,0.0,0.0]","[3.2676984916316205,0.0,0.0]",0,DESPENSA Y ABARROTES
MIRAFLORES,UNIMARC,DESPENSA,2590.0,0.0,0.0,"[2590.0,0.0,0.0]","[0.3761484041478177,0.0,0.0]",0,DESPENSA Y ABARROTES
NUESTRA COCINA,UNIMARC,DESPENSA,2490.0,0.0,0.0,"[2490.0,0.0,0.0]","[0.361625299740566,0.0,0.0]",0,DESPENSA Y ABARROTES
NUESTRA COCINA,UNIMARC,DESPENSA,920.0,0.0,0.0,"[920.0,0.0,0.0]","[0.13361256054671516,0.0,0.0]",0,DESPENSA Y ABARROTES
SELECTA,UNIMARC,DESPENSA,7190.0,0.0,0.0,"[7190.0,0.0,0.0]","[1.0442112068813934,0.0,0.0]",0,DESPENSA Y ABARROTES
VALLE DEL NORTE,UNIMARC,DESPENSA,2420.0,0.0,0.0,"[2420.0,0.0,0.0]","[0.3514591266554899,0.0,0.0]",0,DESPENSA Y ABARROTES
COSTA,UNIMARC,DESPENSA,1350.0,0.0,0.0,"[1350.0,0.0,0.0]","[0.19606190949789723,0.0,0.0]",0,DESPENSA Y ABARROTES
WAITROSE,UNIMARC,DESPENSA,2690.0,0.0,0.0,"[2690.0,0.0,0.0]","[0.3906715085550693,0.0,0.0]",0,DESPENSA Y ABARROTES
NUESTRA COCINA,UNIMARC,DESPENSA,560.0,0.0,0.0,"[560.0,0.0,0.0]","[0.08132938468060923,0.0,0.0]",0,DESPENSA Y ABARROTES
MERKAT,UNIMARC,DESPENSA,700.0,0.0,0.0,"[700.0,0.0,0.0]","[0.10166173085076154,0.0,0.0]",0,DESPENSA Y ABARROTES
CAROZZI,UNIMARC,DESPENSA,850.0,0.0,0.0,"[850.0,0.0,0.0]","[0.12344638746163901,0.0,0.0]",0,DESPENSA Y ABARROTES
MERKAT,UNIMARC,DESPENSA,480.0,0.0,0.0,"[480.0,0.0,0.0]","[0.06971090115480791,0.0,0.0]",0,DESPENSA Y ABARROTES
HUASCO,UNIMARC,DESPENSA,16290.0,0.0,0.0,"[16290.0,0.0,0.0]","[2.3658137079412933,0.0,0.0]",0,DESPENSA Y ABARROTES
ESMERALDA,UNIMARC,DESPENSA,890.0,0.0,0.0,"[890.0,0.0,0.0]","[0.12925562922453968,0.0,0.0]",0,DESPENSA Y ABARROTES
AMBROSOLI,UNIMARC,DESPENSA,4990.0,0.0,0.0,"[4990.0,0.0,0.0]","[0.7247029099218573,0.0,0.0]",0,DESPENSA Y ABARROTES
PAN,UNIMARC,DESPENSA,1950.0,0.0,0.0,"[1950.0,0.0,0.0]","[0.28320053594140715,0.0,0.0]",0,DESPENSA Y ABARROTES
TUCAPEL,UNIMARC,DESPENSA,3250.0,0.0,0.0,"[3250.0,0.0,0.0]","[0.47200089323567856,0.0,0.0]",0,DESPENSA Y ABARROTES
EVERCRISP,UNIMARC,DESPENSA,2850.0,0.0,0.0,"[2850.0,0.0,0.0]","[0.41390847560667193,0.0,0.0]",0,DESPENSA Y ABARROTES
EVERCRISP,UNIMARC,DESPENSA,2390.0,0.0,0.0,"[2390.0,0.0,0.0]","[0.3471021953333144,0.0,0.0]",0,DESPENSA Y ABARROTES
CAROZZI,UNIMARC,DESPENSA,1250.0,0.0,0.0,"[1250.0,0.0,0.0]","[0.1815388050906456,0.0,0.0]",0,DESPENSA Y ABARROTES
HUASCO,UNIMARC,DESPENSA,7490.0,0.0,0.0,"[7490.0,0.0,0.0]","[1.0877805201031483,0.0,0.0]",0,DESPENSA Y ABARROTES
MERKAT,UNIMARC,DESPENSA,1450.0,0.0,0.0,"[1450.0,0.0,0.0]","[0.2105850139051489,0.0,0.0]",0,DESPENSA Y ABARROTES
BANQUETE,UNIMARC,DESPENSA,4650.0,0.0,0.0,"[4650.0,0.0,0.0]","[0.6753243549372017,0.0,0.0]",0,DESPENSA Y ABARROTES
TALLIANI,UNIMARC,DESPENSA,1350.0,0.0,0.0,"[1350.0,0.0,0.0]","[0.19606190949789723,0.0,0.0]",0,DESPENSA Y ABARROTES
CAROZZI,UNIMARC,DESPENSA,1150.0,0.0,0.0,"[1150.0,0.0,0.0]","[0.16701570068339394,0.0,0.0]",0,DESPENSA Y ABARROTES
MI TIERRA,UNIMARC,DESPENSA,9590.0,0.0,0.0,"[9590.0,0.0,0.0]","[1.392765712655433,0.0,0.0]",0,DESPENSA Y ABARROTES
NUESTRA COCINA,UNIMARC,DESPENSA,2690.0,0.0,0.0,"[2690.0,0.0,0.0]","[0.3906715085550693,0.0,0.0]",0,DESPENSA Y ABARROTES
TALLIANI,UNIMARC,DESPENSA,1350.0,0.0,0.0,"[1350.0,0.0,0.0]","[0.19606190949789723,0.0,0.0]",0,DESPENSA Y ABARROTES
POMAROLA,UNIMARC,DESPENSA,780.0,0.0,0.0,"[780.0,0.0,0.0]","[0.11328021437656285,0.0,0.0]",0,DESPENSA Y ABARROTES
TALLIANI,UNIMARC,DESPENSA,5190.0,0.0,0.0,"[5190.0,0.0,0.0]","[0.7537491187363605,0.0,0.0]",0,DESPENSA Y ABARROTES
GOURMET,UNIMARC,DESPENSA,3390.0,0.0,0.0,"[3390.0,0.0,0.0]","[0.49233323940583085,0.0,0.0]",0,DESPENSA Y ABARROTES
DON JUAN,UNIMARC,DESPENSA,2290.0,0.0,0.0,"[2290.0,0.0,0.0]","[0.33257909092606275,0.0,0.0]",0,DESPENSA Y ABARROTES
WASIL,UNIMARC,DESPENSA,1650.0,0.0,0.0,"[1650.0,0.0,0.0]","[0.23963122271965218,0.0,0.0]",0,DESPENSA Y ABARROTES
MARCO POLO,UNIMARC,DESPENSA,1390.0,0.0,0.0,"[1390.0,0.0,0.0]","[0.2018711512607979,0.0,0.0]",0,DESPENSA Y ABARROTES
NUESTRA COCINA,UNIMARC,DESPENSA,2590.0,0.0,0.0,"[2590.0,0.0,0.0]","[0.3761484041478177,0.0,0.0]",0,DESPENSA Y ABARROTES
GOURMET,UNIMARC,DESPENSA,1190.0,0.0,0.0,"[1190.0,0.0,0.0]","[0.1728249424462946,0.0,0.0]",0,DESPENSA Y ABARROTES
EVERCRISP,UNIMARC,DESPENSA,2390.0,0.0,0.0,"[2390.0,0.0,0.0]","[0.3471021953333144,0.0,0.0]",0,DESPENSA Y ABARROTES
NUESTRA COCINA,UNIMARC,DESPENSA,3590.0,0.0,0.0,"[3590.0,0.0,0.0]","[0.5213794482203341,0.0,0.0]",0,DESPENSA Y ABARROTES
KRAFT,UNIMARC,DESPENSA,3390.0,0.0,0.0,"[3390.0,0.0,0.0]","[0.49233323940583085,0.0,0.0]",0,DESPENSA Y ABARROTES
NUESTRA COCINA,UNIMARC,DESPENSA,450.0,0.0,0.0,"[450.0,0.0,0.0]","[0.06535396983263242,0.0,0.0]",0,DESPENSA Y ABARROTES
NUESTRA COCINA,UNIMARC,DESPENSA,1850.0,0.0,0.0,"[1850.0,0.0,0.0]","[0.26867743153415546,0.0,0.0]",0,DESPENSA Y ABARROTES
MARCO POLO,UNIMARC,DESPENSA,1090.0,0.0,0.0,"[1090.0,0.0,0.0]","[0.15830183803904296,0.0,0.0]",0,DESPENSA Y ABARROTES
GOURMET,UNIMARC,DESPENSA,2200.0,0.0,0.0,"[2200.0,0.0,0.0]","[0.31950829695953625,0.0,0.0]",0,DESPENSA Y ABARROTES
GOURMET,UNIMARC,DESPENSA,1850.0,0.0,0.0,"[1850.0,0.0,0.0]","[0.26867743153415546,0.0,0.0]",0,DESPENSA Y ABARROTES
GRILL,UNIMARC,DESPENSA,1750.0,0.0,0.0,"[1750.0,0.0,0.0]","[0.25415432712690383,0.0,0.0]",0,DESPENSA Y ABARROTES
GOURMET,UNIMARC,DESPENSA,1250.0,0.0,0.0,"[1250.0,0.0,0.0]","[0.1815388050906456,0.0,0.0]",0,DESPENSA Y ABARROTES
NUESTRA COCINA,UNIMARC,DESPENSA,920.0,0.0,0.0,"[920.0,0.0,0.0]","[0.13361256054671516,0.0,0.0]",0,DESPENSA Y ABARROTES
DON JUAN,UNIMARC,DESPENSA,2450.0,0.0,0.0,"[2450.0,0.0,0.0]","[0.35581605797766536,0.0,0.0]",0,DESPENSA Y ABARROTES
KRAFT,UNIMARC,DESPENSA,7750.0,0.0,0.0,"[7750.0,0.0,0.0]","[1.1255405915620027,0.0,0.0]",0,DESPENSA Y ABARROTES
NUESTRA COCINA,UNIMARC,DESPENSA,2890.0,0.0,0.0,"[2890.0,0.0,0.0]","[0.41971771736957264,0.0,0.0]",0,DESPENSA Y ABARROTES
EVERCRISP,UNIMARC,DESPENSA,2390.0,0.0,0.0,"[2390.0,0.0,0.0]","[0.3471021953333144,0.0,0.0]",0,DESPENSA Y ABARROTES
SAN JOSE,UNIMARC,DESPENSA,2790.0,0.0,0.0,"[2790.0,0.0,0.0]","[0.40519461296232095,0.0,0.0]",0,DESPENSA Y ABARROTES
SELZ,UNIMARC,DESPENSA,550.0,0.0,0.0,"[550.0,0.0,0.0]","[0.07987707423988406,0.0,0.0]",0,DESPENSA Y ABARROTES
GOURMET,UNIMARC,DESPENSA,720.0,0.0,0.0,"[720.0,0.0,0.0]","[0.10456635173221186,0.0,0.0]",0,DESPENSA Y ABARROTES
IANSA CERO K,UNIMARC,DESPENSA,4090.0,0.0,0.0,"[4090.0,0.0,0.0]","[0.5939949702565924,0.0,0.0]",0,DESPENSA Y ABARROTES
NUESTRA COCINA,UNIMARC,DESPENSA,1250.0,0.0,0.0,"[1250.0,0.0,0.0]","[0.1815388050906456,0.0,0.0]",0,DESPENSA Y ABARROTES
VITTA,UNIMARC,DESPENSA,6490.0,0.0,0.0,"[6490.0,0.0,0.0]","[0.9425494760306319,0.0,0.0]",0,DESPENSA Y ABARROTES
NUESTRA COCINA,UNIMARC,DESPENSA,3190.0,0.0,0.0,"[3190.0,0.0,0.0]","[0.46328703059132753,0.0,0.0]",0,DESPENSA Y ABARROTES
EVERCRISP,UNIMARC,DESPENSA,3900.0,0.0,0.0,"[3900.0,0.0,0.0]","[0.5664010718828143,0.0,0.0]",0,DESPENSA Y ABARROTES
NUESTRA COCINA,UNIMARC,DESPENSA,2250.0,0.0,0.0,"[2250.0,0.0,0.0]","[0.3267698491631621,0.0,0.0]",0,DESPENSA Y ABARROTES
DEYCO,UNIMARC,DESPENSA,1290.0,0.0,0.0,"[1290.0,0.0,0.0]","[0.18734804685354625,0.0,0.0]",0,DESPENSA Y ABARROTES
HEINZ,UNIMARC,DESPENSA,2750.0,0.0,0.0,"[2750.0,0.0,0.0]","[0.3993853711994203,0.0,0.0]",0,DESPENSA Y ABARROTES
MAGGI,UNIMARC,DESPENSA,840.0,0.0,0.0,"[840.0,0.0,0.0]","[0.12199407702091383,0.0,0.0]",0,DESPENSA Y ABARROTES
IMPERIAL,UNIMARC,DESPENSA,2650.0,0.0,0.0,"[2650.0,0.0,0.0]","[0.3848622667921687,0.0,0.0]",0,DESPENSA Y ABARROTES
CAROZZI,UNIMARC,DESPENSA,970.0,0.0,0.0,"[970.0,0.0,0.0]","[0.14087411275034098,0.0,0.0]",0,DESPENSA Y ABARROTES
CAROZZI,UNIMARC,DESPENSA,850.0,0.0,0.0,"[850.0,0.0,0.0]","[0.12344638746163901,0.0,0.0]",0,DESPENSA Y ABARROTES
CAROZZI,UNIMARC,DESPENSA,2190.0,0.0,0.0,"[2190.0,0.0,0.0]","[0.31805598651881106,0.0,0.0]",0,DESPENSA Y ABARROTES
NUESTRA COCINA,UNIMARC,DESPENSA,2190.0,0.0,0.0,"[2190.0,0.0,0.0]","[0.31805598651881106,0.0,0.0]",0,DESPENSA Y ABARROTES
SELECTA,UNIMARC,DESPENSA,2190.0,0.0,0.0,"[2190.0,0.0,0.0]","[0.31805598651881106,0.0,0.0]",0,DESPENSA Y ABARROTES
TRAVERSO,UNIMARC,DESPENSA,2290.0,0.0,0.0,"[2290.0,0.0,0.0]","[0.33257909092606275,0.0,0.0]",0,DESPENSA Y ABARROTES
TALLIANI,UNIMARC,DESPENSA,1350.0,0.0,0.0,"[1350.0,0.0,0.0]","[0.19606190949789723,0.0,0.0]",0,DESPENSA Y ABARROTES
ROBINSON CRUSOE,UNIMARC,DESPENSA,2090.0,0.0,0.0,"[2090.0,0.0,0.0]","[0.30353288211155943,0.0,0.0]",0,DESPENSA Y ABARROTES
TOSTITOS,UNIMARC,DESPENSA,3090.0,0.0,0.0,"[3090.0,0.0,0.0]","[0.4487639261840759,0.0,0.0]",0,DESPENSA Y ABARROTES
LOBOS,UNIMARC,DESPENSA,2290.0,0.0,0.0,"[2290.0,0.0,0.0]","[0.33257909092606275,0.0,0.0]",0,DESPENSA Y ABARROTES
MARTINI,UNIMARC,DESPENSA,1850.0,0.0,0.0,"[1850.0,0.0,0.0]","[0.26867743153415546,0.0,0.0]",0,DESPENSA Y ABARROTES
HELLMANNS,UNIMARC,DESPENSA,3850.0,0.0,0.0,"[3850.0,0.0,0.0]","[0.5591395196791884,0.0,0.0]",0,DESPENSA Y ABARROTES
NUESTRA COCINA,UNIMARC,DESPENSA,1290.0,0.0,0.0,"[1290.0,0.0,0.0]","[0.18734804685354625,0.0,0.0]",0,DESPENSA Y ABARROTES
GOURMET,UNIMARC,DESPENSA,3190.0,0.0,0.0,"[3190.0,0.0,0.0]","[0.46328703059132753,0.0,0.0]",0,DESPENSA Y ABARROTES
NUESTRA COCINA,UNIMARC,DESPENSA,46150.0,0.0,0.0,"[46150.0,0.0,0.0]","[6.702412683946635,0.0,0.0]",0,DESPENSA Y ABARROTES
ROBINSON CRUSOE,UNIMARC,DESPENSA,4490.0,0.0,0.0,"[4490.0,0.0,0.0]","[0.652087387885599,0.0,0.0]",0,DESPENSA Y ABARROTES
MALLOA,UNIMARC,DESPENSA,3390.0,0.0,0.0,"[3390.0,0.0,0.0]","[0.49233323940583085,0.0,0.0]",0,DESPENSA Y ABARROTES
MOCCAGATTA,UNIMARC,DESPENSA,1190.0,0.0,0.0,"[1190.0,0.0,0.0]","[0.1728249424462946,0.0,0.0]",0,DESPENSA Y ABARROTES
GOURMET,UNIMARC,DESPENSA,2990.0,0.0,0.0,"[2990.0,0.0,0.0]","[0.43424082177682427,0.0,0.0]",0,DESPENSA Y ABARROTES
DON JUAN,UNIMARC,DESPENSA,1190.0,0.0,0.0,"[1190.0,0.0,0.0]","[0.1728249424462946,0.0,0.0]",0,DESPENSA Y ABARROTES
CAROZZI,UNIMARC,DESPENSA,3150.0,0.0,0.0,"[3150.0,0.0,0.0]","[0.4574777888284269,0.0,0.0]",0,DESPENSA Y ABARROTES
GOURMET,UNIMARC,DESPENSA,840.0,0.0,0.0,"[840.0,0.0,0.0]","[0.12199407702091383,0.0,0.0]",0,DESPENSA Y ABARROTES
COLLICO,UNIMARC,DESPENSA,2250.0,0.0,0.0,"[2250.0,0.0,0.0]","[0.3267698491631621,0.0,0.0]",0,DESPENSA Y ABARROTES
NUESTRA COCINA,UNIMARC,DESPENSA,960.0,0.0,0.0,"[960.0,0.0,0.0]","[0.13942180230961582,0.0,0.0]",0,DESPENSA Y ABARROTES
SAN JOSE,UNIMARC,DESPENSA,1450.0,0.0,0.0,"[1450.0,0.0,0.0]","[0.2105850139051489,0.0,0.0]",0,DESPENSA Y ABARROTES
BELMONT,UNIMARC,DESPENSA,3990.0,0.0,0.0,"[3990.0,0.0,0.0]","[0.5794718658493407,0.0,0.0]",0,DESPENSA Y ABARROTES
TRAVERSO,UNIMARC,DESPENSA,1990.0,0.0,0.0,"[1990.0,0.0,0.0]","[0.2890097777043078,0.0,0.0]",0,DESPENSA Y ABARROTES
KRAFT,UNIMARC,DESPENSA,1350.0,0.0,0.0,"[1350.0,0.0,0.0]","[0.19606190949789723,0.0,0.0]",0,DESPENSA Y ABARROTES
MERKAT,UNIMARC,DESPENSA,480.0,0.0,0.0,"[480.0,0.0,0.0]","[0.06971090115480791,0.0,0.0]",0,DESPENSA Y ABARROTES
TRAVERSO,UNIMARC,DESPENSA,2590.0,0.0,0.0,"[2590.0,0.0,0.0]","[0.3761484041478177,0.0,0.0]",0,DESPENSA Y ABARROTES
RECETA DEL ABUELO,UNIMARC,DESPENSA,6890.0,0.0,0.0,"[6890.0,0.0,0.0]","[1.0006418936596386,0.0,0.0]",0,DESPENSA Y ABARROTES
MAIZENA,UNIMARC,DESPENSA,6990.0,0.0,0.0,"[6990.0,0.0,0.0]","[1.0151649980668902,0.0,0.0]",0,DESPENSA Y ABARROTES
CHILENAZA,UNIMARC,DESPENSA,3890.0,0.0,0.0,"[3890.0,0.0,0.0]","[0.564948761442089,0.0,0.0]",0,DESPENSA Y ABARROTES
MERKAT,UNIMARC,DESPENSA,700.0,0.0,0.0,"[700.0,0.0,0.0]","[0.10166173085076154,0.0,0.0]",0,DESPENSA Y ABARROTES
TALLIANI,UNIMARC,DESPENSA,2090.0,0.0,0.0,"[2090.0,0.0,0.0]","[0.30353288211155943,0.0,0.0]",0,DESPENSA Y ABARROTES
FRUTAS Y VERDURAS,UNIMARC,DESPENSA,2088.0,0.0,0.0,"[2088.0,0.0,0.0]","[0.3032424200234144,0.0,0.0]",0,DESPENSA Y ABARROTES
GOURMET,UNIMARC,DESPENSA,4490.0,0.0,0.0,"[4490.0,0.0,0.0]","[0.652087387885599,0.0,0.0]",0,DESPENSA Y ABARROTES
CHEF,UNIMARC,DESPENSA,5290.0,0.0,0.0,"[5290.0,0.0,0.0]","[0.7682722231436122,0.0,0.0]",0,DESPENSA Y ABARROTES
EVERCRISP,UNIMARC,DESPENSA,3090.0,0.0,0.0,"[3090.0,0.0,0.0]","[0.4487639261840759,0.0,0.0]",0,DESPENSA Y ABARROTES
NISSIN,UNIMARC,DESPENSA,750.0,0.0,0.0,"[750.0,0.0,0.0]","[0.10892328305438735,0.0,0.0]",0,DESPENSA Y ABARROTES
COLLICO,UNIMARC,DESPENSA,1690.0,0.0,0.0,"[1690.0,0.0,0.0]","[0.24544046448255286,0.0,0.0]",0,DESPENSA Y ABARROTES
COSTA,UNIMARC,DESPENSA,480.0,0.0,0.0,"[480.0,0.0,0.0]","[0.06971090115480791,0.0,0.0]",0,DESPENSA Y ABARROTES
GOURMET,UNIMARC,DESPENSA,350.0,0.0,0.0,"[350.0,0.0,0.0]","[0.05083086542538077,0.0,0.0]",0,DESPENSA Y ABARROTES
SELZ,UNIMARC,DESPENSA,550.0,0.0,0.0,"[550.0,0.0,0.0]","[0.07987707423988406,0.0,0.0]",0,DESPENSA Y ABARROTES
DON JUAN,UNIMARC,DESPENSA,1790.0,0.0,0.0,"[1790.0,0.0,0.0]","[0.2599635688898045,0.0,0.0]",0,DESPENSA Y ABARROTES
NUESTRA COCINA,UNIMARC,DESPENSA,1890.0,0.0,0.0,"[1890.0,0.0,0.0]","[0.2744866732970561,0.0,0.0]",0,DESPENSA Y ABARROTES
NUESTRA COCINA,UNIMARC,DESPENSA,2790.0,0.0,0.0,"[2790.0,0.0,0.0]","[0.40519461296232095,0.0,0.0]",0,DESPENSA Y ABARROTES
ADLER,UNIMARC,DESPENSA,4690.0,0.0,0.0,"[4690.0,0.0,0.0]","[0.6811335967001023,0.0,0.0]",0,DESPENSA Y ABARROTES
GIADA,UNIMARC,DESPENSA,7290.0,0.0,0.0,"[7290.0,0.0,0.0]","[1.0587343112886451,0.0,0.0]",0,DESPENSA Y ABARROTES
ROBINSON CRUSOE,UNIMARC,DESPENSA,3500.0,0.0,0.0,"[3500.0,0.0,0.0]","[0.5083086542538077,0.0,0.0]",0,DESPENSA Y ABARROTES
MERKAT,UNIMARC,DESPENSA,1450.0,0.0,0.0,"[1450.0,0.0,0.0]","[0.2105850139051489,0.0,0.0]",0,DESPENSA Y ABARROTES
ESMERALDA,UNIMARC,DESPENSA,3490.0,0.0,0.0,"[3490.0,0.0,0.0]","[0.5068563438130825,0.0,0.0]",0,DESPENSA Y ABARROTES
JB,UNIMARC,DESPENSA,1650.0,0.0,0.0,"[1650.0,0.0,0.0]","[0.23963122271965218,0.0,0.0]",0,DESPENSA Y ABARROTES
SELECTA,UNIMARC,DESPENSA,13450.0,0.0,0.0,"[13450.0,0.0,0.0]","[1.9533575427753467,0.0,0.0]",0,DESPENSA Y ABARROTES
NUESTRA COCINA,UNIMARC,DESPENSA,1190.0,0.0,0.0,"[1190.0,0.0,0.0]","[0.1728249424462946,0.0,0.0]",0,DESPENSA Y ABARROTES
NUESTRA COCINA,UNIMARC,DESPENSA,2190.0,0.0,0.0,"[2190.0,0.0,0.0]","[0.31805598651881106,0.0,0.0]",0,DESPENSA Y ABARROTES
GOURMET,UNIMARC,DESPENSA,840.0,0.0,0.0,"[840.0,0.0,0.0]","[0.12199407702091383,0.0,0.0]",0,DESPENSA Y ABARROTES
LEFERSA,UNIMARC,DESPENSA,300.0,0.0,0.0,"[300.0,0.0,0.0]","[0.043569313221754946,0.0,0.0]",0,DESPENSA Y ABARROTES
LUCCHETTI,UNIMARC,DESPENSA,2190.0,0.0,0.0,"[2190.0,0.0,0.0]","[0.31805598651881106,0.0,0.0]",0,DESPENSA Y ABARROTES
THAI HERITAGE,UNIMARC,DESPENSA,4490.0,0.0,0.0,"[4490.0,0.0,0.0]","[0.652087387885599,0.0,0.0]",0,DESPENSA Y ABARROTES
LUCCHETTI,UNIMARC,DESPENSA,1890.0,0.0,0.0,"[1890.0,0.0,0.0]","[0.2744866732970561,0.0,0.0]",0,DESPENSA Y ABARROTES
FRUTISA,UNIMARC,DESPENSA,7750.0,0.0,0.0,"[7750.0,0.0,0.0]","[1.1255405915620027,0.0,0.0]",0,DESPENSA Y ABARROTES
MARCO POLO,UNIMARC,DESPENSA,1990.0,0.0,0.0,"[1990.0,0.0,0.0]","[0.2890097777043078,0.0,0.0]",0,DESPENSA Y ABARROTES
NUESTRA COCINA,UNIMARC,DESPENSA,1090.0,0.0,0.0,"[1090.0,0.0,0.0]","[0.15830183803904296,0.0,0.0]",0,DESPENSA Y ABARROTES
TWISTOS,UNIMARC,DESPENSA,1390.0,0.0,0.0,"[1390.0,0.0,0.0]","[0.2018711512607979,0.0,0.0]",0,DESPENSA Y ABARROTES
MARCO POLO,UNIMARC,DESPENSA,1990.0,0.0,0.0,"[1990.0,0.0,0.0]","[0.2890097777043078,0.0,0.0]",0,DESPENSA Y ABARROTES
COLLICO,UNIMARC,DESPENSA,270.0,0.0,0.0,"[270.0,0.0,0.0]","[0.03921238189957945,0.0,0.0]",0,DESPENSA Y ABARROTES
MERKAT,UNIMARC,DESPENSA,480.0,0.0,0.0,"[480.0,0.0,0.0]","[0.06971090115480791,0.0,0.0]",0,DESPENSA Y ABARROTES
CHEF,UNIMARC,DESPENSA,7190.0,0.0,0.0,"[7190.0,0.0,0.0]","[1.0442112068813934,0.0,0.0]",0,DESPENSA Y ABARROTES
TUCAPEL,UNIMARC,DESPENSA,5850.0,0.0,0.0,"[5850.0,0.0,0.0]","[0.8496016078242213,0.0,0.0]",0,DESPENSA Y ABARROTES
HEINZ,UNIMARC,DESPENSA,4290.0,0.0,0.0,"[4290.0,0.0,0.0]","[0.6230411790710957,0.0,0.0]",0,DESPENSA Y ABARROTES
MARUCHAN,UNIMARC,DESPENSA,1350.0,0.0,0.0,"[1350.0,0.0,0.0]","[0.19606190949789723,0.0,0.0]",0,DESPENSA Y ABARROTES
ESMERALDA,UNIMARC,DESPENSA,2350.0,0.0,0.0,"[2350.0,0.0,0.0]","[0.3412929535704137,0.0,0.0]",0,DESPENSA Y ABARROTES
WASIL,UNIMARC,DESPENSA,22600.0,0.0,0.0,"[22600.0,0.0,0.0]","[3.2822215960388723,0.0,0.0]",0,DESPENSA Y ABARROTES
TRAVERSO,UNIMARC,DESPENSA,2290.0,0.0,0.0,"[2290.0,0.0,0.0]","[0.33257909092606275,0.0,0.0]",0,DESPENSA Y ABARROTES
COLLICO,UNIMARC,DESPENSA,1650.0,0.0,0.0,"[1650.0,0.0,0.0]","[0.23963122271965218,0.0,0.0]",0,DESPENSA Y ABARROTES
MANADA,UNIMARC,DESPENSA,5490.0,0.0,0.0,"[5490.0,0.0,0.0]","[0.7973184319581155,0.0,0.0]",0,DESPENSA Y ABARROTES
ROYAL,UNIMARC,DESPENSA,1150.0,0.0,0.0,"[1150.0,0.0,0.0]","[0.16701570068339394,0.0,0.0]",0,DESPENSA Y ABARROTES
GOURMET,UNIMARC,DESPENSA,840.0,0.0,0.0,"[840.0,0.0,0.0]","[0.12199407702091383,0.0,0.0]",0,DESPENSA Y ABARROTES
IMPERATORE,UNIMARC,DESPENSA,3150.0,0.0,0.0,"[3150.0,0.0,0.0]","[0.4574777888284269,0.0,0.0]",0,DESPENSA Y ABARROTES
REAL THAI,UNIMARC,DESPENSA,2950.0,0.0,0.0,"[2950.0,0.0,0.0]","[0.4284315800139236,0.0,0.0]",0,DESPENSA Y ABARROTES
EVERCRISP,UNIMARC,DESPENSA,2590.0,0.0,0.0,"[2590.0,0.0,0.0]","[0.3761484041478177,0.0,0.0]",0,DESPENSA Y ABARROTES
NUESTRA COCINA,UNIMARC,DESPENSA,2390.0,0.0,0.0,"[2390.0,0.0,0.0]","[0.3471021953333144,0.0,0.0]",0,DESPENSA Y ABARROTES
ALUSWEET,UNIMARC,DESPENSA,2990.0,0.0,0.0,"[2990.0,0.0,0.0]","[0.43424082177682427,0.0,0.0]",0,DESPENSA Y ABARROTES
BANQUETE,UNIMARC,DESPENSA,2790.0,0.0,0.0,"[2790.0,0.0,0.0]","[0.40519461296232095,0.0,0.0]",0,DESPENSA Y ABARROTES
KA,UNIMARC,DESPENSA,3150.0,0.0,0.0,"[3150.0,0.0,0.0]","[0.4574777888284269,0.0,0.0]",0,DESPENSA Y ABARROTES
CAROZZI,UNIMARC,DESPENSA,1650.0,0.0,0.0,"[1650.0,0.0,0.0]","[0.23963122271965218,0.0,0.0]",0,DESPENSA Y ABARROTES
TRAVERSO,UNIMARC,DESPENSA,1290.0,0.0,0.0,"[1290.0,0.0,0.0]","[0.18734804685354625,0.0,0.0]",0,DESPENSA Y ABARROTES
TENTO,UNIMARC,DESPENSA,4650.0,0.0,0.0,"[4650.0,0.0,0.0]","[0.6753243549372017,0.0,0.0]",0,DESPENSA Y ABARROTES
MI TIERRA,UNIMARC,DESPENSA,2890.0,0.0,0.0,"[2890.0,0.0,0.0]","[0.41971771736957264,0.0,0.0]",0,DESPENSA Y ABARROTES
NESTLE,UNIMARC,DESPENSA,1850.0,0.0,0.0,"[1850.0,0.0,0.0]","[0.26867743153415546,0.0,0.0]",0,DESPENSA Y ABARROTES
NUESTRA COCINA,UNIMARC,DESPENSA,1350.0,0.0,0.0,"[1350.0,0.0,0.0]","[0.19606190949789723,0.0,0.0]",0,DESPENSA Y ABARROTES
TUCAPEL,UNIMARC,DESPENSA,2390.0,0.0,0.0,"[2390.0,0.0,0.0]","[0.3471021953333144,0.0,0.0]",0,DESPENSA Y ABARROTES
HENGSTENBERG,UNIMARC,DESPENSA,7550.0,0.0,0.0,"[7550.0,0.0,0.0]","[1.0964943827474993,0.0,0.0]",0,DESPENSA Y ABARROTES
NUESTRA COCINA,UNIMARC,DESPENSA,590.0,0.0,0.0,"[590.0,0.0,0.0]","[0.08568631600278472,0.0,0.0]",0,DESPENSA Y ABARROTES
NUESTRA COCINA,UNIMARC,DESPENSA,960.0,0.0,0.0,"[960.0,0.0,0.0]","[0.13942180230961582,0.0,0.0]",0,DESPENSA Y ABARROTES
MIRAFLORES,UNIMARC,DESPENSA,1190.0,0.0,0.0,"[1190.0,0.0,0.0]","[0.1728249424462946,0.0,0.0]",0,DESPENSA Y ABARROTES
NATURA,UNIMARC,DESPENSA,6390.0,0.0,0.0,"[6390.0,0.0,0.0]","[0.9280263716233803,0.0,0.0]",0,DESPENSA Y ABARROTES
PURISNACKS,UNIMARC,DESPENSA,660.0,0.0,0.0,"[660.0,0.0,0.0]","[0.09585248908786087,0.0,0.0]",0,DESPENSA Y ABARROTES
PURISNACKS,UNIMARC,DESPENSA,3350.0,0.0,0.0,"[3350.0,0.0,0.0]","[0.4865239976429302,0.0,0.0]",0,DESPENSA Y ABARROTES
WASIL,UNIMARC,DESPENSA,930.0,0.0,0.0,"[930.0,0.0,0.0]","[0.13506487098744033,0.0,0.0]",0,DESPENSA Y ABARROTES
MAGGI,UNIMARC,DESPENSA,8290.0,0.0,0.0,"[8290.0,0.0,0.0]","[1.2039653553611616,0.0,0.0]",0,DESPENSA Y ABARROTES
GOURMET,UNIMARC,DESPENSA,3190.0,0.0,0.0,"[3190.0,0.0,0.0]","[0.46328703059132753,0.0,0.0]",0,DESPENSA Y ABARROTES
AMBROSOLI,UNIMARC,DESPENSA,830.0,0.0,0.0,"[830.0,0.0,0.0]","[0.12054176658018867,0.0,0.0]",0,DESPENSA Y ABARROTES
COLLE PIETRA,UNIMARC,DESPENSA,7290.0,0.0,0.0,"[7290.0,0.0,0.0]","[1.0587343112886451,0.0,0.0]",0,DESPENSA Y ABARROTES
NISSIN,UNIMARC,DESPENSA,750.0,0.0,0.0,"[750.0,0.0,0.0]","[0.10892328305438735,0.0,0.0]",0,DESPENSA Y ABARROTES
CAROZZI,UNIMARC,DESPENSA,850.0,0.0,0.0,"[850.0,0.0,0.0]","[0.12344638746163901,0.0,0.0]",0,DESPENSA Y ABARROTES
NUESTRA COCINA,UNIMARC,DESPENSA,490.0,0.0,0.0,"[490.0,0.0,0.0]","[0.07116321159553307,0.0,0.0]",0,DESPENSA Y ABARROTES
MARUCHAN,UNIMARC,DESPENSA,740.0,0.0,0.0,"[740.0,0.0,0.0]","[0.10747097261366219,0.0,0.0]",0,DESPENSA Y ABARROTES
EVERCRISP,UNIMARC,DESPENSA,2150.0,0.0,0.0,"[2150.0,0.0,0.0]","[0.3122467447559104,0.0,0.0]",0,DESPENSA Y ABARROTES
VIVO,UNIMARC,DESPENSA,2550.0,0.0,0.0,"[2550.0,0.0,0.0]","[0.370339162384917,0.0,0.0]",0,DESPENSA Y ABARROTES
MIRAFLORES,UNIMARC,DESPENSA,1190.0,0.0,0.0,"[1190.0,0.0,0.0]","[0.1728249424462946,0.0,0.0]",0,DESPENSA Y ABARROTES
HEINZ,UNIMARC,DESPENSA,3990.0,0.0,0.0,"[3990.0,0.0,0.0]","[0.5794718658493407,0.0,0.0]",0,DESPENSA Y ABARROTES
PURISNACKS,UNIMARC,DESPENSA,3090.0,0.0,0.0,"[3090.0,0.0,0.0]","[0.4487639261840759,0.0,0.0]",0,DESPENSA Y ABARROTES
LOBOS,UNIMARC,DESPENSA,600.0,0.0,0.0,"[600.0,0.0,0.0]","[0.08713862644350989,0.0,0.0]",0,DESPENSA Y ABARROTES
NUESTRA COCINA,UNIMARC,DESPENSA,500.0,0.0,0.0,"[500.0,0.0,0.0]","[0.07261552203625823,0.0,0.0]",0,DESPENSA Y ABARROTES
TIKA,UNIMARC,DESPENSA,2490.0,0.0,0.0,"[2490.0,0.0,0.0]","[0.361625299740566,0.0,0.0]",0,DESPENSA Y ABARROTES
NUESTRA COCINA,UNIMARC,DESPENSA,3190.0,0.0,0.0,"[3190.0,0.0,0.0]","[0.46328703059132753,0.0,0.0]",0,DESPENSA Y ABARROTES
GOURMET,UNIMARC,DESPENSA,2650.0,0.0,0.0,"[2650.0,0.0,0.0]","[0.3848622667921687,0.0,0.0]",0,DESPENSA Y ABARROTES
GOURMET,UNIMARC,DESPENSA,1190.0,0.0,0.0,"[1190.0,0.0,0.0]","[0.1728249424462946,0.0,0.0]",0,DESPENSA Y ABARROTES
MERKAT,UNIMARC,DESPENSA,480.0,0.0,0.0,"[480.0,0.0,0.0]","[0.06971090115480791,0.0,0.0]",0,DESPENSA Y ABARROTES
NUESTRA COCINA,UNIMARC,DESPENSA,3590.0,0.0,0.0,"[3590.0,0.0,0.0]","[0.5213794482203341,0.0,0.0]",0,DESPENSA Y ABARROTES
GOURMET,UNIMARC,DESPENSA,2990.0,0.0,0.0,"[2990.0,0.0,0.0]","[0.43424082177682427,0.0,0.0]",0,DESPENSA Y ABARROTES
EVERCRISP,UNIMARC,DESPENSA,2390.0,0.0,0.0,"[2390.0,0.0,0.0]","[0.3471021953333144,0.0,0.0]",0,DESPENSA Y ABARROTES
LOBOS,UNIMARC,DESPENSA,590.0,0.0,0.0,"[590.0,0.0,0.0]","[0.08568631600278472,0.0,0.0]",0,DESPENSA Y ABARROTES
VIVO,UNIMARC,DESPENSA,3690.0,0.0,0.0,"[3690.0,0.0,0.0]","[0.5359025526275858,0.0,0.0]",0,DESPENSA Y ABARROTES
MAGGI,UNIMARC,DESPENSA,6250.0,0.0,0.0,"[6250.0,0.0,0.0]","[0.907694025453228,0.0,0.0]",0,DESPENSA Y ABARROTES
MERKAT,UNIMARC,DESPENSA,480.0,0.0,0.0,"[480.0,0.0,0.0]","[0.06971090115480791,0.0,0.0]",0,DESPENSA Y ABARROTES
PURIPOP,UNIMARC,DESPENSA,660.0,0.0,0.0,"[660.0,0.0,0.0]","[0.09585248908786087,0.0,0.0]",0,DESPENSA Y ABARROTES
BUKA,UNIMARC,DESPENSA,1890.0,0.0,0.0,"[1890.0,0.0,0.0]","[0.2744866732970561,0.0,0.0]",0,DESPENSA Y ABARROTES
GOURMET,UNIMARC,DESPENSA,870.0,0.0,0.0,"[870.0,0.0,0.0]","[0.12635100834308932,0.0,0.0]",0,DESPENSA Y ABARROTES
SAN JOSE,UNIMARC,DESPENSA,1490.0,0.0,0.0,"[1490.0,0.0,0.0]","[0.21639425566804954,0.0,0.0]",0,DESPENSA Y ABARROTES
KRAFT,UNIMARC,DESPENSA,3990.0,0.0,0.0,"[3990.0,0.0,0.0]","[0.5794718658493407,0.0,0.0]",0,DESPENSA Y ABARROTES
HOFFMANN,UNIMARC,DESPENSA,2290.0,0.0,0.0,"[2290.0,0.0,0.0]","[0.33257909092606275,0.0,0.0]",0,DESPENSA Y ABARROTES
MARCO POLO,UNIMARC,DESPENSA,4290.0,0.0,0.0,"[4290.0,0.0,0.0]","[0.6230411790710957,0.0,0.0]",0,DESPENSA Y ABARROTES
BANQUETE,UNIMARC,DESPENSA,3490.0,0.0,0.0,"[3490.0,0.0,0.0]","[0.5068563438130825,0.0,0.0]",0,DESPENSA Y ABARROTES
LOBOS,UNIMARC,DESPENSA,2390.0,0.0,0.0,"[2390.0,0.0,0.0]","[0.3471021953333144,0.0,0.0]",0,DESPENSA Y ABARROTES
EVERCRISP,UNIMARC,DESPENSA,3900.0,0.0,0.0,"[3900.0,0.0,0.0]","[0.5664010718828143,0.0,0.0]",0,DESPENSA Y ABARROTES
VAN COOK,UNIMARC,DESPENSA,940.0,0.0,0.0,"[940.0,0.0,0.0]","[0.1365171814281655,0.0,0.0]",0,DESPENSA Y ABARROTES
MONT BLANC,UNIMARC,DESPENSA,7290.0,0.0,0.0,"[7290.0,0.0,0.0]","[1.0587343112886451,0.0,0.0]",0,DESPENSA Y ABARROTES
GOURMET,UNIMARC,DESPENSA,1890.0,0.0,0.0,"[1890.0,0.0,0.0]","[0.2744866732970561,0.0,0.0]",0,DESPENSA Y ABARROTES
TAKIS,UNIMARC,DESPENSA,1740.0,0.0,0.0,"[1740.0,0.0,0.0]","[0.25270201668617864,0.0,0.0]",0,DESPENSA Y ABARROTES
MOCCAGATTA,UNIMARC,DESPENSA,1190.0,0.0,0.0,"[1190.0,0.0,0.0]","[0.1728249424462946,0.0,0.0]",0,DESPENSA Y ABARROTES
DEYCO,UNIMARC,DESPENSA,3490.0,0.0,0.0,"[3490.0,0.0,0.0]","[0.5068563438130825,0.0,0.0]",0,DESPENSA Y ABARROTES
WASIL,UNIMARC,DESPENSA,2350.0,0.0,0.0,"[2350.0,0.0,0.0]","[0.3412929535704137,0.0,0.0]",0,DESPENSA Y ABARROTES
MIRAFLORES,UNIMARC,DESPENSA,1190.0,0.0,0.0,"[1190.0,0.0,0.0]","[0.1728249424462946,0.0,0.0]",0,DESPENSA Y ABARROTES
MARTINI,UNIMARC,DESPENSA,2250.0,0.0,0.0,"[2250.0,0.0,0.0]","[0.3267698491631621,0.0,0.0]",0,DESPENSA Y ABARROTES
NUESTRA COCINA,UNIMARC,DESPENSA,1990.0,0.0,0.0,"[1990.0,0.0,0.0]","[0.2890097777043078,0.0,0.0]",0,DESPENSA Y ABARROTES
OSO,UNIMARC,DESPENSA,1390.0,0.0,0.0,"[1390.0,0.0,0.0]","[0.2018711512607979,0.0,0.0]",0,DESPENSA Y ABARROTES
HELLMANNS,UNIMARC,DESPENSA,2550.0,0.0,0.0,"[2550.0,0.0,0.0]","[0.370339162384917,0.0,0.0]",0,DESPENSA Y ABARROTES
MAIZENA,UNIMARC,DESPENSA,1990.0,0.0,0.0,"[1990.0,0.0,0.0]","[0.2890097777043078,0.0,0.0]",0,DESPENSA Y ABARROTES
NUESTRA COCINA,UNIMARC,DESPENSA,1550.0,0.0,0.0,"[1550.0,0.0,0.0]","[0.22510811831240055,0.0,0.0]",0,DESPENSA Y ABARROTES
NUESTRA COCINA,UNIMARC,DESPENSA,2990.0,0.0,0.0,"[2990.0,0.0,0.0]","[0.43424082177682427,0.0,0.0]",0,DESPENSA Y ABARROTES
GOURMET,UNIMARC,DESPENSA,670.0,0.0,0.0,"[670.0,0.0,0.0]","[0.09730479952858603,0.0,0.0]",0,DESPENSA Y ABARROTES
ESMERALDA,UNIMARC,DESPENSA,1890.0,0.0,0.0,"[1890.0,0.0,0.0]","[0.2744866732970561,0.0,0.0]",0,DESPENSA Y ABARROTES
SELECTA,UNIMARC,DESPENSA,2090.0,0.0,0.0,"[2090.0,0.0,0.0]","[0.30353288211155943,0.0,0.0]",0,DESPENSA Y ABARROTES
GOURMET,UNIMARC,DESPENSA,4390.0,0.0,0.0,"[4390.0,0.0,0.0]","[0.6375642834783474,0.0,0.0]",0,DESPENSA Y ABARROTES
NUESTRA COCINA,UNIMARC,DESPENSA,990.0,0.0,0.0,"[990.0,0.0,0.0]","[0.1437787336317913,0.0,0.0]",0,DESPENSA Y ABARROTES
ANGELMO,UNIMARC,DESPENSA,2690.0,0.0,0.0,"[2690.0,0.0,0.0]","[0.3906715085550693,0.0,0.0]",0,DESPENSA Y ABARROTES
ESMERALDA,UNIMARC,DESPENSA,1990.0,0.0,0.0,"[1990.0,0.0,0.0]","[0.2890097777043078,0.0,0.0]",0,DESPENSA Y ABARROTES
HELLMANNS,UNIMARC,DESPENSA,2090.0,0.0,0.0,"[2090.0,0.0,0.0]","[0.30353288211155943,0.0,0.0]",0,DESPENSA Y ABARROTES
COSECHA JUSTA,UNIMARC,DESPENSA,2490.0,0.0,0.0,"[2490.0,0.0,0.0]","[0.361625299740566,0.0,0.0]",0,DESPENSA Y ABARROTES
MONT BLANC,UNIMARC,DESPENSA,3400.0,0.0,0.0,"[3400.0,0.0,0.0]","[0.49378554984655604,0.0,0.0]",0,DESPENSA Y ABARROTES
MARCO POLO,UNIMARC,DESPENSA,1990.0,0.0,0.0,"[1990.0,0.0,0.0]","[0.2890097777043078,0.0,0.0]",0,DESPENSA Y ABARROTES
NUESTRA COCINA,UNIMARC,DESPENSA,990.0,0.0,0.0,"[990.0,0.0,0.0]","[0.1437787336317913,0.0,0.0]",0,DESPENSA Y ABARROTES
KA,UNIMARC,DESPENSA,1590.0,0.0,0.0,"[1590.0,0.0,0.0]","[0.2309173600753012,0.0,0.0]",0,DESPENSA Y ABARROTES
PRODUCTOS IPA,UNIMARC,DESPENSA,1790.0,0.0,0.0,"[1790.0,0.0,0.0]","[0.2599635688898045,0.0,0.0]",0,DESPENSA Y ABARROTES
ESMERALDA,UNIMARC,DESPENSA,2390.0,0.0,0.0,"[2390.0,0.0,0.0]","[0.3471021953333144,0.0,0.0]",0,DESPENSA Y ABARROTES
SELECTA,UNIMARC,DESPENSA,2390.0,0.0,0.0,"[2390.0,0.0,0.0]","[0.3471021953333144,0.0,0.0]",0,DESPENSA Y ABARROTES
NUESTRA COCINA,UNIMARC,DESPENSA,3250.0,0.0,0.0,"[3250.0,0.0,0.0]","[0.47200089323567856,0.0,0.0]",0,DESPENSA Y ABARROTES
GOURMET,UNIMARC,DESPENSA,550.0,0.0,0.0,"[550.0,0.0,0.0]","[0.07987707423988406,0.0,0.0]",0,DESPENSA Y ABARROTES
IANSA CERO K,UNIMARC,DESPENSA,4090.0,0.0,0.0,"[4090.0,0.0,0.0]","[0.5939949702565924,0.0,0.0]",0,DESPENSA Y ABARROTES
HENGSTENBERG,UNIMARC,DESPENSA,10990.0,0.0,0.0,"[10990.0,0.0,0.0]","[1.596089174356956,0.0,0.0]",0,DESPENSA Y ABARROTES
NOGLUT,UNIMARC,DESPENSA,4690.0,0.0,0.0,"[4690.0,0.0,0.0]","[0.6811335967001023,0.0,0.0]",0,DESPENSA Y ABARROTES
MIRAFLORES,UNIMARC,DESPENSA,1950.0,0.0,0.0,"[1950.0,0.0,0.0]","[0.28320053594140715,0.0,0.0]",0,DESPENSA Y ABARROTES
DON VITTORIO,UNIMARC,DESPENSA,7790.0,0.0,0.0,"[7790.0,0.0,0.0]","[1.1313498333249032,0.0,0.0]",0,DESPENSA Y ABARROTES
BANQUETE,UNIMARC,DESPENSA,18990.0,0.0,0.0,"[18990.0,0.0,0.0]","[2.757937526937088,0.0,0.0]",0,DESPENSA Y ABARROTES
LEE KUM KEE,UNIMARC,DESPENSA,4850.0,0.0,0.0,"[4850.0,0.0,0.0]","[0.7043705637517049,0.0,0.0]",0,DESPENSA Y ABARROTES
BANQUETE,UNIMARC,DESPENSA,3650.0,0.0,0.0,"[3650.0,0.0,0.0]","[0.5300933108646851,0.0,0.0]",0,DESPENSA Y ABARROTES
ROBINSON CRUSOE,UNIMARC,DESPENSA,1490.0,0.0,0.0,"[1490.0,0.0,0.0]","[0.21639425566804954,0.0,0.0]",0,DESPENSA Y ABARROTES
KRAFT,UNIMARC,DESPENSA,2490.0,0.0,0.0,"[2490.0,0.0,0.0]","[0.361625299740566,0.0,0.0]",0,DESPENSA Y ABARROTES
GENIAL,UNIMARC,DESPENSA,4150.0,0.0,0.0,"[4150.0,0.0,0.0]","[0.6027088329009433,0.0,0.0]",0,DESPENSA Y ABARROTES
DON JUAN,UNIMARC,DESPENSA,1990.0,0.0,0.0,"[1990.0,0.0,0.0]","[0.2890097777043078,0.0,0.0]",0,DESPENSA Y ABARROTES
PAN,UNIMARC,DESPENSA,2090.0,0.0,0.0,"[2090.0,0.0,0.0]","[0.30353288211155943,0.0,0.0]",0,DESPENSA Y ABARROTES
BANQUETE,UNIMARC,DESPENSA,3290.0,0.0,0.0,"[3290.0,0.0,0.0]","[0.4778101349985792,0.0,0.0]",0,DESPENSA Y ABARROTES
KRAFT,UNIMARC,DESPENSA,6250.0,0.0,0.0,"[6250.0,0.0,0.0]","[0.907694025453228,0.0,0.0]",0,DESPENSA Y ABARROTES
NUESTRA COCINA,UNIMARC,DESPENSA,530.0,0.0,0.0,"[530.0,0.0,0.0]","[0.07697245335843374,0.0,0.0]",0,DESPENSA Y ABARROTES
TENTO,UNIMARC,DESPENSA,2490.0,0.0,0.0,"[2490.0,0.0,0.0]","[0.361625299740566,0.0,0.0]",0,DESPENSA Y ABARROTES
CAROZZI,UNIMARC,DESPENSA,990.0,0.0,0.0,"[990.0,0.0,0.0]","[0.1437787336317913,0.0,0.0]",0,DESPENSA Y ABARROTES
COLLICO,UNIMARC,DESPENSA,2250.0,0.0,0.0,"[2250.0,0.0,0.0]","[0.3267698491631621,0.0,0.0]",0,DESPENSA Y ABARROTES
MERKAT,UNIMARC,DESPENSA,2550.0,0.0,0.0,"[2550.0,0.0,0.0]","[0.370339162384917,0.0,0.0]",0,DESPENSA Y ABARROTES
GOURMET,UNIMARC,DESPENSA,380.0,0.0,0.0,"[380.0,0.0,0.0]","[0.055187796747556264,0.0,0.0]",0,DESPENSA Y ABARROTES
NUESTRA COCINA,UNIMARC,DESPENSA,3790.0,0.0,0.0,"[3790.0,0.0,0.0]","[0.5504256570348375,0.0,0.0]",0,DESPENSA Y ABARROTES
GOURMET,UNIMARC,DESPENSA,990.0,0.0,0.0,"[990.0,0.0,0.0]","[0.1437787336317913,0.0,0.0]",0,DESPENSA Y ABARROTES
DAILY FRESH,UNIMARC,DESPENSA,2750.0,0.0,0.0,"[2750.0,0.0,0.0]","[0.3993853711994203,0.0,0.0]",0,DESPENSA Y ABARROTES
VIVO,UNIMARC,DESPENSA,1250.0,0.0,0.0,"[1250.0,0.0,0.0]","[0.1815388050906456,0.0,0.0]",0,DESPENSA Y ABARROTES
TAKIS,UNIMARC,DESPENSA,1740.0,0.0,0.0,"[1740.0,0.0,0.0]","[0.25270201668617864,0.0,0.0]",0,DESPENSA Y ABARROTES
GENIAL,UNIMARC,DESPENSA,4150.0,0.0,0.0,"[4150.0,0.0,0.0]","[0.6027088329009433,0.0,0.0]",0,DESPENSA Y ABARROTES
KRAFT,UNIMARC,DESPENSA,3000.0,0.0,0.0,"[3000.0,0.0,0.0]","[0.4356931322175494,0.0,0.0]",0,DESPENSA Y ABARROTES
AMBROSOLI,UNIMARC,DESPENSA,830.0,0.0,0.0,"[830.0,0.0,0.0]","[0.12054176658018867,0.0,0.0]",0,DESPENSA Y ABARROTES
IANSA CERO K,UNIMARC,DESPENSA,3690.0,0.0,0.0,"[3690.0,0.0,0.0]","[0.5359025526275858,0.0,0.0]",0,DESPENSA Y ABARROTES
SPES,UNIMARC,DESPENSA,3490.0,0.0,0.0,"[3490.0,0.0,0.0]","[0.5068563438130825,0.0,0.0]",0,DESPENSA Y ABARROTES
TIKA,UNIMARC,DESPENSA,2500.0,0.0,0.0,"[2500.0,0.0,0.0]","[0.3630776101812912,0.0,0.0]",0,DESPENSA Y ABARROTES
GOURMET,UNIMARC,DESPENSA,840.0,0.0,0.0,"[840.0,0.0,0.0]","[0.12199407702091383,0.0,0.0]",0,DESPENSA Y ABARROTES
GOURMET,UNIMARC,DESPENSA,550.0,0.0,0.0,"[550.0,0.0,0.0]","[0.07987707423988406,0.0,0.0]",0,DESPENSA Y ABARROTES
GOURMET,UNIMARC,DESPENSA,2500.0,0.0,0.0,"[2500.0,0.0,0.0]","[0.3630776101812912,0.0,0.0]",0,DESPENSA Y ABARROTES
NUESTRA COCINA,UNIMARC,DESPENSA,1490.0,0.0,0.0,"[1490.0,0.0,0.0]","[0.21639425566804954,0.0,0.0]",0,DESPENSA Y ABARROTES
IANSA CERO K,UNIMARC,DESPENSA,4890.0,0.0,0.0,"[4890.0,0.0,0.0]","[0.7101798055146056,0.0,0.0]",0,DESPENSA Y ABARROTES
MARUCHAN,UNIMARC,DESPENSA,1390.0,0.0,0.0,"[1390.0,0.0,0.0]","[0.2018711512607979,0.0,0.0]",0,DESPENSA Y ABARROTES
GOURMET,UNIMARC,DESPENSA,31850.0,0.0,0.0,"[31850.0,0.0,0.0]","[4.62560875370965,0.0,0.0]",0,DESPENSA Y ABARROTES
KRYZPO,UNIMARC,DESPENSA,870.0,0.0,0.0,"[870.0,0.0,0.0]","[0.12635100834308932,0.0,0.0]",0,DESPENSA Y ABARROTES
PURIPOP,UNIMARC,DESPENSA,660.0,0.0,0.0,"[660.0,0.0,0.0]","[0.09585248908786087,0.0,0.0]",0,DESPENSA Y ABARROTES
LUCCHETTI,UNIMARC,DESPENSA,820.0,0.0,0.0,"[820.0,0.0,0.0]","[0.1190894561394635,0.0,0.0]",0,DESPENSA Y ABARROTES
JB,UNIMARC,DESPENSA,1890.0,0.0,0.0,"[1890.0,0.0,0.0]","[0.2744866732970561,0.0,0.0]",0,DESPENSA Y ABARROTES
PURISNACKS,UNIMARC,DESPENSA,660.0,0.0,0.0,"[660.0,0.0,0.0]","[0.09585248908786087,0.0,0.0]",0,DESPENSA Y ABARROTES
GOURMET,UNIMARC,DESPENSA,4890.0,0.0,0.0,"[4890.0,0.0,0.0]","[0.7101798055146056,0.0,0.0]",0,DESPENSA Y ABARROTES
LA SALTEÑA,UNIMARC,DESPENSA,3990.0,0.0,0.0,"[3990.0,0.0,0.0]","[0.5794718658493407,0.0,0.0]",0,DESPENSA Y ABARROTES
NUESTRA COCINA,UNIMARC,DESPENSA,1490.0,0.0,0.0,"[1490.0,0.0,0.0]","[0.21639425566804954,0.0,0.0]",0,DESPENSA Y ABARROTES
MI TIERRA,UNIMARC,DESPENSA,2150.0,0.0,0.0,"[2150.0,0.0,0.0]","[0.3122467447559104,0.0,0.0]",0,DESPENSA Y ABARROTES
SENZO,UNIMARC,DESPENSA,5890.0,0.0,0.0,"[5890.0,0.0,0.0]","[0.855410849587122,0.0,0.0]",0,DESPENSA Y ABARROTES
GOURMET,UNIMARC,DESPENSA,510.0,0.0,0.0,"[510.0,0.0,0.0]","[0.0740678324769834,0.0,0.0]",0,DESPENSA Y ABARROTES
MARTINI,UNIMARC,DESPENSA,1590.0,0.0,0.0,"[1590.0,0.0,0.0]","[0.2309173600753012,0.0,0.0]",0,DESPENSA Y ABARROTES
CAROZZI,UNIMARC,DESPENSA,880.0,0.0,0.0,"[880.0,0.0,0.0]","[0.1278033187838145,0.0,0.0]",0,DESPENSA Y ABARROTES
LOBOS,UNIMARC,DESPENSA,1550.0,0.0,0.0,"[1550.0,0.0,0.0]","[0.22510811831240055,0.0,0.0]",0,DESPENSA Y ABARROTES
MAGGI,UNIMARC,DESPENSA,880.0,0.0,0.0,"[880.0,0.0,0.0]","[0.1278033187838145,0.0,0.0]",0,DESPENSA Y ABARROTES
ROLAND,UNIMARC,DESPENSA,3590.0,0.0,0.0,"[3590.0,0.0,0.0]","[0.5213794482203341,0.0,0.0]",0,DESPENSA Y ABARROTES
NUESTRA COCINA,UNIMARC,DESPENSA,1790.0,0.0,0.0,"[1790.0,0.0,0.0]","[0.2599635688898045,0.0,0.0]",0,DESPENSA Y ABARROTES
MAGGI,UNIMARC,DESPENSA,880.0,0.0,0.0,"[880.0,0.0,0.0]","[0.1278033187838145,0.0,0.0]",0,DESPENSA Y ABARROTES
GOURMET,UNIMARC,DESPENSA,970.0,0.0,0.0,"[970.0,0.0,0.0]","[0.14087411275034098,0.0,0.0]",0,DESPENSA Y ABARROTES
BUKA,UNIMARC,DESPENSA,2490.0,0.0,0.0,"[2490.0,0.0,0.0]","[0.361625299740566,0.0,0.0]",0,DESPENSA Y ABARROTES
NUESTRA COCINA,UNIMARC,DESPENSA,2190.0,0.0,0.0,"[2190.0,0.0,0.0]","[0.31805598651881106,0.0,0.0]",0,DESPENSA Y ABARROTES
CAROZZI,UNIMARC,DESPENSA,1390.0,0.0,0.0,"[1390.0,0.0,0.0]","[0.2018711512607979,0.0,0.0]",0,DESPENSA Y ABARROTES
MILLANTU,UNIMARC,DESPENSA,3850.0,0.0,0.0,"[3850.0,0.0,0.0]","[0.5591395196791884,0.0,0.0]",0,DESPENSA Y ABARROTES
NUESTRA COCINA,UNIMARC,DESPENSA,3750.0,0.0,0.0,"[3750.0,0.0,0.0]","[0.5446164152719368,0.0,0.0]",0,DESPENSA Y ABARROTES
HUERTO DEL SUR,UNIMARC,DESPENSA,3450.0,0.0,0.0,"[3450.0,0.0,0.0]","[0.5010471020501819,0.0,0.0]",0,DESPENSA Y ABARROTES
NESTLE,UNIMARC,DESPENSA,2440.0,0.0,0.0,"[2440.0,0.0,0.0]","[0.3543637475369402,0.0,0.0]",0,DESPENSA Y ABARROTES
TUCAPEL,UNIMARC,DESPENSA,3490.0,0.0,0.0,"[3490.0,0.0,0.0]","[0.5068563438130825,0.0,0.0]",0,DESPENSA Y ABARROTES
TUCAPEL,UNIMARC,DESPENSA,2090.0,0.0,0.0,"[2090.0,0.0,0.0]","[0.30353288211155943,0.0,0.0]",0,DESPENSA Y ABARROTES
NUESTRA COCINA,UNIMARC,DESPENSA,4950.0,0.0,0.0,"[4950.0,0.0,0.0]","[0.7188936681589565,0.0,0.0]",0,DESPENSA Y ABARROTES
ROBINSON CRUSOE,UNIMARC,DESPENSA,27850.0,0.0,0.0,"[27850.0,0.0,0.0]","[4.044684577419583,0.0,0.0]",0,DESPENSA Y ABARROTES
BUKA,UNIMARC,DESPENSA,500.0,0.0,0.0,"[500.0,0.0,0.0]","[0.07261552203625823,0.0,0.0]",0,DESPENSA Y ABARROTES
MILLANTU,UNIMARC,DESPENSA,1990.0,0.0,0.0,"[1990.0,0.0,0.0]","[0.2890097777043078,0.0,0.0]",0,DESPENSA Y ABARROTES
NUESTRA COCINA,UNIMARC,DESPENSA,3690.0,0.0,0.0,"[3690.0,0.0,0.0]","[0.5359025526275858,0.0,0.0]",0,DESPENSA Y ABARROTES
NUESTRA COCINA,UNIMARC,DESPENSA,1490.0,0.0,0.0,"[1490.0,0.0,0.0]","[0.21639425566804954,0.0,0.0]",0,DESPENSA Y ABARROTES
VAN COOK,UNIMARC,DESPENSA,770.0,0.0,0.0,"[770.0,0.0,0.0]","[0.11182790393583769,0.0,0.0]",0,DESPENSA Y ABARROTES
CHIQUILIN,UNIMARC,DESPENSA,5450.0,0.0,0.0,"[5450.0,0.0,0.0]","[0.7915091901952148,0.0,0.0]",0,DESPENSA Y ABARROTES
NUESTRA COCINA,UNIMARC,DESPENSA,280.0,0.0,0.0,"[280.0,0.0,0.0]","[0.04066469234030461,0.0,0.0]",0,DESPENSA Y ABARROTES
NATURA,UNIMARC,DESPENSA,1990.0,0.0,0.0,"[1990.0,0.0,0.0]","[0.2890097777043078,0.0,0.0]",0,DESPENSA Y ABARROTES
MARUCHAN,UNIMARC,DESPENSA,740.0,0.0,0.0,"[740.0,0.0,0.0]","[0.10747097261366219,0.0,0.0]",0,DESPENSA Y ABARROTES
BANQUETE,UNIMARC,DESPENSA,3550.0,0.0,0.0,"[3550.0,0.0,0.0]","[0.5155702064574335,0.0,0.0]",0,DESPENSA Y ABARROTES
ROBINSON CRUSOE,UNIMARC,DESPENSA,3790.0,0.0,0.0,"[3790.0,0.0,0.0]","[0.5504256570348375,0.0,0.0]",0,DESPENSA Y ABARROTES
NESTLE,UNIMARC,DESPENSA,1450.0,0.0,0.0,"[1450.0,0.0,0.0]","[0.2105850139051489,0.0,0.0]",0,DESPENSA Y ABARROTES
ESMERALDA,UNIMARC,DESPENSA,2590.0,0.0,0.0,"[2590.0,0.0,0.0]","[0.3761484041478177,0.0,0.0]",0,DESPENSA Y ABARROTES
GALLINA BLANCA,UNIMARC,DESPENSA,3850.0,0.0,0.0,"[3850.0,0.0,0.0]","[0.5591395196791884,0.0,0.0]",0,DESPENSA Y ABARROTES
TAKIS,UNIMARC,DESPENSA,1740.0,0.0,0.0,"[1740.0,0.0,0.0]","[0.25270201668617864,0.0,0.0]",0,DESPENSA Y ABARROTES
MARCO POLO,UNIMARC,DESPENSA,1990.0,0.0,0.0,"[1990.0,0.0,0.0]","[0.2890097777043078,0.0,0.0]",0,DESPENSA Y ABARROTES
LEE KUM KEE,UNIMARC,DESPENSA,8390.0,0.0,0.0,"[8390.0,0.0,0.0]","[1.2184884597684131,0.0,0.0]",0,DESPENSA Y ABARROTES
LUCCHETTI,UNIMARC,DESPENSA,1150.0,0.0,0.0,"[1150.0,0.0,0.0]","[0.16701570068339394,0.0,0.0]",0,DESPENSA Y ABARROTES
GOURMET,UNIMARC,DESPENSA,2000.0,0.0,0.0,"[2000.0,0.0,0.0]","[0.29046208814503294,0.0,0.0]",0,DESPENSA Y ABARROTES
QUAKER,UNIMARC,DESPENSA,3190.0,0.0,0.0,"[3190.0,0.0,0.0]","[0.46328703059132753,0.0,0.0]",0,DESPENSA Y ABARROTES
TRAVERSO,UNIMARC,DESPENSA,1290.0,0.0,0.0,"[1290.0,0.0,0.0]","[0.18734804685354625,0.0,0.0]",0,DESPENSA Y ABARROTES
TRIBU,UNIMARC,DESPENSA,800.0,0.0,0.0,"[800.0,0.0,0.0]","[0.11618483525801318,0.0,0.0]",0,DESPENSA Y ABARROTES
MAGGI,UNIMARC,DESPENSA,1090.0,0.0,0.0,"[1090.0,0.0,0.0]","[0.15830183803904296,0.0,0.0]",0,DESPENSA Y ABARROTES
NUESTRA COCINA,UNIMARC,DESPENSA,660.0,0.0,0.0,"[660.0,0.0,0.0]","[0.09585248908786087,0.0,0.0]",0,DESPENSA Y ABARROTES
SCOTTI,UNIMARC,DESPENSA,5790.0,0.0,0.0,"[5790.0,0.0,0.0]","[0.8408877451798704,0.0,0.0]",0,DESPENSA Y ABARROTES
GOURMET,UNIMARC,DESPENSA,620.0,0.0,0.0,"[620.0,0.0,0.0]","[0.09004324732496022,0.0,0.0]",0,DESPENSA Y ABARROTES
SUK,UNIMARC,DESPENSA,5590.0,0.0,0.0,"[5590.0,0.0,0.0]","[0.811841536365367,0.0,0.0]",0,DESPENSA Y ABARROTES
GOURMET,UNIMARC,DESPENSA,4250.0,0.0,0.0,"[4250.0,0.0,0.0]","[0.617231937308195,0.0,0.0]",0,DESPENSA Y ABARROTES
NUESTRA COCINA,UNIMARC,DESPENSA,990.0,0.0,0.0,"[990.0,0.0,0.0]","[0.1437787336317913,0.0,0.0]",0,DESPENSA Y ABARROTES
NUESTRA COCINA,UNIMARC,DESPENSA,2990.0,0.0,0.0,"[2990.0,0.0,0.0]","[0.43424082177682427,0.0,0.0]",0,DESPENSA Y ABARROTES
WAITROSE,UNIMARC,DESPENSA,2650.0,0.0,0.0,"[2650.0,0.0,0.0]","[0.3848622667921687,0.0,0.0]",0,DESPENSA Y ABARROTES
BELMONT,UNIMARC,DESPENSA,4950.0,0.0,0.0,"[4950.0,0.0,0.0]","[0.7188936681589565,0.0,0.0]",0,DESPENSA Y ABARROTES
ACT II,UNIMARC,DESPENSA,1550.0,0.0,0.0,"[1550.0,0.0,0.0]","[0.22510811831240055,0.0,0.0]",0,DESPENSA Y ABARROTES
COCO LOPEZ,UNIMARC,DESPENSA,6650.0,0.0,0.0,"[6650.0,0.0,0.0]","[0.9657864430822346,0.0,0.0]",0,DESPENSA Y ABARROTES
GOURMET,UNIMARC,DESPENSA,650.0,0.0,0.0,"[650.0,0.0,0.0]","[0.09440017864713571,0.0,0.0]",0,DESPENSA Y ABARROTES
MAIZENA,UNIMARC,DESPENSA,3650.0,0.0,0.0,"[3650.0,0.0,0.0]","[0.5300933108646851,0.0,0.0]",0,DESPENSA Y ABARROTES
COLLICO,UNIMARC,DESPENSA,510.0,0.0,0.0,"[510.0,0.0,0.0]","[0.0740678324769834,0.0,0.0]",0,DESPENSA Y ABARROTES
NUESTRA COCINA,UNIMARC,DESPENSA,1190.0,0.0,0.0,"[1190.0,0.0,0.0]","[0.1728249424462946,0.0,0.0]",0,DESPENSA Y ABARROTES
SEMBRASOL,UNIMARC,DESPENSA,3490.0,0.0,0.0,"[3490.0,0.0,0.0]","[0.5068563438130825,0.0,0.0]",0,DESPENSA Y ABARROTES
HELLMANNS,UNIMARC,DESPENSA,2700.0,0.0,0.0,"[2700.0,0.0,0.0]","[0.39212381899579446,0.0,0.0]",0,DESPENSA Y ABARROTES
ACT II,UNIMARC,DESPENSA,1550.0,0.0,0.0,"[1550.0,0.0,0.0]","[0.22510811831240055,0.0,0.0]",0,DESPENSA Y ABARROTES
TENTO,UNIMARC,DESPENSA,5790.0,0.0,0.0,"[5790.0,0.0,0.0]","[0.8408877451798704,0.0,0.0]",0,DESPENSA Y ABARROTES
ROBINSON CRUSOE,UNIMARC,DESPENSA,1490.0,0.0,0.0,"[1490.0,0.0,0.0]","[0.21639425566804954,0.0,0.0]",0,DESPENSA Y ABARROTES
TRAVERSO,UNIMARC,DESPENSA,4550.0,0.0,0.0,"[4550.0,0.0,0.0]","[0.66080125052995,0.0,0.0]",0,DESPENSA Y ABARROTES
CIRIO,UNIMARC,DESPENSA,3190.0,0.0,0.0,"[3190.0,0.0,0.0]","[0.46328703059132753,0.0,0.0]",0,DESPENSA Y ABARROTES
BANQUETE,UNIMARC,DESPENSA,2190.0,0.0,0.0,"[2190.0,0.0,0.0]","[0.31805598651881106,0.0,0.0]",0,DESPENSA Y ABARROTES
ESMERALDA,UNIMARC,DESPENSA,1990.0,0.0,0.0,"[1990.0,0.0,0.0]","[0.2890097777043078,0.0,0.0]",0,DESPENSA Y ABARROTES
TRATTORIA,UNIMARC,DESPENSA,2600.0,0.0,0.0,"[2600.0,0.0,0.0]","[0.37760071458854283,0.0,0.0]",0,DESPENSA Y ABARROTES
ANGELMO,UNIMARC,DESPENSA,2690.0,0.0,0.0,"[2690.0,0.0,0.0]","[0.3906715085550693,0.0,0.0]",0,DESPENSA Y ABARROTES
CAMPO FERNANDEZ,UNIMARC,DESPENSA,4450.0,0.0,0.0,"[4450.0,0.0,0.0]","[0.6462781461226983,0.0,0.0]",0,DESPENSA Y ABARROTES
SUK,UNIMARC,DESPENSA,3550.0,0.0,0.0,"[3550.0,0.0,0.0]","[0.5155702064574335,0.0,0.0]",0,DESPENSA Y ABARROTES
LOS GRANOS,UNIMARC,DESPENSA,3090.0,0.0,0.0,"[3090.0,0.0,0.0]","[0.4487639261840759,0.0,0.0]",0,DESPENSA Y ABARROTES
AMBROSOLI,UNIMARC,DESPENSA,830.0,0.0,0.0,"[830.0,0.0,0.0]","[0.12054176658018867,0.0,0.0]",0,DESPENSA Y ABARROTES
GOURMET,UNIMARC,DESPENSA,3550.0,0.0,0.0,"[3550.0,0.0,0.0]","[0.5155702064574335,0.0,0.0]",0,DESPENSA Y ABARROTES
ROBINSON CRUSOE,UNIMARC,DESPENSA,4490.0,0.0,0.0,"[4490.0,0.0,0.0]","[0.652087387885599,0.0,0.0]",0,DESPENSA Y ABARROTES
BY MARIA,UNIMARC,DESPENSA,6190.0,0.0,0.0,"[6190.0,0.0,0.0]","[0.8989801628088769,0.0,0.0]",0,DESPENSA Y ABARROTES
WINKLER SPECIA,UNIMARC,DESPENSA,1390.0,0.0,0.0,"[1390.0,0.0,0.0]","[0.2018711512607979,0.0,0.0]",0,DESPENSA Y ABARROTES
NUESTRA COCINA,UNIMARC,DESPENSA,2690.0,0.0,0.0,"[2690.0,0.0,0.0]","[0.3906715085550693,0.0,0.0]",0,DESPENSA Y ABARROTES
IANSA,UNIMARC,DESPENSA,1850.0,0.0,0.0,"[1850.0,0.0,0.0]","[0.26867743153415546,0.0,0.0]",0,DESPENSA Y ABARROTES
TENTO,UNIMARC,DESPENSA,3590.0,0.0,0.0,"[3590.0,0.0,0.0]","[0.5213794482203341,0.0,0.0]",0,DESPENSA Y ABARROTES
TWISTOS,UNIMARC,DESPENSA,1390.0,0.0,0.0,"[1390.0,0.0,0.0]","[0.2018711512607979,0.0,0.0]",0,DESPENSA Y ABARROTES
NUESTRA COCINA,UNIMARC,DESPENSA,1290.0,0.0,0.0,"[1290.0,0.0,0.0]","[0.18734804685354625,0.0,0.0]",0,DESPENSA Y ABARROTES
BAVARIA,UNIMARC,DESPENSA,3390.0,0.0,0.0,"[3390.0,0.0,0.0]","[0.49233323940583085,0.0,0.0]",0,DESPENSA Y ABARROTES
ACT II,UNIMARC,DESPENSA,1550.0,0.0,0.0,"[1550.0,0.0,0.0]","[0.22510811831240055,0.0,0.0]",0,DESPENSA Y ABARROTES
LA COSTEÑA,UNIMARC,DESPENSA,1990.0,0.0,0.0,"[1990.0,0.0,0.0]","[0.2890097777043078,0.0,0.0]",0,DESPENSA Y ABARROTES
LUCCHETTI,UNIMARC,DESPENSA,790.0,0.0,0.0,"[790.0,0.0,0.0]","[0.11473252481728802,0.0,0.0]",0,DESPENSA Y ABARROTES
PANCHO VILLA,UNIMARC,DESPENSA,1450.0,0.0,0.0,"[1450.0,0.0,0.0]","[0.2105850139051489,0.0,0.0]",0,DESPENSA Y ABARROTES
DON JUAN,UNIMARC,DESPENSA,2540.0,0.0,0.0,"[2540.0,0.0,0.0]","[0.36888685194419185,0.0,0.0]",0,DESPENSA Y ABARROTES
GOURMET,UNIMARC,DESPENSA,1650.0,0.0,0.0,"[1650.0,0.0,0.0]","[0.23963122271965218,0.0,0.0]",0,DESPENSA Y ABARROTES
OSO,UNIMARC,DESPENSA,1490.0,0.0,0.0,"[1490.0,0.0,0.0]","[0.21639425566804954,0.0,0.0]",0,DESPENSA Y ABARROTES
GALLINA BLANCA,UNIMARC,DESPENSA,3850.0,0.0,0.0,"[3850.0,0.0,0.0]","[0.5591395196791884,0.0,0.0]",0,DESPENSA Y ABARROTES
ANGELMO,UNIMARC,DESPENSA,1390.0,0.0,0.0,"[1390.0,0.0,0.0]","[0.2018711512607979,0.0,0.0]",0,DESPENSA Y ABARROTES
MARCO POLO,UNIMARC,DESPENSA,1250.0,0.0,0.0,"[1250.0,0.0,0.0]","[0.1815388050906456,0.0,0.0]",0,DESPENSA Y ABARROTES
GRILL,UNIMARC,DESPENSA,1750.0,0.0,0.0,"[1750.0,0.0,0.0]","[0.25415432712690383,0.0,0.0]",0,DESPENSA Y ABARROTES
MAILLE,UNIMARC,DESPENSA,4690.0,0.0,0.0,"[4690.0,0.0,0.0]","[0.6811335967001023,0.0,0.0]",0,DESPENSA Y ABARROTES
GOURMET,UNIMARC,DESPENSA,840.0,0.0,0.0,"[840.0,0.0,0.0]","[0.12199407702091383,0.0,0.0]",0,DESPENSA Y ABARROTES
DON JUAN,UNIMARC,DESPENSA,1450.0,0.0,0.0,"[1450.0,0.0,0.0]","[0.2105850139051489,0.0,0.0]",0,DESPENSA Y ABARROTES
NUESTRA COCINA,UNIMARC,DESPENSA,540.0,0.0,0.0,"[540.0,0.0,0.0]","[0.0784247637991589,0.0,0.0]",0,DESPENSA Y ABARROTES
BAVARIA,UNIMARC,DESPENSA,3390.0,0.0,0.0,"[3390.0,0.0,0.0]","[0.49233323940583085,0.0,0.0]",0,DESPENSA Y ABARROTES
BARILLA,UNIMARC,DESPENSA,2650.0,0.0,0.0,"[2650.0,0.0,0.0]","[0.3848622667921687,0.0,0.0]",0,DESPENSA Y ABARROTES
TABASCO,UNIMARC,DESPENSA,4950.0,0.0,0.0,"[4950.0,0.0,0.0]","[0.7188936681589565,0.0,0.0]",0,DESPENSA Y ABARROTES
BUKA,UNIMARC,DESPENSA,500.0,0.0,0.0,"[500.0,0.0,0.0]","[0.07261552203625823,0.0,0.0]",0,DESPENSA Y ABARROTES
MI TIERRA,UNIMARC,DESPENSA,2890.0,0.0,0.0,"[2890.0,0.0,0.0]","[0.41971771736957264,0.0,0.0]",0,DESPENSA Y ABARROTES
PANCHO VILLA,UNIMARC,DESPENSA,2200.0,0.0,0.0,"[2200.0,0.0,0.0]","[0.31950829695953625,0.0,0.0]",0,DESPENSA Y ABARROTES
DON JUAN,UNIMARC,DESPENSA,1190.0,0.0,0.0,"[1190.0,0.0,0.0]","[0.1728249424462946,0.0,0.0]",0,DESPENSA Y ABARROTES
TUCAPEL,UNIMARC,DESPENSA,2290.0,0.0,0.0,"[2290.0,0.0,0.0]","[0.33257909092606275,0.0,0.0]",0,DESPENSA Y ABARROTES
NUESTRA COCINA,UNIMARC,DESPENSA,2990.0,0.0,0.0,"[2990.0,0.0,0.0]","[0.43424082177682427,0.0,0.0]",0,DESPENSA Y ABARROTES
LOBOS,UNIMARC,DESPENSA,1790.0,0.0,0.0,"[1790.0,0.0,0.0]","[0.2599635688898045,0.0,0.0]",0,DESPENSA Y ABARROTES
GOURMET,UNIMARC,DESPENSA,1350.0,0.0,0.0,"[1350.0,0.0,0.0]","[0.19606190949789723,0.0,0.0]",0,DESPENSA Y ABARROTES
HOFFMANN,UNIMARC,DESPENSA,8590.0,0.0,0.0,"[8590.0,0.0,0.0]","[1.2475346685829165,0.0,0.0]",0,DESPENSA Y ABARROTES
ESMERALDA,UNIMARC,DESPENSA,2690.0,0.0,0.0,"[2690.0,0.0,0.0]","[0.3906715085550693,0.0,0.0]",0,DESPENSA Y ABARROTES
KRAFT,UNIMARC,DESPENSA,4890.0,0.0,0.0,"[4890.0,0.0,0.0]","[0.7101798055146056,0.0,0.0]",0,DESPENSA Y ABARROTES
GOURMET,UNIMARC,DESPENSA,1490.0,0.0,0.0,"[1490.0,0.0,0.0]","[0.21639425566804954,0.0,0.0]",0,DESPENSA Y ABARROTES
GOURMET,UNIMARC,DESPENSA,220.0,0.0,0.0,"[220.0,0.0,0.0]","[0.03195082969595363,0.0,0.0]",0,DESPENSA Y ABARROTES
MIRAFLORES,UNIMARC,DESPENSA,1190.0,0.0,0.0,"[1190.0,0.0,0.0]","[0.1728249424462946,0.0,0.0]",0,DESPENSA Y ABARROTES
KIKKOMAN,UNIMARC,DESPENSA,7990.0,0.0,0.0,"[7990.0,0.0,0.0]","[1.1603960421394066,0.0,0.0]",0,DESPENSA Y ABARROTES
LA SALTEÑA,UNIMARC,DESPENSA,3990.0,0.0,0.0,"[3990.0,0.0,0.0]","[0.5794718658493407,0.0,0.0]",0,DESPENSA Y ABARROTES
DON JUAN,UNIMARC,DESPENSA,3190.0,0.0,0.0,"[3190.0,0.0,0.0]","[0.46328703059132753,0.0,0.0]",0,DESPENSA Y ABARROTES
NUESTRA COCINA,UNIMARC,DESPENSA,2190.0,0.0,0.0,"[2190.0,0.0,0.0]","[0.31805598651881106,0.0,0.0]",0,DESPENSA Y ABARROTES
HEINZ,UNIMARC,DESPENSA,4790.0,0.0,0.0,"[4790.0,0.0,0.0]","[0.6956567011073539,0.0,0.0]",0,DESPENSA Y ABARROTES
TENTO,UNIMARC,DESPENSA,1190.0,0.0,0.0,"[1190.0,0.0,0.0]","[0.1728249424462946,0.0,0.0]",0,DESPENSA Y ABARROTES
CHEF,UNIMARC,DESPENSA,6190.0,0.0,0.0,"[6190.0,0.0,0.0]","[0.8989801628088769,0.0,0.0]",0,DESPENSA Y ABARROTES
SELZ,UNIMARC,DESPENSA,550.0,0.0,0.0,"[550.0,0.0,0.0]","[0.07987707423988406,0.0,0.0]",0,DESPENSA Y ABARROTES
BANQUETE,UNIMARC,DESPENSA,5890.0,0.0,0.0,"[5890.0,0.0,0.0]","[0.855410849587122,0.0,0.0]",0,DESPENSA Y ABARROTES
GOURMET,UNIMARC,DESPENSA,510.0,0.0,0.0,"[510.0,0.0,0.0]","[0.0740678324769834,0.0,0.0]",0,DESPENSA Y ABARROTES
TENTO,UNIMARC,DESPENSA,2790.0,0.0,0.0,"[2790.0,0.0,0.0]","[0.40519461296232095,0.0,0.0]",0,DESPENSA Y ABARROTES
P&M FOODS,UNIMARC,DESPENSA,3350.0,0.0,0.0,"[3350.0,0.0,0.0]","[0.4865239976429302,0.0,0.0]",0,DESPENSA Y ABARROTES
NUESTRA COCINA,UNIMARC,DESPENSA,3950.0,0.0,0.0,"[3950.0,0.0,0.0]","[0.5736626240864401,0.0,0.0]",0,DESPENSA Y ABARROTES
SOUTH WIND,UNIMARC,DESPENSA,8890.0,0.0,0.0,"[8890.0,0.0,0.0]","[1.2911039818046715,0.0,0.0]",0,DESPENSA Y ABARROTES
NUESTRA COCINA,UNIMARC,DESPENSA,1290.0,0.0,0.0,"[1290.0,0.0,0.0]","[0.18734804685354625,0.0,0.0]",0,DESPENSA Y ABARROTES
TALLIANI,UNIMARC,DESPENSA,2750.0,0.0,0.0,"[2750.0,0.0,0.0]","[0.3993853711994203,0.0,0.0]",0,DESPENSA Y ABARROTES
OSO,UNIMARC,DESPENSA,1350.0,0.0,0.0,"[1350.0,0.0,0.0]","[0.19606190949789723,0.0,0.0]",0,DESPENSA Y ABARROTES
NOT MAYO,UNIMARC,DESPENSA,4990.0,0.0,0.0,"[4990.0,0.0,0.0]","[0.7247029099218573,0.0,0.0]",0,DESPENSA Y ABARROTES
LEFERSA,UNIMARC,DESPENSA,2450.0,0.0,0.0,"[2450.0,0.0,0.0]","[0.35581605797766536,0.0,0.0]",0,DESPENSA Y ABARROTES
ESMERALDA,UNIMARC,DESPENSA,3890.0,0.0,0.0,"[3890.0,0.0,0.0]","[0.564948761442089,0.0,0.0]",0,DESPENSA Y ABARROTES
HEINZ,UNIMARC,DESPENSA,5350.0,0.0,0.0,"[5350.0,0.0,0.0]","[0.7769860857879631,0.0,0.0]",0,DESPENSA Y ABARROTES
CHEETOS,UNIMARC,DESPENSA,1990.0,0.0,0.0,"[1990.0,0.0,0.0]","[0.2890097777043078,0.0,0.0]",0,DESPENSA Y ABARROTES
LA SALTEÑA,UNIMARC,DESPENSA,3990.0,0.0,0.0,"[3990.0,0.0,0.0]","[0.5794718658493407,0.0,0.0]",0,DESPENSA Y ABARROTES
GOURMET,UNIMARC,DESPENSA,2650.0,0.0,0.0,"[2650.0,0.0,0.0]","[0.3848622667921687,0.0,0.0]",0,DESPENSA Y ABARROTES
NUESTRA COCINA,UNIMARC,DESPENSA,3790.0,0.0,0.0,"[3790.0,0.0,0.0]","[0.5504256570348375,0.0,0.0]",0,DESPENSA Y ABARROTES
GOURMET,UNIMARC,DESPENSA,1490.0,0.0,0.0,"[1490.0,0.0,0.0]","[0.21639425566804954,0.0,0.0]",0,DESPENSA Y ABARROTES
TENTO,UNIMARC,DESPENSA,2190.0,0.0,0.0,"[2190.0,0.0,0.0]","[0.31805598651881106,0.0,0.0]",0,DESPENSA Y ABARROTES
NUESTRA COCINA,UNIMARC,DESPENSA,960.0,0.0,0.0,"[960.0,0.0,0.0]","[0.13942180230961582,0.0,0.0]",0,DESPENSA Y ABARROTES
LUCCHETTI,UNIMARC,DESPENSA,2290.0,0.0,0.0,"[2290.0,0.0,0.0]","[0.33257909092606275,0.0,0.0]",0,DESPENSA Y ABARROTES
ESMERALDA,UNIMARC,DESPENSA,3350.0,0.0,0.0,"[3350.0,0.0,0.0]","[0.4865239976429302,0.0,0.0]",0,DESPENSA Y ABARROTES
BUKA,UNIMARC,DESPENSA,2890.0,0.0,0.0,"[2890.0,0.0,0.0]","[0.41971771736957264,0.0,0.0]",0,DESPENSA Y ABARROTES
MARCO POLO,UNIMARC,DESPENSA,4150.0,0.0,0.0,"[4150.0,0.0,0.0]","[0.6027088329009433,0.0,0.0]",0,DESPENSA Y ABARROTES
OSO,UNIMARC,DESPENSA,1090.0,0.0,0.0,"[1090.0,0.0,0.0]","[0.15830183803904296,0.0,0.0]",0,DESPENSA Y ABARROTES
CHEETOS,UNIMARC,DESPENSA,1850.0,0.0,0.0,"[1850.0,0.0,0.0]","[0.26867743153415546,0.0,0.0]",0,DESPENSA Y ABARROTES
SUK,UNIMARC,DESPENSA,3350.0,0.0,0.0,"[3350.0,0.0,0.0]","[0.4865239976429302,0.0,0.0]",0,DESPENSA Y ABARROTES
SUK,UNIMARC,DESPENSA,2800.0,0.0,0.0,"[2800.0,0.0,0.0]","[0.40664692340304615,0.0,0.0]",0,DESPENSA Y ABARROTES
LA SALTEÑA,UNIMARC,DESPENSA,3990.0,0.0,0.0,"[3990.0,0.0,0.0]","[0.5794718658493407,0.0,0.0]",0,DESPENSA Y ABARROTES
CAROZZI,UNIMARC,DESPENSA,3990.0,0.0,0.0,"[3990.0,0.0,0.0]","[0.5794718658493407,0.0,0.0]",0,DESPENSA Y ABARROTES
MANARE,UNIMARC,DESPENSA,10790.0,0.0,0.0,"[10790.0,0.0,0.0]","[1.5670429655424527,0.0,0.0]",0,DESPENSA Y ABARROTES
PRINGLES,UNIMARC,DESPENSA,2350.0,0.0,0.0,"[2350.0,0.0,0.0]","[0.3412929535704137,0.0,0.0]",0,DESPENSA Y ABARROTES
HELLMANNS,UNIMARC,DESPENSA,4290.0,0.0,0.0,"[4290.0,0.0,0.0]","[0.6230411790710957,0.0,0.0]",0,DESPENSA Y ABARROTES
SELECTA,UNIMARC,DESPENSA,2090.0,0.0,0.0,"[2090.0,0.0,0.0]","[0.30353288211155943,0.0,0.0]",0,DESPENSA Y ABARROTES
NUESTRA COCINA,UNIMARC,DESPENSA,6150.0,0.0,0.0,"[6150.0,0.0,0.0]","[0.8931709210459763,0.0,0.0]",0,DESPENSA Y ABARROTES
IANSA,UNIMARC,DESPENSA,2390.0,0.0,0.0,"[2390.0,0.0,0.0]","[0.3471021953333144,0.0,0.0]",0,DESPENSA Y ABARROTES
TRAVERSO,UNIMARC,DESPENSA,2090.0,0.0,0.0,"[2090.0,0.0,0.0]","[0.30353288211155943,0.0,0.0]",0,DESPENSA Y ABARROTES
TIKA,UNIMARC,DESPENSA,2790.0,0.0,0.0,"[2790.0,0.0,0.0]","[0.40519461296232095,0.0,0.0]",0,DESPENSA Y ABARROTES
PF LISTO,UNIMARC,DESPENSA,3690.0,0.0,0.0,"[3690.0,0.0,0.0]","[0.5359025526275858,0.0,0.0]",0,DESPENSA Y ABARROTES
RANA,UNIMARC,DESPENSA,4590.0,0.0,0.0,"[4590.0,0.0,0.0]","[0.6666104922928506,0.0,0.0]",0,DESPENSA Y ABARROTES
GOURMET,UNIMARC,DESPENSA,2650.0,0.0,0.0,"[2650.0,0.0,0.0]","[0.3848622667921687,0.0,0.0]",0,DESPENSA Y ABARROTES
BUKA,UNIMARC,DESPENSA,500.0,0.0,0.0,"[500.0,0.0,0.0]","[0.07261552203625823,0.0,0.0]",0,DESPENSA Y ABARROTES
LA CASONA MONTECLARO,UNIMARC,DESPENSA,6390.0,0.0,0.0,"[6390.0,0.0,0.0]","[0.9280263716233803,0.0,0.0]",0,DESPENSA Y ABARROTES
MAGGI,UNIMARC,DESPENSA,1090.0,0.0,0.0,"[1090.0,0.0,0.0]","[0.15830183803904296,0.0,0.0]",0,DESPENSA Y ABARROTES
KARDAMILI,UNIMARC,DESPENSA,10390.0,0.0,0.0,"[10390.0,0.0,0.0]","[1.5089505479134462,0.0,0.0]",0,DESPENSA Y ABARROTES
NUESTRA COCINA,UNIMARC,DESPENSA,520.0,0.0,0.0,"[520.0,0.0,0.0]","[0.07552014291770856,0.0,0.0]",0,DESPENSA Y ABARROTES
DON JUAN,UNIMARC,DESPENSA,1690.0,0.0,0.0,"[1690.0,0.0,0.0]","[0.24544046448255286,0.0,0.0]",0,DESPENSA Y ABARROTES
ESMERALDA,UNIMARC,DESPENSA,2950.0,0.0,0.0,"[2950.0,0.0,0.0]","[0.4284315800139236,0.0,0.0]",0,DESPENSA Y ABARROTES
MOCCAGATTA,UNIMARC,DESPENSA,1190.0,0.0,0.0,"[1190.0,0.0,0.0]","[0.1728249424462946,0.0,0.0]",0,DESPENSA Y ABARROTES
JB,UNIMARC,DESPENSA,1890.0,0.0,0.0,"[1890.0,0.0,0.0]","[0.2744866732970561,0.0,0.0]",0,DESPENSA Y ABARROTES
AMBROSOLI,UNIMARC,DESPENSA,970.0,0.0,0.0,"[970.0,0.0,0.0]","[0.14087411275034098,0.0,0.0]",0,DESPENSA Y ABARROTES
NUESTRA COCINA,UNIMARC,DESPENSA,3790.0,0.0,0.0,"[3790.0,0.0,0.0]","[0.5504256570348375,0.0,0.0]",0,DESPENSA Y ABARROTES
GOURMET,UNIMARC,DESPENSA,840.0,0.0,0.0,"[840.0,0.0,0.0]","[0.12199407702091383,0.0,0.0]",0,DESPENSA Y ABARROTES
AMBROSOLI,UNIMARC,DESPENSA,1350.0,0.0,0.0,"[1350.0,0.0,0.0]","[0.19606190949789723,0.0,0.0]",0,DESPENSA Y ABARROTES
NUESTRA COCINA,UNIMARC,DESPENSA,1790.0,0.0,0.0,"[1790.0,0.0,0.0]","[0.2599635688898045,0.0,0.0]",0,DESPENSA Y ABARROTES
PURIPOP,UNIMARC,DESPENSA,660.0,0.0,0.0,"[660.0,0.0,0.0]","[0.09585248908786087,0.0,0.0]",0,DESPENSA Y ABARROTES
MAGGI,UNIMARC,DESPENSA,1250.0,0.0,0.0,"[1250.0,0.0,0.0]","[0.1815388050906456,0.0,0.0]",0,DESPENSA Y ABARROTES
MARCO POLO,UNIMARC,DESPENSA,1990.0,0.0,0.0,"[1990.0,0.0,0.0]","[0.2890097777043078,0.0,0.0]",0,DESPENSA Y ABARROTES
VIVO,UNIMARC,DESPENSA,3690.0,0.0,0.0,"[3690.0,0.0,0.0]","[0.5359025526275858,0.0,0.0]",0,DESPENSA Y ABARROTES
MI TIERRA,UNIMARC,DESPENSA,1450.0,0.0,0.0,"[1450.0,0.0,0.0]","[0.2105850139051489,0.0,0.0]",0,DESPENSA Y ABARROTES
BORNIER,UNIMARC,DESPENSA,6390.0,0.0,0.0,"[6390.0,0.0,0.0]","[0.9280263716233803,0.0,0.0]",0,DESPENSA Y ABARROTES
MOCCAGATTA,UNIMARC,DESPENSA,1190.0,0.0,0.0,"[1190.0,0.0,0.0]","[0.1728249424462946,0.0,0.0]",0,DESPENSA Y ABARROTES
NUESTRA COCINA,UNIMARC,DESPENSA,960.0,0.0,0.0,"[960.0,0.0,0.0]","[0.13942180230961582,0.0,0.0]",0,DESPENSA Y ABARROTES
NUESTRA COCINA,UNIMARC,DESPENSA,690.0,0.0,0.0,"[690.0,0.0,0.0]","[0.10020942041003637,0.0,0.0]",0,DESPENSA Y ABARROTES
HELLMANNS,UNIMARC,DESPENSA,3790.0,0.0,0.0,"[3790.0,0.0,0.0]","[0.5504256570348375,0.0,0.0]",0,DESPENSA Y ABARROTES
BIOSAL,UNIMARC,DESPENSA,4290.0,0.0,0.0,"[4290.0,0.0,0.0]","[0.6230411790710957,0.0,0.0]",0,DESPENSA Y ABARROTES
DON JUAN,UNIMARC,DESPENSA,1790.0,0.0,0.0,"[1790.0,0.0,0.0]","[0.2599635688898045,0.0,0.0]",0,DESPENSA Y ABARROTES
KRAFT,UNIMARC,DESPENSA,2450.0,0.0,0.0,"[2450.0,0.0,0.0]","[0.35581605797766536,0.0,0.0]",0,DESPENSA Y ABARROTES
MARUCHAN,UNIMARC,DESPENSA,1390.0,0.0,0.0,"[1390.0,0.0,0.0]","[0.2018711512607979,0.0,0.0]",0,DESPENSA Y ABARROTES
IANSA,UNIMARC,DESPENSA,1990.0,0.0,0.0,"[1990.0,0.0,0.0]","[0.2890097777043078,0.0,0.0]",0,DESPENSA Y ABARROTES
GOURMET,UNIMARC,DESPENSA,1750.0,0.0,0.0,"[1750.0,0.0,0.0]","[0.25415432712690383,0.0,0.0]",0,DESPENSA Y ABARROTES
CAROZZI,UNIMARC,DESPENSA,2090.0,0.0,0.0,"[2090.0,0.0,0.0]","[0.30353288211155943,0.0,0.0]",0,DESPENSA Y ABARROTES
NUESTRA COCINA,UNIMARC,DESPENSA,380.0,0.0,0.0,"[380.0,0.0,0.0]","[0.055187796747556264,0.0,0.0]",0,DESPENSA Y ABARROTES
MAGGI,UNIMARC,DESPENSA,880.0,0.0,0.0,"[880.0,0.0,0.0]","[0.1278033187838145,0.0,0.0]",0,DESPENSA Y ABARROTES
PURIPOP,UNIMARC,DESPENSA,3090.0,0.0,0.0,"[3090.0,0.0,0.0]","[0.4487639261840759,0.0,0.0]",0,DESPENSA Y ABARROTES
ROBINSON CRUSOE,UNIMARC,DESPENSA,3890.0,0.0,0.0,"[3890.0,0.0,0.0]","[0.564948761442089,0.0,0.0]",0,DESPENSA Y ABARROTES
TENTO,UNIMARC,DESPENSA,2150.0,0.0,0.0,"[2150.0,0.0,0.0]","[0.3122467447559104,0.0,0.0]",0,DESPENSA Y ABARROTES
MARCO POLO,UNIMARC,DESPENSA,1500.0,0.0,0.0,"[1500.0,0.0,0.0]","[0.2178465661087747,0.0,0.0]",0,DESPENSA Y ABARROTES
LOBOS,UNIMARC,DESPENSA,1850.0,0.0,0.0,"[1850.0,0.0,0.0]","[0.26867743153415546,0.0,0.0]",0,DESPENSA Y ABARROTES
ANGELMO,UNIMARC,DESPENSA,2790.0,0.0,0.0,"[2790.0,0.0,0.0]","[0.40519461296232095,0.0,0.0]",0,DESPENSA Y ABARROTES
MIRAFLORES,UNIMARC,DESPENSA,1950.0,0.0,0.0,"[1950.0,0.0,0.0]","[0.28320053594140715,0.0,0.0]",0,DESPENSA Y ABARROTES
MARCO POLO,UNIMARC,DESPENSA,1990.0,0.0,0.0,"[1990.0,0.0,0.0]","[0.2890097777043078,0.0,0.0]",0,DESPENSA Y ABARROTES
KRAFT,UNIMARC,DESPENSA,3990.0,0.0,0.0,"[3990.0,0.0,0.0]","[0.5794718658493407,0.0,0.0]",0,DESPENSA Y ABARROTES
BUKA,UNIMARC,DESPENSA,2090.0,0.0,0.0,"[2090.0,0.0,0.0]","[0.30353288211155943,0.0,0.0]",0,DESPENSA Y ABARROTES
CAROZZI,UNIMARC,DESPENSA,1390.0,0.0,0.0,"[1390.0,0.0,0.0]","[0.2018711512607979,0.0,0.0]",0,DESPENSA Y ABARROTES
BUKA,UNIMARC,DESPENSA,2850.0,0.0,0.0,"[2850.0,0.0,0.0]","[0.41390847560667193,0.0,0.0]",0,DESPENSA Y ABARROTES
DIMME,UNIMARC,DESPENSA,1550.0,0.0,0.0,"[1550.0,0.0,0.0]","[0.22510811831240055,0.0,0.0]",0,DESPENSA Y ABARROTES
LOBOS,UNIMARC,DESPENSA,1690.0,0.0,0.0,"[1690.0,0.0,0.0]","[0.24544046448255286,0.0,0.0]",0,DESPENSA Y ABARROTES
HEINZ,UNIMARC,DESPENSA,2490.0,0.0,0.0,"[2490.0,0.0,0.0]","[0.361625299740566,0.0,0.0]",0,DESPENSA Y ABARROTES
LUCCHETTI,UNIMARC,DESPENSA,1350.0,0.0,0.0,"[1350.0,0.0,0.0]","[0.19606190949789723,0.0,0.0]",0,DESPENSA Y ABARROTES
DORITOS,UNIMARC,DESPENSA,2090.0,0.0,0.0,"[2090.0,0.0,0.0]","[0.30353288211155943,0.0,0.0]",0,DESPENSA Y ABARROTES
NUESTRA COCINA,UNIMARC,DESPENSA,3790.0,0.0,0.0,"[3790.0,0.0,0.0]","[0.5504256570348375,0.0,0.0]",0,DESPENSA Y ABARROTES
HELLMANNS,UNIMARC,DESPENSA,1550.0,0.0,0.0,"[1550.0,0.0,0.0]","[0.22510811831240055,0.0,0.0]",0,DESPENSA Y ABARROTES
LUCCHETTI,UNIMARC,DESPENSA,1150.0,0.0,0.0,"[1150.0,0.0,0.0]","[0.16701570068339394,0.0,0.0]",0,DESPENSA Y ABARROTES
REGIMEL,UNIMARC,DESPENSA,22360.0,0.0,0.0,"[22360.0,0.0,0.0]","[3.247366145461468,0.0,0.0]",0,DESPENSA Y ABARROTES
LAYS,UNIMARC,DESPENSA,2350.0,0.0,0.0,"[2350.0,0.0,0.0]","[0.3412929535704137,0.0,0.0]",0,DESPENSA Y ABARROTES
GOURMET,UNIMARC,DESPENSA,31850.0,0.0,0.0,"[31850.0,0.0,0.0]","[4.62560875370965,0.0,0.0]",0,DESPENSA Y ABARROTES
GOURMET,UNIMARC,DESPENSA,2190.0,0.0,0.0,"[2190.0,0.0,0.0]","[0.31805598651881106,0.0,0.0]",0,DESPENSA Y ABARROTES
IANSA,UNIMARC,DESPENSA,5350.0,0.0,0.0,"[5350.0,0.0,0.0]","[0.7769860857879631,0.0,0.0]",0,DESPENSA Y ABARROTES
GOURMET,UNIMARC,DESPENSA,2990.0,0.0,0.0,"[2990.0,0.0,0.0]","[0.43424082177682427,0.0,0.0]",0,DESPENSA Y ABARROTES
BUKA,UNIMARC,DESPENSA,2490.0,0.0,0.0,"[2490.0,0.0,0.0]","[0.361625299740566,0.0,0.0]",0,DESPENSA Y ABARROTES
GOURMET,UNIMARC,DESPENSA,1650.0,0.0,0.0,"[1650.0,0.0,0.0]","[0.23963122271965218,0.0,0.0]",0,DESPENSA Y ABARROTES
NATURALIST,UNIMARC,DESPENSA,6590.0,0.0,0.0,"[6590.0,0.0,0.0]","[0.9570725804378836,0.0,0.0]",0,DESPENSA Y ABARROTES
MARCO POLO,UNIMARC,DESPENSA,2390.0,0.0,0.0,"[2390.0,0.0,0.0]","[0.3471021953333144,0.0,0.0]",0,DESPENSA Y ABARROTES
KIKKOMAN,UNIMARC,DESPENSA,3000.0,0.0,0.0,"[3000.0,0.0,0.0]","[0.4356931322175494,0.0,0.0]",0,DESPENSA Y ABARROTES
NUESTRA COCINA,UNIMARC,DESPENSA,1390.0,0.0,0.0,"[1390.0,0.0,0.0]","[0.2018711512607979,0.0,0.0]",0,DESPENSA Y ABARROTES
ESMERALDA,UNIMARC,DESPENSA,2890.0,0.0,0.0,"[2890.0,0.0,0.0]","[0.41971771736957264,0.0,0.0]",0,DESPENSA Y ABARROTES
NUESTRA COCINA,UNIMARC,DESPENSA,950.0,0.0,0.0,"[950.0,0.0,0.0]","[0.13796949186889065,0.0,0.0]",0,DESPENSA Y ABARROTES
LA FERMENTISTA,UNIMARC,DESPENSA,6290.0,0.0,0.0,"[6290.0,0.0,0.0]","[0.9135032672161286,0.0,0.0]",0,DESPENSA Y ABARROTES
NUESTRA COCINA,UNIMARC,DESPENSA,2950.0,0.0,0.0,"[2950.0,0.0,0.0]","[0.4284315800139236,0.0,0.0]",0,DESPENSA Y ABARROTES
NUESTRA COCINA,UNIMARC,DESPENSA,3790.0,0.0,0.0,"[3790.0,0.0,0.0]","[0.5504256570348375,0.0,0.0]",0,DESPENSA Y ABARROTES
CHEF,UNIMARC,DESPENSA,14650.0,0.0,0.0,"[14650.0,0.0,0.0]","[2.1276347956623662,0.0,0.0]",0,DESPENSA Y ABARROTES
NATURALIST,UNIMARC,DESPENSA,4390.0,0.0,0.0,"[4390.0,0.0,0.0]","[0.6375642834783474,0.0,0.0]",0,DESPENSA Y ABARROTES
NATUREZZA,UNIMARC,DESPENSA,1250.0,0.0,0.0,"[1250.0,0.0,0.0]","[0.1815388050906456,0.0,0.0]",0,DESPENSA Y ABARROTES
FRUTISA,UNIMARC,DESPENSA,7750.0,0.0,0.0,"[7750.0,0.0,0.0]","[1.1255405915620027,0.0,0.0]",0,DESPENSA Y ABARROTES
TENTO,UNIMARC,DESPENSA,1250.0,0.0,0.0,"[1250.0,0.0,0.0]","[0.1815388050906456,0.0,0.0]",0,DESPENSA Y ABARROTES
NUESTRA COCINA,UNIMARC,DESPENSA,3790.0,0.0,0.0,"[3790.0,0.0,0.0]","[0.5504256570348375,0.0,0.0]",0,DESPENSA Y ABARROTES
LA ESPAÑOLA,UNIMARC,DESPENSA,3990.0,0.0,0.0,"[3990.0,0.0,0.0]","[0.5794718658493407,0.0,0.0]",0,DESPENSA Y ABARROTES
BUKA,UNIMARC,DESPENSA,500.0,0.0,0.0,"[500.0,0.0,0.0]","[0.07261552203625823,0.0,0.0]",0,DESPENSA Y ABARROTES
TRAVERSO,UNIMARC,DESPENSA,1490.0,0.0,0.0,"[1490.0,0.0,0.0]","[0.21639425566804954,0.0,0.0]",0,DESPENSA Y ABARROTES
TOSTANI,UNIMARC,DESPENSA,3790.0,0.0,0.0,"[3790.0,0.0,0.0]","[0.5504256570348375,0.0,0.0]",0,DESPENSA Y ABARROTES
NUESTRA COCINA,UNIMARC,DESPENSA,2150.0,0.0,0.0,"[2150.0,0.0,0.0]","[0.3122467447559104,0.0,0.0]",0,DESPENSA Y ABARROTES
GOURMET,UNIMARC,DESPENSA,610.0,0.0,0.0,"[610.0,0.0,0.0]","[0.08859093688423506,0.0,0.0]",0,DESPENSA Y ABARROTES
MARCO POLO,UNIMARC,DESPENSA,2850.0,0.0,0.0,"[2850.0,0.0,0.0]","[0.41390847560667193,0.0,0.0]",0,DESPENSA Y ABARROTES
GOURMET,UNIMARC,DESPENSA,330.0,0.0,0.0,"[330.0,0.0,0.0]","[0.047926244543930435,0.0,0.0]",0,DESPENSA Y ABARROTES
KA,UNIMARC,DESPENSA,3150.0,0.0,0.0,"[3150.0,0.0,0.0]","[0.4574777888284269,0.0,0.0]",0,DESPENSA Y ABARROTES
LUCCHETTI,UNIMARC,DESPENSA,820.0,0.0,0.0,"[820.0,0.0,0.0]","[0.1190894561394635,0.0,0.0]",0,DESPENSA Y ABARROTES
GOURMET,UNIMARC,DESPENSA,660.0,0.0,0.0,"[660.0,0.0,0.0]","[0.09585248908786087,0.0,0.0]",0,DESPENSA Y ABARROTES
VIVO,UNIMARC,DESPENSA,1150.0,0.0,0.0,"[1150.0,0.0,0.0]","[0.16701570068339394,0.0,0.0]",0,DESPENSA Y ABARROTES
WASIL,UNIMARC,DESPENSA,1550.0,0.0,0.0,"[1550.0,0.0,0.0]","[0.22510811831240055,0.0,0.0]",0,DESPENSA Y ABARROTES
LAYS,UNIMARC,DESPENSA,2690.0,0.0,0.0,"[2690.0,0.0,0.0]","[0.3906715085550693,0.0,0.0]",0,DESPENSA Y ABARROTES
ROBINSON CRUSOE,UNIMARC,DESPENSA,1990.0,0.0,0.0,"[1990.0,0.0,0.0]","[0.2890097777043078,0.0,0.0]",0,DESPENSA Y ABARROTES
PURISNACKS,UNIMARC,DESPENSA,2990.0,0.0,0.0,"[2990.0,0.0,0.0]","[0.43424082177682427,0.0,0.0]",0,DESPENSA Y ABARROTES
BAVARIA,UNIMARC,DESPENSA,3790.0,0.0,0.0,"[3790.0,0.0,0.0]","[0.5504256570348375,0.0,0.0]",0,DESPENSA Y ABARROTES
TIKA,UNIMARC,DESPENSA,2890.0,0.0,0.0,"[2890.0,0.0,0.0]","[0.41971771736957264,0.0,0.0]",0,DESPENSA Y ABARROTES
TRIBU,UNIMARC,DESPENSA,4790.0,0.0,0.0,"[4790.0,0.0,0.0]","[0.6956567011073539,0.0,0.0]",0,DESPENSA Y ABARROTES
TENTO,UNIMARC,DESPENSA,2090.0,0.0,0.0,"[2090.0,0.0,0.0]","[0.30353288211155943,0.0,0.0]",0,DESPENSA Y ABARROTES
TRIBU,UNIMARC,DESPENSA,800.0,0.0,0.0,"[800.0,0.0,0.0]","[0.11618483525801318,0.0,0.0]",0,DESPENSA Y ABARROTES
AMBROSOLI,UNIMARC,DESPENSA,1250.0,0.0,0.0,"[1250.0,0.0,0.0]","[0.1815388050906456,0.0,0.0]",0,DESPENSA Y ABARROTES
MARCO POLO,UNIMARC,DESPENSA,2090.0,0.0,0.0,"[2090.0,0.0,0.0]","[0.30353288211155943,0.0,0.0]",0,DESPENSA Y ABARROTES
GOURMET,UNIMARC,DESPENSA,2790.0,0.0,0.0,"[2790.0,0.0,0.0]","[0.40519461296232095,0.0,0.0]",0,DESPENSA Y ABARROTES
SOUTH WIND,UNIMARC,DESPENSA,9590.0,0.0,0.0,"[9590.0,0.0,0.0]","[1.392765712655433,0.0,0.0]",0,DESPENSA Y ABARROTES
GOURMET,UNIMARC,DESPENSA,1950.0,0.0,0.0,"[1950.0,0.0,0.0]","[0.28320053594140715,0.0,0.0]",0,DESPENSA Y ABARROTES
GOURMET,UNIMARC,DESPENSA,690.0,0.0,0.0,"[690.0,0.0,0.0]","[0.10020942041003637,0.0,0.0]",0,DESPENSA Y ABARROTES
BIOSAL,UNIMARC,DESPENSA,1490.0,0.0,0.0,"[1490.0,0.0,0.0]","[0.21639425566804954,0.0,0.0]",0,DESPENSA Y ABARROTES
COSECHA JUSTA,UNIMARC,DESPENSA,2490.0,0.0,0.0,"[2490.0,0.0,0.0]","[0.361625299740566,0.0,0.0]",0,DESPENSA Y ABARROTES
INFERNO,UNIMARC,DESPENSA,2690.0,0.0,0.0,"[2690.0,0.0,0.0]","[0.3906715085550693,0.0,0.0]",0,DESPENSA Y ABARROTES
MAGGI,UNIMARC,DESPENSA,1250.0,0.0,0.0,"[1250.0,0.0,0.0]","[0.1815388050906456,0.0,0.0]",0,DESPENSA Y ABARROTES
NUESTRA COCINA,UNIMARC,DESPENSA,500.0,0.0,0.0,"[500.0,0.0,0.0]","[0.07261552203625823,0.0,0.0]",0,DESPENSA Y ABARROTES
LONCOLECHE,UNIMARC,DESPENSA,21690.0,0.0,0.0,"[21690.0,0.0,0.0]","[3.1500613459328823,0.0,0.0]",0,DESPENSA Y ABARROTES
TENTO,UNIMARC,DESPENSA,3290.0,0.0,0.0,"[3290.0,0.0,0.0]","[0.4778101349985792,0.0,0.0]",0,DESPENSA Y ABARROTES
WASIL,UNIMARC,DESPENSA,1650.0,0.0,0.0,"[1650.0,0.0,0.0]","[0.23963122271965218,0.0,0.0]",0,DESPENSA Y ABARROTES
GOURMET,UNIMARC,DESPENSA,740.0,0.0,0.0,"[740.0,0.0,0.0]","[0.10747097261366219,0.0,0.0]",0,DESPENSA Y ABARROTES
MARCO POLO,UNIMARC,DESPENSA,1290.0,0.0,0.0,"[1290.0,0.0,0.0]","[0.18734804685354625,0.0,0.0]",0,DESPENSA Y ABARROTES
HUERTO DEL SUR,UNIMARC,DESPENSA,2590.0,0.0,0.0,"[2590.0,0.0,0.0]","[0.3761484041478177,0.0,0.0]",0,DESPENSA Y ABARROTES
ROBINSON CRUSOE,UNIMARC,DESPENSA,2790.0,0.0,0.0,"[2790.0,0.0,0.0]","[0.40519461296232095,0.0,0.0]",0,DESPENSA Y ABARROTES
LAYS,UNIMARC,DESPENSA,2690.0,0.0,0.0,"[2690.0,0.0,0.0]","[0.3906715085550693,0.0,0.0]",0,DESPENSA Y ABARROTES
GOURMET,UNIMARC,DESPENSA,440.0,0.0,0.0,"[440.0,0.0,0.0]","[0.06390165939190726,0.0,0.0]",0,DESPENSA Y ABARROTES
PF LISTO,UNIMARC,DESPENSA,3690.0,0.0,0.0,"[3690.0,0.0,0.0]","[0.5359025526275858,0.0,0.0]",0,DESPENSA Y ABARROTES
P&M FOODS,UNIMARC,DESPENSA,3350.0,0.0,0.0,"[3350.0,0.0,0.0]","[0.4865239976429302,0.0,0.0]",0,DESPENSA Y ABARROTES
LEE KUM KEE,UNIMARC,DESPENSA,4890.0,0.0,0.0,"[4890.0,0.0,0.0]","[0.7101798055146056,0.0,0.0]",0,DESPENSA Y ABARROTES
WAITROSE,UNIMARC,DESPENSA,2090.0,0.0,0.0,"[2090.0,0.0,0.0]","[0.30353288211155943,0.0,0.0]",0,DESPENSA Y ABARROTES
LA FERMENTISTA,UNIMARC,DESPENSA,6290.0,0.0,0.0,"[6290.0,0.0,0.0]","[0.9135032672161286,0.0,0.0]",0,DESPENSA Y ABARROTES
LOVE CO,UNIMARC,DESPENSA,4790.0,0.0,0.0,"[4790.0,0.0,0.0]","[0.6956567011073539,0.0,0.0]",0,DESPENSA Y ABARROTES
GOURMET,UNIMARC,DESPENSA,4990.0,0.0,0.0,"[4990.0,0.0,0.0]","[0.7247029099218573,0.0,0.0]",0,DESPENSA Y ABARROTES
NUESTRA COCINA,UNIMARC,DESPENSA,500.0,0.0,0.0,"[500.0,0.0,0.0]","[0.07261552203625823,0.0,0.0]",0,DESPENSA Y ABARROTES
BUKA,UNIMARC,DESPENSA,2090.0,0.0,0.0,"[2090.0,0.0,0.0]","[0.30353288211155943,0.0,0.0]",0,DESPENSA Y ABARROTES
MOMS,UNIMARC,DESPENSA,1450.0,0.0,0.0,"[1450.0,0.0,0.0]","[0.2105850139051489,0.0,0.0]",0,DESPENSA Y ABARROTES
LUCCHETTI,UNIMARC,DESPENSA,790.0,0.0,0.0,"[790.0,0.0,0.0]","[0.11473252481728802,0.0,0.0]",0,DESPENSA Y ABARROTES
SEMBRASOL,UNIMARC,DESPENSA,3990.0,0.0,0.0,"[3990.0,0.0,0.0]","[0.5794718658493407,0.0,0.0]",0,DESPENSA Y ABARROTES
BE ORGANICS,UNIMARC,DESPENSA,5650.0,0.0,0.0,"[5650.0,0.0,0.0]","[0.8205553990097181,0.0,0.0]",0,DESPENSA Y ABARROTES
MAGGI,UNIMARC,DESPENSA,1250.0,0.0,0.0,"[1250.0,0.0,0.0]","[0.1815388050906456,0.0,0.0]",0,DESPENSA Y ABARROTES
MANARE,UNIMARC,DESPENSA,3990.0,0.0,0.0,"[3990.0,0.0,0.0]","[0.5794718658493407,0.0,0.0]",0,DESPENSA Y ABARROTES
ALUSWEET,UNIMARC,DESPENSA,3790.0,0.0,0.0,"[3790.0,0.0,0.0]","[0.5504256570348375,0.0,0.0]",0,DESPENSA Y ABARROTES
NUESTRA COCINA,UNIMARC,DESPENSA,500.0,0.0,0.0,"[500.0,0.0,0.0]","[0.07261552203625823,0.0,0.0]",0,DESPENSA Y ABARROTES
BADIA,UNIMARC,DESPENSA,5350.0,0.0,0.0,"[5350.0,0.0,0.0]","[0.7769860857879631,0.0,0.0]",0,DESPENSA Y ABARROTES
MARCO POLO,UNIMARC,DESPENSA,2450.0,0.0,0.0,"[2450.0,0.0,0.0]","[0.35581605797766536,0.0,0.0]",0,DESPENSA Y ABARROTES
MARCO POLO,UNIMARC,DESPENSA,4350.0,0.0,0.0,"[4350.0,0.0,0.0]","[0.6317550417154467,0.0,0.0]",0,DESPENSA Y ABARROTES
KRAFT,UNIMARC,DESPENSA,7550.0,0.0,0.0,"[7550.0,0.0,0.0]","[1.0964943827474993,0.0,0.0]",0,DESPENSA Y ABARROTES
NAT,UNIMARC,DESPENSA,4120.0,0.0,0.0,"[4120.0,0.0,0.0]","[0.5983519015787678,0.0,0.0]",0,DESPENSA Y ABARROTES
TIKA,UNIMARC,DESPENSA,3150.0,0.0,0.0,"[3150.0,0.0,0.0]","[0.4574777888284269,0.0,0.0]",0,DESPENSA Y ABARROTES
GOURMET,UNIMARC,DESPENSA,2090.0,0.0,0.0,"[2090.0,0.0,0.0]","[0.30353288211155943,0.0,0.0]",0,DESPENSA Y ABARROTES
LAYS,UNIMARC,DESPENSA,2350.0,0.0,0.0,"[2350.0,0.0,0.0]","[0.3412929535704137,0.0,0.0]",0,DESPENSA Y ABARROTES
TENTO,UNIMARC,DESPENSA,2490.0,0.0,0.0,"[2490.0,0.0,0.0]","[0.361625299740566,0.0,0.0]",0,DESPENSA Y ABARROTES
NUESTRA COCINA,UNIMARC,DESPENSA,2390.0,0.0,0.0,"[2390.0,0.0,0.0]","[0.3471021953333144,0.0,0.0]",0,DESPENSA Y ABARROTES
NUESTRA COCINA,UNIMARC,DESPENSA,1190.0,0.0,0.0,"[1190.0,0.0,0.0]","[0.1728249424462946,0.0,0.0]",0,DESPENSA Y ABARROTES
GOURMET,UNIMARC,DESPENSA,2090.0,0.0,0.0,"[2090.0,0.0,0.0]","[0.30353288211155943,0.0,0.0]",0,DESPENSA Y ABARROTES
GOURMET,UNIMARC,DESPENSA,2250.0,0.0,0.0,"[2250.0,0.0,0.0]","[0.3267698491631621,0.0,0.0]",0,DESPENSA Y ABARROTES
DON JUAN,UNIMARC,DESPENSA,2940.0,0.0,0.0,"[2940.0,0.0,0.0]","[0.42697926957319843,0.0,0.0]",0,DESPENSA Y ABARROTES
GOURMET,UNIMARC,DESPENSA,2090.0,0.0,0.0,"[2090.0,0.0,0.0]","[0.30353288211155943,0.0,0.0]",0,DESPENSA Y ABARROTES
WINKLER SPECIA,UNIMARC,DESPENSA,5250.0,0.0,0.0,"[5250.0,0.0,0.0]","[0.7624629813807114,0.0,0.0]",0,DESPENSA Y ABARROTES
BUKA,UNIMARC,DESPENSA,3390.0,0.0,0.0,"[3390.0,0.0,0.0]","[0.49233323940583085,0.0,0.0]",0,DESPENSA Y ABARROTES
MAGGI,UNIMARC,DESPENSA,880.0,0.0,0.0,"[880.0,0.0,0.0]","[0.1278033187838145,0.0,0.0]",0,DESPENSA Y ABARROTES
ROBINSON CRUSOE,UNIMARC,DESPENSA,2890.0,0.0,0.0,"[2890.0,0.0,0.0]","[0.41971771736957264,0.0,0.0]",0,DESPENSA Y ABARROTES
GENIAL,UNIMARC,DESPENSA,4890.0,0.0,0.0,"[4890.0,0.0,0.0]","[0.7101798055146056,0.0,0.0]",0,DESPENSA Y ABARROTES
NUESTRA COCINA,UNIMARC,DESPENSA,260.0,0.0,0.0,"[260.0,0.0,0.0]","[0.03776007145885428,0.0,0.0]",0,DESPENSA Y ABARROTES
LEFERSA,UNIMARC,DESPENSA,2690.0,0.0,0.0,"[2690.0,0.0,0.0]","[0.3906715085550693,0.0,0.0]",0,DESPENSA Y ABARROTES
GOURMET,UNIMARC,DESPENSA,5190.0,0.0,0.0,"[5190.0,0.0,0.0]","[0.7537491187363605,0.0,0.0]",0,DESPENSA Y ABARROTES
SAMAI,UNIMARC,DESPENSA,940.0,0.0,0.0,"[940.0,0.0,0.0]","[0.1365171814281655,0.0,0.0]",0,DESPENSA Y ABARROTES
DON JUAN,UNIMARC,DESPENSA,3550.0,0.0,0.0,"[3550.0,0.0,0.0]","[0.5155702064574335,0.0,0.0]",0,DESPENSA Y ABARROTES
MI TIERRA,UNIMARC,DESPENSA,5750.0,0.0,0.0,"[5750.0,0.0,0.0]","[0.8350785034169698,0.0,0.0]",0,DESPENSA Y ABARROTES
IANSA,UNIMARC,DESPENSA,1990.0,0.0,0.0,"[1990.0,0.0,0.0]","[0.2890097777043078,0.0,0.0]",0,DESPENSA Y ABARROTES
BUKA,UNIMARC,DESPENSA,3390.0,0.0,0.0,"[3390.0,0.0,0.0]","[0.49233323940583085,0.0,0.0]",0,DESPENSA Y ABARROTES
TENTO,UNIMARC,DESPENSA,3590.0,0.0,0.0,"[3590.0,0.0,0.0]","[0.5213794482203341,0.0,0.0]",0,DESPENSA Y ABARROTES
FRUTOS SECOS GRANEL,UNIMARC,DESPENSA,832.0,0.0,0.0,"[832.0,0.0,0.0]","[0.12083222866833371,0.0,0.0]",0,DESPENSA Y ABARROTES
TENTO,UNIMARC,DESPENSA,3420.0,0.0,0.0,"[3420.0,0.0,0.0]","[0.49669017072800636,0.0,0.0]",0,DESPENSA Y ABARROTES
ESMERALDA,UNIMARC,DESPENSA,1350.0,0.0,0.0,"[1350.0,0.0,0.0]","[0.19606190949789723,0.0,0.0]",0,DESPENSA Y ABARROTES
ROBINSON CRUSOE,UNIMARC,DESPENSA,4690.0,0.0,0.0,"[4690.0,0.0,0.0]","[0.6811335967001023,0.0,0.0]",0,DESPENSA Y ABARROTES
DORITOS,UNIMARC,DESPENSA,990.0,0.0,0.0,"[990.0,0.0,0.0]","[0.1437787336317913,0.0,0.0]",0,DESPENSA Y ABARROTES
TENTO,UNIMARC,DESPENSA,1850.0,0.0,0.0,"[1850.0,0.0,0.0]","[0.26867743153415546,0.0,0.0]",0,DESPENSA Y ABARROTES
LAYS,UNIMARC,DESPENSA,1090.0,0.0,0.0,"[1090.0,0.0,0.0]","[0.15830183803904296,0.0,0.0]",0,DESPENSA Y ABARROTES
LA CASONA MONTECLARO,UNIMARC,DESPENSA,6390.0,0.0,0.0,"[6390.0,0.0,0.0]","[0.9280263716233803,0.0,0.0]",0,DESPENSA Y ABARROTES
DON JUAN,UNIMARC,DESPENSA,2540.0,0.0,0.0,"[2540.0,0.0,0.0]","[0.36888685194419185,0.0,0.0]",0,DESPENSA Y ABARROTES
GOURMET,UNIMARC,DESPENSA,630.0,0.0,0.0,"[630.0,0.0,0.0]","[0.09149555776568538,0.0,0.0]",0,DESPENSA Y ABARROTES
MARCO POLO,UNIMARC,DESPENSA,1450.0,0.0,0.0,"[1450.0,0.0,0.0]","[0.2105850139051489,0.0,0.0]",0,DESPENSA Y ABARROTES
IANSA,UNIMARC,DESPENSA,1990.0,0.0,0.0,"[1990.0,0.0,0.0]","[0.2890097777043078,0.0,0.0]",0,DESPENSA Y ABARROTES
ETRE BIEN,UNIMARC,DESPENSA,4990.0,0.0,0.0,"[4990.0,0.0,0.0]","[0.7247029099218573,0.0,0.0]",0,DESPENSA Y ABARROTES
GOURMET,UNIMARC,DESPENSA,1790.0,0.0,0.0,"[1790.0,0.0,0.0]","[0.2599635688898045,0.0,0.0]",0,DESPENSA Y ABARROTES
GOURMET,UNIMARC,DESPENSA,2750.0,0.0,0.0,"[2750.0,0.0,0.0]","[0.3993853711994203,0.0,0.0]",0,DESPENSA Y ABARROTES
CARICIA,UNIMARC,DESPENSA,830.0,0.0,0.0,"[830.0,0.0,0.0]","[0.12054176658018867,0.0,0.0]",0,DESPENSA Y ABARROTES
HEINZ,UNIMARC,DESPENSA,4090.0,0.0,0.0,"[4090.0,0.0,0.0]","[0.5939949702565924,0.0,0.0]",0,DESPENSA Y ABARROTES
SEMBRASOL,UNIMARC,DESPENSA,3990.0,0.0,0.0,"[3990.0,0.0,0.0]","[0.5794718658493407,0.0,0.0]",0,DESPENSA Y ABARROTES
NUESTRA COCINA,UNIMARC,DESPENSA,370.0,0.0,0.0,"[370.0,0.0,0.0]","[0.053735486306831094,0.0,0.0]",0,DESPENSA Y ABARROTES
MAGGI,UNIMARC,DESPENSA,880.0,0.0,0.0,"[880.0,0.0,0.0]","[0.1278033187838145,0.0,0.0]",0,DESPENSA Y ABARROTES
BADIA,UNIMARC,DESPENSA,6190.0,0.0,0.0,"[6190.0,0.0,0.0]","[0.8989801628088769,0.0,0.0]",0,DESPENSA Y ABARROTES
COSTA,UNIMARC,DESPENSA,1290.0,0.0,0.0,"[1290.0,0.0,0.0]","[0.18734804685354625,0.0,0.0]",0,DESPENSA Y ABARROTES
BIOSAL,UNIMARC,DESPENSA,3690.0,0.0,0.0,"[3690.0,0.0,0.0]","[0.5359025526275858,0.0,0.0]",0,DESPENSA Y ABARROTES
NUESTRA COCINA,UNIMARC,DESPENSA,730.0,0.0,0.0,"[730.0,0.0,0.0]","[0.10601866217293703,0.0,0.0]",0,DESPENSA Y ABARROTES
GOURMET,UNIMARC,DESPENSA,490.0,0.0,0.0,"[490.0,0.0,0.0]","[0.07116321159553307,0.0,0.0]",0,DESPENSA Y ABARROTES
EVERCRISP,UNIMARC,DESPENSA,1990.0,0.0,0.0,"[1990.0,0.0,0.0]","[0.2890097777043078,0.0,0.0]",0,DESPENSA Y ABARROTES
GENIAL,UNIMARC,DESPENSA,4150.0,0.0,0.0,"[4150.0,0.0,0.0]","[0.6027088329009433,0.0,0.0]",0,DESPENSA Y ABARROTES
TENTO,UNIMARC,DESPENSA,1250.0,0.0,0.0,"[1250.0,0.0,0.0]","[0.1815388050906456,0.0,0.0]",0,DESPENSA Y ABARROTES
GOURMET,UNIMARC,DESPENSA,660.0,0.0,0.0,"[660.0,0.0,0.0]","[0.09585248908786087,0.0,0.0]",0,DESPENSA Y ABARROTES
PF LISTO,UNIMARC,DESPENSA,4290.0,0.0,0.0,"[4290.0,0.0,0.0]","[0.6230411790710957,0.0,0.0]",0,DESPENSA Y ABARROTES
PURISNACKS,UNIMARC,DESPENSA,2790.0,0.0,0.0,"[2790.0,0.0,0.0]","[0.40519461296232095,0.0,0.0]",0,DESPENSA Y ABARROTES
WASIL,UNIMARC,DESPENSA,3190.0,0.0,0.0,"[3190.0,0.0,0.0]","[0.46328703059132753,0.0,0.0]",0,DESPENSA Y ABARROTES
TIKA,UNIMARC,DESPENSA,2590.0,0.0,0.0,"[2590.0,0.0,0.0]","[0.3761484041478177,0.0,0.0]",0,DESPENSA Y ABARROTES
MAGGI,UNIMARC,DESPENSA,880.0,0.0,0.0,"[880.0,0.0,0.0]","[0.1278033187838145,0.0,0.0]",0,DESPENSA Y ABARROTES
GOURMET,UNIMARC,DESPENSA,4190.0,0.0,0.0,"[4190.0,0.0,0.0]","[0.608518074663844,0.0,0.0]",0,DESPENSA Y ABARROTES
GOURMET,UNIMARC,DESPENSA,2750.0,0.0,0.0,"[2750.0,0.0,0.0]","[0.3993853711994203,0.0,0.0]",0,DESPENSA Y ABARROTES
MAILLE,UNIMARC,DESPENSA,4650.0,0.0,0.0,"[4650.0,0.0,0.0]","[0.6753243549372017,0.0,0.0]",0,DESPENSA Y ABARROTES
MARCO POLO,UNIMARC,DESPENSA,2090.0,0.0,0.0,"[2090.0,0.0,0.0]","[0.30353288211155943,0.0,0.0]",0,DESPENSA Y ABARROTES
OTRA,CUGAT,HARINAS LEVADURAS Y GRASAS,899.0,3.0,41.0,"[899.0,3.0,41.0]","[0.13056270862119232,2.2394227749293085,6.530304521469076]",1,DESPENSA Y ABARROTES
TUCAPEL,CUGAT,"ARROZ, LEGUMBRES Y SEMILLAS",1190.0,3.0,21.0,"[1190.0,3.0,21.0]","[0.1728249424462946,2.2394227749293085,3.3447901207524535]",1,DESPENSA Y ABARROTES
OTRA,CUGAT,DESPENSA,18990.0,3.0,0.0,"[18990.0,3.0,0.0]","[2.757937526937088,2.2394227749293085,0.0]",2,DESPENSA Y ABARROTES
OTRA,CUGAT,DESPENSA,1590.0,3.0,0.0,"[1590.0,3.0,0.0]","[0.2309173600753012,2.2394227749293085,0.0]",2,DESPENSA Y ABARROTES
OTRA,CUGAT,CONSERVAS Y ENLATADOS,1590.0,3.0,16.0,"[1590.0,3.0,16.0]","[0.2309173600753012,2.2394227749293085,2.548411520573298]",1,DESPENSA Y ABARROTES
ARUNA,CUGAT,CONSERVAS Y ENLATADOS,1090.0,3.0,16.0,"[1090.0,3.0,16.0]","[0.15830183803904296,2.2394227749293085,2.548411520573298]",1,DESPENSA Y ABARROTES
OTRA,CUGAT,HUEVOS,7790.0,3.0,29.0,"[7790.0,3.0,29.0]","[1.1313498333249032,2.2394227749293085,4.618995881039103]",1,LACTEOS Y FRESCOS
LOS GRANOS,CUGAT,"ARROZ, LEGUMBRES Y SEMILLAS",2590.0,3.0,21.0,"[2590.0,3.0,21.0]","[0.3761484041478177,2.2394227749293085,3.3447901207524535]",1,DESPENSA Y ABARROTES
LOS GRANOS,CUGAT,"ARROZ, LEGUMBRES Y SEMILLAS",3790.0,3.0,21.0,"[3790.0,3.0,21.0]","[0.5504256570348375,2.2394227749293085,3.3447901207524535]",1,DESPENSA Y ABARROTES
MAGGI,CUGAT,DESPENSA,699.0,3.0,0.0,"[699.0,3.0,0.0]","[0.10151649980668902,2.2394227749293085,0.0]",2,DESPENSA Y ABARROTES
DON JUAN,CUGAT,ADEREZOS Y CONDIMENTOS,1390.0,3.0,13.0,"[1390.0,3.0,13.0]","[0.2018711512607979,2.2394227749293085,2.0705843604658045]",2,DESPENSA Y ABARROTES
DON JUAN,CUGAT,ADEREZOS Y CONDIMENTOS,1390.0,3.0,13.0,"[1390.0,3.0,13.0]","[0.2018711512607979,2.2394227749293085,2.0705843604658045]",2,DESPENSA Y ABARROTES
DON JUAN,CUGAT,ADEREZOS Y CONDIMENTOS,2290.0,3.0,13.0,"[2290.0,3.0,13.0]","[0.33257909092606275,2.2394227749293085,2.0705843604658045]",2,DESPENSA Y ABARROTES
TRAVERSO,CUGAT,ADEREZOS Y CONDIMENTOS,2990.0,3.0,13.0,"[2990.0,3.0,13.0]","[0.43424082177682427,2.2394227749293085,2.0705843604658045]",2,DESPENSA Y ABARROTES
MAGGI,CUGAT,DESPENSA,699.0,3.0,0.0,"[699.0,3.0,0.0]","[0.10151649980668902,2.2394227749293085,0.0]",2,DESPENSA Y ABARROTES
LOS GRANOS,CUGAT,"ARROZ, LEGUMBRES Y SEMILLAS",2090.0,3.0,21.0,"[2090.0,3.0,21.0]","[0.30353288211155943,2.2394227749293085,3.3447901207524535]",1,DESPENSA Y ABARROTES
MAGGI,CUGAT,DESPENSA,699.0,3.0,0.0,"[699.0,3.0,0.0]","[0.10151649980668902,2.2394227749293085,0.0]",2,DESPENSA Y ABARROTES
LOS GRANOS,CUGAT,"ARROZ, LEGUMBRES Y SEMILLAS",1690.0,3.0,21.0,"[1690.0,3.0,21.0]","[0.24544046448255286,2.2394227749293085,3.3447901207524535]",1,DESPENSA Y ABARROTES
LOS GRANOS,CUGAT,"ARROZ, LEGUMBRES Y SEMILLAS",1990.0,3.0,21.0,"[1990.0,3.0,21.0]","[0.2890097777043078,2.2394227749293085,3.3447901207524535]",1,DESPENSA Y ABARROTES
LOS GRANOS,CUGAT,"ARROZ, LEGUMBRES Y SEMILLAS",2490.0,3.0,21.0,"[2490.0,3.0,21.0]","[0.361625299740566,2.2394227749293085,3.3447901207524535]",1,DESPENSA Y ABARROTES
OTRA,CUGAT,DESPENSA,990.0,3.0,0.0,"[990.0,3.0,0.0]","[0.1437787336317913,2.2394227749293085,0.0]",2,DESPENSA Y ABARROTES
ARUNA,CUGAT,CONSERVAS Y ENLATADOS,1490.0,3.0,16.0,"[1490.0,3.0,16.0]","[0.21639425566804954,2.2394227749293085,2.548411520573298]",1,DESPENSA Y ABARROTES
ARUNA,CUGAT,CONSERVAS Y ENLATADOS,1290.0,3.0,16.0,"[1290.0,3.0,16.0]","[0.18734804685354625,2.2394227749293085,2.548411520573298]",1,DESPENSA Y ABARROTES
LOS GRANOS,CUGAT,"ARROZ, LEGUMBRES Y SEMILLAS",890.0,3.0,21.0,"[890.0,3.0,21.0]","[0.12925562922453968,2.2394227749293085,3.3447901207524535]",1,DESPENSA Y ABARROTES
OTRA,CUGAT,DESPENSA,1890.0,3.0,0.0,"[1890.0,3.0,0.0]","[0.2744866732970561,2.2394227749293085,0.0]",2,DESPENSA Y ABARROTES
BONANZA,CUGAT,"ARROZ, LEGUMBRES Y SEMILLAS",890.0,3.0,21.0,"[890.0,3.0,21.0]","[0.12925562922453968,2.2394227749293085,3.3447901207524535]",1,DESPENSA Y ABARROTES
MIRAFLORES,CUGAT,"ARROZ, LEGUMBRES Y SEMILLAS",2290.0,3.0,21.0,"[2290.0,3.0,21.0]","[0.33257909092606275,2.2394227749293085,3.3447901207524535]",1,DESPENSA Y ABARROTES
LOBOS,CUGAT,ADEREZOS Y CONDIMENTOS,729.0,3.0,13.0,"[729.0,3.0,13.0]","[0.1058734311288645,2.2394227749293085,2.0705843604658045]",2,DESPENSA Y ABARROTES
OTRA,CUGAT,CONSERVAS Y ENLATADOS,1390.0,3.0,16.0,"[1390.0,3.0,16.0]","[0.2018711512607979,2.2394227749293085,2.548411520573298]",1,DESPENSA Y ABARROTES
OTRA,CUGAT,CONSERVAS Y ENLATADOS,1390.0,3.0,16.0,"[1390.0,3.0,16.0]","[0.2018711512607979,2.2394227749293085,2.548411520573298]",1,DESPENSA Y ABARROTES
OTRA,CUGAT,CONSERVAS Y ENLATADOS,1390.0,3.0,16.0,"[1390.0,3.0,16.0]","[0.2018711512607979,2.2394227749293085,2.548411520573298]",1,DESPENSA Y ABARROTES
OTRA,CUGAT,CONSERVAS Y ENLATADOS,1390.0,3.0,16.0,"[1390.0,3.0,16.0]","[0.2018711512607979,2.2394227749293085,2.548411520573298]",1,DESPENSA Y ABARROTES
LOS GRANOS,CUGAT,"ARROZ, LEGUMBRES Y SEMILLAS",1990.0,3.0,21.0,"[1990.0,3.0,21.0]","[0.2890097777043078,2.2394227749293085,3.3447901207524535]",1,DESPENSA Y ABARROTES
TRAVERSO,CUGAT,ADEREZOS Y CONDIMENTOS,1190.0,3.0,13.0,"[1190.0,3.0,13.0]","[0.1728249424462946,2.2394227749293085,2.0705843604658045]",2,DESPENSA Y ABARROTES
TRAVERSO,CUGAT,ADEREZOS Y CONDIMENTOS,2990.0,3.0,13.0,"[2990.0,3.0,13.0]","[0.43424082177682427,2.2394227749293085,2.0705843604658045]",2,DESPENSA Y ABARROTES
LOS GRANOS,CUGAT,"ARROZ, LEGUMBRES Y SEMILLAS",2490.0,3.0,21.0,"[2490.0,3.0,21.0]","[0.361625299740566,2.2394227749293085,3.3447901207524535]",1,DESPENSA Y ABARROTES
TRAVERSO,CUGAT,ADEREZOS Y CONDIMENTOS,2490.0,3.0,13.0,"[2490.0,3.0,13.0]","[0.361625299740566,2.2394227749293085,2.0705843604658045]",2,DESPENSA Y ABARROTES
TRAVERSO,CUGAT,ADEREZOS Y CONDIMENTOS,1490.0,3.0,13.0,"[1490.0,3.0,13.0]","[0.21639425566804954,2.2394227749293085,2.0705843604658045]",2,DESPENSA Y ABARROTES
TRAVERSO,CUGAT,ADEREZOS Y CONDIMENTOS,2390.0,3.0,13.0,"[2390.0,3.0,13.0]","[0.3471021953333144,2.2394227749293085,2.0705843604658045]",2,DESPENSA Y ABARROTES
OTRA,CUGAT,ADEREZOS Y CONDIMENTOS,1990.0,3.0,13.0,"[1990.0,3.0,13.0]","[0.2890097777043078,2.2394227749293085,2.0705843604658045]",2,DESPENSA Y ABARROTES
TRAVERSO,CUGAT,ADEREZOS Y CONDIMENTOS,2290.0,3.0,13.0,"[2290.0,3.0,13.0]","[0.33257909092606275,2.2394227749293085,2.0705843604658045]",2,DESPENSA Y ABARROTES
BONANZA,CUGAT,ACEITES,1690.0,3.0,17.0,"[1690.0,3.0,17.0]","[0.24544046448255286,2.2394227749293085,2.707687240609129]",1,DESPENSA Y ABARROTES
OTRA,CUGAT,ACEITES,1590.0,3.0,17.0,"[1590.0,3.0,17.0]","[0.2309173600753012,2.2394227749293085,2.707687240609129]",1,DESPENSA Y ABARROTES
MIRAFLORES,CUGAT,ACEITES,2390.0,3.0,17.0,"[2390.0,3.0,17.0]","[0.3471021953333144,2.2394227749293085,2.707687240609129]",1,DESPENSA Y ABARROTES
MIRAFLORES,CUGAT,ACEITES,2490.0,3.0,17.0,"[2490.0,3.0,17.0]","[0.361625299740566,2.2394227749293085,2.707687240609129]",1,DESPENSA Y ABARROTES
OTRA,CUGAT,PRODUCTOS Y ARTICULOS IMPORTADOS,1890.0,3.0,34.0,"[1890.0,3.0,34.0]","[0.2744866732970561,2.2394227749293085,5.415374481218258]",1,OTROS / ELABORADOS
OTRA,CUGAT,DESPENSA,290.0,3.0,0.0,"[290.0,3.0,0.0]","[0.042117002781029776,2.2394227749293085,0.0]",2,DESPENSA Y ABARROTES
OTRA,CUGAT,DESPENSA,598.0,3.0,0.0,"[598.0,3.0,0.0]","[0.08684816435536485,2.2394227749293085,0.0]",2,DESPENSA Y ABARROTES
OTRA,CUGAT,DESPENSA,598.0,3.0,0.0,"[598.0,3.0,0.0]","[0.08684816435536485,2.2394227749293085,0.0]",2,DESPENSA Y ABARROTES
OTRA,CUGAT,DESPENSA,598.0,3.0,0.0,"[598.0,3.0,0.0]","[0.08684816435536485,2.2394227749293085,0.0]",2,DESPENSA Y ABARROTES
OTRA,CUGAT,DESPENSA,598.0,3.0,0.0,"[598.0,3.0,0.0]","[0.08684816435536485,2.2394227749293085,0.0]",2,DESPENSA Y ABARROTES
OTRA,CUGAT,DESPENSA,598.0,3.0,0.0,"[598.0,3.0,0.0]","[0.08684816435536485,2.2394227749293085,0.0]",2,DESPENSA Y ABARROTES
OTRA,CUGAT,DESPENSA,598.0,3.0,0.0,"[598.0,3.0,0.0]","[0.08684816435536485,2.2394227749293085,0.0]",2,DESPENSA Y ABARROTES
OTRA,CUGAT,PRODUCTOS Y ARTICULOS IMPORTADOS,4990.0,3.0,34.0,"[4990.0,3.0,34.0]","[0.7247029099218573,2.2394227749293085,5.415374481218258]",1,OTROS / ELABORADOS
OTRA,CUGAT,PRODUCTOS Y ARTICULOS IMPORTADOS,2290.0,3.0,34.0,"[2290.0,3.0,34.0]","[0.33257909092606275,2.2394227749293085,5.415374481218258]",1,OTROS / ELABORADOS
OTRA,CUGAT,DESPENSA,790.0,3.0,0.0,"[790.0,3.0,0.0]","[0.11473252481728802,2.2394227749293085,0.0]",2,DESPENSA Y ABARROTES
OTRA,CUGAT,PRODUCTOS Y ARTICULOS IMPORTADOS,1590.0,3.0,34.0,"[1590.0,3.0,34.0]","[0.2309173600753012,2.2394227749293085,5.415374481218258]",1,OTROS / ELABORADOS
OTRA,CUGAT,CONSERVAS Y ENLATADOS,1590.0,3.0,16.0,"[1590.0,3.0,16.0]","[0.2309173600753012,2.2394227749293085,2.548411520573298]",1,DESPENSA Y ABARROTES
ARUNA,CUGAT,CONSERVAS Y ENLATADOS,1390.0,3.0,16.0,"[1390.0,3.0,16.0]","[0.2018711512607979,2.2394227749293085,2.548411520573298]",1,DESPENSA Y ABARROTES
OTRA,CUGAT,HUEVOS,4590.0,3.0,29.0,"[4590.0,3.0,29.0]","[0.6666104922928506,2.2394227749293085,4.618995881039103]",1,LACTEOS Y FRESCOS
TALLIANI,CUGAT,DESPENSA,2390.0,3.0,0.0,"[2390.0,3.0,0.0]","[0.3471021953333144,2.2394227749293085,0.0]",2,DESPENSA Y ABARROTES
TALLIANI,CUGAT,DESPENSA,2390.0,3.0,0.0,"[2390.0,3.0,0.0]","[0.3471021953333144,2.2394227749293085,0.0]",2,DESPENSA Y ABARROTES
OTRA,CUGAT,CONSERVAS Y ENLATADOS,1590.0,3.0,16.0,"[1590.0,3.0,16.0]","[0.2309173600753012,2.2394227749293085,2.548411520573298]",1,DESPENSA Y ABARROTES
LUCCHETTI,CUGAT,DESPENSA,998.0,3.0,0.0,"[998.0,3.0,0.0]","[0.14494058198437143,2.2394227749293085,0.0]",2,DESPENSA Y ABARROTES
LUCCHETTI,CUGAT,DESPENSA,998.0,3.0,0.0,"[998.0,3.0,0.0]","[0.14494058198437143,2.2394227749293085,0.0]",2,DESPENSA Y ABARROTES
LUCCHETTI,CUGAT,DESPENSA,998.0,3.0,0.0,"[998.0,3.0,0.0]","[0.14494058198437143,2.2394227749293085,0.0]",2,DESPENSA Y ABARROTES
OTRA,CUGAT,DESPENSA,899.0,3.0,0.0,"[899.0,3.0,0.0]","[0.13056270862119232,2.2394227749293085,0.0]",2,DESPENSA Y ABARROTES
OTRA,CUGAT,DESPENSA,5990.0,3.0,0.0,"[5990.0,3.0,0.0]","[0.8699339539943737,2.2394227749293085,0.0]",2,DESPENSA Y ABARROTES
ARUNA,CUGAT,CONSERVAS Y ENLATADOS,1490.0,3.0,16.0,"[1490.0,3.0,16.0]","[0.21639425566804954,2.2394227749293085,2.548411520573298]",1,DESPENSA Y ABARROTES
OTRA,CUGAT,DESPENSA,499.0,3.0,0.0,"[499.0,3.0,0.0]","[0.07247029099218572,2.2394227749293085,0.0]",2,DESPENSA Y ABARROTES
OTRA,CUGAT,DESPENSA,479.0,3.0,0.0,"[479.0,3.0,0.0]","[0.06956567011073539,2.2394227749293085,0.0]",2,DESPENSA Y ABARROTES
OTRA,CUGAT,DESPENSA,479.0,3.0,0.0,"[479.0,3.0,0.0]","[0.06956567011073539,2.2394227749293085,0.0]",2,DESPENSA Y ABARROTES
OTRA,CUGAT,DESPENSA,479.0,3.0,0.0,"[479.0,3.0,0.0]","[0.06956567011073539,2.2394227749293085,0.0]",2,DESPENSA Y ABARROTES
OTRA,CUGAT,DESPENSA,479.0,3.0,0.0,"[479.0,3.0,0.0]","[0.06956567011073539,2.2394227749293085,0.0]",2,DESPENSA Y ABARROTES
TALLIANI,CUGAT,DESPENSA,1190.0,3.0,0.0,"[1190.0,3.0,0.0]","[0.1728249424462946,2.2394227749293085,0.0]",2,DESPENSA Y ABARROTES
TALLIANI,CUGAT,DESPENSA,1490.0,3.0,0.0,"[1490.0,3.0,0.0]","[0.21639425566804954,2.2394227749293085,0.0]",2,DESPENSA Y ABARROTES
TALLIANI,CUGAT,DESPENSA,1190.0,3.0,0.0,"[1190.0,3.0,0.0]","[0.1728249424462946,2.2394227749293085,0.0]",2,DESPENSA Y ABARROTES
LUCCHETTI,CUGAT,DESPENSA,3990.0,3.0,0.0,"[3990.0,3.0,0.0]","[0.5794718658493407,2.2394227749293085,0.0]",2,DESPENSA Y ABARROTES
TALLIANI,CUGAT,DESPENSA,1190.0,3.0,0.0,"[1190.0,3.0,0.0]","[0.1728249424462946,2.2394227749293085,0.0]",2,DESPENSA Y ABARROTES
TALLIANI,CUGAT,DESPENSA,1190.0,3.0,0.0,"[1190.0,3.0,0.0]","[0.1728249424462946,2.2394227749293085,0.0]",2,DESPENSA Y ABARROTES
TALLIANI,CUGAT,DESPENSA,1190.0,3.0,0.0,"[1190.0,3.0,0.0]","[0.1728249424462946,2.2394227749293085,0.0]",2,DESPENSA Y ABARROTES
TALLIANI,CUGAT,DESPENSA,1190.0,3.0,0.0,"[1190.0,3.0,0.0]","[0.1728249424462946,2.2394227749293085,0.0]",2,DESPENSA Y ABARROTES
TALLIANI,CUGAT,DESPENSA,1190.0,3.0,0.0,"[1190.0,3.0,0.0]","[0.1728249424462946,2.2394227749293085,0.0]",2,DESPENSA Y ABARROTES
TALLIANI,CUGAT,DESPENSA,1190.0,3.0,0.0,"[1190.0,3.0,0.0]","[0.1728249424462946,2.2394227749293085,0.0]",2,DESPENSA Y ABARROTES
TALLIANI,CUGAT,DESPENSA,1190.0,3.0,0.0,"[1190.0,3.0,0.0]","[0.1728249424462946,2.2394227749293085,0.0]",2,DESPENSA Y ABARROTES
OTRA,CUGAT,CONSERVAS Y ENLATADOS,1990.0,3.0,16.0,"[1990.0,3.0,16.0]","[0.2890097777043078,2.2394227749293085,2.548411520573298]",1,DESPENSA Y ABARROTES
SANTO TOMAS,CUGAT,"ARROZ, LEGUMBRES Y SEMILLAS",2390.0,3.0,21.0,"[2390.0,3.0,21.0]","[0.3471021953333144,2.2394227749293085,3.3447901207524535]",1,DESPENSA Y ABARROTES
LUCCHETTI,CUGAT,DESPENSA,849.0,3.0,0.0,"[849.0,3.0,0.0]","[0.12330115641756649,2.2394227749293085,0.0]",2,DESPENSA Y ABARROTES
LUCCHETTI,CUGAT,DESPENSA,849.0,3.0,0.0,"[849.0,3.0,0.0]","[0.12330115641756649,2.2394227749293085,0.0]",2,DESPENSA Y ABARROTES
LUCCHETTI,CUGAT,DESPENSA,849.0,3.0,0.0,"[849.0,3.0,0.0]","[0.12330115641756649,2.2394227749293085,0.0]",2,DESPENSA Y ABARROTES
LUCCHETTI,CUGAT,DESPENSA,849.0,3.0,0.0,"[849.0,3.0,0.0]","[0.12330115641756649,2.2394227749293085,0.0]",2,DESPENSA Y ABARROTES
LUCCHETTI,CUGAT,DESPENSA,849.0,3.0,0.0,"[849.0,3.0,0.0]","[0.12330115641756649,2.2394227749293085,0.0]",2,DESPENSA Y ABARROTES
LUCCHETTI,CUGAT,DESPENSA,849.0,3.0,0.0,"[849.0,3.0,0.0]","[0.12330115641756649,2.2394227749293085,0.0]",2,DESPENSA Y ABARROTES
LUCCHETTI,CUGAT,DESPENSA,849.0,3.0,0.0,"[849.0,3.0,0.0]","[0.12330115641756649,2.2394227749293085,0.0]",2,DESPENSA Y ABARROTES
LUCCHETTI,CUGAT,DESPENSA,849.0,3.0,0.0,"[849.0,3.0,0.0]","[0.12330115641756649,2.2394227749293085,0.0]",2,DESPENSA Y ABARROTES
LUCCHETTI,CUGAT,DESPENSA,849.0,3.0,0.0,"[849.0,3.0,0.0]","[0.12330115641756649,2.2394227749293085,0.0]",2,DESPENSA Y ABARROTES
LUCCHETTI,CUGAT,DESPENSA,849.0,3.0,0.0,"[849.0,3.0,0.0]","[0.12330115641756649,2.2394227749293085,0.0]",2,DESPENSA Y ABARROTES
OTRA,CUGAT,DESPENSA,1090.0,3.0,0.0,"[1090.0,3.0,0.0]","[0.15830183803904296,2.2394227749293085,0.0]",2,DESPENSA Y ABARROTES
MAGGI,CUGAT,DESPENSA,798.0,3.0,0.0,"[798.0,3.0,0.0]","[0.11589437316986814,2.2394227749293085,0.0]",2,DESPENSA Y ABARROTES
MAGGI,CUGAT,DESPENSA,890.0,3.0,0.0,"[890.0,3.0,0.0]","[0.12925562922453968,2.2394227749293085,0.0]",2,DESPENSA Y ABARROTES
MAGGI,CUGAT,DESPENSA,890.0,3.0,0.0,"[890.0,3.0,0.0]","[0.12925562922453968,2.2394227749293085,0.0]",2,DESPENSA Y ABARROTES
OTRA,CUGAT,PRODUCTOS Y ARTICULOS IMPORTADOS,2990.0,3.0,34.0,"[2990.0,3.0,34.0]","[0.43424082177682427,2.2394227749293085,5.415374481218258]",1,OTROS / ELABORADOS
OTRA,CUGAT,PASTAS FIDEOS Y SALSAS,1000.0,3.0,38.0,"[1000.0,3.0,38.0]","[0.14523104407251647,2.2394227749293085,6.052477361361583]",1,DESPENSA Y ABARROTES
OTRA,CUGAT,DESPENSA,499.0,3.0,0.0,"[499.0,3.0,0.0]","[0.07247029099218572,2.2394227749293085,0.0]",2,DESPENSA Y ABARROTES
OTRA,CUGAT,DESPENSA,499.0,3.0,0.0,"[499.0,3.0,0.0]","[0.07247029099218572,2.2394227749293085,0.0]",2,DESPENSA Y ABARROTES
OTRA,CUGAT,DESPENSA,499.0,3.0,0.0,"[499.0,3.0,0.0]","[0.07247029099218572,2.2394227749293085,0.0]",2,DESPENSA Y ABARROTES
OTRA,CUGAT,DESPENSA,890.0,3.0,0.0,"[890.0,3.0,0.0]","[0.12925562922453968,2.2394227749293085,0.0]",2,DESPENSA Y ABARROTES
DON JUAN,CUGAT,ADEREZOS Y CONDIMENTOS,790.0,3.0,13.0,"[790.0,3.0,13.0]","[0.11473252481728802,2.2394227749293085,2.0705843604658045]",2,DESPENSA Y ABARROTES
BANQUETE,CUGAT,"ARROZ, LEGUMBRES Y SEMILLAS",3990.0,3.0,21.0,"[3990.0,3.0,21.0]","[0.5794718658493407,2.2394227749293085,3.3447901207524535]",1,DESPENSA Y ABARROTES
OTRA,CUGAT,CONSERVAS Y ENLATADOS,2490.0,3.0,16.0,"[2490.0,3.0,16.0]","[0.361625299740566,2.2394227749293085,2.548411520573298]",1,DESPENSA Y ABARROTES
KRAFT,CUGAT,ADEREZOS Y CONDIMENTOS,7990.0,3.0,13.0,"[7990.0,3.0,13.0]","[1.1603960421394066,2.2394227749293085,2.0705843604658045]",2,DESPENSA Y ABARROTES
OTRA,CUGAT,ADEREZOS Y CONDIMENTOS,4390.0,3.0,13.0,"[4390.0,3.0,13.0]","[0.6375642834783474,2.2394227749293085,2.0705843604658045]",2,DESPENSA Y ABARROTES
OTRA,CUGAT,DESPENSA,1190.0,3.0,0.0,"[1190.0,3.0,0.0]","[0.1728249424462946,2.2394227749293085,0.0]",2,DESPENSA Y ABARROTES
OTRA,CUGAT,DESPENSA,17990.0,3.0,0.0,"[17990.0,3.0,0.0]","[2.612706482864571,2.2394227749293085,0.0]",2,DESPENSA Y ABARROTES
OTRA,CUGAT,PASTAS FIDEOS Y SALSAS,690.0,3.0,38.0,"[690.0,3.0,38.0]","[0.10020942041003637,2.2394227749293085,6.052477361361583]",1,DESPENSA Y ABARROTES
OTRA,CUGAT,CONSERVAS Y ENLATADOS,2190.0,3.0,16.0,"[2190.0,3.0,16.0]","[0.31805598651881106,2.2394227749293085,2.548411520573298]",1,DESPENSA Y ABARROTES
GOURMET,CUGAT,DESPENSA,859.0,3.0,0.0,"[859.0,3.0,0.0]","[0.12475346685829165,2.2394227749293085,0.0]",2,DESPENSA Y ABARROTES
GOURMET,CUGAT,DESPENSA,859.0,3.0,0.0,"[859.0,3.0,0.0]","[0.12475346685829165,2.2394227749293085,0.0]",2,DESPENSA Y ABARROTES
GOURMET,CUGAT,DESPENSA,859.0,3.0,0.0,"[859.0,3.0,0.0]","[0.12475346685829165,2.2394227749293085,0.0]",2,DESPENSA Y ABARROTES
OTRA,CUGAT,CONSERVAS Y ENLATADOS,1590.0,3.0,16.0,"[1590.0,3.0,16.0]","[0.2309173600753012,2.2394227749293085,2.548411520573298]",1,DESPENSA Y ABARROTES
OTRA,CUGAT,CONSERVAS Y ENLATADOS,1590.0,3.0,16.0,"[1590.0,3.0,16.0]","[0.2309173600753012,2.2394227749293085,2.548411520573298]",1,DESPENSA Y ABARROTES
OTRA,CUGAT,"ARROZ, LEGUMBRES Y SEMILLAS",1190.0,3.0,21.0,"[1190.0,3.0,21.0]","[0.1728249424462946,2.2394227749293085,3.3447901207524535]",1,DESPENSA Y ABARROTES
TRAVERSO,CUGAT,ADEREZOS Y CONDIMENTOS,2090.0,3.0,13.0,"[2090.0,3.0,13.0]","[0.30353288211155943,2.2394227749293085,2.0705843604658045]",2,DESPENSA Y ABARROTES
ABRIL,CUGAT,ACEITES,8990.0,3.0,17.0,"[8990.0,3.0,17.0]","[1.305627086211923,2.2394227749293085,2.707687240609129]",1,DESPENSA Y ABARROTES
OTRA,CUGAT,DESPENSA,2490.0,3.0,0.0,"[2490.0,3.0,0.0]","[0.361625299740566,2.2394227749293085,0.0]",2,DESPENSA Y ABARROTES
OTRA,CUGAT,DESPENSA,799.0,3.0,0.0,"[799.0,3.0,0.0]","[0.11603960421394066,2.2394227749293085,0.0]",2,DESPENSA Y ABARROTES
OTRA,CUGAT,DESPENSA,1890.0,3.0,0.0,"[1890.0,3.0,0.0]","[0.2744866732970561,2.2394227749293085,0.0]",2,DESPENSA Y ABARROTES
OTRA,CUGAT,DESPENSA,1990.0,3.0,0.0,"[1990.0,3.0,0.0]","[0.2890097777043078,2.2394227749293085,0.0]",2,DESPENSA Y ABARROTES
PAP,CUGAT,DESPENSA,2390.0,3.0,0.0,"[2390.0,3.0,0.0]","[0.3471021953333144,2.2394227749293085,0.0]",2,DESPENSA Y ABARROTES
OTRA,CUGAT,DESPENSA,1690.0,3.0,0.0,"[1690.0,3.0,0.0]","[0.24544046448255286,2.2394227749293085,0.0]",2,DESPENSA Y ABARROTES
PAP,CUGAT,DESPENSA,1790.0,3.0,0.0,"[1790.0,3.0,0.0]","[0.2599635688898045,2.2394227749293085,0.0]",2,DESPENSA Y ABARROTES
OTRA,CUGAT,CONSERVAS Y ENLATADOS,1590.0,3.0,16.0,"[1590.0,3.0,16.0]","[0.2309173600753012,2.2394227749293085,2.548411520573298]",1,DESPENSA Y ABARROTES
OTRA,CUGAT,CONSERVAS Y ENLATADOS,2190.0,3.0,16.0,"[2190.0,3.0,16.0]","[0.31805598651881106,2.2394227749293085,2.548411520573298]",1,DESPENSA Y ABARROTES
TRAVERSO,CUGAT,ADEREZOS Y CONDIMENTOS,1090.0,3.0,13.0,"[1090.0,3.0,13.0]","[0.15830183803904296,2.2394227749293085,2.0705843604658045]",2,DESPENSA Y ABARROTES
TRAVERSO,CUGAT,ADEREZOS Y CONDIMENTOS,1990.0,3.0,13.0,"[1990.0,3.0,13.0]","[0.2890097777043078,2.2394227749293085,2.0705843604658045]",2,DESPENSA Y ABARROTES
TRAVERSO,CUGAT,ADEREZOS Y CONDIMENTOS,3490.0,3.0,13.0,"[3490.0,3.0,13.0]","[0.5068563438130825,2.2394227749293085,2.0705843604658045]",2,DESPENSA Y ABARROTES
TRAVERSO,CUGAT,ADEREZOS Y CONDIMENTOS,1090.0,3.0,13.0,"[1090.0,3.0,13.0]","[0.15830183803904296,2.2394227749293085,2.0705843604658045]",2,DESPENSA Y ABARROTES
TALLIANI,CUGAT,DESPENSA,1190.0,3.0,0.0,"[1190.0,3.0,0.0]","[0.1728249424462946,2.2394227749293085,0.0]",2,DESPENSA Y ABARROTES
CAROZZI,CUGAT,DESPENSA,859.0,3.0,0.0,"[859.0,3.0,0.0]","[0.12475346685829165,2.2394227749293085,0.0]",2,DESPENSA Y ABARROTES
TRAVERSO,CUGAT,ADEREZOS Y CONDIMENTOS,1290.0,3.0,13.0,"[1290.0,3.0,13.0]","[0.18734804685354625,2.2394227749293085,2.0705843604658045]",2,DESPENSA Y ABARROTES
TRAVERSO,CUGAT,ADEREZOS Y CONDIMENTOS,1990.0,3.0,13.0,"[1990.0,3.0,13.0]","[0.2890097777043078,2.2394227749293085,2.0705843604658045]",2,DESPENSA Y ABARROTES
DON JUAN,CUGAT,ADEREZOS Y CONDIMENTOS,990.0,3.0,13.0,"[990.0,3.0,13.0]","[0.1437787336317913,2.2394227749293085,2.0705843604658045]",2,DESPENSA Y ABARROTES
DON JUAN,CUGAT,ADEREZOS Y CONDIMENTOS,649.0,3.0,13.0,"[649.0,3.0,13.0]","[0.09425494760306319,2.2394227749293085,2.0705843604658045]",2,DESPENSA Y ABARROTES
TRAVERSO,CUGAT,ADEREZOS Y CONDIMENTOS,1690.0,3.0,13.0,"[1690.0,3.0,13.0]","[0.24544046448255286,2.2394227749293085,2.0705843604658045]",2,DESPENSA Y ABARROTES
TALLIANI,CUGAT,DESPENSA,1190.0,3.0,0.0,"[1190.0,3.0,0.0]","[0.1728249424462946,2.2394227749293085,0.0]",2,DESPENSA Y ABARROTES
LUCCHETTI,CUGAT,DESPENSA,849.0,3.0,0.0,"[849.0,3.0,0.0]","[0.12330115641756649,2.2394227749293085,0.0]",2,DESPENSA Y ABARROTES
OTRA,CUGAT,DESPENSA,1090.0,3.0,0.0,"[1090.0,3.0,0.0]","[0.15830183803904296,2.2394227749293085,0.0]",2,DESPENSA Y ABARROTES
CAROZZI,CUGAT,DESPENSA,859.0,3.0,0.0,"[859.0,3.0,0.0]","[0.12475346685829165,2.2394227749293085,0.0]",2,DESPENSA Y ABARROTES
MAGGI,CUGAT,DESPENSA,798.0,3.0,0.0,"[798.0,3.0,0.0]","[0.11589437316986814,2.2394227749293085,0.0]",2,DESPENSA Y ABARROTES
MAGGI,CUGAT,DESPENSA,798.0,3.0,0.0,"[798.0,3.0,0.0]","[0.11589437316986814,2.2394227749293085,0.0]",2,DESPENSA Y ABARROTES
MAGGI,CUGAT,DESPENSA,798.0,3.0,0.0,"[798.0,3.0,0.0]","[0.11589437316986814,2.2394227749293085,0.0]",2,DESPENSA Y ABARROTES
MAGGI,CUGAT,DESPENSA,798.0,3.0,0.0,"[798.0,3.0,0.0]","[0.11589437316986814,2.2394227749293085,0.0]",2,DESPENSA Y ABARROTES
CAROZZI,CUGAT,DESPENSA,998.0,3.0,0.0,"[998.0,3.0,0.0]","[0.14494058198437143,2.2394227749293085,0.0]",2,DESPENSA Y ABARROTES
GOURMET,CUGAT,ADEREZOS Y CONDIMENTOS,2990.0,3.0,13.0,"[2990.0,3.0,13.0]","[0.43424082177682427,2.2394227749293085,2.0705843604658045]",2,DESPENSA Y ABARROTES
OTRA,CUGAT,DESPENSA,469.0,3.0,0.0,"[469.0,3.0,0.0]","[0.06811335967001023,2.2394227749293085,0.0]",2,DESPENSA Y ABARROTES
OTRA,CUGAT,DESPENSA,749.0,3.0,0.0,"[749.0,3.0,0.0]","[0.10877805201031485,2.2394227749293085,0.0]",2,DESPENSA Y ABARROTES
GOURMET,CUGAT,ADEREZOS Y CONDIMENTOS,2190.0,3.0,13.0,"[2190.0,3.0,13.0]","[0.31805598651881106,2.2394227749293085,2.0705843604658045]",2,DESPENSA Y ABARROTES
OTRA,CUGAT,CONSERVAS Y ENLATADOS,3490.0,3.0,16.0,"[3490.0,3.0,16.0]","[0.5068563438130825,2.2394227749293085,2.548411520573298]",1,DESPENSA Y ABARROTES
MAGGI,CUGAT,DESPENSA,1090.0,3.0,0.0,"[1090.0,3.0,0.0]","[0.15830183803904296,2.2394227749293085,0.0]",2,DESPENSA Y ABARROTES
GOURMET,CUGAT,ADEREZOS Y CONDIMENTOS,2890.0,3.0,13.0,"[2890.0,3.0,13.0]","[0.41971771736957264,2.2394227749293085,2.0705843604658045]",2,DESPENSA Y ABARROTES
LOBOS,CUGAT,ADEREZOS Y CONDIMENTOS,1990.0,3.0,13.0,"[1990.0,3.0,13.0]","[0.2890097777043078,2.2394227749293085,2.0705843604658045]",2,DESPENSA Y ABARROTES
LOBOS,CUGAT,ADEREZOS Y CONDIMENTOS,1369.0,3.0,13.0,"[1369.0,3.0,13.0]","[0.19882129933527506,2.2394227749293085,2.0705843604658045]",2,DESPENSA Y ABARROTES
LOBOS,CUGAT,ADEREZOS Y CONDIMENTOS,2090.0,3.0,13.0,"[2090.0,3.0,13.0]","[0.30353288211155943,2.2394227749293085,2.0705843604658045]",2,DESPENSA Y ABARROTES
CAROZZI,CUGAT,DESPENSA,2990.0,3.0,0.0,"[2990.0,3.0,0.0]","[0.43424082177682427,2.2394227749293085,0.0]",2,DESPENSA Y ABARROTES
CAROZZI,CUGAT,"ARROZ, LEGUMBRES Y SEMILLAS",2190.0,3.0,21.0,"[2190.0,3.0,21.0]","[0.31805598651881106,2.2394227749293085,3.3447901207524535]",1,DESPENSA Y ABARROTES
BANQUETE,CUGAT,"ARROZ, LEGUMBRES Y SEMILLAS",3490.0,3.0,21.0,"[3490.0,3.0,21.0]","[0.5068563438130825,2.2394227749293085,3.3447901207524535]",1,DESPENSA Y ABARROTES
GOURMET,CUGAT,DESPENSA,4890.0,3.0,0.0,"[4890.0,3.0,0.0]","[0.7101798055146056,2.2394227749293085,0.0]",2,DESPENSA Y ABARROTES
GOURMET,CUGAT,DESPENSA,3390.0,3.0,0.0,"[3390.0,3.0,0.0]","[0.49233323940583085,2.2394227749293085,0.0]",2,DESPENSA Y ABARROTES
GOURMET,CUGAT,DESPENSA,2990.0,3.0,0.0,"[2990.0,3.0,0.0]","[0.43424082177682427,2.2394227749293085,0.0]",2,DESPENSA Y ABARROTES
OTRA,CUGAT,DESPENSA,3290.0,3.0,0.0,"[3290.0,3.0,0.0]","[0.4778101349985792,2.2394227749293085,0.0]",2,DESPENSA Y ABARROTES
OTRA,CUGAT,DESPENSA,2490.0,3.0,0.0,"[2490.0,3.0,0.0]","[0.361625299740566,2.2394227749293085,0.0]",2,DESPENSA Y ABARROTES
GOURMET,CUGAT,DESPENSA,3390.0,3.0,0.0,"[3390.0,3.0,0.0]","[0.49233323940583085,2.2394227749293085,0.0]",2,DESPENSA Y ABARROTES
OTRA,CUGAT,DESPENSA,2490.0,3.0,0.0,"[2490.0,3.0,0.0]","[0.361625299740566,2.2394227749293085,0.0]",2,DESPENSA Y ABARROTES
OTRA,CUGAT,DESPENSA,2790.0,3.0,0.0,"[2790.0,3.0,0.0]","[0.40519461296232095,2.2394227749293085,0.0]",2,DESPENSA Y ABARROTES
OTRA,CUGAT,CONSERVAS Y ENLATADOS,1590.0,3.0,16.0,"[1590.0,3.0,16.0]","[0.2309173600753012,2.2394227749293085,2.548411520573298]",1,DESPENSA Y ABARROTES
OTRA,CUGAT,CONSERVAS Y ENLATADOS,1590.0,3.0,16.0,"[1590.0,3.0,16.0]","[0.2309173600753012,2.2394227749293085,2.548411520573298]",1,DESPENSA Y ABARROTES
BANQUETE,CUGAT,"ARROZ, LEGUMBRES Y SEMILLAS",4990.0,3.0,21.0,"[4990.0,3.0,21.0]","[0.7247029099218573,2.2394227749293085,3.3447901207524535]",1,DESPENSA Y ABARROTES
BANQUETE,CUGAT,"ARROZ, LEGUMBRES Y SEMILLAS",4690.0,3.0,21.0,"[4690.0,3.0,21.0]","[0.6811335967001023,2.2394227749293085,3.3447901207524535]",1,DESPENSA Y ABARROTES
BONANZA,CUGAT,"ARROZ, LEGUMBRES Y SEMILLAS",3690.0,3.0,21.0,"[3690.0,3.0,21.0]","[0.5359025526275858,2.2394227749293085,3.3447901207524535]",1,DESPENSA Y ABARROTES
OTRA,CUGAT,DESPENSA,2590.0,3.0,0.0,"[2590.0,3.0,0.0]","[0.3761484041478177,2.2394227749293085,0.0]",2,DESPENSA Y ABARROTES
OTRA,CUGAT,DESPENSA,389.0,3.0,0.0,"[389.0,3.0,0.0]","[0.05649487614420891,2.2394227749293085,0.0]",2,DESPENSA Y ABARROTES
GOURMET,CUGAT,DESPENSA,998.0,3.0,0.0,"[998.0,3.0,0.0]","[0.14494058198437143,2.2394227749293085,0.0]",2,DESPENSA Y ABARROTES
OTRA,CUGAT,CONSERVAS Y ENLATADOS,2190.0,3.0,16.0,"[2190.0,3.0,16.0]","[0.31805598651881106,2.2394227749293085,2.548411520573298]",1,DESPENSA Y ABARROTES
OTRA,CUGAT,CONSERVAS Y ENLATADOS,2190.0,3.0,16.0,"[2190.0,3.0,16.0]","[0.31805598651881106,2.2394227749293085,2.548411520573298]",1,DESPENSA Y ABARROTES
BONANZA,CUGAT,CONSERVAS Y ENLATADOS,1990.0,3.0,16.0,"[1990.0,3.0,16.0]","[0.2890097777043078,2.2394227749293085,2.548411520573298]",1,DESPENSA Y ABARROTES
OTRA,CUGAT,CONSERVAS Y ENLATADOS,2190.0,3.0,16.0,"[2190.0,3.0,16.0]","[0.31805598651881106,2.2394227749293085,2.548411520573298]",1,DESPENSA Y ABARROTES
LUCCHETTI,CUGAT,DESPENSA,4290.0,3.0,0.0,"[4290.0,3.0,0.0]","[0.6230411790710957,2.2394227749293085,0.0]",2,DESPENSA Y ABARROTES
OTRA,CUGAT,DESPENSA,4690.0,3.0,0.0,"[4690.0,3.0,0.0]","[0.6811335967001023,2.2394227749293085,0.0]",2,DESPENSA Y ABARROTES
OTRA,CUGAT,CONSERVAS Y ENLATADOS,1990.0,3.0,16.0,"[1990.0,3.0,16.0]","[0.2890097777043078,2.2394227749293085,2.548411520573298]",1,DESPENSA Y ABARROTES
GOURMET,CUGAT,ADEREZOS Y CONDIMENTOS,1290.0,3.0,13.0,"[1290.0,3.0,13.0]","[0.18734804685354625,2.2394227749293085,2.0705843604658045]",2,DESPENSA Y ABARROTES
GOURMET,CUGAT,ADEREZOS Y CONDIMENTOS,689.0,3.0,13.0,"[689.0,3.0,13.0]","[0.10006418936596385,2.2394227749293085,2.0705843604658045]",2,DESPENSA Y ABARROTES
EDRA,CUGAT,ADEREZOS Y CONDIMENTOS,829.0,3.0,13.0,"[829.0,3.0,13.0]","[0.12039653553611616,2.2394227749293085,2.0705843604658045]",2,DESPENSA Y ABARROTES
JB,CUGAT,ADEREZOS Y CONDIMENTOS,1090.0,3.0,13.0,"[1090.0,3.0,13.0]","[0.15830183803904296,2.2394227749293085,2.0705843604658045]",2,DESPENSA Y ABARROTES
OTRA,CUGAT,ADEREZOS Y CONDIMENTOS,1390.0,3.0,13.0,"[1390.0,3.0,13.0]","[0.2018711512607979,2.2394227749293085,2.0705843604658045]",2,DESPENSA Y ABARROTES
DON JUAN,CUGAT,ADEREZOS Y CONDIMENTOS,1490.0,3.0,13.0,"[1490.0,3.0,13.0]","[0.21639425566804954,2.2394227749293085,2.0705843604658045]",2,DESPENSA Y ABARROTES
NATURA,CUGAT,ADEREZOS Y CONDIMENTOS,2390.0,3.0,13.0,"[2390.0,3.0,13.0]","[0.3471021953333144,2.2394227749293085,2.0705843604658045]",2,DESPENSA Y ABARROTES
HELLMANNS,CUGAT,ADEREZOS Y CONDIMENTOS,3990.0,3.0,13.0,"[3990.0,3.0,13.0]","[0.5794718658493407,2.2394227749293085,2.0705843604658045]",2,DESPENSA Y ABARROTES
DON JUAN,CUGAT,ADEREZOS Y CONDIMENTOS,2190.0,3.0,13.0,"[2190.0,3.0,13.0]","[0.31805598651881106,2.2394227749293085,2.0705843604658045]",2,DESPENSA Y ABARROTES
CAROZZI,CUGAT,DESPENSA,690.0,3.0,0.0,"[690.0,3.0,0.0]","[0.10020942041003637,2.2394227749293085,0.0]",2,DESPENSA Y ABARROTES
OTRA,CUGAT,DESPENSA,4990.0,3.0,0.0,"[4990.0,3.0,0.0]","[0.7247029099218573,2.2394227749293085,0.0]",2,DESPENSA Y ABARROTES
OTRA,CUGAT,DESPENSA,3990.0,3.0,0.0,"[3990.0,3.0,0.0]","[0.5794718658493407,2.2394227749293085,0.0]",2,DESPENSA Y ABARROTES
OTRA,CUGAT,DESPENSA,2790.0,3.0,0.0,"[2790.0,3.0,0.0]","[0.40519461296232095,2.2394227749293085,0.0]",2,DESPENSA Y ABARROTES
OTRA,CUGAT,DESPENSA,4590.0,3.0,0.0,"[4590.0,3.0,0.0]","[0.6666104922928506,2.2394227749293085,0.0]",2,DESPENSA Y ABARROTES
OTRA,CUGAT,DESPENSA,2390.0,3.0,0.0,"[2390.0,3.0,0.0]","[0.3471021953333144,2.2394227749293085,0.0]",2,DESPENSA Y ABARROTES
OTRA,CUGAT,DESPENSA,2590.0,3.0,0.0,"[2590.0,3.0,0.0]","[0.3761484041478177,2.2394227749293085,0.0]",2,DESPENSA Y ABARROTES
OTRA,CUGAT,DESPENSA,2890.0,3.0,0.0,"[2890.0,3.0,0.0]","[0.41971771736957264,2.2394227749293085,0.0]",2,DESPENSA Y ABARROTES
BANQUETE,CUGAT,"ARROZ, LEGUMBRES Y SEMILLAS",4690.0,3.0,21.0,"[4690.0,3.0,21.0]","[0.6811335967001023,2.2394227749293085,3.3447901207524535]",1,DESPENSA Y ABARROTES
BANQUETE,CUGAT,"ARROZ, LEGUMBRES Y SEMILLAS",4690.0,3.0,21.0,"[4690.0,3.0,21.0]","[0.6811335967001023,2.2394227749293085,3.3447901207524535]",1,DESPENSA Y ABARROTES
BANQUETE,CUGAT,"ARROZ, LEGUMBRES Y SEMILLAS",3990.0,3.0,21.0,"[3990.0,3.0,21.0]","[0.5794718658493407,2.2394227749293085,3.3447901207524535]",1,DESPENSA Y ABARROTES
OTRA,CUGAT,DESPENSA,2290.0,3.0,0.0,"[2290.0,3.0,0.0]","[0.33257909092606275,2.2394227749293085,0.0]",2,DESPENSA Y ABARROTES
OTRA,CUGAT,DESPENSA,2390.0,3.0,0.0,"[2390.0,3.0,0.0]","[0.3471021953333144,2.2394227749293085,0.0]",2,DESPENSA Y ABARROTES
TALLIANI,CUGAT,DESPENSA,2590.0,3.0,0.0,"[2590.0,3.0,0.0]","[0.3761484041478177,2.2394227749293085,0.0]",2,DESPENSA Y ABARROTES
LUCCHETTI,CUGAT,DESPENSA,1690.0,3.0,0.0,"[1690.0,3.0,0.0]","[0.24544046448255286,2.2394227749293085,0.0]",2,DESPENSA Y ABARROTES
LUCCHETTI,CUGAT,DESPENSA,998.0,3.0,0.0,"[998.0,3.0,0.0]","[0.14494058198437143,2.2394227749293085,0.0]",2,DESPENSA Y ABARROTES
TRAVERSO,CUGAT,ADEREZOS Y CONDIMENTOS,2690.0,3.0,13.0,"[2690.0,3.0,13.0]","[0.3906715085550693,2.2394227749293085,2.0705843604658045]",2,DESPENSA Y ABARROTES
OTRA,CUGAT,ADEREZOS Y CONDIMENTOS,2990.0,3.0,13.0,"[2990.0,3.0,13.0]","[0.43424082177682427,2.2394227749293085,2.0705843604658045]",2,DESPENSA Y ABARROTES
DON JUAN,CUGAT,ADEREZOS Y CONDIMENTOS,2190.0,3.0,13.0,"[2190.0,3.0,13.0]","[0.31805598651881106,2.2394227749293085,2.0705843604658045]",2,DESPENSA Y ABARROTES
DON JUAN,CUGAT,ADEREZOS Y CONDIMENTOS,3290.0,3.0,13.0,"[3290.0,3.0,13.0]","[0.4778101349985792,2.2394227749293085,2.0705843604658045]",2,DESPENSA Y ABARROTES
NATURA,CUGAT,CONSERVAS Y ENLATADOS,2090.0,3.0,16.0,"[2090.0,3.0,16.0]","[0.30353288211155943,2.2394227749293085,2.548411520573298]",1,DESPENSA Y ABARROTES
NATURA,CUGAT,CONSERVAS Y ENLATADOS,2690.0,3.0,16.0,"[2690.0,3.0,16.0]","[0.3906715085550693,2.2394227749293085,2.548411520573298]",1,DESPENSA Y ABARROTES
OTRA,CUGAT,DESPENSA,1690.0,3.0,0.0,"[1690.0,3.0,0.0]","[0.24544046448255286,2.2394227749293085,0.0]",2,DESPENSA Y ABARROTES
OTRA,CUGAT,DESPENSA,1690.0,3.0,0.0,"[1690.0,3.0,0.0]","[0.24544046448255286,2.2394227749293085,0.0]",2,DESPENSA Y ABARROTES
GOURMET,CUGAT,DESPENSA,1790.0,3.0,0.0,"[1790.0,3.0,0.0]","[0.2599635688898045,2.2394227749293085,0.0]",2,DESPENSA Y ABARROTES
VIVO,CUGAT,DESPENSA,969.0,3.0,0.0,"[969.0,3.0,0.0]","[0.14072888170626846,2.2394227749293085,0.0]",2,DESPENSA Y ABARROTES
OTRA,CUGAT,DESPENSA,899.0,3.0,0.0,"[899.0,3.0,0.0]","[0.13056270862119232,2.2394227749293085,0.0]",2,DESPENSA Y ABARROTES
OTRA,CUGAT,DESPENSA,899.0,3.0,0.0,"[899.0,3.0,0.0]","[0.13056270862119232,2.2394227749293085,0.0]",2,DESPENSA Y ABARROTES
OTRA,CUGAT,DESPENSA,899.0,3.0,0.0,"[899.0,3.0,0.0]","[0.13056270862119232,2.2394227749293085,0.0]",2,DESPENSA Y ABARROTES
OTRA,CUGAT,DESPENSA,899.0,3.0,0.0,"[899.0,3.0,0.0]","[0.13056270862119232,2.2394227749293085,0.0]",2,DESPENSA Y ABARROTES
OTRA,CUGAT,DESPENSA,899.0,3.0,0.0,"[899.0,3.0,0.0]","[0.13056270862119232,2.2394227749293085,0.0]",2,DESPENSA Y ABARROTES
VIVO,CUGAT,DESPENSA,969.0,3.0,0.0,"[969.0,3.0,0.0]","[0.14072888170626846,2.2394227749293085,0.0]",2,DESPENSA Y ABARROTES
BANQUETE,CUGAT,"ARROZ, LEGUMBRES Y SEMILLAS",4890.0,3.0,21.0,"[4890.0,3.0,21.0]","[0.7101798055146056,2.2394227749293085,3.3447901207524535]",1,DESPENSA Y ABARROTES
LUCCHETTI,CUGAT,DESPENSA,849.0,3.0,0.0,"[849.0,3.0,0.0]","[0.12330115641756649,2.2394227749293085,0.0]",2,DESPENSA Y ABARROTES
GOURMET,CUGAT,DESPENSA,1590.0,3.0,0.0,"[1590.0,3.0,0.0]","[0.2309173600753012,2.2394227749293085,0.0]",2,DESPENSA Y ABARROTES
OTRA,CUGAT,CONSERVAS Y ENLATADOS,2290.0,3.0,16.0,"[2290.0,3.0,16.0]","[0.33257909092606275,2.2394227749293085,2.548411520573298]",1,DESPENSA Y ABARROTES
OTRA,CUGAT,CONSERVAS Y ENLATADOS,1990.0,3.0,16.0,"[1990.0,3.0,16.0]","[0.2890097777043078,2.2394227749293085,2.548411520573298]",1,DESPENSA Y ABARROTES
OTRA,CUGAT,CONSERVAS Y ENLATADOS,1990.0,3.0,16.0,"[1990.0,3.0,16.0]","[0.2890097777043078,2.2394227749293085,2.548411520573298]",1,DESPENSA Y ABARROTES
OTRA,CUGAT,CONSERVAS Y ENLATADOS,2390.0,3.0,16.0,"[2390.0,3.0,16.0]","[0.3471021953333144,2.2394227749293085,2.548411520573298]",1,DESPENSA Y ABARROTES
OTRA,CUGAT,CONSERVAS Y ENLATADOS,1790.0,3.0,16.0,"[1790.0,3.0,16.0]","[0.2599635688898045,2.2394227749293085,2.548411520573298]",1,DESPENSA Y ABARROTES
GOURMET,CUGAT,DESPENSA,1069.0,3.0,0.0,"[1069.0,3.0,0.0]","[0.15525198611352012,2.2394227749293085,0.0]",2,DESPENSA Y ABARROTES
MAGGI,CUGAT,DESPENSA,890.0,3.0,0.0,"[890.0,3.0,0.0]","[0.12925562922453968,2.2394227749293085,0.0]",2,DESPENSA Y ABARROTES
GOURMET,CUGAT,DESPENSA,1099.0,3.0,0.0,"[1099.0,3.0,0.0]","[0.1596089174356956,2.2394227749293085,0.0]",2,DESPENSA Y ABARROTES
CAROZZI,CUGAT,DESPENSA,859.0,3.0,0.0,"[859.0,3.0,0.0]","[0.12475346685829165,2.2394227749293085,0.0]",2,DESPENSA Y ABARROTES
GOURMET,CUGAT,ADEREZOS Y CONDIMENTOS,2490.0,3.0,13.0,"[2490.0,3.0,13.0]","[0.361625299740566,2.2394227749293085,2.0705843604658045]",2,DESPENSA Y ABARROTES
OTRA,CUGAT,CONSERVAS Y ENLATADOS,3290.0,3.0,16.0,"[3290.0,3.0,16.0]","[0.4778101349985792,2.2394227749293085,2.548411520573298]",1,DESPENSA Y ABARROTES
OTRA,CUGAT,CONSERVAS Y ENLATADOS,1990.0,3.0,16.0,"[1990.0,3.0,16.0]","[0.2890097777043078,2.2394227749293085,2.548411520573298]",1,DESPENSA Y ABARROTES
OTRA,CUGAT,CONSERVAS Y ENLATADOS,1990.0,3.0,16.0,"[1990.0,3.0,16.0]","[0.2890097777043078,2.2394227749293085,2.548411520573298]",1,DESPENSA Y ABARROTES
NATURA,CUGAT,CONSERVAS Y ENLATADOS,2990.0,3.0,16.0,"[2990.0,3.0,16.0]","[0.43424082177682427,2.2394227749293085,2.548411520573298]",1,DESPENSA Y ABARROTES
NATURA,CUGAT,CONSERVAS Y ENLATADOS,1990.0,3.0,16.0,"[1990.0,3.0,16.0]","[0.2890097777043078,2.2394227749293085,2.548411520573298]",1,DESPENSA Y ABARROTES
OTRA,CUGAT,CONSERVAS Y ENLATADOS,2990.0,3.0,16.0,"[2990.0,3.0,16.0]","[0.43424082177682427,2.2394227749293085,2.548411520573298]",1,DESPENSA Y ABARROTES
OTRA,CUGAT,CONSERVAS Y ENLATADOS,1990.0,3.0,16.0,"[1990.0,3.0,16.0]","[0.2890097777043078,2.2394227749293085,2.548411520573298]",1,DESPENSA Y ABARROTES
LUCCHETTI,CUGAT,DESPENSA,849.0,3.0,0.0,"[849.0,3.0,0.0]","[0.12330115641756649,2.2394227749293085,0.0]",2,DESPENSA Y ABARROTES
GOURMET,CUGAT,ADEREZOS Y CONDIMENTOS,1290.0,3.0,13.0,"[1290.0,3.0,13.0]","[0.18734804685354625,2.2394227749293085,2.0705843604658045]",2,DESPENSA Y ABARROTES
MAGGI,CUGAT,DESPENSA,1190.0,3.0,0.0,"[1190.0,3.0,0.0]","[0.1728249424462946,2.2394227749293085,0.0]",2,DESPENSA Y ABARROTES
MAGGI,CUGAT,DESPENSA,1690.0,3.0,0.0,"[1690.0,3.0,0.0]","[0.24544046448255286,2.2394227749293085,0.0]",2,DESPENSA Y ABARROTES
MAGGI,CUGAT,DESPENSA,1190.0,3.0,0.0,"[1190.0,3.0,0.0]","[0.1728249424462946,2.2394227749293085,0.0]",2,DESPENSA Y ABARROTES
MAGGI,CUGAT,DESPENSA,1190.0,3.0,0.0,"[1190.0,3.0,0.0]","[0.1728249424462946,2.2394227749293085,0.0]",2,DESPENSA Y ABARROTES
MAGGI,CUGAT,DESPENSA,1690.0,3.0,0.0,"[1690.0,3.0,0.0]","[0.24544046448255286,2.2394227749293085,0.0]",2,DESPENSA Y ABARROTES
BIOSAL,CUGAT,ADEREZOS Y CONDIMENTOS,4890.0,3.0,13.0,"[4890.0,3.0,13.0]","[0.7101798055146056,2.2394227749293085,2.0705843604658045]",2,DESPENSA Y ABARROTES
GOURMET,CUGAT,DESPENSA,890.0,3.0,0.0,"[890.0,3.0,0.0]","[0.12925562922453968,2.2394227749293085,0.0]",2,DESPENSA Y ABARROTES
MAGGI,CUGAT,DESPENSA,1090.0,3.0,0.0,"[1090.0,3.0,0.0]","[0.15830183803904296,2.2394227749293085,0.0]",2,DESPENSA Y ABARROTES
OTRA,CUGAT,CONSERVAS Y ENLATADOS,1490.0,3.0,16.0,"[1490.0,3.0,16.0]","[0.21639425566804954,2.2394227749293085,2.548411520573298]",1,DESPENSA Y ABARROTES
OTRA,CUGAT,CONSERVAS Y ENLATADOS,1490.0,3.0,16.0,"[1490.0,3.0,16.0]","[0.21639425566804954,2.2394227749293085,2.548411520573298]",1,DESPENSA Y ABARROTES
TUCAPEL,CUGAT,"ARROZ, LEGUMBRES Y SEMILLAS",1790.0,3.0,21.0,"[1790.0,3.0,21.0]","[0.2599635688898045,2.2394227749293085,3.3447901207524535]",1,DESPENSA Y ABARROTES
MIRAFLORES,CUGAT,"ARROZ, LEGUMBRES Y SEMILLAS",2490.0,3.0,21.0,"[2490.0,3.0,21.0]","[0.361625299740566,2.2394227749293085,3.3447901207524535]",1,DESPENSA Y ABARROTES
TUCAPEL,CUGAT,"ARROZ, LEGUMBRES Y SEMILLAS",1790.0,3.0,21.0,"[1790.0,3.0,21.0]","[0.2599635688898045,2.2394227749293085,3.3447901207524535]",1,DESPENSA Y ABARROTES
TUCAPEL,CUGAT,"ARROZ, LEGUMBRES Y SEMILLAS",1990.0,3.0,21.0,"[1990.0,3.0,21.0]","[0.2890097777043078,2.2394227749293085,3.3447901207524535]",1,DESPENSA Y ABARROTES
TUCAPEL,CUGAT,"ARROZ, LEGUMBRES Y SEMILLAS",1590.0,3.0,21.0,"[1590.0,3.0,21.0]","[0.2309173600753012,2.2394227749293085,3.3447901207524535]",1,DESPENSA Y ABARROTES
GOURMET,CUGAT,ADEREZOS Y CONDIMENTOS,379.0,3.0,13.0,"[379.0,3.0,13.0]","[0.055042565703483745,2.2394227749293085,2.0705843604658045]",2,DESPENSA Y ABARROTES
JB,CUGAT,ADEREZOS Y CONDIMENTOS,1590.0,3.0,13.0,"[1590.0,3.0,13.0]","[0.2309173600753012,2.2394227749293085,2.0705843604658045]",2,DESPENSA Y ABARROTES
DON JUAN,CUGAT,ADEREZOS Y CONDIMENTOS,1490.0,3.0,13.0,"[1490.0,3.0,13.0]","[0.21639425566804954,2.2394227749293085,2.0705843604658045]",2,DESPENSA Y ABARROTES
DON JUAN,CUGAT,ADEREZOS Y CONDIMENTOS,1490.0,3.0,13.0,"[1490.0,3.0,13.0]","[0.21639425566804954,2.2394227749293085,2.0705843604658045]",2,DESPENSA Y ABARROTES
JB,CUGAT,ADEREZOS Y CONDIMENTOS,1590.0,3.0,13.0,"[1590.0,3.0,13.0]","[0.2309173600753012,2.2394227749293085,2.0705843604658045]",2,DESPENSA Y ABARROTES
TALLIANI,CUGAT,ADEREZOS Y CONDIMENTOS,5590.0,3.0,13.0,"[5590.0,3.0,13.0]","[0.811841536365367,2.2394227749293085,2.0705843604658045]",2,DESPENSA Y ABARROTES
CHEF,CUGAT,ACEITES,10990.0,3.0,17.0,"[10990.0,3.0,17.0]","[1.596089174356956,2.2394227749293085,2.707687240609129]",1,DESPENSA Y ABARROTES
BANQUETE,CUGAT,ACEITES,8990.0,3.0,17.0,"[8990.0,3.0,17.0]","[1.305627086211923,2.2394227749293085,2.707687240609129]",1,DESPENSA Y ABARROTES
CHEF,CUGAT,ACEITES,3490.0,3.0,17.0,"[3490.0,3.0,17.0]","[0.5068563438130825,2.2394227749293085,2.707687240609129]",1,DESPENSA Y ABARROTES
ARUNA,CUGAT,ACEITES,2190.0,3.0,17.0,"[2190.0,3.0,17.0]","[0.31805598651881106,2.2394227749293085,2.707687240609129]",1,DESPENSA Y ABARROTES
NATURA,CUGAT,"ARROZ, LEGUMBRES Y SEMILLAS",3190.0,3.0,21.0,"[3190.0,3.0,21.0]","[0.46328703059132753,2.2394227749293085,3.3447901207524535]",1,DESPENSA Y ABARROTES
NATURA,CUGAT,ACEITES,2990.0,3.0,17.0,"[2990.0,3.0,17.0]","[0.43424082177682427,2.2394227749293085,2.707687240609129]",1,DESPENSA Y ABARROTES
SUPER CERDO,CUGAT,CARNICERIA,8990.0,3.0,10.0,"[8990.0,3.0,10.0]","[1.305627086211923,2.2394227749293085,1.5927572003583113]",2,CARNES Y FIAMBRERÍA
OTRA,CUGAT,CARNICERIA,3490.0,3.0,10.0,"[3490.0,3.0,10.0]","[0.5068563438130825,2.2394227749293085,1.5927572003583113]",2,CARNES Y FIAMBRERÍA
SUPER CERDO,CUGAT,CARNICERIA,10990.0,3.0,10.0,"[10990.0,3.0,10.0]","[1.596089174356956,2.2394227749293085,1.5927572003583113]",2,CARNES Y FIAMBRERÍA
SUPER CERDO,CUGAT,CARNICERIA,5490.0,3.0,10.0,"[5490.0,3.0,10.0]","[0.7973184319581155,2.2394227749293085,1.5927572003583113]",2,CARNES Y FIAMBRERÍA
SUPER CERDO,CUGAT,CARNICERIA,13490.0,3.0,10.0,"[13490.0,3.0,10.0]","[1.9591667845382472,2.2394227749293085,1.5927572003583113]",2,CARNES Y FIAMBRERÍA
OTRA,CUGAT,CARNICERIA,5690.0,3.0,10.0,"[5690.0,3.0,10.0]","[0.8263646407726187,2.2394227749293085,1.5927572003583113]",2,CARNES Y FIAMBRERÍA
OTRA,CUGAT,CARNICERIA,6290.0,3.0,10.0,"[6290.0,3.0,10.0]","[0.9135032672161286,2.2394227749293085,1.5927572003583113]",2,CARNES Y FIAMBRERÍA
OTRA,CUGAT,CARNICERIA,6490.0,3.0,10.0,"[6490.0,3.0,10.0]","[0.9425494760306319,2.2394227749293085,1.5927572003583113]",2,CARNES Y FIAMBRERÍA
SUPER CERDO,CUGAT,CARNICERIA,5290.0,3.0,10.0,"[5290.0,3.0,10.0]","[0.7682722231436122,2.2394227749293085,1.5927572003583113]",2,CARNES Y FIAMBRERÍA
OTRA,CUGAT,CARNICERIA,3290.0,3.0,10.0,"[3290.0,3.0,10.0]","[0.4778101349985792,2.2394227749293085,1.5927572003583113]",2,CARNES Y FIAMBRERÍA
OTRA,CUGAT,CARNICERIA,3290.0,3.0,10.0,"[3290.0,3.0,10.0]","[0.4778101349985792,2.2394227749293085,1.5927572003583113]",2,CARNES Y FIAMBRERÍA
OTRA,CUGAT,CARNICERIA,5290.0,3.0,10.0,"[5290.0,3.0,10.0]","[0.7682722231436122,2.2394227749293085,1.5927572003583113]",2,CARNES Y FIAMBRERÍA
SUPER CERDO,CUGAT,CARNICERIA,7990.0,3.0,10.0,"[7990.0,3.0,10.0]","[1.1603960421394066,2.2394227749293085,1.5927572003583113]",2,CARNES Y FIAMBRERÍA
OTRA,CUGAT,CARNICERIA,7690.0,3.0,10.0,"[7690.0,3.0,10.0]","[1.1168267289176517,2.2394227749293085,1.5927572003583113]",2,CARNES Y FIAMBRERÍA
OTRA,CUGAT,CARNICERIA,9290.0,3.0,10.0,"[9290.0,3.0,10.0]","[1.349196399433678,2.2394227749293085,1.5927572003583113]",2,CARNES Y FIAMBRERÍA
OTRA,CUGAT,CARNICERIA,8490.0,3.0,10.0,"[8490.0,3.0,10.0]","[1.233011564175665,2.2394227749293085,1.5927572003583113]",2,CARNES Y FIAMBRERÍA
OTRA,CUGAT,CARNICERIA,13990.0,3.0,10.0,"[13990.0,3.0,10.0]","[2.0317823065745055,2.2394227749293085,1.5927572003583113]",2,CARNES Y FIAMBRERÍA
OTRA,CUGAT,CARNICERIA,7990.0,3.0,10.0,"[7990.0,3.0,10.0]","[1.1603960421394066,2.2394227749293085,1.5927572003583113]",2,CARNES Y FIAMBRERÍA
OTRA,CUGAT,CARNICERIA,8990.0,3.0,10.0,"[8990.0,3.0,10.0]","[1.305627086211923,2.2394227749293085,1.5927572003583113]",2,CARNES Y FIAMBRERÍA
OTRA,CUGAT,CARNICERIA,7990.0,3.0,10.0,"[7990.0,3.0,10.0]","[1.1603960421394066,2.2394227749293085,1.5927572003583113]",2,CARNES Y FIAMBRERÍA
OTRA,CUGAT,CARNICERIA,2990.0,3.0,10.0,"[2990.0,3.0,10.0]","[0.43424082177682427,2.2394227749293085,1.5927572003583113]",2,CARNES Y FIAMBRERÍA
OTRA,CUGAT,CARNICERIA,14990.0,3.0,10.0,"[14990.0,3.0,10.0]","[2.177013350647022,2.2394227749293085,1.5927572003583113]",2,CARNES Y FIAMBRERÍA
OTRA,CUGAT,CARNICERIA,10000.0,3.0,10.0,"[10000.0,3.0,10.0]","[1.4523104407251648,2.2394227749293085,1.5927572003583113]",2,CARNES Y FIAMBRERÍA
OTRA,CUGAT,CARNICERIA,12990.0,3.0,10.0,"[12990.0,3.0,10.0]","[1.8865512625019891,2.2394227749293085,1.5927572003583113]",2,CARNES Y FIAMBRERÍA
SUPER POLLO,CUGAT,CARNICERIA,7990.0,3.0,10.0,"[7990.0,3.0,10.0]","[1.1603960421394066,2.2394227749293085,1.5927572003583113]",2,CARNES Y FIAMBRERÍA
OTRA,CUGAT,CARNICERIA,6490.0,3.0,10.0,"[6490.0,3.0,10.0]","[0.9425494760306319,2.2394227749293085,1.5927572003583113]",2,CARNES Y FIAMBRERÍA
OTRA,CUGAT,CARNICERIA,7490.0,3.0,10.0,"[7490.0,3.0,10.0]","[1.0877805201031483,2.2394227749293085,1.5927572003583113]",2,CARNES Y FIAMBRERÍA
OTRA,CUGAT,CARNICERIA,13490.0,3.0,10.0,"[13490.0,3.0,10.0]","[1.9591667845382472,2.2394227749293085,1.5927572003583113]",2,CARNES Y FIAMBRERÍA
OTRA,CUGAT,CARNICERIA,12990.0,3.0,10.0,"[12990.0,3.0,10.0]","[1.8865512625019891,2.2394227749293085,1.5927572003583113]",2,CARNES Y FIAMBRERÍA
OTRA,CUGAT,CARNICERIA,14990.0,3.0,10.0,"[14990.0,3.0,10.0]","[2.177013350647022,2.2394227749293085,1.5927572003583113]",2,CARNES Y FIAMBRERÍA
OTRA,CUGAT,CARNICERIA,12990.0,3.0,10.0,"[12990.0,3.0,10.0]","[1.8865512625019891,2.2394227749293085,1.5927572003583113]",2,CARNES Y FIAMBRERÍA
OTRA,CUGAT,CARNICERIA,16990.0,3.0,10.0,"[16990.0,3.0,10.0]","[2.467475438792055,2.2394227749293085,1.5927572003583113]",2,CARNES Y FIAMBRERÍA
OTRA,CUGAT,CARNICERIA,18290.0,3.0,10.0,"[18290.0,3.0,10.0]","[2.656275796086326,2.2394227749293085,1.5927572003583113]",2,CARNES Y FIAMBRERÍA
OTRA,CUGAT,CARNICERIA,14990.0,3.0,10.0,"[14990.0,3.0,10.0]","[2.177013350647022,2.2394227749293085,1.5927572003583113]",2,CARNES Y FIAMBRERÍA
OTRA,CUGAT,QUESOS,1990.0,3.0,26.0,"[1990.0,3.0,26.0]","[0.2890097777043078,2.2394227749293085,4.141168720931609]",1,LACTEOS Y FRESCOS
KRAFT,CUGAT,QUESOS,2590.0,3.0,26.0,"[2590.0,3.0,26.0]","[0.3761484041478177,2.2394227749293085,4.141168720931609]",1,LACTEOS Y FRESCOS
KRAFT,CUGAT,QUESOS,1190.0,3.0,26.0,"[1190.0,3.0,26.0]","[0.1728249424462946,2.2394227749293085,4.141168720931609]",1,LACTEOS Y FRESCOS
NATURA,CUGAT,QUESOS,1990.0,3.0,26.0,"[1990.0,3.0,26.0]","[0.2890097777043078,2.2394227749293085,4.141168720931609]",1,LACTEOS Y FRESCOS
KRAFT,CUGAT,QUESOS,2990.0,3.0,26.0,"[2990.0,3.0,26.0]","[0.43424082177682427,2.2394227749293085,4.141168720931609]",1,LACTEOS Y FRESCOS
KRAFT,CUGAT,QUESOS,2990.0,3.0,26.0,"[2990.0,3.0,26.0]","[0.43424082177682427,2.2394227749293085,4.141168720931609]",1,LACTEOS Y FRESCOS
OTRA,CUGAT,QUESOS,1998.0,3.0,26.0,"[1998.0,3.0,26.0]","[0.2901716260568879,2.2394227749293085,4.141168720931609]",1,LACTEOS Y FRESCOS
OTRA,CUGAT,QUESOS,1990.0,3.0,26.0,"[1990.0,3.0,26.0]","[0.2890097777043078,2.2394227749293085,4.141168720931609]",1,LACTEOS Y FRESCOS
OTRA,CUGAT,QUESOS,890.0,3.0,26.0,"[890.0,3.0,26.0]","[0.12925562922453968,2.2394227749293085,4.141168720931609]",1,LACTEOS Y FRESCOS
NATURA,CUGAT,QUESOS,890.0,3.0,26.0,"[890.0,3.0,26.0]","[0.12925562922453968,2.2394227749293085,4.141168720931609]",1,LACTEOS Y FRESCOS
KRAFT,CUGAT,QUESOS,3290.0,3.0,26.0,"[3290.0,3.0,26.0]","[0.4778101349985792,2.2394227749293085,4.141168720931609]",1,LACTEOS Y FRESCOS
OTRA,CUGAT,QUESOS,3590.0,3.0,26.0,"[3590.0,3.0,26.0]","[0.5213794482203341,2.2394227749293085,4.141168720931609]",1,LACTEOS Y FRESCOS
OTRA,CUGAT,QUESOS,3490.0,3.0,26.0,"[3490.0,3.0,26.0]","[0.5068563438130825,2.2394227749293085,4.141168720931609]",1,LACTEOS Y FRESCOS
OTRA,CUGAT,QUESOS,3990.0,3.0,26.0,"[3990.0,3.0,26.0]","[0.5794718658493407,2.2394227749293085,4.141168720931609]",1,LACTEOS Y FRESCOS
OTRA,CUGAT,QUESOS,4990.0,3.0,26.0,"[4990.0,3.0,26.0]","[0.7247029099218573,2.2394227749293085,4.141168720931609]",1,LACTEOS Y FRESCOS
OTRA,CUGAT,QUESOS,4790.0,3.0,26.0,"[4790.0,3.0,26.0]","[0.6956567011073539,2.2394227749293085,4.141168720931609]",1,LACTEOS Y FRESCOS
OTRA,CUGAT,QUESOS,3590.0,3.0,26.0,"[3590.0,3.0,26.0]","[0.5213794482203341,2.2394227749293085,4.141168720931609]",1,LACTEOS Y FRESCOS
OTRA,CUGAT,QUESOS,3490.0,3.0,26.0,"[3490.0,3.0,26.0]","[0.5068563438130825,2.2394227749293085,4.141168720931609]",1,LACTEOS Y FRESCOS
SAN JORGE,CUGAT,FIAMBRERIA EMBUTIDOS Y QUESOS,5990.0,3.0,8.0,"[5990.0,3.0,8.0]","[0.8699339539943737,2.2394227749293085,1.274205760286649]",2,CARNES Y FIAMBRERÍA
OTRA,CUGAT,FIAMBRERIA Y EMBUTIDOS,5990.0,3.0,40.0,"[5990.0,3.0,40.0]","[0.8699339539943737,2.2394227749293085,6.371028801433245]",1,CARNES Y FIAMBRERÍA
SAN JORGE,CUGAT,FIAMBRERIA EMBUTIDOS Y QUESOS,1799.0,3.0,8.0,"[1799.0,3.0,8.0]","[0.26127064828645713,2.2394227749293085,1.274205760286649]",2,CARNES Y FIAMBRERÍA
SAN JORGE,CUGAT,FIAMBRERIA EMBUTIDOS Y QUESOS,4890.0,3.0,8.0,"[4890.0,3.0,8.0]","[0.7101798055146056,2.2394227749293085,1.274205760286649]",2,CARNES Y FIAMBRERÍA
SOPROLE,CUGAT,QUESOS,2090.0,3.0,26.0,"[2090.0,3.0,26.0]","[0.30353288211155943,2.2394227749293085,4.141168720931609]",1,LACTEOS Y FRESCOS
PF,CUGAT,FIAMBRERIA EMBUTIDOS Y QUESOS,2290.0,3.0,8.0,"[2290.0,3.0,8.0]","[0.33257909092606275,2.2394227749293085,1.274205760286649]",2,CARNES Y FIAMBRERÍA
PF,CUGAT,FIAMBRERIA EMBUTIDOS Y QUESOS,2290.0,3.0,8.0,"[2290.0,3.0,8.0]","[0.33257909092606275,2.2394227749293085,1.274205760286649]",2,CARNES Y FIAMBRERÍA
OTRA,CUGAT,FIAMBRERIA EMBUTIDOS Y QUESOS,4490.0,3.0,8.0,"[4490.0,3.0,8.0]","[0.652087387885599,2.2394227749293085,1.274205760286649]",2,CARNES Y FIAMBRERÍA
OTRA,CUGAT,FIAMBRERIA EMBUTIDOS Y QUESOS,3190.0,3.0,8.0,"[3190.0,3.0,8.0]","[0.46328703059132753,2.2394227749293085,1.274205760286649]",2,CARNES Y FIAMBRERÍA
WINTER,CUGAT,FIAMBRERIA EMBUTIDOS Y QUESOS,2999.0,3.0,8.0,"[2999.0,3.0,8.0]","[0.4355479011734769,2.2394227749293085,1.274205760286649]",2,CARNES Y FIAMBRERÍA
WINTER,CUGAT,FIAMBRERIA EMBUTIDOS Y QUESOS,4290.0,3.0,8.0,"[4290.0,3.0,8.0]","[0.6230411790710957,2.2394227749293085,1.274205760286649]",2,CARNES Y FIAMBRERÍA
PF,CUGAT,FIAMBRERIA EMBUTIDOS Y QUESOS,890.0,3.0,8.0,"[890.0,3.0,8.0]","[0.12925562922453968,2.2394227749293085,1.274205760286649]",2,CARNES Y FIAMBRERÍA
PF,CUGAT,FIAMBRERIA EMBUTIDOS Y QUESOS,890.0,3.0,8.0,"[890.0,3.0,8.0]","[0.12925562922453968,2.2394227749293085,1.274205760286649]",2,CARNES Y FIAMBRERÍA
PF,CUGAT,FIAMBRERIA EMBUTIDOS Y QUESOS,890.0,3.0,8.0,"[890.0,3.0,8.0]","[0.12925562922453968,2.2394227749293085,1.274205760286649]",2,CARNES Y FIAMBRERÍA
OTRA,CUGAT,FIAMBRERIA EMBUTIDOS Y QUESOS,2190.0,3.0,8.0,"[2190.0,3.0,8.0]","[0.31805598651881106,2.2394227749293085,1.274205760286649]",2,CARNES Y FIAMBRERÍA
OTRA,CUGAT,FIAMBRERIA EMBUTIDOS Y QUESOS,2190.0,3.0,8.0,"[2190.0,3.0,8.0]","[0.31805598651881106,2.2394227749293085,1.274205760286649]",2,CARNES Y FIAMBRERÍA
OTRA,CUGAT,FIAMBRERIA EMBUTIDOS Y QUESOS,3990.0,3.0,8.0,"[3990.0,3.0,8.0]","[0.5794718658493407,2.2394227749293085,1.274205760286649]",2,CARNES Y FIAMBRERÍA
SAN JORGE,CUGAT,FIAMBRERIA EMBUTIDOS Y QUESOS,1990.0,3.0,8.0,"[1990.0,3.0,8.0]","[0.2890097777043078,2.2394227749293085,1.274205760286649]",2,CARNES Y FIAMBRERÍA
SAN JORGE,CUGAT,FIAMBRERIA EMBUTIDOS Y QUESOS,1990.0,3.0,8.0,"[1990.0,3.0,8.0]","[0.2890097777043078,2.2394227749293085,1.274205760286649]",2,CARNES Y FIAMBRERÍA
SAN JORGE,CUGAT,FIAMBRERIA EMBUTIDOS Y QUESOS,2399.0,3.0,8.0,"[2399.0,3.0,8.0]","[0.348409274729967,2.2394227749293085,1.274205760286649]",2,CARNES Y FIAMBRERÍA
OTRA,CUGAT,FIAMBRERIA EMBUTIDOS Y QUESOS,2749.0,3.0,8.0,"[2749.0,3.0,8.0]","[0.3992401401553478,2.2394227749293085,1.274205760286649]",2,CARNES Y FIAMBRERÍA
WINTER,CUGAT,FIAMBRERIA EMBUTIDOS Y QUESOS,3990.0,3.0,8.0,"[3990.0,3.0,8.0]","[0.5794718658493407,2.2394227749293085,1.274205760286649]",2,CARNES Y FIAMBRERÍA
WINTER,CUGAT,FIAMBRERIA EMBUTIDOS Y QUESOS,3990.0,3.0,8.0,"[3990.0,3.0,8.0]","[0.5794718658493407,2.2394227749293085,1.274205760286649]",2,CARNES Y FIAMBRERÍA
SAN JORGE,CUGAT,FIAMBRERIA EMBUTIDOS Y QUESOS,890.0,3.0,8.0,"[890.0,3.0,8.0]","[0.12925562922453968,2.2394227749293085,1.274205760286649]",2,CARNES Y FIAMBRERÍA
OTRA,CUGAT,FIAMBRERIA EMBUTIDOS Y QUESOS,1490.0,3.0,8.0,"[1490.0,3.0,8.0]","[0.21639425566804954,2.2394227749293085,1.274205760286649]",2,CARNES Y FIAMBRERÍA
OTRA,CUGAT,FIAMBRERIA EMBUTIDOS Y QUESOS,1190.0,3.0,8.0,"[1190.0,3.0,8.0]","[0.1728249424462946,2.2394227749293085,1.274205760286649]",2,CARNES Y FIAMBRERÍA
OTRA,CUGAT,FIAMBRERIA EMBUTIDOS Y QUESOS,1290.0,3.0,8.0,"[1290.0,3.0,8.0]","[0.18734804685354625,2.2394227749293085,1.274205760286649]",2,CARNES Y FIAMBRERÍA
OTRA,CUGAT,FIAMBRERIA EMBUTIDOS Y QUESOS,1190.0,3.0,8.0,"[1190.0,3.0,8.0]","[0.1728249424462946,2.2394227749293085,1.274205760286649]",2,CARNES Y FIAMBRERÍA
OTRA,CUGAT,FIAMBRERIA EMBUTIDOS Y QUESOS,1290.0,3.0,8.0,"[1290.0,3.0,8.0]","[0.18734804685354625,2.2394227749293085,1.274205760286649]",2,CARNES Y FIAMBRERÍA
OTRA,CUGAT,FIAMBRERIA EMBUTIDOS Y QUESOS,4490.0,3.0,8.0,"[4490.0,3.0,8.0]","[0.652087387885599,2.2394227749293085,1.274205760286649]",2,CARNES Y FIAMBRERÍA
MONTINA,CUGAT,FIAMBRERIA EMBUTIDOS Y QUESOS,1590.0,3.0,8.0,"[1590.0,3.0,8.0]","[0.2309173600753012,2.2394227749293085,1.274205760286649]",2,CARNES Y FIAMBRERÍA
WINTER,CUGAT,FIAMBRERIA EMBUTIDOS Y QUESOS,1749.0,3.0,8.0,"[1749.0,3.0,8.0]","[0.25400909608283134,2.2394227749293085,1.274205760286649]",2,CARNES Y FIAMBRERÍA
LA PREFERIDA,CUGAT,FIAMBRERIA EMBUTIDOS Y QUESOS,4690.0,3.0,8.0,"[4690.0,3.0,8.0]","[0.6811335967001023,2.2394227749293085,1.274205760286649]",2,CARNES Y FIAMBRERÍA
LA PREFERIDA,CUGAT,FIAMBRERIA EMBUTIDOS Y QUESOS,2490.0,3.0,8.0,"[2490.0,3.0,8.0]","[0.361625299740566,2.2394227749293085,1.274205760286649]",2,CARNES Y FIAMBRERÍA
SAN JORGE,CUGAT,FIAMBRERIA EMBUTIDOS Y QUESOS,3990.0,3.0,8.0,"[3990.0,3.0,8.0]","[0.5794718658493407,2.2394227749293085,1.274205760286649]",2,CARNES Y FIAMBRERÍA
SAN JORGE,CUGAT,FIAMBRERIA EMBUTIDOS Y QUESOS,3990.0,3.0,8.0,"[3990.0,3.0,8.0]","[0.5794718658493407,2.2394227749293085,1.274205760286649]",2,CARNES Y FIAMBRERÍA
LA PREFERIDA,CUGAT,FIAMBRERIA EMBUTIDOS Y QUESOS,2290.0,3.0,8.0,"[2290.0,3.0,8.0]","[0.33257909092606275,2.2394227749293085,1.274205760286649]",2,CARNES Y FIAMBRERÍA
SAN JORGE,CUGAT,FIAMBRERIA EMBUTIDOS Y QUESOS,890.0,3.0,8.0,"[890.0,3.0,8.0]","[0.12925562922453968,2.2394227749293085,1.274205760286649]",2,CARNES Y FIAMBRERÍA
SAN JORGE,CUGAT,FIAMBRERIA EMBUTIDOS Y QUESOS,890.0,3.0,8.0,"[890.0,3.0,8.0]","[0.12925562922453968,2.2394227749293085,1.274205760286649]",2,CARNES Y FIAMBRERÍA
SAN JORGE,CUGAT,FIAMBRERIA EMBUTIDOS Y QUESOS,2090.0,3.0,8.0,"[2090.0,3.0,8.0]","[0.30353288211155943,2.2394227749293085,1.274205760286649]",2,CARNES Y FIAMBRERÍA
SAN JORGE,CUGAT,FIAMBRERIA EMBUTIDOS Y QUESOS,1990.0,3.0,8.0,"[1990.0,3.0,8.0]","[0.2890097777043078,2.2394227749293085,1.274205760286649]",2,CARNES Y FIAMBRERÍA
SAN JORGE,CUGAT,FIAMBRERIA EMBUTIDOS Y QUESOS,1799.0,3.0,8.0,"[1799.0,3.0,8.0]","[0.26127064828645713,2.2394227749293085,1.274205760286649]",2,CARNES Y FIAMBRERÍA
SAN JORGE,CUGAT,FIAMBRERIA EMBUTIDOS Y QUESOS,1749.0,3.0,8.0,"[1749.0,3.0,8.0]","[0.25400909608283134,2.2394227749293085,1.274205760286649]",2,CARNES Y FIAMBRERÍA
LA PREFERIDA,CUGAT,FIAMBRERIA EMBUTIDOS Y QUESOS,1290.0,3.0,8.0,"[1290.0,3.0,8.0]","[0.18734804685354625,2.2394227749293085,1.274205760286649]",2,CARNES Y FIAMBRERÍA
LA PREFERIDA,CUGAT,FIAMBRERIA EMBUTIDOS Y QUESOS,1290.0,3.0,8.0,"[1290.0,3.0,8.0]","[0.18734804685354625,2.2394227749293085,1.274205760286649]",2,CARNES Y FIAMBRERÍA
LA PREFERIDA,CUGAT,FIAMBRERIA EMBUTIDOS Y QUESOS,1290.0,3.0,8.0,"[1290.0,3.0,8.0]","[0.18734804685354625,2.2394227749293085,1.274205760286649]",2,CARNES Y FIAMBRERÍA
LA PREFERIDA,CUGAT,FIAMBRERIA EMBUTIDOS Y QUESOS,4490.0,3.0,8.0,"[4490.0,3.0,8.0]","[0.652087387885599,2.2394227749293085,1.274205760286649]",2,CARNES Y FIAMBRERÍA
SAN JORGE,CUGAT,FIAMBRERIA EMBUTIDOS Y QUESOS,1299.0,3.0,8.0,"[1299.0,3.0,8.0]","[0.1886551262501989,2.2394227749293085,1.274205760286649]",2,CARNES Y FIAMBRERÍA
SAN JORGE,CUGAT,FIAMBRERIA EMBUTIDOS Y QUESOS,2390.0,3.0,8.0,"[2390.0,3.0,8.0]","[0.3471021953333144,2.2394227749293085,1.274205760286649]",2,CARNES Y FIAMBRERÍA
LA PREFERIDA,CUGAT,FIAMBRERIA EMBUTIDOS Y QUESOS,2590.0,3.0,8.0,"[2590.0,3.0,8.0]","[0.3761484041478177,2.2394227749293085,1.274205760286649]",2,CARNES Y FIAMBRERÍA
SAN JORGE,CUGAT,FIAMBRERIA EMBUTIDOS Y QUESOS,2399.0,3.0,8.0,"[2399.0,3.0,8.0]","[0.348409274729967,2.2394227749293085,1.274205760286649]",2,CARNES Y FIAMBRERÍA
PF,CUGAT,FIAMBRERIA EMBUTIDOS Y QUESOS,4690.0,3.0,8.0,"[4690.0,3.0,8.0]","[0.6811335967001023,2.2394227749293085,1.274205760286649]",2,CARNES Y FIAMBRERÍA
OTRA,CUGAT,FIAMBRERIA EMBUTIDOS Y QUESOS,4890.0,3.0,8.0,"[4890.0,3.0,8.0]","[0.7101798055146056,2.2394227749293085,1.274205760286649]",2,CARNES Y FIAMBRERÍA
OTRA,CUGAT,FIAMBRERIA EMBUTIDOS Y QUESOS,4990.0,3.0,8.0,"[4990.0,3.0,8.0]","[0.7247029099218573,2.2394227749293085,1.274205760286649]",2,CARNES Y FIAMBRERÍA
COLUN,CUGAT,FIAMBRERIA EMBUTIDOS Y QUESOS,5890.0,3.0,8.0,"[5890.0,3.0,8.0]","[0.855410849587122,2.2394227749293085,1.274205760286649]",2,CARNES Y FIAMBRERÍA
OTRA,CUGAT,FIAMBRERIA EMBUTIDOS Y QUESOS,5890.0,3.0,8.0,"[5890.0,3.0,8.0]","[0.855410849587122,2.2394227749293085,1.274205760286649]",2,CARNES Y FIAMBRERÍA
SAN JORGE,CUGAT,FIAMBRERIA EMBUTIDOS Y QUESOS,1799.0,3.0,8.0,"[1799.0,3.0,8.0]","[0.26127064828645713,2.2394227749293085,1.274205760286649]",2,CARNES Y FIAMBRERÍA
PF,CUGAT,FIAMBRERIA EMBUTIDOS Y QUESOS,3499.0,3.0,8.0,"[3499.0,3.0,8.0]","[0.5081634232097352,2.2394227749293085,1.274205760286649]",2,CARNES Y FIAMBRERÍA
PF,CUGAT,FIAMBRERIA EMBUTIDOS Y QUESOS,3499.0,3.0,8.0,"[3499.0,3.0,8.0]","[0.5081634232097352,2.2394227749293085,1.274205760286649]",2,CARNES Y FIAMBRERÍA
PF,CUGAT,FIAMBRERIA EMBUTIDOS Y QUESOS,2399.0,3.0,8.0,"[2399.0,3.0,8.0]","[0.348409274729967,2.2394227749293085,1.274205760286649]",2,CARNES Y FIAMBRERÍA
PF,CUGAT,FIAMBRERIA EMBUTIDOS Y QUESOS,2349.0,3.0,8.0,"[2349.0,3.0,8.0]","[0.3411477225263412,2.2394227749293085,1.274205760286649]",2,CARNES Y FIAMBRERÍA
PF,CUGAT,FIAMBRERIA EMBUTIDOS Y QUESOS,2699.0,3.0,8.0,"[2699.0,3.0,8.0]","[0.39197858795172197,2.2394227749293085,1.274205760286649]",2,CARNES Y FIAMBRERÍA
PF,CUGAT,FIAMBRERIA EMBUTIDOS Y QUESOS,2699.0,3.0,8.0,"[2699.0,3.0,8.0]","[0.39197858795172197,2.2394227749293085,1.274205760286649]",2,CARNES Y FIAMBRERÍA
OTRA,CUGAT,FIAMBRERIA EMBUTIDOS Y QUESOS,7596.0,3.0,8.0,"[7596.0,3.0,8.0]","[1.103175010774835,2.2394227749293085,1.274205760286649]",2,CARNES Y FIAMBRERÍA
PF,CUGAT,FIAMBRERIA EMBUTIDOS Y QUESOS,1999.0,3.0,8.0,"[1999.0,3.0,8.0]","[0.29031685710096045,2.2394227749293085,1.274205760286649]",2,CARNES Y FIAMBRERÍA
PF,CUGAT,FIAMBRERIA EMBUTIDOS Y QUESOS,3499.0,3.0,8.0,"[3499.0,3.0,8.0]","[0.5081634232097352,2.2394227749293085,1.274205760286649]",2,CARNES Y FIAMBRERÍA
SAN JORGE,CUGAT,FIAMBRERIA EMBUTIDOS Y QUESOS,4590.0,3.0,8.0,"[4590.0,3.0,8.0]","[0.6666104922928506,2.2394227749293085,1.274205760286649]",2,CARNES Y FIAMBRERÍA
SUPER CERDO,CUGAT,FIAMBRERIA EMBUTIDOS Y QUESOS,2099.0,3.0,8.0,"[2099.0,3.0,8.0]","[0.3048399615082121,2.2394227749293085,1.274205760286649]",2,CARNES Y FIAMBRERÍA
PF,CUGAT,FIAMBRERIA EMBUTIDOS Y QUESOS,3099.0,3.0,8.0,"[3099.0,3.0,8.0]","[0.45007100558072854,2.2394227749293085,1.274205760286649]",2,CARNES Y FIAMBRERÍA
COLUN,CUGAT,FIAMBRERIA EMBUTIDOS Y QUESOS,2390.0,3.0,8.0,"[2390.0,3.0,8.0]","[0.3471021953333144,2.2394227749293085,1.274205760286649]",2,CARNES Y FIAMBRERÍA
OTRA,CUGAT,FIAMBRERIA EMBUTIDOS Y QUESOS,2990.0,3.0,8.0,"[2990.0,3.0,8.0]","[0.43424082177682427,2.2394227749293085,1.274205760286649]",2,CARNES Y FIAMBRERÍA
OTRA,CUGAT,FIAMBRERIA EMBUTIDOS Y QUESOS,3690.0,3.0,8.0,"[3690.0,3.0,8.0]","[0.5359025526275858,2.2394227749293085,1.274205760286649]",2,CARNES Y FIAMBRERÍA
PF,CUGAT,FIAMBRERIA EMBUTIDOS Y QUESOS,2999.0,3.0,8.0,"[2999.0,3.0,8.0]","[0.4355479011734769,2.2394227749293085,1.274205760286649]",2,CARNES Y FIAMBRERÍA
PF,CUGAT,FIAMBRERIA EMBUTIDOS Y QUESOS,2499.0,3.0,8.0,"[2499.0,3.0,8.0]","[0.36293237913721865,2.2394227749293085,1.274205760286649]",2,CARNES Y FIAMBRERÍA
SAN JORGE,CUGAT,FIAMBRERIA EMBUTIDOS Y QUESOS,1390.0,3.0,8.0,"[1390.0,3.0,8.0]","[0.2018711512607979,2.2394227749293085,1.274205760286649]",2,CARNES Y FIAMBRERÍA
SAN JORGE,CUGAT,FIAMBRERIA EMBUTIDOS Y QUESOS,1490.0,3.0,8.0,"[1490.0,3.0,8.0]","[0.21639425566804954,2.2394227749293085,1.274205760286649]",2,CARNES Y FIAMBRERÍA
COLUN,CUGAT,FIAMBRERIA EMBUTIDOS Y QUESOS,1890.0,3.0,8.0,"[1890.0,3.0,8.0]","[0.2744866732970561,2.2394227749293085,1.274205760286649]",2,CARNES Y FIAMBRERÍA
CALO,CUGAT,FIAMBRERIA EMBUTIDOS Y QUESOS,5990.0,3.0,8.0,"[5990.0,3.0,8.0]","[0.8699339539943737,2.2394227749293085,1.274205760286649]",2,CARNES Y FIAMBRERÍA
MONTINA,CUGAT,FIAMBRERIA EMBUTIDOS Y QUESOS,4990.0,3.0,8.0,"[4990.0,3.0,8.0]","[0.7247029099218573,2.2394227749293085,1.274205760286649]",2,CARNES Y FIAMBRERÍA
PF,CUGAT,FIAMBRERIA EMBUTIDOS Y QUESOS,4990.0,3.0,8.0,"[4990.0,3.0,8.0]","[0.7247029099218573,2.2394227749293085,1.274205760286649]",2,CARNES Y FIAMBRERÍA
LA PREFERIDA,CUGAT,FIAMBRERIA EMBUTIDOS Y QUESOS,5990.0,3.0,8.0,"[5990.0,3.0,8.0]","[0.8699339539943737,2.2394227749293085,1.274205760286649]",2,CARNES Y FIAMBRERÍA
SAN JORGE,CUGAT,FIAMBRERIA EMBUTIDOS Y QUESOS,4290.0,3.0,8.0,"[4290.0,3.0,8.0]","[0.6230411790710957,2.2394227749293085,1.274205760286649]",2,CARNES Y FIAMBRERÍA
OTRA,CUGAT,FIAMBRERIA EMBUTIDOS Y QUESOS,2749.0,3.0,8.0,"[2749.0,3.0,8.0]","[0.3992401401553478,2.2394227749293085,1.274205760286649]",2,CARNES Y FIAMBRERÍA
OTRA,CUGAT,MANTEQUILLAS Y MARGARINAS,2990.0,3.0,37.0,"[2990.0,3.0,37.0]","[0.43424082177682427,2.2394227749293085,5.893201641325752]",1,LACTEOS Y FRESCOS
OTRA,CUGAT,LECHES LIQUIDAS Y CREMAS,1990.0,3.0,33.0,"[1990.0,3.0,33.0]","[0.2890097777043078,2.2394227749293085,5.256098761182427]",1,LACTEOS Y FRESCOS
OTRA,CUGAT,MANTEQUILLAS Y MARGARINAS,1690.0,3.0,37.0,"[1690.0,3.0,37.0]","[0.24544046448255286,2.2394227749293085,5.893201641325752]",1,LACTEOS Y FRESCOS
PF,CUGAT,YOGHURT Y POSTRES,640.0,3.0,35.0,"[640.0,3.0,35.0]","[0.09294786820641054,2.2394227749293085,5.574650201254089]",1,LACTEOS Y FRESCOS
PF,CUGAT,YOGHURT Y POSTRES,640.0,3.0,35.0,"[640.0,3.0,35.0]","[0.09294786820641054,2.2394227749293085,5.574650201254089]",1,LACTEOS Y FRESCOS
PF,CUGAT,YOGHURT Y POSTRES,640.0,3.0,35.0,"[640.0,3.0,35.0]","[0.09294786820641054,2.2394227749293085,5.574650201254089]",1,LACTEOS Y FRESCOS
PF,CUGAT,YOGHURT Y POSTRES,640.0,3.0,35.0,"[640.0,3.0,35.0]","[0.09294786820641054,2.2394227749293085,5.574650201254089]",1,LACTEOS Y FRESCOS
PF,CUGAT,YOGHURT Y POSTRES,640.0,3.0,35.0,"[640.0,3.0,35.0]","[0.09294786820641054,2.2394227749293085,5.574650201254089]",1,LACTEOS Y FRESCOS
OTRA,CUGAT,LECHE EN POLVO,17990.0,3.0,42.0,"[17990.0,3.0,42.0]","[2.612706482864571,2.2394227749293085,6.689580241504907]",1,LACTEOS Y FRESCOS
OTRA,CUGAT,LECHES LIQUIDAS Y CREMAS,3990.0,3.0,33.0,"[3990.0,3.0,33.0]","[0.5794718658493407,2.2394227749293085,5.256098761182427]",1,LACTEOS Y FRESCOS
OTRA,CUGAT,LECHES LIQUIDAS Y CREMAS,3990.0,3.0,33.0,"[3990.0,3.0,33.0]","[0.5794718658493407,2.2394227749293085,5.256098761182427]",1,LACTEOS Y FRESCOS
COLUN,CUGAT,LECHES LIQUIDAS Y CREMAS,1590.0,3.0,33.0,"[1590.0,3.0,33.0]","[0.2309173600753012,2.2394227749293085,5.256098761182427]",1,LACTEOS Y FRESCOS
COLUN,CUGAT,LECHES LIQUIDAS Y CREMAS,1590.0,3.0,33.0,"[1590.0,3.0,33.0]","[0.2309173600753012,2.2394227749293085,5.256098761182427]",1,LACTEOS Y FRESCOS
LONCOLECHE,CUGAT,LACTEOS,1890.0,3.0,4.0,"[1890.0,3.0,4.0]","[0.2744866732970561,2.2394227749293085,0.6371028801433245]",2,LACTEOS Y FRESCOS
CALO,CUGAT,LACTEOS,8490.0,3.0,4.0,"[8490.0,3.0,4.0]","[1.233011564175665,2.2394227749293085,0.6371028801433245]",2,LACTEOS Y FRESCOS
CALO,CUGAT,LACTEOS,8490.0,3.0,4.0,"[8490.0,3.0,4.0]","[1.233011564175665,2.2394227749293085,0.6371028801433245]",2,LACTEOS Y FRESCOS
LONCOLECHE,CUGAT,LACTEOS,1890.0,3.0,4.0,"[1890.0,3.0,4.0]","[0.2744866732970561,2.2394227749293085,0.6371028801433245]",2,LACTEOS Y FRESCOS
LONCOLECHE,CUGAT,BEBIDAS LACTEAS Y VEGETALES,1890.0,3.0,39.0,"[1890.0,3.0,39.0]","[0.2744866732970561,2.2394227749293085,6.211753081397414]",1,BEBIDAS Y AGUAS
LONCOLECHE,CUGAT,LACTEOS,1890.0,3.0,4.0,"[1890.0,3.0,4.0]","[0.2744866732970561,2.2394227749293085,0.6371028801433245]",2,LACTEOS Y FRESCOS
OTRA,CUGAT,LACTEOS,2190.0,3.0,4.0,"[2190.0,3.0,4.0]","[0.31805598651881106,2.2394227749293085,0.6371028801433245]",2,LACTEOS Y FRESCOS
OTRA,CUGAT,LACTEOS,6990.0,3.0,4.0,"[6990.0,3.0,4.0]","[1.0151649980668902,2.2394227749293085,0.6371028801433245]",2,LACTEOS Y FRESCOS
OTRA,CUGAT,LACTEOS,1290.0,3.0,4.0,"[1290.0,3.0,4.0]","[0.18734804685354625,2.2394227749293085,0.6371028801433245]",2,LACTEOS Y FRESCOS
COLUN,CUGAT,LACTEOS,1790.0,3.0,4.0,"[1790.0,3.0,4.0]","[0.2599635688898045,2.2394227749293085,0.6371028801433245]",2,LACTEOS Y FRESCOS
SOPROLE,CUGAT,LACTEOS,790.0,3.0,4.0,"[790.0,3.0,4.0]","[0.11473252481728802,2.2394227749293085,0.6371028801433245]",2,LACTEOS Y FRESCOS
SOPROLE,CUGAT,LACTEOS,790.0,3.0,4.0,"[790.0,3.0,4.0]","[0.11473252481728802,2.2394227749293085,0.6371028801433245]",2,LACTEOS Y FRESCOS
COLUN,CUGAT,LACTEOS,4490.0,3.0,4.0,"[4490.0,3.0,4.0]","[0.652087387885599,2.2394227749293085,0.6371028801433245]",2,LACTEOS Y FRESCOS
LONCOLECHE,CUGAT,LACTEOS,3590.0,3.0,4.0,"[3590.0,3.0,4.0]","[0.5213794482203341,2.2394227749293085,0.6371028801433245]",2,LACTEOS Y FRESCOS
LONCOLECHE,CUGAT,LACTEOS,3590.0,3.0,4.0,"[3590.0,3.0,4.0]","[0.5213794482203341,2.2394227749293085,0.6371028801433245]",2,LACTEOS Y FRESCOS
LONCOLECHE,CUGAT,LACTEOS,3590.0,3.0,4.0,"[3590.0,3.0,4.0]","[0.5213794482203341,2.2394227749293085,0.6371028801433245]",2,LACTEOS Y FRESCOS
LONCOLECHE,CUGAT,LACTEOS,3590.0,3.0,4.0,"[3590.0,3.0,4.0]","[0.5213794482203341,2.2394227749293085,0.6371028801433245]",2,LACTEOS Y FRESCOS
LONCOLECHE,CUGAT,LACTEOS,3590.0,3.0,4.0,"[3590.0,3.0,4.0]","[0.5213794482203341,2.2394227749293085,0.6371028801433245]",2,LACTEOS Y FRESCOS
PAP,CUGAT,LACTEOS,690.0,3.0,4.0,"[690.0,3.0,4.0]","[0.10020942041003637,2.2394227749293085,0.6371028801433245]",2,LACTEOS Y FRESCOS
OTRA,CUGAT,LACTEOS,798.0,3.0,4.0,"[798.0,3.0,4.0]","[0.11589437316986814,2.2394227749293085,0.6371028801433245]",2,LACTEOS Y FRESCOS
COLUN,CUGAT,LACTEOS,2690.0,3.0,4.0,"[2690.0,3.0,4.0]","[0.3906715085550693,2.2394227749293085,0.6371028801433245]",2,LACTEOS Y FRESCOS
SOPROLE,CUGAT,LACTEOS,849.0,3.0,4.0,"[849.0,3.0,4.0]","[0.12330115641756649,2.2394227749293085,0.6371028801433245]",2,LACTEOS Y FRESCOS
SOPROLE,CUGAT,LACTEOS,849.0,3.0,4.0,"[849.0,3.0,4.0]","[0.12330115641756649,2.2394227749293085,0.6371028801433245]",2,LACTEOS Y FRESCOS
LIVEAN,CUGAT,LACTEOS,2690.0,3.0,4.0,"[2690.0,3.0,4.0]","[0.3906715085550693,2.2394227749293085,0.6371028801433245]",2,LACTEOS Y FRESCOS
OTRA,CUGAT,LACTEOS,690.0,3.0,4.0,"[690.0,3.0,4.0]","[0.10020942041003637,2.2394227749293085,0.6371028801433245]",2,LACTEOS Y FRESCOS
OTRA,CUGAT,LACTEOS,690.0,3.0,4.0,"[690.0,3.0,4.0]","[0.10020942041003637,2.2394227749293085,0.6371028801433245]",2,LACTEOS Y FRESCOS
OTRA,CUGAT,LACTEOS,690.0,3.0,4.0,"[690.0,3.0,4.0]","[0.10020942041003637,2.2394227749293085,0.6371028801433245]",2,LACTEOS Y FRESCOS
OTRA,CUGAT,LACTEOS,690.0,3.0,4.0,"[690.0,3.0,4.0]","[0.10020942041003637,2.2394227749293085,0.6371028801433245]",2,LACTEOS Y FRESCOS
OTRA,CUGAT,LACTEOS,690.0,3.0,4.0,"[690.0,3.0,4.0]","[0.10020942041003637,2.2394227749293085,0.6371028801433245]",2,LACTEOS Y FRESCOS
OTRA,CUGAT,LACTEOS,690.0,3.0,4.0,"[690.0,3.0,4.0]","[0.10020942041003637,2.2394227749293085,0.6371028801433245]",2,LACTEOS Y FRESCOS
LIVEAN,CUGAT,LACTEOS,459.0,3.0,4.0,"[459.0,3.0,4.0]","[0.06666104922928506,2.2394227749293085,0.6371028801433245]",2,LACTEOS Y FRESCOS
LIVEAN,CUGAT,LACTEOS,459.0,3.0,4.0,"[459.0,3.0,4.0]","[0.06666104922928506,2.2394227749293085,0.6371028801433245]",2,LACTEOS Y FRESCOS
LIVEAN,CUGAT,LACTEOS,459.0,3.0,4.0,"[459.0,3.0,4.0]","[0.06666104922928506,2.2394227749293085,0.6371028801433245]",2,LACTEOS Y FRESCOS
CALO,CUGAT,LACTEOS,5390.0,3.0,4.0,"[5390.0,3.0,4.0]","[0.7827953275508638,2.2394227749293085,0.6371028801433245]",2,LACTEOS Y FRESCOS
LIVEAN,CUGAT,LACTEOS,459.0,3.0,4.0,"[459.0,3.0,4.0]","[0.06666104922928506,2.2394227749293085,0.6371028801433245]",2,LACTEOS Y FRESCOS
LONCOLECHE,CUGAT,LACTEOS,629.0,3.0,4.0,"[629.0,3.0,4.0]","[0.09135032672161286,2.2394227749293085,0.6371028801433245]",2,LACTEOS Y FRESCOS
LONCOLECHE,CUGAT,LACTEOS,629.0,3.0,4.0,"[629.0,3.0,4.0]","[0.09135032672161286,2.2394227749293085,0.6371028801433245]",2,LACTEOS Y FRESCOS
LONCOLECHE,CUGAT,LACTEOS,629.0,3.0,4.0,"[629.0,3.0,4.0]","[0.09135032672161286,2.2394227749293085,0.6371028801433245]",2,LACTEOS Y FRESCOS
OTRA,CUGAT,LACTEOS,629.0,3.0,4.0,"[629.0,3.0,4.0]","[0.09135032672161286,2.2394227749293085,0.6371028801433245]",2,LACTEOS Y FRESCOS
OTRA,CUGAT,LACTEOS,629.0,3.0,4.0,"[629.0,3.0,4.0]","[0.09135032672161286,2.2394227749293085,0.6371028801433245]",2,LACTEOS Y FRESCOS
OTRA,CUGAT,LACTEOS,629.0,3.0,4.0,"[629.0,3.0,4.0]","[0.09135032672161286,2.2394227749293085,0.6371028801433245]",2,LACTEOS Y FRESCOS
LONCOLECHE,CUGAT,LACTEOS,629.0,3.0,4.0,"[629.0,3.0,4.0]","[0.09135032672161286,2.2394227749293085,0.6371028801433245]",2,LACTEOS Y FRESCOS
CALO,CUGAT,LACTEOS,2590.0,3.0,4.0,"[2590.0,3.0,4.0]","[0.3761484041478177,2.2394227749293085,0.6371028801433245]",2,LACTEOS Y FRESCOS
CALO,CUGAT,LACTEOS,2590.0,3.0,4.0,"[2590.0,3.0,4.0]","[0.3761484041478177,2.2394227749293085,0.6371028801433245]",2,LACTEOS Y FRESCOS
OTRA,CUGAT,LACTEOS,3990.0,3.0,4.0,"[3990.0,3.0,4.0]","[0.5794718658493407,2.2394227749293085,0.6371028801433245]",2,LACTEOS Y FRESCOS
OTRA,CUGAT,LACTEOS,1490.0,3.0,4.0,"[1490.0,3.0,4.0]","[0.21639425566804954,2.2394227749293085,0.6371028801433245]",2,LACTEOS Y FRESCOS
OTRA,CUGAT,LACTEOS,990.0,3.0,4.0,"[990.0,3.0,4.0]","[0.1437787336317913,2.2394227749293085,0.6371028801433245]",2,LACTEOS Y FRESCOS
OTRA,CUGAT,LACTEOS,990.0,3.0,4.0,"[990.0,3.0,4.0]","[0.1437787336317913,2.2394227749293085,0.6371028801433245]",2,LACTEOS Y FRESCOS
OTRA,CUGAT,LACTEOS,990.0,3.0,4.0,"[990.0,3.0,4.0]","[0.1437787336317913,2.2394227749293085,0.6371028801433245]",2,LACTEOS Y FRESCOS
OTRA,CUGAT,LACTEOS,2790.0,3.0,4.0,"[2790.0,3.0,4.0]","[0.40519461296232095,2.2394227749293085,0.6371028801433245]",2,LACTEOS Y FRESCOS
OTRA,CUGAT,LACTEOS,1890.0,3.0,4.0,"[1890.0,3.0,4.0]","[0.2744866732970561,2.2394227749293085,0.6371028801433245]",2,LACTEOS Y FRESCOS
OTRA,CUGAT,LACTEOS,1890.0,3.0,4.0,"[1890.0,3.0,4.0]","[0.2744866732970561,2.2394227749293085,0.6371028801433245]",2,LACTEOS Y FRESCOS
OTRA,CUGAT,LACTEOS,1890.0,3.0,4.0,"[1890.0,3.0,4.0]","[0.2744866732970561,2.2394227749293085,0.6371028801433245]",2,LACTEOS Y FRESCOS
OTRA,CUGAT,LACTEOS,1890.0,3.0,4.0,"[1890.0,3.0,4.0]","[0.2744866732970561,2.2394227749293085,0.6371028801433245]",2,LACTEOS Y FRESCOS
OTRA,CUGAT,LACTEOS,1890.0,3.0,4.0,"[1890.0,3.0,4.0]","[0.2744866732970561,2.2394227749293085,0.6371028801433245]",2,LACTEOS Y FRESCOS
OTRA,CUGAT,LACTEOS,1890.0,3.0,4.0,"[1890.0,3.0,4.0]","[0.2744866732970561,2.2394227749293085,0.6371028801433245]",2,LACTEOS Y FRESCOS
OTRA,CUGAT,LACTEOS,1890.0,3.0,4.0,"[1890.0,3.0,4.0]","[0.2744866732970561,2.2394227749293085,0.6371028801433245]",2,LACTEOS Y FRESCOS
SOPROLE,CUGAT,LACTEOS,299.0,3.0,4.0,"[299.0,3.0,4.0]","[0.04342408217768243,2.2394227749293085,0.6371028801433245]",2,LACTEOS Y FRESCOS
NATURA,CUGAT,LACTEOS,849.0,3.0,4.0,"[849.0,3.0,4.0]","[0.12330115641756649,2.2394227749293085,0.6371028801433245]",2,LACTEOS Y FRESCOS
SOPROLE,CUGAT,LACTEOS,4990.0,3.0,4.0,"[4990.0,3.0,4.0]","[0.7247029099218573,2.2394227749293085,0.6371028801433245]",2,LACTEOS Y FRESCOS
SOPROLE,CUGAT,LACTEOS,3990.0,3.0,4.0,"[3990.0,3.0,4.0]","[0.5794718658493407,2.2394227749293085,0.6371028801433245]",2,LACTEOS Y FRESCOS
OTRA,CUGAT,LACTEOS,2790.0,3.0,4.0,"[2790.0,3.0,4.0]","[0.40519461296232095,2.2394227749293085,0.6371028801433245]",2,LACTEOS Y FRESCOS
SOPROLE,CUGAT,LACTEOS,3290.0,3.0,4.0,"[3290.0,3.0,4.0]","[0.4778101349985792,2.2394227749293085,0.6371028801433245]",2,LACTEOS Y FRESCOS
SOPROLE,CUGAT,LACTEOS,790.0,3.0,4.0,"[790.0,3.0,4.0]","[0.11473252481728802,2.2394227749293085,0.6371028801433245]",2,LACTEOS Y FRESCOS
LONCOLECHE,CUGAT,LACTEOS,1590.0,3.0,4.0,"[1590.0,3.0,4.0]","[0.2309173600753012,2.2394227749293085,0.6371028801433245]",2,LACTEOS Y FRESCOS
COLUN,CUGAT,LACTEOS,1190.0,3.0,4.0,"[1190.0,3.0,4.0]","[0.1728249424462946,2.2394227749293085,0.6371028801433245]",2,LACTEOS Y FRESCOS
SOPROLE,CUGAT,LACTEOS,1090.0,3.0,4.0,"[1090.0,3.0,4.0]","[0.15830183803904296,2.2394227749293085,0.6371028801433245]",2,LACTEOS Y FRESCOS
SURLAT,CUGAT,LACTEOS,1290.0,3.0,4.0,"[1290.0,3.0,4.0]","[0.18734804685354625,2.2394227749293085,0.6371028801433245]",2,LACTEOS Y FRESCOS
SOPROLE,CUGAT,LACTEOS,1090.0,3.0,4.0,"[1090.0,3.0,4.0]","[0.15830183803904296,2.2394227749293085,0.6371028801433245]",2,LACTEOS Y FRESCOS
COLUN,CUGAT,LACTEOS,9990.0,3.0,4.0,"[9990.0,3.0,4.0]","[1.4508581302844397,2.2394227749293085,0.6371028801433245]",2,LACTEOS Y FRESCOS
CALO,CUGAT,LACTEOS,6990.0,3.0,4.0,"[6990.0,3.0,4.0]","[1.0151649980668902,2.2394227749293085,0.6371028801433245]",2,LACTEOS Y FRESCOS
COLUN,CUGAT,LACTEOS,1190.0,3.0,4.0,"[1190.0,3.0,4.0]","[0.1728249424462946,2.2394227749293085,0.6371028801433245]",2,LACTEOS Y FRESCOS
SOPROLE,CUGAT,LACTEOS,749.0,3.0,4.0,"[749.0,3.0,4.0]","[0.10877805201031485,2.2394227749293085,0.6371028801433245]",2,LACTEOS Y FRESCOS
SOPROLE,CUGAT,LACTEOS,4990.0,3.0,4.0,"[4990.0,3.0,4.0]","[0.7247029099218573,2.2394227749293085,0.6371028801433245]",2,LACTEOS Y FRESCOS
SOPROLE,CUGAT,LACTEOS,1390.0,3.0,4.0,"[1390.0,3.0,4.0]","[0.2018711512607979,2.2394227749293085,0.6371028801433245]",2,LACTEOS Y FRESCOS
OTRA,CUGAT,LACTEOS,1590.0,3.0,4.0,"[1590.0,3.0,4.0]","[0.2309173600753012,2.2394227749293085,0.6371028801433245]",2,LACTEOS Y FRESCOS
COLUN,CUGAT,LACTEOS,5290.0,3.0,4.0,"[5290.0,3.0,4.0]","[0.7682722231436122,2.2394227749293085,0.6371028801433245]",2,LACTEOS Y FRESCOS
COLUN,CUGAT,LACTEOS,1990.0,3.0,4.0,"[1990.0,3.0,4.0]","[0.2890097777043078,2.2394227749293085,0.6371028801433245]",2,LACTEOS Y FRESCOS
SOPROLE,CUGAT,LACTEOS,299.0,3.0,4.0,"[299.0,3.0,4.0]","[0.04342408217768243,2.2394227749293085,0.6371028801433245]",2,LACTEOS Y FRESCOS
SOPROLE,CUGAT,LACTEOS,299.0,3.0,4.0,"[299.0,3.0,4.0]","[0.04342408217768243,2.2394227749293085,0.6371028801433245]",2,LACTEOS Y FRESCOS
SOPROLE,CUGAT,LACTEOS,299.0,3.0,4.0,"[299.0,3.0,4.0]","[0.04342408217768243,2.2394227749293085,0.6371028801433245]",2,LACTEOS Y FRESCOS
SOPROLE,CUGAT,LACTEOS,890.0,3.0,4.0,"[890.0,3.0,4.0]","[0.12925562922453968,2.2394227749293085,0.6371028801433245]",2,LACTEOS Y FRESCOS
COLUN,CUGAT,LACTEOS,319.0,3.0,4.0,"[319.0,3.0,4.0]","[0.04632870305913275,2.2394227749293085,0.6371028801433245]",2,LACTEOS Y FRESCOS
COLUN,CUGAT,LACTEOS,319.0,3.0,4.0,"[319.0,3.0,4.0]","[0.04632870305913275,2.2394227749293085,0.6371028801433245]",2,LACTEOS Y FRESCOS
COLUN,CUGAT,LACTEOS,319.0,3.0,4.0,"[319.0,3.0,4.0]","[0.04632870305913275,2.2394227749293085,0.6371028801433245]",2,LACTEOS Y FRESCOS
SOPROLE,CUGAT,LACTEOS,299.0,3.0,4.0,"[299.0,3.0,4.0]","[0.04342408217768243,2.2394227749293085,0.6371028801433245]",2,LACTEOS Y FRESCOS
OTRA,CUGAT,LACTEOS,3990.0,3.0,4.0,"[3990.0,3.0,4.0]","[0.5794718658493407,2.2394227749293085,0.6371028801433245]",2,LACTEOS Y FRESCOS
COLUN,CUGAT,LACTEOS,3990.0,3.0,4.0,"[3990.0,3.0,4.0]","[0.5794718658493407,2.2394227749293085,0.6371028801433245]",2,LACTEOS Y FRESCOS
OTRA,CUGAT,LACTEOS,869.0,3.0,4.0,"[869.0,3.0,4.0]","[0.12620577729901683,2.2394227749293085,0.6371028801433245]",2,LACTEOS Y FRESCOS
SOPROLE,CUGAT,LACTEOS,3990.0,3.0,4.0,"[3990.0,3.0,4.0]","[0.5794718658493407,2.2394227749293085,0.6371028801433245]",2,LACTEOS Y FRESCOS
OTRA,CUGAT,LACTEOS,3990.0,3.0,4.0,"[3990.0,3.0,4.0]","[0.5794718658493407,2.2394227749293085,0.6371028801433245]",2,LACTEOS Y FRESCOS
OTRA,CUGAT,LACTEOS,6490.0,3.0,4.0,"[6490.0,3.0,4.0]","[0.9425494760306319,2.2394227749293085,0.6371028801433245]",2,LACTEOS Y FRESCOS
OTRA,CUGAT,LACTEOS,3390.0,3.0,4.0,"[3390.0,3.0,4.0]","[0.49233323940583085,2.2394227749293085,0.6371028801433245]",2,LACTEOS Y FRESCOS
SOPROLE,CUGAT,LACTEOS,2990.0,3.0,4.0,"[2990.0,3.0,4.0]","[0.43424082177682427,2.2394227749293085,0.6371028801433245]",2,LACTEOS Y FRESCOS
SOPROLE,CUGAT,LACTEOS,3290.0,3.0,4.0,"[3290.0,3.0,4.0]","[0.4778101349985792,2.2394227749293085,0.6371028801433245]",2,LACTEOS Y FRESCOS
SOPROLE,CUGAT,LACTEOS,1590.0,3.0,4.0,"[1590.0,3.0,4.0]","[0.2309173600753012,2.2394227749293085,0.6371028801433245]",2,LACTEOS Y FRESCOS
COLUN,CUGAT,LACTEOS,3590.0,3.0,4.0,"[3590.0,3.0,4.0]","[0.5213794482203341,2.2394227749293085,0.6371028801433245]",2,LACTEOS Y FRESCOS
QUILLAYES,CUGAT,LACTEOS,3490.0,3.0,4.0,"[3490.0,3.0,4.0]","[0.5068563438130825,2.2394227749293085,0.6371028801433245]",2,LACTEOS Y FRESCOS
CALO,CUGAT,LACTEOS,2990.0,3.0,4.0,"[2990.0,3.0,4.0]","[0.43424082177682427,2.2394227749293085,0.6371028801433245]",2,LACTEOS Y FRESCOS
OTRA,CUGAT,LACTEOS,2690.0,3.0,4.0,"[2690.0,3.0,4.0]","[0.3906715085550693,2.2394227749293085,0.6371028801433245]",2,LACTEOS Y FRESCOS
COLUN,CUGAT,LACTEOS,3290.0,3.0,4.0,"[3290.0,3.0,4.0]","[0.4778101349985792,2.2394227749293085,0.6371028801433245]",2,LACTEOS Y FRESCOS
SOPROLE,CUGAT,LACTEOS,2090.0,3.0,4.0,"[2090.0,3.0,4.0]","[0.30353288211155943,2.2394227749293085,0.6371028801433245]",2,LACTEOS Y FRESCOS
NATURA,CUGAT,LACTEOS,1190.0,3.0,4.0,"[1190.0,3.0,4.0]","[0.1728249424462946,2.2394227749293085,0.6371028801433245]",2,LACTEOS Y FRESCOS
COLUN,CUGAT,LACTEOS,14990.0,3.0,4.0,"[14990.0,3.0,4.0]","[2.177013350647022,2.2394227749293085,0.6371028801433245]",2,LACTEOS Y FRESCOS
COLUN,CUGAT,LACTEOS,8990.0,3.0,4.0,"[8990.0,3.0,4.0]","[1.305627086211923,2.2394227749293085,0.6371028801433245]",2,LACTEOS Y FRESCOS
SOPROLE,CUGAT,LACTEOS,2690.0,3.0,4.0,"[2690.0,3.0,4.0]","[0.3906715085550693,2.2394227749293085,0.6371028801433245]",2,LACTEOS Y FRESCOS
SOPROLE,CUGAT,LACTEOS,2790.0,3.0,4.0,"[2790.0,3.0,4.0]","[0.40519461296232095,2.2394227749293085,0.6371028801433245]",2,LACTEOS Y FRESCOS
SOPROLE,CUGAT,LACTEOS,2790.0,3.0,4.0,"[2790.0,3.0,4.0]","[0.40519461296232095,2.2394227749293085,0.6371028801433245]",2,LACTEOS Y FRESCOS
SOPROLE,CUGAT,LACTEOS,2690.0,3.0,4.0,"[2690.0,3.0,4.0]","[0.3906715085550693,2.2394227749293085,0.6371028801433245]",2,LACTEOS Y FRESCOS
OTRA,CUGAT,LACTEOS,3590.0,3.0,4.0,"[3590.0,3.0,4.0]","[0.5213794482203341,2.2394227749293085,0.6371028801433245]",2,LACTEOS Y FRESCOS
SOPROLE,CUGAT,LACTEOS,1490.0,3.0,4.0,"[1490.0,3.0,4.0]","[0.21639425566804954,2.2394227749293085,0.6371028801433245]",2,LACTEOS Y FRESCOS
SOPROLE,CUGAT,LACTEOS,349.0,3.0,4.0,"[349.0,3.0,4.0]","[0.05068563438130825,2.2394227749293085,0.6371028801433245]",2,LACTEOS Y FRESCOS
OTRA,CUGAT,LACTEOS,479.0,3.0,4.0,"[479.0,3.0,4.0]","[0.06956567011073539,2.2394227749293085,0.6371028801433245]",2,LACTEOS Y FRESCOS
SOPROLE,CUGAT,LACTEOS,349.0,3.0,4.0,"[349.0,3.0,4.0]","[0.05068563438130825,2.2394227749293085,0.6371028801433245]",2,LACTEOS Y FRESCOS
OTRA,CUGAT,LACTEOS,479.0,3.0,4.0,"[479.0,3.0,4.0]","[0.06956567011073539,2.2394227749293085,0.6371028801433245]",2,LACTEOS Y FRESCOS
OTRA,CUGAT,LACTEOS,479.0,3.0,4.0,"[479.0,3.0,4.0]","[0.06956567011073539,2.2394227749293085,0.6371028801433245]",2,LACTEOS Y FRESCOS
OTRA,CUGAT,LACTEOS,479.0,3.0,4.0,"[479.0,3.0,4.0]","[0.06956567011073539,2.2394227749293085,0.6371028801433245]",2,LACTEOS Y FRESCOS
OTRA,CUGAT,LACTEOS,489.0,3.0,4.0,"[489.0,3.0,4.0]","[0.07101798055146055,2.2394227749293085,0.6371028801433245]",2,LACTEOS Y FRESCOS
OTRA,CUGAT,LACTEOS,489.0,3.0,4.0,"[489.0,3.0,4.0]","[0.07101798055146055,2.2394227749293085,0.6371028801433245]",2,LACTEOS Y FRESCOS
OTRA,CUGAT,LACTEOS,489.0,3.0,4.0,"[489.0,3.0,4.0]","[0.07101798055146055,2.2394227749293085,0.6371028801433245]",2,LACTEOS Y FRESCOS
OTRA,CUGAT,LACTEOS,1490.0,3.0,4.0,"[1490.0,3.0,4.0]","[0.21639425566804954,2.2394227749293085,0.6371028801433245]",2,LACTEOS Y FRESCOS
COLUN,CUGAT,LACTEOS,1290.0,3.0,4.0,"[1290.0,3.0,4.0]","[0.18734804685354625,2.2394227749293085,0.6371028801433245]",2,LACTEOS Y FRESCOS
SOPROLE,CUGAT,LACTEOS,4290.0,3.0,4.0,"[4290.0,3.0,4.0]","[0.6230411790710957,2.2394227749293085,0.6371028801433245]",2,LACTEOS Y FRESCOS
OTRA,CUGAT,LACTEOS,5790.0,3.0,4.0,"[5790.0,3.0,4.0]","[0.8408877451798704,2.2394227749293085,0.6371028801433245]",2,LACTEOS Y FRESCOS
NATURA,CUGAT,LACTEOS,598.0,3.0,4.0,"[598.0,3.0,4.0]","[0.08684816435536485,2.2394227749293085,0.6371028801433245]",2,LACTEOS Y FRESCOS
CASA OLIVA,CUGAT,AGUA SIN GAS,1390.0,3.0,30.0,"[1390.0,3.0,30.0]","[0.2018711512607979,2.2394227749293085,4.778271601074934]",1,BEBIDAS Y AGUAS
OTRA,CUGAT,BEBIDAS JUGOS Y AGUAS,2290.0,3.0,6.0,"[2290.0,3.0,6.0]","[0.33257909092606275,2.2394227749293085,0.9556543202149868]",2,BEBIDAS Y AGUAS
OTRA,CUGAT,BEBIDAS JUGOS Y AGUAS,2290.0,3.0,6.0,"[2290.0,3.0,6.0]","[0.33257909092606275,2.2394227749293085,0.9556543202149868]",2,BEBIDAS Y AGUAS
PAP,CUGAT,BEBIDAS JUGOS Y AGUAS,4290.0,3.0,6.0,"[4290.0,3.0,6.0]","[0.6230411790710957,2.2394227749293085,0.9556543202149868]",2,BEBIDAS Y AGUAS
PEPSI,CUGAT,BEBIDAS JUGOS Y AGUAS,4290.0,3.0,6.0,"[4290.0,3.0,6.0]","[0.6230411790710957,2.2394227749293085,0.9556543202149868]",2,BEBIDAS Y AGUAS
PEPSI,CUGAT,BEBIDAS JUGOS Y AGUAS,4290.0,3.0,6.0,"[4290.0,3.0,6.0]","[0.6230411790710957,2.2394227749293085,0.9556543202149868]",2,BEBIDAS Y AGUAS
CRUSH,CUGAT,BEBIDAS,4290.0,3.0,14.0,"[4290.0,3.0,14.0]","[0.6230411790710957,2.2394227749293085,2.229860080501636]",2,BEBIDAS Y AGUAS
CANADA DRY,CUGAT,BEBIDAS JUGOS Y AGUAS,4290.0,3.0,6.0,"[4290.0,3.0,6.0]","[0.6230411790710957,2.2394227749293085,0.9556543202149868]",2,BEBIDAS Y AGUAS
KEM,CUGAT,BEBIDAS,4290.0,3.0,14.0,"[4290.0,3.0,14.0]","[0.6230411790710957,2.2394227749293085,2.229860080501636]",2,BEBIDAS Y AGUAS
KEM,CUGAT,BEBIDAS,4290.0,3.0,14.0,"[4290.0,3.0,14.0]","[0.6230411790710957,2.2394227749293085,2.229860080501636]",2,BEBIDAS Y AGUAS
CANADA DRY,CUGAT,BEBIDAS JUGOS Y AGUAS,4290.0,3.0,6.0,"[4290.0,3.0,6.0]","[0.6230411790710957,2.2394227749293085,0.9556543202149868]",2,BEBIDAS Y AGUAS
CANADA DRY,CUGAT,BEBIDAS JUGOS Y AGUAS,4290.0,3.0,6.0,"[4290.0,3.0,6.0]","[0.6230411790710957,2.2394227749293085,0.9556543202149868]",2,BEBIDAS Y AGUAS
BILZ,CUGAT,BEBIDAS JUGOS Y AGUAS,4290.0,3.0,6.0,"[4290.0,3.0,6.0]","[0.6230411790710957,2.2394227749293085,0.9556543202149868]",2,BEBIDAS Y AGUAS
SPRITE,CUGAT,BEBIDAS JUGOS Y AGUAS,2690.0,3.0,6.0,"[2690.0,3.0,6.0]","[0.3906715085550693,2.2394227749293085,0.9556543202149868]",2,BEBIDAS Y AGUAS
OTRA,CUGAT,BEBIDAS JUGOS Y AGUAS,2690.0,3.0,6.0,"[2690.0,3.0,6.0]","[0.3906715085550693,2.2394227749293085,0.9556543202149868]",2,BEBIDAS Y AGUAS
FANTA,CUGAT,BEBIDAS JUGOS Y AGUAS,2690.0,3.0,6.0,"[2690.0,3.0,6.0]","[0.3906715085550693,2.2394227749293085,0.9556543202149868]",2,BEBIDAS Y AGUAS
COCA COLA,CUGAT,BEBIDAS JUGOS Y AGUAS,2690.0,3.0,6.0,"[2690.0,3.0,6.0]","[0.3906715085550693,2.2394227749293085,0.9556543202149868]",2,BEBIDAS Y AGUAS
COCA COLA,CUGAT,BEBIDAS JUGOS Y AGUAS,2690.0,3.0,6.0,"[2690.0,3.0,6.0]","[0.3906715085550693,2.2394227749293085,0.9556543202149868]",2,BEBIDAS Y AGUAS
ANDINA,CUGAT,BEBIDAS JUGOS Y AGUAS,1590.0,3.0,6.0,"[1590.0,3.0,6.0]","[0.2309173600753012,2.2394227749293085,0.9556543202149868]",2,BEBIDAS Y AGUAS
ANDINA,CUGAT,BEBIDAS JUGOS Y AGUAS,1590.0,3.0,6.0,"[1590.0,3.0,6.0]","[0.2309173600753012,2.2394227749293085,0.9556543202149868]",2,BEBIDAS Y AGUAS
ANDINA,CUGAT,BEBIDAS JUGOS Y AGUAS,1590.0,3.0,6.0,"[1590.0,3.0,6.0]","[0.2309173600753012,2.2394227749293085,0.9556543202149868]",2,BEBIDAS Y AGUAS
ANDINA,CUGAT,BEBIDAS JUGOS Y AGUAS,1590.0,3.0,6.0,"[1590.0,3.0,6.0]","[0.2309173600753012,2.2394227749293085,0.9556543202149868]",2,BEBIDAS Y AGUAS
ANDINA,CUGAT,BEBIDAS JUGOS Y AGUAS,1590.0,3.0,6.0,"[1590.0,3.0,6.0]","[0.2309173600753012,2.2394227749293085,0.9556543202149868]",2,BEBIDAS Y AGUAS
OTRA,CUGAT,BEBIDAS JUGOS Y AGUAS,1990.0,3.0,6.0,"[1990.0,3.0,6.0]","[0.2890097777043078,2.2394227749293085,0.9556543202149868]",2,BEBIDAS Y AGUAS
OTRA,CUGAT,BEBIDAS JUGOS Y AGUAS,1990.0,3.0,6.0,"[1990.0,3.0,6.0]","[0.2890097777043078,2.2394227749293085,0.9556543202149868]",2,BEBIDAS Y AGUAS
OTRA,CUGAT,BEBIDAS JUGOS Y AGUAS,1990.0,3.0,6.0,"[1990.0,3.0,6.0]","[0.2890097777043078,2.2394227749293085,0.9556543202149868]",2,BEBIDAS Y AGUAS
OTRA,CUGAT,BEBIDAS JUGOS Y AGUAS,1990.0,3.0,6.0,"[1990.0,3.0,6.0]","[0.2890097777043078,2.2394227749293085,0.9556543202149868]",2,BEBIDAS Y AGUAS
OTRA,CUGAT,BEBIDAS JUGOS Y AGUAS,1990.0,3.0,6.0,"[1990.0,3.0,6.0]","[0.2890097777043078,2.2394227749293085,0.9556543202149868]",2,BEBIDAS Y AGUAS
OTRA,CUGAT,BEBIDAS JUGOS Y AGUAS,1990.0,3.0,6.0,"[1990.0,3.0,6.0]","[0.2890097777043078,2.2394227749293085,0.9556543202149868]",2,BEBIDAS Y AGUAS
SPRITE,CUGAT,BEBIDAS,2379.0,3.0,14.0,"[2379.0,3.0,14.0]","[0.3455046538485167,2.2394227749293085,2.229860080501636]",2,BEBIDAS Y AGUAS
PAP,CUGAT,BEBIDAS,629.0,3.0,14.0,"[629.0,3.0,14.0]","[0.09135032672161286,2.2394227749293085,2.229860080501636]",2,BEBIDAS Y AGUAS
CASA OLIVA,CUGAT,BEBIDAS,629.0,3.0,14.0,"[629.0,3.0,14.0]","[0.09135032672161286,2.2394227749293085,2.229860080501636]",2,BEBIDAS Y AGUAS
CASA OLIVA,CUGAT,BEBIDAS,629.0,3.0,14.0,"[629.0,3.0,14.0]","[0.09135032672161286,2.2394227749293085,2.229860080501636]",2,BEBIDAS Y AGUAS
OTRA,CUGAT,BEBIDAS JUGOS Y AGUAS,1590.0,3.0,6.0,"[1590.0,3.0,6.0]","[0.2309173600753012,2.2394227749293085,0.9556543202149868]",2,BEBIDAS Y AGUAS
OTRA,CUGAT,BEBIDAS JUGOS Y AGUAS,1590.0,3.0,6.0,"[1590.0,3.0,6.0]","[0.2309173600753012,2.2394227749293085,0.9556543202149868]",2,BEBIDAS Y AGUAS
OTRA,CUGAT,BEBIDAS JUGOS Y AGUAS,2190.0,3.0,6.0,"[2190.0,3.0,6.0]","[0.31805598651881106,2.2394227749293085,0.9556543202149868]",2,BEBIDAS Y AGUAS
OTRA,CUGAT,BEBIDAS JUGOS Y AGUAS,2190.0,3.0,6.0,"[2190.0,3.0,6.0]","[0.31805598651881106,2.2394227749293085,0.9556543202149868]",2,BEBIDAS Y AGUAS
OTRA,CUGAT,BEBIDAS JUGOS Y AGUAS,2190.0,3.0,6.0,"[2190.0,3.0,6.0]","[0.31805598651881106,2.2394227749293085,0.9556543202149868]",2,BEBIDAS Y AGUAS
OTRA,CUGAT,BEBIDAS JUGOS Y AGUAS,2190.0,3.0,6.0,"[2190.0,3.0,6.0]","[0.31805598651881106,2.2394227749293085,0.9556543202149868]",2,BEBIDAS Y AGUAS
OTRA,CUGAT,BEBIDAS JUGOS Y AGUAS,2190.0,3.0,6.0,"[2190.0,3.0,6.0]","[0.31805598651881106,2.2394227749293085,0.9556543202149868]",2,BEBIDAS Y AGUAS
OTRA,CUGAT,BEBIDAS JUGOS Y AGUAS,2190.0,3.0,6.0,"[2190.0,3.0,6.0]","[0.31805598651881106,2.2394227749293085,0.9556543202149868]",2,BEBIDAS Y AGUAS
OTRA,CUGAT,BEBIDAS JUGOS Y AGUAS,2190.0,3.0,6.0,"[2190.0,3.0,6.0]","[0.31805598651881106,2.2394227749293085,0.9556543202149868]",2,BEBIDAS Y AGUAS
SEVEN UP,CUGAT,BEBIDAS,2490.0,3.0,14.0,"[2490.0,3.0,14.0]","[0.361625299740566,2.2394227749293085,2.229860080501636]",2,BEBIDAS Y AGUAS
SEVEN UP,CUGAT,BEBIDAS,2490.0,3.0,14.0,"[2490.0,3.0,14.0]","[0.361625299740566,2.2394227749293085,2.229860080501636]",2,BEBIDAS Y AGUAS
PAP,CUGAT,BEBIDAS,2690.0,3.0,14.0,"[2690.0,3.0,14.0]","[0.3906715085550693,2.2394227749293085,2.229860080501636]",2,BEBIDAS Y AGUAS
PAP,CUGAT,BEBIDAS,2690.0,3.0,14.0,"[2690.0,3.0,14.0]","[0.3906715085550693,2.2394227749293085,2.229860080501636]",2,BEBIDAS Y AGUAS
CRUSH,CUGAT,BEBIDAS,2490.0,3.0,14.0,"[2490.0,3.0,14.0]","[0.361625299740566,2.2394227749293085,2.229860080501636]",2,BEBIDAS Y AGUAS
CRUSH,CUGAT,BEBIDAS,2490.0,3.0,14.0,"[2490.0,3.0,14.0]","[0.361625299740566,2.2394227749293085,2.229860080501636]",2,BEBIDAS Y AGUAS
CANADA DRY,CUGAT,BEBIDAS,2690.0,3.0,14.0,"[2690.0,3.0,14.0]","[0.3906715085550693,2.2394227749293085,2.229860080501636]",2,BEBIDAS Y AGUAS
CANADA DRY,CUGAT,BEBIDAS,2690.0,3.0,14.0,"[2690.0,3.0,14.0]","[0.3906715085550693,2.2394227749293085,2.229860080501636]",2,BEBIDAS Y AGUAS
KEM,CUGAT,BEBIDAS,2690.0,3.0,14.0,"[2690.0,3.0,14.0]","[0.3906715085550693,2.2394227749293085,2.229860080501636]",2,BEBIDAS Y AGUAS
KEM,CUGAT,BEBIDAS,2690.0,3.0,14.0,"[2690.0,3.0,14.0]","[0.3906715085550693,2.2394227749293085,2.229860080501636]",2,BEBIDAS Y AGUAS
CANADA DRY,CUGAT,BEBIDAS,2690.0,3.0,14.0,"[2690.0,3.0,14.0]","[0.3906715085550693,2.2394227749293085,2.229860080501636]",2,BEBIDAS Y AGUAS
BILZ,CUGAT,BEBIDAS,2690.0,3.0,14.0,"[2690.0,3.0,14.0]","[0.3906715085550693,2.2394227749293085,2.229860080501636]",2,BEBIDAS Y AGUAS
CANADA DRY,CUGAT,BEBIDAS,2690.0,3.0,14.0,"[2690.0,3.0,14.0]","[0.3906715085550693,2.2394227749293085,2.229860080501636]",2,BEBIDAS Y AGUAS
BILZ,CUGAT,BEBIDAS,2690.0,3.0,14.0,"[2690.0,3.0,14.0]","[0.3906715085550693,2.2394227749293085,2.229860080501636]",2,BEBIDAS Y AGUAS
ZUKO,CUGAT,BEBIDAS JUGOS Y AGUAS,990.0,3.0,6.0,"[990.0,3.0,6.0]","[0.1437787336317913,2.2394227749293085,0.9556543202149868]",2,BEBIDAS Y AGUAS
ZUKO,CUGAT,BEBIDAS JUGOS Y AGUAS,990.0,3.0,6.0,"[990.0,3.0,6.0]","[0.1437787336317913,2.2394227749293085,0.9556543202149868]",2,BEBIDAS Y AGUAS
ZUKO,CUGAT,BEBIDAS JUGOS Y AGUAS,990.0,3.0,6.0,"[990.0,3.0,6.0]","[0.1437787336317913,2.2394227749293085,0.9556543202149868]",2,BEBIDAS Y AGUAS
ZUKO,CUGAT,BEBIDAS JUGOS Y AGUAS,990.0,3.0,6.0,"[990.0,3.0,6.0]","[0.1437787336317913,2.2394227749293085,0.9556543202149868]",2,BEBIDAS Y AGUAS
ZUKO,CUGAT,BEBIDAS JUGOS Y AGUAS,990.0,3.0,6.0,"[990.0,3.0,6.0]","[0.1437787336317913,2.2394227749293085,0.9556543202149868]",2,BEBIDAS Y AGUAS
VIVO,CUGAT,BEBIDAS JUGOS Y AGUAS,269.0,3.0,6.0,"[269.0,3.0,6.0]","[0.03906715085550693,2.2394227749293085,0.9556543202149868]",2,BEBIDAS Y AGUAS
VIVO,CUGAT,BEBIDAS JUGOS Y AGUAS,269.0,3.0,6.0,"[269.0,3.0,6.0]","[0.03906715085550693,2.2394227749293085,0.9556543202149868]",2,BEBIDAS Y AGUAS
VIVO,CUGAT,BEBIDAS JUGOS Y AGUAS,269.0,3.0,6.0,"[269.0,3.0,6.0]","[0.03906715085550693,2.2394227749293085,0.9556543202149868]",2,BEBIDAS Y AGUAS
VIVO,CUGAT,BEBIDAS JUGOS Y AGUAS,269.0,3.0,6.0,"[269.0,3.0,6.0]","[0.03906715085550693,2.2394227749293085,0.9556543202149868]",2,BEBIDAS Y AGUAS
VIVO,CUGAT,BEBIDAS JUGOS Y AGUAS,269.0,3.0,6.0,"[269.0,3.0,6.0]","[0.03906715085550693,2.2394227749293085,0.9556543202149868]",2,BEBIDAS Y AGUAS
VIVO,CUGAT,BEBIDAS JUGOS Y AGUAS,269.0,3.0,6.0,"[269.0,3.0,6.0]","[0.03906715085550693,2.2394227749293085,0.9556543202149868]",2,BEBIDAS Y AGUAS
VIVO,CUGAT,BEBIDAS JUGOS Y AGUAS,269.0,3.0,6.0,"[269.0,3.0,6.0]","[0.03906715085550693,2.2394227749293085,0.9556543202149868]",2,BEBIDAS Y AGUAS
VIVO,CUGAT,BEBIDAS JUGOS Y AGUAS,269.0,3.0,6.0,"[269.0,3.0,6.0]","[0.03906715085550693,2.2394227749293085,0.9556543202149868]",2,BEBIDAS Y AGUAS
CANADA DRY,CUGAT,BEBIDAS,2169.0,3.0,14.0,"[2169.0,3.0,14.0]","[0.31500613459328825,2.2394227749293085,2.229860080501636]",2,BEBIDAS Y AGUAS
OTRA,CUGAT,BEBIDAS JUGOS Y AGUAS,1690.0,3.0,6.0,"[1690.0,3.0,6.0]","[0.24544046448255286,2.2394227749293085,0.9556543202149868]",2,BEBIDAS Y AGUAS
OTRA,CUGAT,BEBIDAS JUGOS Y AGUAS,1690.0,3.0,6.0,"[1690.0,3.0,6.0]","[0.24544046448255286,2.2394227749293085,0.9556543202149868]",2,BEBIDAS Y AGUAS
ZUKO,CUGAT,BEBIDAS JUGOS Y AGUAS,990.0,3.0,6.0,"[990.0,3.0,6.0]","[0.1437787336317913,2.2394227749293085,0.9556543202149868]",2,BEBIDAS Y AGUAS
ZUKO,CUGAT,BEBIDAS JUGOS Y AGUAS,990.0,3.0,6.0,"[990.0,3.0,6.0]","[0.1437787336317913,2.2394227749293085,0.9556543202149868]",2,BEBIDAS Y AGUAS
OTRA,CUGAT,AGUA SIN GAS,1290.0,3.0,30.0,"[1290.0,3.0,30.0]","[0.18734804685354625,2.2394227749293085,4.778271601074934]",1,BEBIDAS Y AGUAS
OTRA,CUGAT,AGUA SIN GAS,1290.0,3.0,30.0,"[1290.0,3.0,30.0]","[0.18734804685354625,2.2394227749293085,4.778271601074934]",1,BEBIDAS Y AGUAS
OTRA,CUGAT,AGUA SIN GAS,1290.0,3.0,30.0,"[1290.0,3.0,30.0]","[0.18734804685354625,2.2394227749293085,4.778271601074934]",1,BEBIDAS Y AGUAS
PEPSI,CUGAT,BEBIDAS,8900.0,3.0,14.0,"[8900.0,3.0,14.0]","[1.2925562922453966,2.2394227749293085,2.229860080501636]",2,BEBIDAS Y AGUAS
CRUSH,CUGAT,BEBIDAS,8990.0,3.0,14.0,"[8990.0,3.0,14.0]","[1.305627086211923,2.2394227749293085,2.229860080501636]",2,BEBIDAS Y AGUAS
PEPSI,CUGAT,BEBIDAS,2490.0,3.0,14.0,"[2490.0,3.0,14.0]","[0.361625299740566,2.2394227749293085,2.229860080501636]",2,BEBIDAS Y AGUAS
LIVEAN,CUGAT,BEBIDAS JUGOS Y AGUAS,2590.0,3.0,6.0,"[2590.0,3.0,6.0]","[0.3761484041478177,2.2394227749293085,0.9556543202149868]",2,BEBIDAS Y AGUAS
LIVEAN,CUGAT,BEBIDAS JUGOS Y AGUAS,2590.0,3.0,6.0,"[2590.0,3.0,6.0]","[0.3761484041478177,2.2394227749293085,0.9556543202149868]",2,BEBIDAS Y AGUAS
LIVEAN,CUGAT,BEBIDAS JUGOS Y AGUAS,2590.0,3.0,6.0,"[2590.0,3.0,6.0]","[0.3761484041478177,2.2394227749293085,0.9556543202149868]",2,BEBIDAS Y AGUAS
LIVEAN,CUGAT,BEBIDAS JUGOS Y AGUAS,2590.0,3.0,6.0,"[2590.0,3.0,6.0]","[0.3761484041478177,2.2394227749293085,0.9556543202149868]",2,BEBIDAS Y AGUAS
LIVEAN,CUGAT,BEBIDAS JUGOS Y AGUAS,2590.0,3.0,6.0,"[2590.0,3.0,6.0]","[0.3761484041478177,2.2394227749293085,0.9556543202149868]",2,BEBIDAS Y AGUAS
SEVEN UP,CUGAT,BEBIDAS,2169.0,3.0,14.0,"[2169.0,3.0,14.0]","[0.31500613459328825,2.2394227749293085,2.229860080501636]",2,BEBIDAS Y AGUAS
PAP,CUGAT,BEBIDAS,2169.0,3.0,14.0,"[2169.0,3.0,14.0]","[0.31500613459328825,2.2394227749293085,2.229860080501636]",2,BEBIDAS Y AGUAS
PAP,CUGAT,BEBIDAS,2169.0,3.0,14.0,"[2169.0,3.0,14.0]","[0.31500613459328825,2.2394227749293085,2.229860080501636]",2,BEBIDAS Y AGUAS
CANADA DRY,CUGAT,BEBIDAS,2169.0,3.0,14.0,"[2169.0,3.0,14.0]","[0.31500613459328825,2.2394227749293085,2.229860080501636]",2,BEBIDAS Y AGUAS
CANADA DRY,CUGAT,BEBIDAS,2169.0,3.0,14.0,"[2169.0,3.0,14.0]","[0.31500613459328825,2.2394227749293085,2.229860080501636]",2,BEBIDAS Y AGUAS
KEM,CUGAT,BEBIDAS,2169.0,3.0,14.0,"[2169.0,3.0,14.0]","[0.31500613459328825,2.2394227749293085,2.229860080501636]",2,BEBIDAS Y AGUAS
KEM,CUGAT,BEBIDAS,1790.0,3.0,14.0,"[1790.0,3.0,14.0]","[0.2599635688898045,2.2394227749293085,2.229860080501636]",2,BEBIDAS Y AGUAS
KEM,CUGAT,BEBIDAS,2169.0,3.0,14.0,"[2169.0,3.0,14.0]","[0.31500613459328825,2.2394227749293085,2.229860080501636]",2,BEBIDAS Y AGUAS
CANADA DRY,CUGAT,BEBIDAS,1790.0,3.0,14.0,"[1790.0,3.0,14.0]","[0.2599635688898045,2.2394227749293085,2.229860080501636]",2,BEBIDAS Y AGUAS
CANADA DRY,CUGAT,BEBIDAS,1790.0,3.0,14.0,"[1790.0,3.0,14.0]","[0.2599635688898045,2.2394227749293085,2.229860080501636]",2,BEBIDAS Y AGUAS
CANADA DRY,CUGAT,BEBIDAS,1790.0,3.0,14.0,"[1790.0,3.0,14.0]","[0.2599635688898045,2.2394227749293085,2.229860080501636]",2,BEBIDAS Y AGUAS
CRUSH,CUGAT,BEBIDAS,2169.0,3.0,14.0,"[2169.0,3.0,14.0]","[0.31500613459328825,2.2394227749293085,2.229860080501636]",2,BEBIDAS Y AGUAS
CRUSH,CUGAT,BEBIDAS,2169.0,3.0,14.0,"[2169.0,3.0,14.0]","[0.31500613459328825,2.2394227749293085,2.229860080501636]",2,BEBIDAS Y AGUAS
BILZ,CUGAT,BEBIDAS,2169.0,3.0,14.0,"[2169.0,3.0,14.0]","[0.31500613459328825,2.2394227749293085,2.229860080501636]",2,BEBIDAS Y AGUAS
BILZ,CUGAT,BEBIDAS,2169.0,3.0,14.0,"[2169.0,3.0,14.0]","[0.31500613459328825,2.2394227749293085,2.229860080501636]",2,BEBIDAS Y AGUAS
CANADA DRY,CUGAT,BEBIDAS,1790.0,3.0,14.0,"[1790.0,3.0,14.0]","[0.2599635688898045,2.2394227749293085,2.229860080501636]",2,BEBIDAS Y AGUAS
ZUKO,CUGAT,BEBIDAS JUGOS Y AGUAS,990.0,3.0,6.0,"[990.0,3.0,6.0]","[0.1437787336317913,2.2394227749293085,0.9556543202149868]",2,BEBIDAS Y AGUAS
LIVEAN,CUGAT,BEBIDAS JUGOS Y AGUAS,990.0,3.0,6.0,"[990.0,3.0,6.0]","[0.1437787336317913,2.2394227749293085,0.9556543202149868]",2,BEBIDAS Y AGUAS
LIVEAN,CUGAT,BEBIDAS JUGOS Y AGUAS,990.0,3.0,6.0,"[990.0,3.0,6.0]","[0.1437787336317913,2.2394227749293085,0.9556543202149868]",2,BEBIDAS Y AGUAS
LIVEAN,CUGAT,BEBIDAS JUGOS Y AGUAS,990.0,3.0,6.0,"[990.0,3.0,6.0]","[0.1437787336317913,2.2394227749293085,0.9556543202149868]",2,BEBIDAS Y AGUAS
LIVEAN,CUGAT,BEBIDAS JUGOS Y AGUAS,990.0,3.0,6.0,"[990.0,3.0,6.0]","[0.1437787336317913,2.2394227749293085,0.9556543202149868]",2,BEBIDAS Y AGUAS
LIVEAN,CUGAT,BEBIDAS JUGOS Y AGUAS,990.0,3.0,6.0,"[990.0,3.0,6.0]","[0.1437787336317913,2.2394227749293085,0.9556543202149868]",2,BEBIDAS Y AGUAS
LIVEAN,CUGAT,BEBIDAS JUGOS Y AGUAS,990.0,3.0,6.0,"[990.0,3.0,6.0]","[0.1437787336317913,2.2394227749293085,0.9556543202149868]",2,BEBIDAS Y AGUAS
LIVEAN,CUGAT,BEBIDAS JUGOS Y AGUAS,990.0,3.0,6.0,"[990.0,3.0,6.0]","[0.1437787336317913,2.2394227749293085,0.9556543202149868]",2,BEBIDAS Y AGUAS
LIVEAN,CUGAT,BEBIDAS JUGOS Y AGUAS,990.0,3.0,6.0,"[990.0,3.0,6.0]","[0.1437787336317913,2.2394227749293085,0.9556543202149868]",2,BEBIDAS Y AGUAS
PEPSI,CUGAT,BEBIDAS,2090.0,3.0,14.0,"[2090.0,3.0,14.0]","[0.30353288211155943,2.2394227749293085,2.229860080501636]",2,BEBIDAS Y AGUAS
PEPSI,CUGAT,BEBIDAS,2090.0,3.0,14.0,"[2090.0,3.0,14.0]","[0.30353288211155943,2.2394227749293085,2.229860080501636]",2,BEBIDAS Y AGUAS
OTRA,CUGAT,BEBIDAS JUGOS Y AGUAS,1690.0,3.0,6.0,"[1690.0,3.0,6.0]","[0.24544046448255286,2.2394227749293085,0.9556543202149868]",2,BEBIDAS Y AGUAS
OTRA,CUGAT,BEBIDAS JUGOS Y AGUAS,1690.0,3.0,6.0,"[1690.0,3.0,6.0]","[0.24544046448255286,2.2394227749293085,0.9556543202149868]",2,BEBIDAS Y AGUAS
OTRA,CUGAT,BEBIDAS JUGOS Y AGUAS,1690.0,3.0,6.0,"[1690.0,3.0,6.0]","[0.24544046448255286,2.2394227749293085,0.9556543202149868]",2,BEBIDAS Y AGUAS
OTRA,CUGAT,BEBIDAS JUGOS Y AGUAS,1690.0,3.0,6.0,"[1690.0,3.0,6.0]","[0.24544046448255286,2.2394227749293085,0.9556543202149868]",2,BEBIDAS Y AGUAS
OTRA,CUGAT,BEBIDAS JUGOS Y AGUAS,1690.0,3.0,6.0,"[1690.0,3.0,6.0]","[0.24544046448255286,2.2394227749293085,0.9556543202149868]",2,BEBIDAS Y AGUAS
OTRA,CUGAT,BEBIDAS JUGOS Y AGUAS,1690.0,3.0,6.0,"[1690.0,3.0,6.0]","[0.24544046448255286,2.2394227749293085,0.9556543202149868]",2,BEBIDAS Y AGUAS
ANDINA,CUGAT,BEBIDAS JUGOS Y AGUAS,1590.0,3.0,6.0,"[1590.0,3.0,6.0]","[0.2309173600753012,2.2394227749293085,0.9556543202149868]",2,BEBIDAS Y AGUAS
ANDINA,CUGAT,BEBIDAS JUGOS Y AGUAS,1590.0,3.0,6.0,"[1590.0,3.0,6.0]","[0.2309173600753012,2.2394227749293085,0.9556543202149868]",2,BEBIDAS Y AGUAS
ANDINA,CUGAT,BEBIDAS JUGOS Y AGUAS,1590.0,3.0,6.0,"[1590.0,3.0,6.0]","[0.2309173600753012,2.2394227749293085,0.9556543202149868]",2,BEBIDAS Y AGUAS
ANDINA,CUGAT,BEBIDAS JUGOS Y AGUAS,1590.0,3.0,6.0,"[1590.0,3.0,6.0]","[0.2309173600753012,2.2394227749293085,0.9556543202149868]",2,BEBIDAS Y AGUAS
COCA COLA,CUGAT,BEBIDAS,2690.0,3.0,14.0,"[2690.0,3.0,14.0]","[0.3906715085550693,2.2394227749293085,2.229860080501636]",2,BEBIDAS Y AGUAS
PURE LIFE,CUGAT,AGUA SIN GAS,1990.0,3.0,30.0,"[1990.0,3.0,30.0]","[0.2890097777043078,2.2394227749293085,4.778271601074934]",1,BEBIDAS Y AGUAS
OTRA,CUGAT,AGUA CON GAS,1090.0,3.0,36.0,"[1090.0,3.0,36.0]","[0.15830183803904296,2.2394227749293085,5.73392592128992]",1,BEBIDAS Y AGUAS
OTRA,CUGAT,AGUA CON GAS,1090.0,3.0,36.0,"[1090.0,3.0,36.0]","[0.15830183803904296,2.2394227749293085,5.73392592128992]",1,BEBIDAS Y AGUAS
PEPSI,CUGAT,BEBIDAS,2490.0,3.0,14.0,"[2490.0,3.0,14.0]","[0.361625299740566,2.2394227749293085,2.229860080501636]",2,BEBIDAS Y AGUAS
OTRA,CUGAT,BEBIDAS JUGOS Y AGUAS,1690.0,3.0,6.0,"[1690.0,3.0,6.0]","[0.24544046448255286,2.2394227749293085,0.9556543202149868]",2,BEBIDAS Y AGUAS
OTRA,CUGAT,BEBIDAS JUGOS Y AGUAS,1690.0,3.0,6.0,"[1690.0,3.0,6.0]","[0.24544046448255286,2.2394227749293085,0.9556543202149868]",2,BEBIDAS Y AGUAS
OTRA,CUGAT,BEBIDAS JUGOS Y AGUAS,1690.0,3.0,6.0,"[1690.0,3.0,6.0]","[0.24544046448255286,2.2394227749293085,0.9556543202149868]",2,BEBIDAS Y AGUAS
OTRA,CUGAT,BEBIDAS JUGOS Y AGUAS,1690.0,3.0,6.0,"[1690.0,3.0,6.0]","[0.24544046448255286,2.2394227749293085,0.9556543202149868]",2,BEBIDAS Y AGUAS
OTRA,CUGAT,BEBIDAS JUGOS Y AGUAS,1090.0,3.0,6.0,"[1090.0,3.0,6.0]","[0.15830183803904296,2.2394227749293085,0.9556543202149868]",2,BEBIDAS Y AGUAS
OTRA,CUGAT,BEBIDAS JUGOS Y AGUAS,1690.0,3.0,6.0,"[1690.0,3.0,6.0]","[0.24544046448255286,2.2394227749293085,0.9556543202149868]",2,BEBIDAS Y AGUAS
OTRA,CUGAT,BEBIDAS JUGOS Y AGUAS,1690.0,3.0,6.0,"[1690.0,3.0,6.0]","[0.24544046448255286,2.2394227749293085,0.9556543202149868]",2,BEBIDAS Y AGUAS
OTRA,CUGAT,AGUA SIN GAS,1290.0,3.0,30.0,"[1290.0,3.0,30.0]","[0.18734804685354625,2.2394227749293085,4.778271601074934]",1,BEBIDAS Y AGUAS
OTRA,CUGAT,AGUA SIN GAS,1290.0,3.0,30.0,"[1290.0,3.0,30.0]","[0.18734804685354625,2.2394227749293085,4.778271601074934]",1,BEBIDAS Y AGUAS
OTRA,CUGAT,AGUA SIN GAS,1290.0,3.0,30.0,"[1290.0,3.0,30.0]","[0.18734804685354625,2.2394227749293085,4.778271601074934]",1,BEBIDAS Y AGUAS
OTRA,CUGAT,BEBIDAS JUGOS Y AGUAS,1190.0,3.0,6.0,"[1190.0,3.0,6.0]","[0.1728249424462946,2.2394227749293085,0.9556543202149868]",2,BEBIDAS Y AGUAS
PEPSI,CUGAT,BEBIDAS,8990.0,3.0,14.0,"[8990.0,3.0,14.0]","[1.305627086211923,2.2394227749293085,2.229860080501636]",2,BEBIDAS Y AGUAS
FANTA,CUGAT,BEBIDAS,7790.0,3.0,14.0,"[7790.0,3.0,14.0]","[1.1313498333249032,2.2394227749293085,2.229860080501636]",2,BEBIDAS Y AGUAS
SPRITE,CUGAT,BEBIDAS,7790.0,3.0,14.0,"[7790.0,3.0,14.0]","[1.1313498333249032,2.2394227749293085,2.229860080501636]",2,BEBIDAS Y AGUAS
OTRA,CUGAT,BEBIDAS JUGOS Y AGUAS,1790.0,3.0,6.0,"[1790.0,3.0,6.0]","[0.2599635688898045,2.2394227749293085,0.9556543202149868]",2,BEBIDAS Y AGUAS
OTRA,CUGAT,BEBIDAS JUGOS Y AGUAS,5990.0,3.0,6.0,"[5990.0,3.0,6.0]","[0.8699339539943737,2.2394227749293085,0.9556543202149868]",2,BEBIDAS Y AGUAS
OTRA,CUGAT,BEBIDAS JUGOS Y AGUAS,1890.0,3.0,6.0,"[1890.0,3.0,6.0]","[0.2744866732970561,2.2394227749293085,0.9556543202149868]",2,BEBIDAS Y AGUAS
OTRA,CUGAT,BEBIDAS JUGOS Y AGUAS,1890.0,3.0,6.0,"[1890.0,3.0,6.0]","[0.2744866732970561,2.2394227749293085,0.9556543202149868]",2,BEBIDAS Y AGUAS
OTRA,CUGAT,BEBIDAS JUGOS Y AGUAS,1890.0,3.0,6.0,"[1890.0,3.0,6.0]","[0.2744866732970561,2.2394227749293085,0.9556543202149868]",2,BEBIDAS Y AGUAS
VIVO,CUGAT,BEBIDAS JUGOS Y AGUAS,269.0,3.0,6.0,"[269.0,3.0,6.0]","[0.03906715085550693,2.2394227749293085,0.9556543202149868]",2,BEBIDAS Y AGUAS
VIVO,CUGAT,BEBIDAS JUGOS Y AGUAS,269.0,3.0,6.0,"[269.0,3.0,6.0]","[0.03906715085550693,2.2394227749293085,0.9556543202149868]",2,BEBIDAS Y AGUAS
VIVO,CUGAT,BEBIDAS JUGOS Y AGUAS,269.0,3.0,6.0,"[269.0,3.0,6.0]","[0.03906715085550693,2.2394227749293085,0.9556543202149868]",2,BEBIDAS Y AGUAS
LIVEAN,CUGAT,BEBIDAS JUGOS Y AGUAS,990.0,3.0,6.0,"[990.0,3.0,6.0]","[0.1437787336317913,2.2394227749293085,0.9556543202149868]",2,BEBIDAS Y AGUAS
LIVEAN,CUGAT,BEBIDAS JUGOS Y AGUAS,990.0,3.0,6.0,"[990.0,3.0,6.0]","[0.1437787336317913,2.2394227749293085,0.9556543202149868]",2,BEBIDAS Y AGUAS
LIVEAN,CUGAT,BEBIDAS JUGOS Y AGUAS,990.0,3.0,6.0,"[990.0,3.0,6.0]","[0.1437787336317913,2.2394227749293085,0.9556543202149868]",2,BEBIDAS Y AGUAS
LIVEAN,CUGAT,BEBIDAS JUGOS Y AGUAS,990.0,3.0,6.0,"[990.0,3.0,6.0]","[0.1437787336317913,2.2394227749293085,0.9556543202149868]",2,BEBIDAS Y AGUAS
LIVEAN,CUGAT,BEBIDAS JUGOS Y AGUAS,990.0,3.0,6.0,"[990.0,3.0,6.0]","[0.1437787336317913,2.2394227749293085,0.9556543202149868]",2,BEBIDAS Y AGUAS
OTRA,CUGAT,BEBIDAS JUGOS Y AGUAS,1490.0,3.0,6.0,"[1490.0,3.0,6.0]","[0.21639425566804954,2.2394227749293085,0.9556543202149868]",2,BEBIDAS Y AGUAS
OTRA,CUGAT,BEBIDAS JUGOS Y AGUAS,1490.0,3.0,6.0,"[1490.0,3.0,6.0]","[0.21639425566804954,2.2394227749293085,0.9556543202149868]",2,BEBIDAS Y AGUAS
OTRA,CUGAT,BEBIDAS JUGOS Y AGUAS,1490.0,3.0,6.0,"[1490.0,3.0,6.0]","[0.21639425566804954,2.2394227749293085,0.9556543202149868]",2,BEBIDAS Y AGUAS
COCA COLA,CUGAT,BEBIDAS,2090.0,3.0,14.0,"[2090.0,3.0,14.0]","[0.30353288211155943,2.2394227749293085,2.229860080501636]",2,BEBIDAS Y AGUAS
COCA COLA,CUGAT,BEBIDAS,2379.0,3.0,14.0,"[2379.0,3.0,14.0]","[0.3455046538485167,2.2394227749293085,2.229860080501636]",2,BEBIDAS Y AGUAS
COCA COLA,CUGAT,BEBIDAS,2379.0,3.0,14.0,"[2379.0,3.0,14.0]","[0.3455046538485167,2.2394227749293085,2.229860080501636]",2,BEBIDAS Y AGUAS
OTRA,CUGAT,BEBIDAS JUGOS Y AGUAS,2590.0,3.0,6.0,"[2590.0,3.0,6.0]","[0.3761484041478177,2.2394227749293085,0.9556543202149868]",2,BEBIDAS Y AGUAS
BENEDICTINOS,CUGAT,AGUA CON GAS,1290.0,3.0,36.0,"[1290.0,3.0,36.0]","[0.18734804685354625,2.2394227749293085,5.73392592128992]",1,BEBIDAS Y AGUAS
GENERICA,ACUENTA,DESPENSA GENERAL,700.0,2.0,2.0,"[700.0,2.0,2.0]","[0.10166173085076154,1.4929485166195389,0.31855144007166225]",0,DESPENSA Y ABARROTES
GENERICA,ACUENTA,LIMPIEZA,1790.0,2.0,11.0,"[1790.0,2.0,11.0]","[0.2599635688898045,1.4929485166195389,1.7520329203941425]",2,LIMPIEZA Y ASEO
GENERICA,ACUENTA,LIMPIEZA,2890.0,2.0,11.0,"[2890.0,2.0,11.0]","[0.41971771736957264,1.4929485166195389,1.7520329203941425]",2,LIMPIEZA Y ASEO
LIDER,ACUENTA,LIMPIEZA,3690.0,2.0,11.0,"[3690.0,2.0,11.0]","[0.5359025526275858,1.4929485166195389,1.7520329203941425]",2,LIMPIEZA Y ASEO
GENERICA,ACUENTA,LACTEOS,3990.0,4.0,4.0,"[3990.0,4.0,4.0]","[0.5794718658493407,2.9858970332390777,0.6371028801433245]",2,LACTEOS Y FRESCOS
KRYZPO,UNIMARC,DESPENSA,23000.0,0.0,0.0,"[23000.0,0.0,0.0]","[3.340314013667879,0.0,0.0]",0,DESPENSA Y ABARROTES
IANSA,UNIMARC,DESPENSA,1490.0,0.0,0.0,"[1490.0,0.0,0.0]","[0.21639425566804954,0.0,0.0]",0,DESPENSA Y ABARROTES
BELMONT,UNIMARC,DESPENSA,3250.0,0.0,0.0,"[3250.0,0.0,0.0]","[0.47200089323567856,0.0,0.0]",0,DESPENSA Y ABARROTES
LAYS,UNIMARC,DESPENSA,1900.0,0.0,0.0,"[1900.0,0.0,0.0]","[0.2759389837377813,0.0,0.0]",0,DESPENSA Y ABARROTES
NUESTRA COCINA,UNIMARC,DESPENSA,690.0,0.0,0.0,"[690.0,0.0,0.0]","[0.10020942041003637,0.0,0.0]",0,DESPENSA Y ABARROTES
DAILY,UNIMARC,DESPENSA,3890.0,0.0,0.0,"[3890.0,0.0,0.0]","[0.564948761442089,0.0,0.0]",0,DESPENSA Y ABARROTES
BANQUETE,UNIMARC,DESPENSA,4090.0,0.0,0.0,"[4090.0,0.0,0.0]","[0.5939949702565924,0.0,0.0]",0,DESPENSA Y ABARROTES
MAGGI,UNIMARC,DESPENSA,31510.0,0.0,0.0,"[31510.0,0.0,0.0]","[4.5762301987249945,0.0,0.0]",0,DESPENSA Y ABARROTES
MALLOA,UNIMARC,DESPENSA,3000.0,0.0,0.0,"[3000.0,0.0,0.0]","[0.4356931322175494,0.0,0.0]",0,DESPENSA Y ABARROTES
MAGGI,UNIMARC,DESPENSA,1290.0,0.0,0.0,"[1290.0,0.0,0.0]","[0.18734804685354625,0.0,0.0]",0,DESPENSA Y ABARROTES
LAYS,UNIMARC,DESPENSA,1900.0,0.0,0.0,"[1900.0,0.0,0.0]","[0.2759389837377813,0.0,0.0]",0,DESPENSA Y ABARROTES
SOPROLE,UNIMARC,DESPENSA,23000.0,0.0,0.0,"[23000.0,0.0,0.0]","[3.340314013667879,0.0,0.0]",0,DESPENSA Y ABARROTES
ROBINSON CRUSOE,UNIMARC,DESPENSA,1990.0,0.0,0.0,"[1990.0,0.0,0.0]","[0.2890097777043078,0.0,0.0]",0,DESPENSA Y ABARROTES
MAGGI,UNIMARC,DESPENSA,31460.0,0.0,0.0,"[31460.0,0.0,0.0]","[4.568968646521368,0.0,0.0]",0,DESPENSA Y ABARROTES
IDEAL,UNIMARC,DESPENSA,23180.0,0.0,0.0,"[23180.0,0.0,0.0]","[3.366455601600932,0.0,0.0]",0,DESPENSA Y ABARROTES
GOURMET,UNIMARC,DESPENSA,31000.0,0.0,0.0,"[31000.0,0.0,0.0]","[4.502162366248011,0.0,0.0]",0,DESPENSA Y ABARROTES
NUESTRA COCINA,UNIMARC,DESPENSA,2250.0,0.0,0.0,"[2250.0,0.0,0.0]","[0.3267698491631621,0.0,0.0]",0,DESPENSA Y ABARROTES
CRACKELET,UNIMARC,DESPENSA,1000.0,0.0,0.0,"[1000.0,0.0,0.0]","[0.14523104407251647,0.0,0.0]",0,DESPENSA Y ABARROTES
GOURMET,UNIMARC,DESPENSA,31000.0,0.0,0.0,"[31000.0,0.0,0.0]","[4.502162366248011,0.0,0.0]",0,DESPENSA Y ABARROTES
MAGGI,UNIMARC,DESPENSA,32550.0,0.0,0.0,"[32550.0,0.0,0.0]","[4.727270484560411,0.0,0.0]",0,DESPENSA Y ABARROTES
NATUREZZA,UNIMARC,DESPENSA,31000.0,0.0,0.0,"[31000.0,0.0,0.0]","[4.502162366248011,0.0,0.0]",0,DESPENSA Y ABARROTES
IANSA AGRO,UNIMARC,DESPENSA,1350.0,0.0,0.0,"[1350.0,0.0,0.0]","[0.19606190949789723,0.0,0.0]",0,DESPENSA Y ABARROTES
TRATTORIA,UNIMARC,DESPENSA,930.0,0.0,0.0,"[930.0,0.0,0.0]","[0.13506487098744033,0.0,0.0]",0,DESPENSA Y ABARROTES
CAROZZI,UNIMARC,DESPENSA,1490.0,0.0,0.0,"[1490.0,0.0,0.0]","[0.21639425566804954,0.0,0.0]",0,DESPENSA Y ABARROTES
TALLIANI,UNIMARC,DESPENSA,1350.0,0.0,0.0,"[1350.0,0.0,0.0]","[0.19606190949789723,0.0,0.0]",0,DESPENSA Y ABARROTES
CRACKELET,UNIMARC,DESPENSA,1000.0,0.0,0.0,"[1000.0,0.0,0.0]","[0.14523104407251647,0.0,0.0]",0,DESPENSA Y ABARROTES
KRAFT,UNIMARC,DESPENSA,10690.0,0.0,0.0,"[10690.0,0.0,0.0]","[1.5525198611352011,0.0,0.0]",0,DESPENSA Y ABARROTES
DAILY,UNIMARC,DESPENSA,2490.0,0.0,0.0,"[2490.0,0.0,0.0]","[0.361625299740566,0.0,0.0]",0,DESPENSA Y ABARROTES
DE LA HUERTA,UNIMARC,DESPENSA,1590.0,0.0,0.0,"[1590.0,0.0,0.0]","[0.2309173600753012,0.0,0.0]",0,DESPENSA Y ABARROTES
DAILY,UNIMARC,DESPENSA,2490.0,0.0,0.0,"[2490.0,0.0,0.0]","[0.361625299740566,0.0,0.0]",0,DESPENSA Y ABARROTES
BARILLA,UNIMARC,DESPENSA,6390.0,0.0,0.0,"[6390.0,0.0,0.0]","[0.9280263716233803,0.0,0.0]",0,DESPENSA Y ABARROTES
TRAVERSO,UNIMARC,DESPENSA,1290.0,0.0,0.0,"[1290.0,0.0,0.0]","[0.18734804685354625,0.0,0.0]",0,DESPENSA Y ABARROTES
MARCO POLO,UNIMARC,DESPENSA,2350.0,0.0,0.0,"[2350.0,0.0,0.0]","[0.3412929535704137,0.0,0.0]",0,DESPENSA Y ABARROTES
WASIL,UNIMARC,DESPENSA,2490.0,0.0,0.0,"[2490.0,0.0,0.0]","[0.361625299740566,0.0,0.0]",0,DESPENSA Y ABARROTES
MARCO POLO,UNIMARC,DESPENSA,1510.0,0.0,0.0,"[1510.0,0.0,0.0]","[0.21929887654949987,0.0,0.0]",0,DESPENSA Y ABARROTES
RANA,UNIMARC,DESPENSA,3860.0,0.0,0.0,"[3860.0,0.0,0.0]","[0.5605918301199136,0.0,0.0]",0,DESPENSA Y ABARROTES
TAKIS,UNIMARC,DESPENSA,1090.0,0.0,0.0,"[1090.0,0.0,0.0]","[0.15830183803904296,0.0,0.0]",0,DESPENSA Y ABARROTES
NUESTRA COCINA,UNIMARC,DESPENSA,4190.0,0.0,0.0,"[4190.0,0.0,0.0]","[0.608518074663844,0.0,0.0]",0,DESPENSA Y ABARROTES
NUESTRA COCINA,UNIMARC,DESPENSA,3790.0,0.0,0.0,"[3790.0,0.0,0.0]","[0.5504256570348375,0.0,0.0]",0,DESPENSA Y ABARROTES
PF LISTO,UNIMARC,DESPENSA,2690.0,0.0,0.0,"[2690.0,0.0,0.0]","[0.3906715085550693,0.0,0.0]",0,DESPENSA Y ABARROTES
MI TIERRA,UNIMARC,DESPENSA,4150.0,0.0,0.0,"[4150.0,0.0,0.0]","[0.6027088329009433,0.0,0.0]",0,DESPENSA Y ABARROTES
DON JUAN,UNIMARC,DESPENSA,1550.0,0.0,0.0,"[1550.0,0.0,0.0]","[0.22510811831240055,0.0,0.0]",0,DESPENSA Y ABARROTES
AMBROSOLI,UNIMARC,DESPENSA,7990.0,0.0,0.0,"[7990.0,0.0,0.0]","[1.1603960421394066,0.0,0.0]",0,DESPENSA Y ABARROTES
ALUSWEET,UNIMARC,DESPENSA,4190.0,0.0,0.0,"[4190.0,0.0,0.0]","[0.608518074663844,0.0,0.0]",0,DESPENSA Y ABARROTES
EVERCRISP,UNIMARC,DESPENSA,1750.0,0.0,0.0,"[1750.0,0.0,0.0]","[0.25415432712690383,0.0,0.0]",0,DESPENSA Y ABARROTES
NUESTRA COCINA,UNIMARC,DESPENSA,3750.0,0.0,0.0,"[3750.0,0.0,0.0]","[0.5446164152719368,0.0,0.0]",0,DESPENSA Y ABARROTES
TOSTANI,UNIMARC,DESPENSA,4290.0,0.0,0.0,"[4290.0,0.0,0.0]","[0.6230411790710957,0.0,0.0]",0,DESPENSA Y ABARROTES
DON JUAN,UNIMARC,DESPENSA,2090.0,0.0,0.0,"[2090.0,0.0,0.0]","[0.30353288211155943,0.0,0.0]",0,DESPENSA Y ABARROTES
ROBINSON CRUSOE,UNIMARC,DESPENSA,3790.0,0.0,0.0,"[3790.0,0.0,0.0]","[0.5504256570348375,0.0,0.0]",0,DESPENSA Y ABARROTES
NUESTRA COCINA,UNIMARC,DESPENSA,1090.0,0.0,0.0,"[1090.0,0.0,0.0]","[0.15830183803904296,0.0,0.0]",0,DESPENSA Y ABARROTES
MERKAT,UNIMARC,DESPENSA,4190.0,0.0,0.0,"[4190.0,0.0,0.0]","[0.608518074663844,0.0,0.0]",0,DESPENSA Y ABARROTES
TENTO,UNIMARC,DESPENSA,2090.0,0.0,0.0,"[2090.0,0.0,0.0]","[0.30353288211155943,0.0,0.0]",0,DESPENSA Y ABARROTES
GOURMET,UNIMARC,DESPENSA,2450.0,0.0,0.0,"[2450.0,0.0,0.0]","[0.35581605797766536,0.0,0.0]",0,DESPENSA Y ABARROTES
NUESTRA COCINA,UNIMARC,DESPENSA,530.0,0.0,0.0,"[530.0,0.0,0.0]","[0.07697245335843374,0.0,0.0]",0,DESPENSA Y ABARROTES
NUESTRA COCINA,UNIMARC,DESPENSA,1890.0,0.0,0.0,"[1890.0,0.0,0.0]","[0.2744866732970561,0.0,0.0]",0,DESPENSA Y ABARROTES
WINKLER SPECIA,UNIMARC,DESPENSA,1390.0,0.0,0.0,"[1390.0,0.0,0.0]","[0.2018711512607979,0.0,0.0]",0,DESPENSA Y ABARROTES
NUESTRA COCINA,UNIMARC,DESPENSA,3090.0,0.0,0.0,"[3090.0,0.0,0.0]","[0.4487639261840759,0.0,0.0]",0,DESPENSA Y ABARROTES
MAGGI,UNIMARC,DESPENSA,1250.0,0.0,0.0,"[1250.0,0.0,0.0]","[0.1815388050906456,0.0,0.0]",0,DESPENSA Y ABARROTES
KRAFT,UNIMARC,DESPENSA,5190.0,0.0,0.0,"[5190.0,0.0,0.0]","[0.7537491187363605,0.0,0.0]",0,DESPENSA Y ABARROTES
MARCO POLO,UNIMARC,DESPENSA,1990.0,0.0,0.0,"[1990.0,0.0,0.0]","[0.2890097777043078,0.0,0.0]",0,DESPENSA Y ABARROTES
WASIL,UNIMARC,DESPENSA,990.0,0.0,0.0,"[990.0,0.0,0.0]","[0.1437787336317913,0.0,0.0]",0,DESPENSA Y ABARROTES
DON JUAN,UNIMARC,DESPENSA,3090.0,0.0,0.0,"[3090.0,0.0,0.0]","[0.4487639261840759,0.0,0.0]",0,DESPENSA Y ABARROTES
HELLMANNS,UNIMARC,DESPENSA,2990.0,0.0,0.0,"[2990.0,0.0,0.0]","[0.43424082177682427,0.0,0.0]",0,DESPENSA Y ABARROTES
NUESTRA COCINA,UNIMARC,DESPENSA,1390.0,0.0,0.0,"[1390.0,0.0,0.0]","[0.2018711512607979,0.0,0.0]",0,DESPENSA Y ABARROTES
RITZ,UNIMARC,DESPENSA,940.0,0.0,0.0,"[940.0,0.0,0.0]","[0.1365171814281655,0.0,0.0]",0,DESPENSA Y ABARROTES
HELLMANNS,UNIMARC,DESPENSA,2950.0,0.0,0.0,"[2950.0,0.0,0.0]","[0.4284315800139236,0.0,0.0]",0,DESPENSA Y ABARROTES
COLLICO,UNIMARC,DESPENSA,4690.0,0.0,0.0,"[4690.0,0.0,0.0]","[0.6811335967001023,0.0,0.0]",0,DESPENSA Y ABARROTES
TAKIS,UNIMARC,DESPENSA,1740.0,0.0,0.0,"[1740.0,0.0,0.0]","[0.25270201668617864,0.0,0.0]",0,DESPENSA Y ABARROTES
ANGELMO,UNIMARC,DESPENSA,1190.0,0.0,0.0,"[1190.0,0.0,0.0]","[0.1728249424462946,0.0,0.0]",0,DESPENSA Y ABARROTES
TIKA,UNIMARC,DESPENSA,2500.0,0.0,0.0,"[2500.0,0.0,0.0]","[0.3630776101812912,0.0,0.0]",0,DESPENSA Y ABARROTES
NUESTRA COCINA,UNIMARC,DESPENSA,950.0,0.0,0.0,"[950.0,0.0,0.0]","[0.13796949186889065,0.0,0.0]",0,DESPENSA Y ABARROTES
GOURMET,UNIMARC,DESPENSA,1690.0,0.0,0.0,"[1690.0,0.0,0.0]","[0.24544046448255286,0.0,0.0]",0,DESPENSA Y ABARROTES
GOURMET,UNIMARC,DESPENSA,2290.0,0.0,0.0,"[2290.0,0.0,0.0]","[0.33257909092606275,0.0,0.0]",0,DESPENSA Y ABARROTES
LAYS,UNIMARC,DESPENSA,990.0,0.0,0.0,"[990.0,0.0,0.0]","[0.1437787336317913,0.0,0.0]",0,DESPENSA Y ABARROTES
TENTO,UNIMARC,DESPENSA,1790.0,0.0,0.0,"[1790.0,0.0,0.0]","[0.2599635688898045,0.0,0.0]",0,DESPENSA Y ABARROTES
NESTLE,UNIMARC,DESPENSA,23140.0,0.0,0.0,"[23140.0,0.0,0.0]","[3.3606463598380314,0.0,0.0]",0,DESPENSA Y ABARROTES
MIRAFLORES,UNIMARC,DESPENSA,2990.0,0.0,0.0,"[2990.0,0.0,0.0]","[0.43424082177682427,0.0,0.0]",0,DESPENSA Y ABARROTES
NUESTRA COCINA,UNIMARC,DESPENSA,1000.0,0.0,0.0,"[1000.0,0.0,0.0]","[0.14523104407251647,0.0,0.0]",0,DESPENSA Y ABARROTES
CAROZZI,UNIMARC,DESPENSA,21590.0,0.0,0.0,"[21590.0,0.0,0.0]","[3.1355382415256305,0.0,0.0]",0,DESPENSA Y ABARROTES
MERKAT,UNIMARC,DESPENSA,15990.0,0.0,0.0,"[15990.0,0.0,0.0]","[2.3222443947195384,0.0,0.0]",0,DESPENSA Y ABARROTES
CAROZZI,UNIMARC,DESPENSA,21590.0,0.0,0.0,"[21590.0,0.0,0.0]","[3.1355382415256305,0.0,0.0]",0,DESPENSA Y ABARROTES
MIRAFLORES,UNIMARC,DESPENSA,2690.0,0.0,0.0,"[2690.0,0.0,0.0]","[0.3906715085550693,0.0,0.0]",0,DESPENSA Y ABARROTES
HELLMANNS,UNIMARC,DESPENSA,3000.0,0.0,0.0,"[3000.0,0.0,0.0]","[0.4356931322175494,0.0,0.0]",0,DESPENSA Y ABARROTES
LAYS,UNIMARC,DESPENSA,1750.0,0.0,0.0,"[1750.0,0.0,0.0]","[0.25415432712690383,0.0,0.0]",0,DESPENSA Y ABARROTES
WASIL,UNIMARC,DESPENSA,22600.0,0.0,0.0,"[22600.0,0.0,0.0]","[3.2822215960388723,0.0,0.0]",0,DESPENSA Y ABARROTES
WASIL,UNIMARC,DESPENSA,22600.0,0.0,0.0,"[22600.0,0.0,0.0]","[3.2822215960388723,0.0,0.0]",0,DESPENSA Y ABARROTES
EVERCRISP,UNIMARC,DESPENSA,4180.0,0.0,0.0,"[4180.0,0.0,0.0]","[0.6070657642231189,0.0,0.0]",0,DESPENSA Y ABARROTES
MARCO POLO,UNIMARC,DESPENSA,2350.0,0.0,0.0,"[2350.0,0.0,0.0]","[0.3412929535704137,0.0,0.0]",0,DESPENSA Y ABARROTES
MAGGI,UNIMARC,DESPENSA,2000.0,0.0,0.0,"[2000.0,0.0,0.0]","[0.29046208814503294,0.0,0.0]",0,DESPENSA Y ABARROTES
CAROZZI,UNIMARC,DESPENSA,21590.0,0.0,0.0,"[21590.0,0.0,0.0]","[3.1355382415256305,0.0,0.0]",0,DESPENSA Y ABARROTES
NUESTRA COCINA,UNIMARC,DESPENSA,1590.0,0.0,0.0,"[1590.0,0.0,0.0]","[0.2309173600753012,0.0,0.0]",0,DESPENSA Y ABARROTES
MAGGI,UNIMARC,DESPENSA,31580.0,0.0,0.0,"[31580.0,0.0,0.0]","[4.58639637181007,0.0,0.0]",0,DESPENSA Y ABARROTES
LAYS,UNIMARC,DESPENSA,2490.0,0.0,0.0,"[2490.0,0.0,0.0]","[0.361625299740566,0.0,0.0]",0,DESPENSA Y ABARROTES
SELECTA,UNIMARC,DESPENSA,2490.0,0.0,0.0,"[2490.0,0.0,0.0]","[0.361625299740566,0.0,0.0]",0,DESPENSA Y ABARROTES
VIVO,UNIMARC,DESPENSA,1090.0,0.0,0.0,"[1090.0,0.0,0.0]","[0.15830183803904296,0.0,0.0]",0,DESPENSA Y ABARROTES
U MAS AHORRO,UNIMARC,DESPENSA,1190.0,0.0,0.0,"[1190.0,0.0,0.0]","[0.1728249424462946,0.0,0.0]",0,DESPENSA Y ABARROTES
NATUREZZA,UNIMARC,DESPENSA,21490.0,0.0,0.0,"[21490.0,0.0,0.0]","[3.121015137118379,0.0,0.0]",0,DESPENSA Y ABARROTES
NATUREZZA,UNIMARC,DESPENSA,21490.0,0.0,0.0,"[21490.0,0.0,0.0]","[3.121015137118379,0.0,0.0]",0,DESPENSA Y ABARROTES
WASIL,UNIMARC,DESPENSA,2590.0,0.0,0.0,"[2590.0,0.0,0.0]","[0.3761484041478177,0.0,0.0]",0,DESPENSA Y ABARROTES
MAGGI,UNIMARC,DESPENSA,1290.0,0.0,0.0,"[1290.0,0.0,0.0]","[0.18734804685354625,0.0,0.0]",0,DESPENSA Y ABARROTES
LUCCHETTI,UNIMARC,DESPENSA,1090.0,0.0,0.0,"[1090.0,0.0,0.0]","[0.15830183803904296,0.0,0.0]",0,DESPENSA Y ABARROTES
EVERCRISP,UNIMARC,DESPENSA,3190.0,0.0,0.0,"[3190.0,0.0,0.0]","[0.46328703059132753,0.0,0.0]",0,DESPENSA Y ABARROTES
SELECTA,UNIMARC,DESPENSA,1330.0,0.0,0.0,"[1330.0,0.0,0.0]","[0.1931572886164469,0.0,0.0]",0,DESPENSA Y ABARROTES
PANCHO VILLA,UNIMARC,DESPENSA,1350.0,0.0,0.0,"[1350.0,0.0,0.0]","[0.19606190949789723,0.0,0.0]",0,DESPENSA Y ABARROTES
TENTO,UNIMARC,DESPENSA,2650.0,0.0,0.0,"[2650.0,0.0,0.0]","[0.3848622667921687,0.0,0.0]",0,DESPENSA Y ABARROTES
MARCO POLO,UNIMARC,DESPENSA,2080.0,0.0,0.0,"[2080.0,0.0,0.0]","[0.30208057167083424,0.0,0.0]",0,DESPENSA Y ABARROTES
GOURMET,UNIMARC,DESPENSA,1000.0,0.0,0.0,"[1000.0,0.0,0.0]","[0.14523104407251647,0.0,0.0]",0,DESPENSA Y ABARROTES
TRAVERSO,UNIMARC,DESPENSA,2550.0,0.0,0.0,"[2550.0,0.0,0.0]","[0.370339162384917,0.0,0.0]",0,DESPENSA Y ABARROTES
GOURMET,UNIMARC,DESPENSA,1000.0,0.0,0.0,"[1000.0,0.0,0.0]","[0.14523104407251647,0.0,0.0]",0,DESPENSA Y ABARROTES
SELECTA,UNIMARC,DESPENSA,4550.0,0.0,0.0,"[4550.0,0.0,0.0]","[0.66080125052995,0.0,0.0]",0,DESPENSA Y ABARROTES
KRAFT,UNIMARC,DESPENSA,1000.0,0.0,0.0,"[1000.0,0.0,0.0]","[0.14523104407251647,0.0,0.0]",0,DESPENSA Y ABARROTES
NUESTRA COCINA,UNIMARC,DESPENSA,1790.0,0.0,0.0,"[1790.0,0.0,0.0]","[0.2599635688898045,0.0,0.0]",0,DESPENSA Y ABARROTES
MARCO POLO,UNIMARC,DESPENSA,2790.0,0.0,0.0,"[2790.0,0.0,0.0]","[0.40519461296232095,0.0,0.0]",0,DESPENSA Y ABARROTES
EVERCRISP,UNIMARC,DESPENSA,2300.0,0.0,0.0,"[2300.0,0.0,0.0]","[0.3340314013667879,0.0,0.0]",0,DESPENSA Y ABARROTES
MARCO POLO,UNIMARC,DESPENSA,2790.0,0.0,0.0,"[2790.0,0.0,0.0]","[0.40519461296232095,0.0,0.0]",0,DESPENSA Y ABARROTES
NOT MAYO,UNIMARC,DESPENSA,2990.0,0.0,0.0,"[2990.0,0.0,0.0]","[0.43424082177682427,0.0,0.0]",0,DESPENSA Y ABARROTES
GOURMET,UNIMARC,DESPENSA,1000.0,0.0,0.0,"[1000.0,0.0,0.0]","[0.14523104407251647,0.0,0.0]",0,DESPENSA Y ABARROTES
COSTA,UNIMARC,DESPENSA,1770.0,0.0,0.0,"[1770.0,0.0,0.0]","[0.25705894800835416,0.0,0.0]",0,DESPENSA Y ABARROTES
KRAFT,UNIMARC,DESPENSA,4950.0,0.0,0.0,"[4950.0,0.0,0.0]","[0.7188936681589565,0.0,0.0]",0,DESPENSA Y ABARROTES
MILLANTU,UNIMARC,DESPENSA,650.0,0.0,0.0,"[650.0,0.0,0.0]","[0.09440017864713571,0.0,0.0]",0,DESPENSA Y ABARROTES
KAZAI,UNIMARC,DESPENSA,1120.0,0.0,0.0,"[1120.0,0.0,0.0]","[0.16265876936121845,0.0,0.0]",0,DESPENSA Y ABARROTES
PANCHO VILLA,UNIMARC,DESPENSA,3290.0,0.0,0.0,"[3290.0,0.0,0.0]","[0.4778101349985792,0.0,0.0]",0,DESPENSA Y ABARROTES
TRAVERSO,UNIMARC,DESPENSA,2550.0,0.0,0.0,"[2550.0,0.0,0.0]","[0.370339162384917,0.0,0.0]",0,DESPENSA Y ABARROTES
BARILLA,UNIMARC,DESPENSA,2850.0,0.0,0.0,"[2850.0,0.0,0.0]","[0.41390847560667193,0.0,0.0]",0,DESPENSA Y ABARROTES
ROBINSON CRUSOE,UNIMARC,DESPENSA,2730.0,0.0,0.0,"[2730.0,0.0,0.0]","[0.39648075031797,0.0,0.0]",0,DESPENSA Y ABARROTES
KAZAI,UNIMARC,DESPENSA,1120.0,0.0,0.0,"[1120.0,0.0,0.0]","[0.16265876936121845,0.0,0.0]",0,DESPENSA Y ABARROTES
IANSA,UNIMARC,DESPENSA,2000.0,0.0,0.0,"[2000.0,0.0,0.0]","[0.29046208814503294,0.0,0.0]",0,DESPENSA Y ABARROTES
WASIL,UNIMARC,DESPENSA,3590.0,0.0,0.0,"[3590.0,0.0,0.0]","[0.5213794482203341,0.0,0.0]",0,DESPENSA Y ABARROTES
BANQUETE,UNIMARC,DESPENSA,3750.0,0.0,0.0,"[3750.0,0.0,0.0]","[0.5446164152719368,0.0,0.0]",0,DESPENSA Y ABARROTES
NUESTRA COCINA,UNIMARC,DESPENSA,1290.0,0.0,0.0,"[1290.0,0.0,0.0]","[0.18734804685354625,0.0,0.0]",0,DESPENSA Y ABARROTES
IANSA CERO K,UNIMARC,DESPENSA,3520.0,0.0,0.0,"[3520.0,0.0,0.0]","[0.511213275135258,0.0,0.0]",0,DESPENSA Y ABARROTES
FRUTISA,UNIMARC,DESPENSA,5950.0,0.0,0.0,"[5950.0,0.0,0.0]","[0.864124712231473,0.0,0.0]",0,DESPENSA Y ABARROTES
MILLANTU,UNIMARC,DESPENSA,2740.0,0.0,0.0,"[2740.0,0.0,0.0]","[0.39793306075869517,0.0,0.0]",0,DESPENSA Y ABARROTES
KAZAI,UNIMARC,DESPENSA,1120.0,0.0,0.0,"[1120.0,0.0,0.0]","[0.16265876936121845,0.0,0.0]",0,DESPENSA Y ABARROTES
BARILLA,UNIMARC,DESPENSA,2850.0,0.0,0.0,"[2850.0,0.0,0.0]","[0.41390847560667193,0.0,0.0]",0,DESPENSA Y ABARROTES
ETRE BIEN,UNIMARC,DESPENSA,4990.0,0.0,0.0,"[4990.0,0.0,0.0]","[0.7247029099218573,0.0,0.0]",0,DESPENSA Y ABARROTES
MILLANTU,UNIMARC,DESPENSA,690.0,0.0,0.0,"[690.0,0.0,0.0]","[0.10020942041003637,0.0,0.0]",0,DESPENSA Y ABARROTES
WASIL,UNIMARC,DESPENSA,1250.0,0.0,0.0,"[1250.0,0.0,0.0]","[0.1815388050906456,0.0,0.0]",0,DESPENSA Y ABARROTES
HEINZ,UNIMARC,DESPENSA,5290.0,0.0,0.0,"[5290.0,0.0,0.0]","[0.7682722231436122,0.0,0.0]",0,DESPENSA Y ABARROTES
HELLMANNS,UNIMARC,DESPENSA,3490.0,0.0,0.0,"[3490.0,0.0,0.0]","[0.5068563438130825,0.0,0.0]",0,DESPENSA Y ABARROTES
PF LISTO,UNIMARC,DESPENSA,3690.0,0.0,0.0,"[3690.0,0.0,0.0]","[0.5359025526275858,0.0,0.0]",0,DESPENSA Y ABARROTES
MARCO POLO,UNIMARC,DESPENSA,2350.0,0.0,0.0,"[2350.0,0.0,0.0]","[0.3412929535704137,0.0,0.0]",0,DESPENSA Y ABARROTES
PF LISTO,UNIMARC,DESPENSA,3690.0,0.0,0.0,"[3690.0,0.0,0.0]","[0.5359025526275858,0.0,0.0]",0,DESPENSA Y ABARROTES
PRINGLES,UNIMARC,DESPENSA,1870.0,0.0,0.0,"[1870.0,0.0,0.0]","[0.2715820524156058,0.0,0.0]",0,DESPENSA Y ABARROTES
HELLMANNS,UNIMARC,DESPENSA,3490.0,0.0,0.0,"[3490.0,0.0,0.0]","[0.5068563438130825,0.0,0.0]",0,DESPENSA Y ABARROTES
CARICIA,UNIMARC,DESPENSA,830.0,0.0,0.0,"[830.0,0.0,0.0]","[0.12054176658018867,0.0,0.0]",0,DESPENSA Y ABARROTES
MILLANTU,UNIMARC,DESPENSA,690.0,0.0,0.0,"[690.0,0.0,0.0]","[0.10020942041003637,0.0,0.0]",0,DESPENSA Y ABARROTES
SEMBRASOL,UNIMARC,DESPENSA,3300.0,0.0,0.0,"[3300.0,0.0,0.0]","[0.47926244543930435,0.0,0.0]",0,DESPENSA Y ABARROTES
WASIL,UNIMARC,DESPENSA,4900.0,0.0,0.0,"[4900.0,0.0,0.0]","[0.7116321159553307,0.0,0.0]",0,DESPENSA Y ABARROTES
MILLANTU,UNIMARC,DESPENSA,690.0,0.0,0.0,"[690.0,0.0,0.0]","[0.10020942041003637,0.0,0.0]",0,DESPENSA Y ABARROTES
NAT,UNIMARC,DESPENSA,4120.0,0.0,0.0,"[4120.0,0.0,0.0]","[0.5983519015787678,0.0,0.0]",0,DESPENSA Y ABARROTES
MILLANTU,UNIMARC,DESPENSA,730.0,0.0,0.0,"[730.0,0.0,0.0]","[0.10601866217293703,0.0,0.0]",0,DESPENSA Y ABARROTES
MARCO POLO,UNIMARC,DESPENSA,2350.0,0.0,0.0,"[2350.0,0.0,0.0]","[0.3412929535704137,0.0,0.0]",0,DESPENSA Y ABARROTES
SUK,UNIMARC,DESPENSA,5250.0,0.0,0.0,"[5250.0,0.0,0.0]","[0.7624629813807114,0.0,0.0]",0,DESPENSA Y ABARROTES
LIVEAN,UNIMARC,DESPENSA,890.0,0.0,0.0,"[890.0,0.0,0.0]","[0.12925562922453968,0.0,0.0]",0,DESPENSA Y ABARROTES
COSTA,UNIMARC,DESPENSA,1770.0,0.0,0.0,"[1770.0,0.0,0.0]","[0.25705894800835416,0.0,0.0]",0,DESPENSA Y ABARROTES
NUESTRA COCINA,UNIMARC,DESPENSA,990.0,0.0,0.0,"[990.0,0.0,0.0]","[0.1437787336317913,0.0,0.0]",0,DESPENSA Y ABARROTES
MILLANTU,UNIMARC,DESPENSA,1230.0,0.0,0.0,"[1230.0,0.0,0.0]","[0.17863418420919527,0.0,0.0]",0,DESPENSA Y ABARROTES
ALWADI,UNIMARC,DESPENSA,9500.0,0.0,0.0,"[9500.0,0.0,0.0]","[1.3796949186889065,0.0,0.0]",0,DESPENSA Y ABARROTES
SELECTA,UNIMARC,DESPENSA,2390.0,0.0,0.0,"[2390.0,0.0,0.0]","[0.3471021953333144,0.0,0.0]",0,DESPENSA Y ABARROTES
EVERCRISP,UNIMARC,DESPENSA,2000.0,0.0,0.0,"[2000.0,0.0,0.0]","[0.29046208814503294,0.0,0.0]",0,DESPENSA Y ABARROTES
PEARL RIVER BRIDGE,UNIMARC,DESPENSA,3490.0,0.0,0.0,"[3490.0,0.0,0.0]","[0.5068563438130825,0.0,0.0]",0,DESPENSA Y ABARROTES
HOFFMANN,UNIMARC,DESPENSA,1490.0,0.0,0.0,"[1490.0,0.0,0.0]","[0.21639425566804954,0.0,0.0]",0,DESPENSA Y ABARROTES
NUESTRA COCINA,UNIMARC,DESPENSA,560.0,0.0,0.0,"[560.0,0.0,0.0]","[0.08132938468060923,0.0,0.0]",0,DESPENSA Y ABARROTES
NUESTRA COCINA,UNIMARC,DESPENSA,2990.0,0.0,0.0,"[2990.0,0.0,0.0]","[0.43424082177682427,0.0,0.0]",0,DESPENSA Y ABARROTES
NUESTRA COCINA,UNIMARC,DESPENSA,3990.0,0.0,0.0,"[3990.0,0.0,0.0]","[0.5794718658493407,0.0,0.0]",0,DESPENSA Y ABARROTES
ESMERALDA,UNIMARC,DESPENSA,890.0,0.0,0.0,"[890.0,0.0,0.0]","[0.12925562922453968,0.0,0.0]",0,DESPENSA Y ABARROTES
STOLLENWERK,UNIMARC,DESPENSA,5390.0,0.0,0.0,"[5390.0,0.0,0.0]","[0.7827953275508638,0.0,0.0]",0,DESPENSA Y ABARROTES
BUKA,UNIMARC,DESPENSA,500.0,0.0,0.0,"[500.0,0.0,0.0]","[0.07261552203625823,0.0,0.0]",0,DESPENSA Y ABARROTES
ESMERALDA,UNIMARC,DESPENSA,2250.0,0.0,0.0,"[2250.0,0.0,0.0]","[0.3267698491631621,0.0,0.0]",0,DESPENSA Y ABARROTES
TAKIS,UNIMARC,DESPENSA,1090.0,0.0,0.0,"[1090.0,0.0,0.0]","[0.15830183803904296,0.0,0.0]",0,DESPENSA Y ABARROTES
ESMERALDA,UNIMARC,DESPENSA,3490.0,0.0,0.0,"[3490.0,0.0,0.0]","[0.5068563438130825,0.0,0.0]",0,DESPENSA Y ABARROTES
LA FUENTE NATURAL,UNIMARC,DESPENSA,2390.0,0.0,0.0,"[2390.0,0.0,0.0]","[0.3471021953333144,0.0,0.0]",0,DESPENSA Y ABARROTES
ESMERALDA,UNIMARC,DESPENSA,1990.0,0.0,0.0,"[1990.0,0.0,0.0]","[0.2890097777043078,0.0,0.0]",0,DESPENSA Y ABARROTES
ESMERALDA,UNIMARC,DESPENSA,2390.0,0.0,0.0,"[2390.0,0.0,0.0]","[0.3471021953333144,0.0,0.0]",0,DESPENSA Y ABARROTES
TRAVERSO,UNIMARC,DESPENSA,1190.0,0.0,0.0,"[1190.0,0.0,0.0]","[0.1728249424462946,0.0,0.0]",0,DESPENSA Y ABARROTES
NUESTRA COCINA,UNIMARC,DESPENSA,1190.0,0.0,0.0,"[1190.0,0.0,0.0]","[0.1728249424462946,0.0,0.0]",0,DESPENSA Y ABARROTES
NUESTRA COCINA,UNIMARC,DESPENSA,1390.0,0.0,0.0,"[1390.0,0.0,0.0]","[0.2018711512607979,0.0,0.0]",0,DESPENSA Y ABARROTES
MANADA,UNIMARC,DESPENSA,3490.0,0.0,0.0,"[3490.0,0.0,0.0]","[0.5068563438130825,0.0,0.0]",0,DESPENSA Y ABARROTES
ESMERALDA,UNIMARC,DESPENSA,2250.0,0.0,0.0,"[2250.0,0.0,0.0]","[0.3267698491631621,0.0,0.0]",0,DESPENSA Y ABARROTES
KARDAMILI,UNIMARC,DESPENSA,4690.0,0.0,0.0,"[4690.0,0.0,0.0]","[0.6811335967001023,0.0,0.0]",0,DESPENSA Y ABARROTES
ESMERALDA,UNIMARC,DESPENSA,1990.0,0.0,0.0,"[1990.0,0.0,0.0]","[0.2890097777043078,0.0,0.0]",0,DESPENSA Y ABARROTES
KAZAI,UNIMARC,DESPENSA,4750.0,0.0,0.0,"[4750.0,0.0,0.0]","[0.6898474593444532,0.0,0.0]",0,DESPENSA Y ABARROTES
SEMBRASOL,UNIMARC,DESPENSA,4190.0,0.0,0.0,"[4190.0,0.0,0.0]","[0.608518074663844,0.0,0.0]",0,DESPENSA Y ABARROTES
GOURMET,UNIMARC,DESPENSA,3750.0,0.0,0.0,"[3750.0,0.0,0.0]","[0.5446164152719368,0.0,0.0]",0,DESPENSA Y ABARROTES
WASIL,UNIMARC,DESPENSA,1650.0,0.0,0.0,"[1650.0,0.0,0.0]","[0.23963122271965218,0.0,0.0]",0,DESPENSA Y ABARROTES
LOBOS,UNIMARC,DESPENSA,3790.0,0.0,0.0,"[3790.0,0.0,0.0]","[0.5504256570348375,0.0,0.0]",0,DESPENSA Y ABARROTES
EVERCRISP,UNIMARC,DESPENSA,1290.0,0.0,0.0,"[1290.0,0.0,0.0]","[0.18734804685354625,0.0,0.0]",0,DESPENSA Y ABARROTES
HUASCO,UNIMARC,DESPENSA,26850.0,0.0,0.0,"[26850.0,0.0,0.0]","[3.8994535333470672,0.0,0.0]",0,DESPENSA Y ABARROTES
LA FUENTE NATURAL,UNIMARC,DESPENSA,3590.0,0.0,0.0,"[3590.0,0.0,0.0]","[0.5213794482203341,0.0,0.0]",0,DESPENSA Y ABARROTES
OSO,UNIMARC,DESPENSA,1490.0,0.0,0.0,"[1490.0,0.0,0.0]","[0.21639425566804954,0.0,0.0]",0,DESPENSA Y ABARROTES
ESMERALDA,UNIMARC,DESPENSA,2690.0,0.0,0.0,"[2690.0,0.0,0.0]","[0.3906715085550693,0.0,0.0]",0,DESPENSA Y ABARROTES
IANSA AGRO,UNIMARC,DESPENSA,1690.0,0.0,0.0,"[1690.0,0.0,0.0]","[0.24544046448255286,0.0,0.0]",0,DESPENSA Y ABARROTES
LUCCHETTI,UNIMARC,DESPENSA,1350.0,0.0,0.0,"[1350.0,0.0,0.0]","[0.19606190949789723,0.0,0.0]",0,DESPENSA Y ABARROTES
VIVO,UNIMARC,DESPENSA,1150.0,0.0,0.0,"[1150.0,0.0,0.0]","[0.16701570068339394,0.0,0.0]",0,DESPENSA Y ABARROTES
GIADA,UNIMARC,DESPENSA,6950.0,0.0,0.0,"[6950.0,0.0,0.0]","[1.0093557563039894,0.0,0.0]",0,DESPENSA Y ABARROTES
PURISNACKS,UNIMARC,DESPENSA,2990.0,0.0,0.0,"[2990.0,0.0,0.0]","[0.43424082177682427,0.0,0.0]",0,DESPENSA Y ABARROTES
STOLLENWERK,UNIMARC,DESPENSA,6550.0,0.0,0.0,"[6550.0,0.0,0.0]","[0.9512633386749829,0.0,0.0]",0,DESPENSA Y ABARROTES
ESMERALDA,UNIMARC,DESPENSA,2950.0,0.0,0.0,"[2950.0,0.0,0.0]","[0.4284315800139236,0.0,0.0]",0,DESPENSA Y ABARROTES
FRUTISA,UNIMARC,DESPENSA,1590.0,0.0,0.0,"[1590.0,0.0,0.0]","[0.2309173600753012,0.0,0.0]",0,DESPENSA Y ABARROTES
NUESTRA COCINA,UNIMARC,DESPENSA,1650.0,0.0,0.0,"[1650.0,0.0,0.0]","[0.23963122271965218,0.0,0.0]",0,DESPENSA Y ABARROTES
ESMERALDA,UNIMARC,DESPENSA,2790.0,0.0,0.0,"[2790.0,0.0,0.0]","[0.40519461296232095,0.0,0.0]",0,DESPENSA Y ABARROTES
KRYZPO,UNIMARC,DESPENSA,2290.0,0.0,0.0,"[2290.0,0.0,0.0]","[0.33257909092606275,0.0,0.0]",0,DESPENSA Y ABARROTES
PERELLO,UNIMARC,DESPENSA,2990.0,0.0,0.0,"[2990.0,0.0,0.0]","[0.43424082177682427,0.0,0.0]",0,DESPENSA Y ABARROTES
BANQUETE,UNIMARC,DESPENSA,3190.0,0.0,0.0,"[3190.0,0.0,0.0]","[0.46328703059132753,0.0,0.0]",0,DESPENSA Y ABARROTES
MARUCHAN,UNIMARC,DESPENSA,1390.0,0.0,0.0,"[1390.0,0.0,0.0]","[0.2018711512607979,0.0,0.0]",0,DESPENSA Y ABARROTES
EVERCRISP,UNIMARC,DESPENSA,1590.0,0.0,0.0,"[1590.0,0.0,0.0]","[0.2309173600753012,0.0,0.0]",0,DESPENSA Y ABARROTES
BELMONT,UNIMARC,DESPENSA,16290.0,0.0,0.0,"[16290.0,0.0,0.0]","[2.3658137079412933,0.0,0.0]",0,DESPENSA Y ABARROTES
TRAVERSO,UNIMARC,DESPENSA,1190.0,0.0,0.0,"[1190.0,0.0,0.0]","[0.1728249424462946,0.0,0.0]",0,DESPENSA Y ABARROTES
NUESTRA COCINA,UNIMARC,DESPENSA,690.0,0.0,0.0,"[690.0,0.0,0.0]","[0.10020942041003637,0.0,0.0]",0,DESPENSA Y ABARROTES
LA FERMENTISTA,UNIMARC,DESPENSA,6290.0,0.0,0.0,"[6290.0,0.0,0.0]","[0.9135032672161286,0.0,0.0]",0,DESPENSA Y ABARROTES
BROTA,UNIMARC,DESPENSA,6990.0,0.0,0.0,"[6990.0,0.0,0.0]","[1.0151649980668902,0.0,0.0]",0,DESPENSA Y ABARROTES
EVERCRISP,UNIMARC,DESPENSA,590.0,0.0,0.0,"[590.0,0.0,0.0]","[0.08568631600278472,0.0,0.0]",0,DESPENSA Y ABARROTES
DIMME,UNIMARC,DESPENSA,2690.0,0.0,0.0,"[2690.0,0.0,0.0]","[0.3906715085550693,0.0,0.0]",0,DESPENSA Y ABARROTES
ESMERALDA,UNIMARC,DESPENSA,1350.0,0.0,0.0,"[1350.0,0.0,0.0]","[0.19606190949789723,0.0,0.0]",0,DESPENSA Y ABARROTES
MALLOA,UNIMARC,DESPENSA,890.0,0.0,0.0,"[890.0,0.0,0.0]","[0.12925562922453968,0.0,0.0]",0,DESPENSA Y ABARROTES
FRUTOS SECOS GRANEL,UNIMARC,DESPENSA,2728.0,0.0,0.0,"[2728.0,0.0,0.0]","[0.39619028822982494,0.0,0.0]",0,DESPENSA Y ABARROTES
NUCETE,UNIMARC,DESPENSA,3450.0,0.0,0.0,"[3450.0,0.0,0.0]","[0.5010471020501819,0.0,0.0]",0,DESPENSA Y ABARROTES
PURISNACKS,UNIMARC,DESPENSA,2650.0,0.0,0.0,"[2650.0,0.0,0.0]","[0.3848622667921687,0.0,0.0]",0,DESPENSA Y ABARROTES
MIRAFLORES,UNIMARC,DESPENSA,1190.0,0.0,0.0,"[1190.0,0.0,0.0]","[0.1728249424462946,0.0,0.0]",0,DESPENSA Y ABARROTES
NUESTRA COCINA,UNIMARC,DESPENSA,1250.0,0.0,0.0,"[1250.0,0.0,0.0]","[0.1815388050906456,0.0,0.0]",0,DESPENSA Y ABARROTES
MAGGI,UNIMARC,DESPENSA,1090.0,0.0,0.0,"[1090.0,0.0,0.0]","[0.15830183803904296,0.0,0.0]",0,DESPENSA Y ABARROTES
NUESTRA COCINA,UNIMARC,DESPENSA,1550.0,0.0,0.0,"[1550.0,0.0,0.0]","[0.22510811831240055,0.0,0.0]",0,DESPENSA Y ABARROTES
OTRA,CUGAT,ACEITES,2990.0,3.0,17.0,"[2990.0,3.0,17.0]","[0.43424082177682427,2.2394227749293085,2.707687240609129]",1,DESPENSA Y ABARROTES
OTRA,CUGAT,ACEITES,1698.0,3.0,17.0,"[1698.0,3.0,17.0]","[0.24660231283513298,2.2394227749293085,2.707687240609129]",1,DESPENSA Y ABARROTES
LONCOLECHE,CUGAT,LACTEOS,1890.0,3.0,4.0,"[1890.0,3.0,4.0]","[0.2744866732970561,2.2394227749293085,0.6371028801433245]",2,LACTEOS Y FRESCOS
CALO,CUGAT,LACTEOS,8490.0,3.0,4.0,"[8490.0,3.0,4.0]","[1.233011564175665,2.2394227749293085,0.6371028801433245]",2,LACTEOS Y FRESCOS
CALO,CUGAT,LACTEOS,8490.0,3.0,4.0,"[8490.0,3.0,4.0]","[1.233011564175665,2.2394227749293085,0.6371028801433245]",2,LACTEOS Y FRESCOS
LONCOLECHE,CUGAT,LACTEOS,1890.0,3.0,4.0,"[1890.0,3.0,4.0]","[0.2744866732970561,2.2394227749293085,0.6371028801433245]",2,LACTEOS Y FRESCOS
LONCOLECHE,CUGAT,LACTEOS,1890.0,3.0,4.0,"[1890.0,3.0,4.0]","[0.2744866732970561,2.2394227749293085,0.6371028801433245]",2,LACTEOS Y FRESCOS
LONCOLECHE,CUGAT,LACTEOS,1890.0,3.0,4.0,"[1890.0,3.0,4.0]","[0.2744866732970561,2.2394227749293085,0.6371028801433245]",2,LACTEOS Y FRESCOS
OTRA,CUGAT,LACTEOS,7190.0,3.0,4.0,"[7190.0,3.0,4.0]","[1.0442112068813934,2.2394227749293085,0.6371028801433245]",2,LACTEOS Y FRESCOS
COLUN,CUGAT,LACTEOS,1990.0,3.0,4.0,"[1990.0,3.0,4.0]","[0.2890097777043078,2.2394227749293085,0.6371028801433245]",2,LACTEOS Y FRESCOS
SOPROLE,CUGAT,LACTEOS,690.0,3.0,4.0,"[690.0,3.0,4.0]","[0.10020942041003637,2.2394227749293085,0.6371028801433245]",2,LACTEOS Y FRESCOS
SOPROLE,CUGAT,LACTEOS,690.0,3.0,4.0,"[690.0,3.0,4.0]","[0.10020942041003637,2.2394227749293085,0.6371028801433245]",2,LACTEOS Y FRESCOS
COLUN,CUGAT,LACTEOS,4490.0,3.0,4.0,"[4490.0,3.0,4.0]","[0.652087387885599,2.2394227749293085,0.6371028801433245]",2,LACTEOS Y FRESCOS
LONCOLECHE,CUGAT,LACTEOS,3590.0,3.0,4.0,"[3590.0,3.0,4.0]","[0.5213794482203341,2.2394227749293085,0.6371028801433245]",2,LACTEOS Y FRESCOS
LONCOLECHE,CUGAT,LACTEOS,3590.0,3.0,4.0,"[3590.0,3.0,4.0]","[0.5213794482203341,2.2394227749293085,0.6371028801433245]",2,LACTEOS Y FRESCOS
LONCOLECHE,CUGAT,LACTEOS,3590.0,3.0,4.0,"[3590.0,3.0,4.0]","[0.5213794482203341,2.2394227749293085,0.6371028801433245]",2,LACTEOS Y FRESCOS
LONCOLECHE,CUGAT,LACTEOS,3590.0,3.0,4.0,"[3590.0,3.0,4.0]","[0.5213794482203341,2.2394227749293085,0.6371028801433245]",2,LACTEOS Y FRESCOS
LONCOLECHE,CUGAT,LACTEOS,3590.0,3.0,4.0,"[3590.0,3.0,4.0]","[0.5213794482203341,2.2394227749293085,0.6371028801433245]",2,LACTEOS Y FRESCOS
PAP,CUGAT,LACTEOS,690.0,3.0,4.0,"[690.0,3.0,4.0]","[0.10020942041003637,2.2394227749293085,0.6371028801433245]",2,LACTEOS Y FRESCOS
SOPROLE,CUGAT,LACTEOS,869.0,3.0,4.0,"[869.0,3.0,4.0]","[0.12620577729901683,2.2394227749293085,0.6371028801433245]",2,LACTEOS Y FRESCOS
COLUN,CUGAT,LACTEOS,3290.0,3.0,4.0,"[3290.0,3.0,4.0]","[0.4778101349985792,2.2394227749293085,0.6371028801433245]",2,LACTEOS Y FRESCOS
SOPROLE,CUGAT,LACTEOS,890.0,3.0,4.0,"[890.0,3.0,4.0]","[0.12925562922453968,2.2394227749293085,0.6371028801433245]",2,LACTEOS Y FRESCOS
SOPROLE,CUGAT,LACTEOS,890.0,3.0,4.0,"[890.0,3.0,4.0]","[0.12925562922453968,2.2394227749293085,0.6371028801433245]",2,LACTEOS Y FRESCOS
LIVEAN,CUGAT,LACTEOS,2690.0,3.0,4.0,"[2690.0,3.0,4.0]","[0.3906715085550693,2.2394227749293085,0.6371028801433245]",2,LACTEOS Y FRESCOS
OTRA,CUGAT,LACTEOS,690.0,3.0,4.0,"[690.0,3.0,4.0]","[0.10020942041003637,2.2394227749293085,0.6371028801433245]",2,LACTEOS Y FRESCOS
OTRA,CUGAT,LACTEOS,690.0,3.0,4.0,"[690.0,3.0,4.0]","[0.10020942041003637,2.2394227749293085,0.6371028801433245]",2,LACTEOS Y FRESCOS
OTRA,CUGAT,LACTEOS,690.0,3.0,4.0,"[690.0,3.0,4.0]","[0.10020942041003637,2.2394227749293085,0.6371028801433245]",2,LACTEOS Y FRESCOS
OTRA,CUGAT,LACTEOS,690.0,3.0,4.0,"[690.0,3.0,4.0]","[0.10020942041003637,2.2394227749293085,0.6371028801433245]",2,LACTEOS Y FRESCOS
OTRA,CUGAT,LACTEOS,690.0,3.0,4.0,"[690.0,3.0,4.0]","[0.10020942041003637,2.2394227749293085,0.6371028801433245]",2,LACTEOS Y FRESCOS
OTRA,CUGAT,LACTEOS,690.0,3.0,4.0,"[690.0,3.0,4.0]","[0.10020942041003637,2.2394227749293085,0.6371028801433245]",2,LACTEOS Y FRESCOS
LIVEAN,CUGAT,LACTEOS,639.0,3.0,4.0,"[639.0,3.0,4.0]","[0.09280263716233803,2.2394227749293085,0.6371028801433245]",2,LACTEOS Y FRESCOS
LIVEAN,CUGAT,LACTEOS,639.0,3.0,4.0,"[639.0,3.0,4.0]","[0.09280263716233803,2.2394227749293085,0.6371028801433245]",2,LACTEOS Y FRESCOS
LIVEAN,CUGAT,LACTEOS,639.0,3.0,4.0,"[639.0,3.0,4.0]","[0.09280263716233803,2.2394227749293085,0.6371028801433245]",2,LACTEOS Y FRESCOS
CALO,CUGAT,LACTEOS,5390.0,3.0,4.0,"[5390.0,3.0,4.0]","[0.7827953275508638,2.2394227749293085,0.6371028801433245]",2,LACTEOS Y FRESCOS
LIVEAN,CUGAT,LACTEOS,639.0,3.0,4.0,"[639.0,3.0,4.0]","[0.09280263716233803,2.2394227749293085,0.6371028801433245]",2,LACTEOS Y FRESCOS
LONCOLECHE,CUGAT,LACTEOS,629.0,3.0,4.0,"[629.0,3.0,4.0]","[0.09135032672161286,2.2394227749293085,0.6371028801433245]",2,LACTEOS Y FRESCOS
LONCOLECHE,CUGAT,LACTEOS,629.0,3.0,4.0,"[629.0,3.0,4.0]","[0.09135032672161286,2.2394227749293085,0.6371028801433245]",2,LACTEOS Y FRESCOS
LONCOLECHE,CUGAT,LACTEOS,629.0,3.0,4.0,"[629.0,3.0,4.0]","[0.09135032672161286,2.2394227749293085,0.6371028801433245]",2,LACTEOS Y FRESCOS
CUISINE & CO,SANTA ISABEL,DESPENSA,608.0,1.0,0.0,"[608.0,1.0,0.0]","[0.08830047479609002,0.7464742583097694,0.0]",0,DESPENSA Y ABARROTES
CUISINE & CO,SANTA ISABEL,DESPENSA,3890.0,1.0,0.0,"[3890.0,1.0,0.0]","[0.564948761442089,0.7464742583097694,0.0]",0,DESPENSA Y ABARROTES
MAXIMA,SANTA ISABEL,DESPENSA,770.0,1.0,0.0,"[770.0,1.0,0.0]","[0.11182790393583769,0.7464742583097694,0.0]",0,DESPENSA Y ABARROTES
LIPTON,SANTA ISABEL,DESPENSA,2990.0,1.0,0.0,"[2990.0,1.0,0.0]","[0.43424082177682427,0.7464742583097694,0.0]",0,DESPENSA Y ABARROTES
CUISINE & CO,SANTA ISABEL,DESPENSA,2650.0,1.0,0.0,"[2650.0,1.0,0.0]","[0.3848622667921687,0.7464742583097694,0.0]",0,DESPENSA Y ABARROTES
CUISINE & CO,SANTA ISABEL,DESPENSA,1890.0,1.0,0.0,"[1890.0,1.0,0.0]","[0.2744866732970561,0.7464742583097694,0.0]",0,DESPENSA Y ABARROTES
WASIL,SANTA ISABEL,DESPENSA,2550.0,1.0,0.0,"[2550.0,1.0,0.0]","[0.370339162384917,0.7464742583097694,0.0]",0,DESPENSA Y ABARROTES
KRAFT,SANTA ISABEL,DESPENSA,2290.0,1.0,0.0,"[2290.0,1.0,0.0]","[0.33257909092606275,0.7464742583097694,0.0]",0,DESPENSA Y ABARROTES
GOURMET,SANTA ISABEL,DESPENSA,1610.0,1.0,0.0,"[1610.0,1.0,0.0]","[0.23382198095675152,0.7464742583097694,0.0]",0,DESPENSA Y ABARROTES
CUISINE & CO,SANTA ISABEL,DESPENSA,7500.0,1.0,0.0,"[7500.0,1.0,0.0]","[1.0892328305438737,0.7464742583097694,0.0]",0,DESPENSA Y ABARROTES
DON JUAN,SANTA ISABEL,DESPENSA,1350.0,1.0,0.0,"[1350.0,1.0,0.0]","[0.19606190949789723,0.7464742583097694,0.0]",0,DESPENSA Y ABARROTES
VIVO,SANTA ISABEL,DESPENSA,3530.0,1.0,0.0,"[3530.0,1.0,0.0]","[0.5126655855759832,0.7464742583097694,0.0]",0,DESPENSA Y ABARROTES
TRAVERSO,SANTA ISABEL,DESPENSA,630.0,1.0,0.0,"[630.0,1.0,0.0]","[0.09149555776568538,0.7464742583097694,0.0]",0,DESPENSA Y ABARROTES
HEINZ,SANTA ISABEL,DESPENSA,4050.0,1.0,0.0,"[4050.0,1.0,0.0]","[0.5881857284936918,0.7464742583097694,0.0]",0,DESPENSA Y ABARROTES
CUISINE & CO,SANTA ISABEL,DESPENSA,1990.0,1.0,0.0,"[1990.0,1.0,0.0]","[0.2890097777043078,0.7464742583097694,0.0]",0,DESPENSA Y ABARROTES
MARUCHAN,SANTA ISABEL,LACTEOS Y CONGELADOS,720.0,1.0,1.0,"[720.0,1.0,1.0]","[0.10456635173221186,0.7464742583097694,0.15927572003583113]",0,LACTEOS Y FRESCOS
CUISINE & CO,SANTA ISABEL,DESPENSA,260.0,1.0,0.0,"[260.0,1.0,0.0]","[0.03776007145885428,0.7464742583097694,0.0]",0,DESPENSA Y ABARROTES
TARAGUI,SANTA ISABEL,DESPENSA,3530.0,1.0,0.0,"[3530.0,1.0,0.0]","[0.5126655855759832,0.7464742583097694,0.0]",0,DESPENSA Y ABARROTES
EN LINEA,SANTA ISABEL,DESPENSA,1790.0,1.0,0.0,"[1790.0,1.0,0.0]","[0.2599635688898045,0.7464742583097694,0.0]",0,DESPENSA Y ABARROTES
CUISINE & CO,SANTA ISABEL,DESPENSA,3990.0,1.0,0.0,"[3990.0,1.0,0.0]","[0.5794718658493407,0.7464742583097694,0.0]",0,DESPENSA Y ABARROTES
CUISINE & CO,SANTA ISABEL,DESPENSA,4030.0,1.0,0.0,"[4030.0,1.0,0.0]","[0.5852811076122414,0.7464742583097694,0.0]",0,DESPENSA Y ABARROTES
GOURMET,SANTA ISABEL,DESPENSA,840.0,1.0,0.0,"[840.0,1.0,0.0]","[0.12199407702091383,0.7464742583097694,0.0]",0,DESPENSA Y ABARROTES
MILO,SANTA ISABEL,DESPENSA,640.0,1.0,0.0,"[640.0,1.0,0.0]","[0.09294786820641054,0.7464742583097694,0.0]",0,DESPENSA Y ABARROTES
IANSA AGRO,SANTA ISABEL,DESPENSA,2290.0,1.0,0.0,"[2290.0,1.0,0.0]","[0.33257909092606275,0.7464742583097694,0.0]",0,DESPENSA Y ABARROTES
AMERICAN CLASSIC,SANTA ISABEL,DESPENSA,2590.0,1.0,0.0,"[2590.0,1.0,0.0]","[0.3761484041478177,0.7464742583097694,0.0]",0,DESPENSA Y ABARROTES
KRUGER,SANTA ISABEL,DESPENSA,4790.0,1.0,0.0,"[4790.0,1.0,0.0]","[0.6956567011073539,0.7464742583097694,0.0]",0,DESPENSA Y ABARROTES
CUISINE & CO,SANTA ISABEL,DESPENSA,830.0,1.0,0.0,"[830.0,1.0,0.0]","[0.12054176658018867,0.7464742583097694,0.0]",0,DESPENSA Y ABARROTES
NOGLUT,SANTA ISABEL,DESPENSA,1970.0,1.0,0.0,"[1970.0,1.0,0.0]","[0.2861051568228575,0.7464742583097694,0.0]",0,DESPENSA Y ABARROTES
TAJIN,SANTA ISABEL,DESPENSA,4690.0,1.0,0.0,"[4690.0,1.0,0.0]","[0.6811335967001023,0.7464742583097694,0.0]",0,DESPENSA Y ABARROTES
ALCAFOOD,SANTA ISABEL,DESPENSA,2130.0,1.0,0.0,"[2130.0,1.0,0.0]","[0.3093421238744601,0.7464742583097694,0.0]",0,DESPENSA Y ABARROTES
LIVEAN,SANTA ISABEL,DESPENSA,820.0,1.0,0.0,"[820.0,1.0,0.0]","[0.1190894561394635,0.7464742583097694,0.0]",0,DESPENSA Y ABARROTES
NESTLE,SANTA ISABEL,DESPENSA,3110.0,1.0,0.0,"[3110.0,1.0,0.0]","[0.4516685470655262,0.7464742583097694,0.0]",0,DESPENSA Y ABARROTES
COSTA,SANTA ISABEL,DESPENSA,3940.0,1.0,0.0,"[3940.0,1.0,0.0]","[0.572210313645715,0.7464742583097694,0.0]",0,DESPENSA Y ABARROTES
NO+GLUTEN,SANTA ISABEL,DESPENSA,6960.0,1.0,0.0,"[6960.0,1.0,0.0]","[1.0108080667447146,0.7464742583097694,0.0]",0,DESPENSA Y ABARROTES
NATUREZZA,SANTA ISABEL,DESPENSA,1170.0,1.0,0.0,"[1170.0,1.0,0.0]","[0.16992032156484427,0.7464742583097694,0.0]",0,DESPENSA Y ABARROTES
MAGGI,SANTA ISABEL,DESPENSA,600.0,1.0,0.0,"[600.0,1.0,0.0]","[0.08713862644350989,0.7464742583097694,0.0]",0,DESPENSA Y ABARROTES
QUAKER,SANTA ISABEL,DESPENSA,3730.0,1.0,0.0,"[3730.0,1.0,0.0]","[0.5417117943904864,0.7464742583097694,0.0]",0,DESPENSA Y ABARROTES
EXOTIC FOOD,SANTA ISABEL,DESPENSA,1043.0,1.0,0.0,"[1043.0,1.0,0.0]","[0.15147597896763468,0.7464742583097694,0.0]",0,DESPENSA Y ABARROTES
CUISINE & CO,SANTA ISABEL,DESPENSA,1990.0,1.0,0.0,"[1990.0,1.0,0.0]","[0.2890097777043078,0.7464742583097694,0.0]",0,DESPENSA Y ABARROTES
CARMENCITA,SANTA ISABEL,DESPENSA,1890.0,1.0,0.0,"[1890.0,1.0,0.0]","[0.2744866732970561,0.7464742583097694,0.0]",0,DESPENSA Y ABARROTES
AMBROSOLI,SANTA ISABEL,LACTEOS Y CONGELADOS,950.0,1.0,1.0,"[950.0,1.0,1.0]","[0.13796949186889065,0.7464742583097694,0.15927572003583113]",0,LACTEOS Y FRESCOS
VIVO,SANTA ISABEL,LACTEOS Y CONGELADOS,870.0,1.0,1.0,"[870.0,1.0,1.0]","[0.12635100834308932,0.7464742583097694,0.15927572003583113]",0,LACTEOS Y FRESCOS
AMBROSOLI,SANTA ISABEL,LACTEOS Y CONGELADOS,950.0,1.0,1.0,"[950.0,1.0,1.0]","[0.13796949186889065,0.7464742583097694,0.15927572003583113]",0,LACTEOS Y FRESCOS
CUISINE & CO,SANTA ISABEL,LACTEOS Y CONGELADOS,1110.0,1.0,1.0,"[1110.0,1.0,1.0]","[0.1612064589204933,0.7464742583097694,0.15927572003583113]",0,LACTEOS Y FRESCOS
VIVO,SANTA ISABEL,LACTEOS Y CONGELADOS,870.0,1.0,1.0,"[870.0,1.0,1.0]","[0.12635100834308932,0.7464742583097694,0.15927572003583113]",0,LACTEOS Y FRESCOS
CUISINE & CO,SANTA ISABEL,DESPENSA,970.0,1.0,0.0,"[970.0,1.0,0.0]","[0.14087411275034098,0.7464742583097694,0.0]",0,DESPENSA Y ABARROTES
AMBROSOLI,SANTA ISABEL,DESPENSA,1280.0,1.0,0.0,"[1280.0,1.0,0.0]","[0.1858957364128211,0.7464742583097694,0.0]",0,DESPENSA Y ABARROTES
THE WILD FOODS,SANTA ISABEL,DESPENSA,4990.0,1.0,0.0,"[4990.0,1.0,0.0]","[0.7247029099218573,0.7464742583097694,0.0]",0,DESPENSA Y ABARROTES
SOPROLE,SANTA ISABEL,DESPENSA,4840.0,1.0,0.0,"[4840.0,1.0,0.0]","[0.7029182533109798,0.7464742583097694,0.0]",0,DESPENSA Y ABARROTES
SAN JOSE,SANTA ISABEL,DESPENSA,1970.0,1.0,0.0,"[1970.0,1.0,0.0]","[0.2861051568228575,0.7464742583097694,0.0]",0,DESPENSA Y ABARROTES
CUISINE & CO,SANTA ISABEL,DESPENSA,3430.0,1.0,0.0,"[3430.0,1.0,0.0]","[0.4981424811687315,0.7464742583097694,0.0]",0,DESPENSA Y ABARROTES
OLAVE,SANTA ISABEL,DESPENSA,15890.0,1.0,0.0,"[15890.0,1.0,0.0]","[2.307721290312287,0.7464742583097694,0.0]",0,DESPENSA Y ABARROTES
CUISINE & CO,SANTA ISABEL,DESPENSA,1360.0,1.0,0.0,"[1360.0,1.0,0.0]","[0.1975142199386224,0.7464742583097694,0.0]",0,DESPENSA Y ABARROTES
ANGELMO,SANTA ISABEL,DESPENSA,2120.0,1.0,0.0,"[2120.0,1.0,0.0]","[0.30788981343373495,0.7464742583097694,0.0]",0,DESPENSA Y ABARROTES
MONT BLANC,SANTA ISABEL,DESPENSA,6630.0,1.0,0.0,"[6630.0,1.0,0.0]","[0.9628818222007842,0.7464742583097694,0.0]",0,DESPENSA Y ABARROTES
CUISINE & CO,SANTA ISABEL,DESPENSA,540.0,1.0,0.0,"[540.0,1.0,0.0]","[0.0784247637991589,0.7464742583097694,0.0]",0,DESPENSA Y ABARROTES
CUISINE & CO,SANTA ISABEL,DESPENSA,1490.0,1.0,0.0,"[1490.0,1.0,0.0]","[0.21639425566804954,0.7464742583097694,0.0]",0,DESPENSA Y ABARROTES
CAROZZI,SANTA ISABEL,DESPENSA,790.0,1.0,0.0,"[790.0,1.0,0.0]","[0.11473252481728802,0.7464742583097694,0.0]",0,DESPENSA Y ABARROTES
GOURMET,SANTA ISABEL,DESPENSA,750.0,1.0,0.0,"[750.0,1.0,0.0]","[0.10892328305438735,0.7464742583097694,0.0]",0,DESPENSA Y ABARROTES
CUISINE & CO,SANTA ISABEL,DESPENSA,1520.0,1.0,0.0,"[1520.0,1.0,0.0]","[0.22075118699022506,0.7464742583097694,0.0]",0,DESPENSA Y ABARROTES
GOURMET,SANTA ISABEL,DESPENSA,2130.0,1.0,0.0,"[2130.0,1.0,0.0]","[0.3093421238744601,0.7464742583097694,0.0]",0,DESPENSA Y ABARROTES
TRAVERSO,SANTA ISABEL,DESPENSA,4290.0,1.0,0.0,"[4290.0,1.0,0.0]","[0.6230411790710957,0.7464742583097694,0.0]",0,DESPENSA Y ABARROTES
CUISINE & CO,SANTA ISABEL,DESPENSA,790.0,1.0,0.0,"[790.0,1.0,0.0]","[0.11473252481728802,0.7464742583097694,0.0]",0,DESPENSA Y ABARROTES
CUISINE & CO,SANTA ISABEL,DESPENSA,410.0,1.0,0.0,"[410.0,1.0,0.0]","[0.05954472806973175,0.7464742583097694,0.0]",0,DESPENSA Y ABARROTES
MI TIERRA,SANTA ISABEL,DESPENSA,1390.0,1.0,0.0,"[1390.0,1.0,0.0]","[0.2018711512607979,0.7464742583097694,0.0]",0,DESPENSA Y ABARROTES
VIVO,SANTA ISABEL,DESPENSA,2850.0,1.0,0.0,"[2850.0,1.0,0.0]","[0.41390847560667193,0.7464742583097694,0.0]",0,DESPENSA Y ABARROTES
LA MOLISANA,SANTA ISABEL,DESPENSA,1294.0,1.0,0.0,"[1294.0,1.0,0.0]","[0.18792897102983633,0.7464742583097694,0.0]",0,DESPENSA Y ABARROTES
JB,SANTA ISABEL,DESPENSA,1610.0,1.0,0.0,"[1610.0,1.0,0.0]","[0.23382198095675152,0.7464742583097694,0.0]",0,DESPENSA Y ABARROTES
CAROZZI,SANTA ISABEL,DESPENSA,1190.0,1.0,0.0,"[1190.0,1.0,0.0]","[0.1728249424462946,0.7464742583097694,0.0]",0,DESPENSA Y ABARROTES
NESCAFE,SANTA ISABEL,DESPENSA,1790.0,1.0,0.0,"[1790.0,1.0,0.0]","[0.2599635688898045,0.7464742583097694,0.0]",0,DESPENSA Y ABARROTES
CUISINE & CO,SANTA ISABEL,DESPENSA,540.0,1.0,0.0,"[540.0,1.0,0.0]","[0.0784247637991589,0.7464742583097694,0.0]",0,DESPENSA Y ABARROTES
ROBINSON CRUSOE,SANTA ISABEL,DESPENSA,3690.0,1.0,0.0,"[3690.0,1.0,0.0]","[0.5359025526275858,0.7464742583097694,0.0]",0,DESPENSA Y ABARROTES
GOURMET,SANTA ISABEL,DESPENSA,860.0,1.0,0.0,"[860.0,1.0,0.0]","[0.12489869790236417,0.7464742583097694,0.0]",0,DESPENSA Y ABARROTES
CUISINE & CO,SANTA ISABEL,DESPENSA,4950.0,1.0,0.0,"[4950.0,1.0,0.0]","[0.7188936681589565,0.7464742583097694,0.0]",0,DESPENSA Y ABARROTES
CUISINE & CO,SANTA ISABEL,DESPENSA,2180.0,1.0,0.0,"[2180.0,1.0,0.0]","[0.3166036760780859,0.7464742583097694,0.0]",0,DESPENSA Y ABARROTES
DOS CABALLOS,SANTA ISABEL,DESPENSA,2550.0,1.0,0.0,"[2550.0,1.0,0.0]","[0.370339162384917,0.7464742583097694,0.0]",0,DESPENSA Y ABARROTES
THE WILD FOODS,SANTA ISABEL,DESPENSA,4990.0,1.0,0.0,"[4990.0,1.0,0.0]","[0.7247029099218573,0.7464742583097694,0.0]",0,DESPENSA Y ABARROTES
GOURMET,SANTA ISABEL,DESPENSA,700.0,1.0,0.0,"[700.0,1.0,0.0]","[0.10166173085076154,0.7464742583097694,0.0]",0,DESPENSA Y ABARROTES
MARTINI,SANTA ISABEL,DESPENSA,1240.0,1.0,0.0,"[1240.0,1.0,0.0]","[0.18008649464992044,0.7464742583097694,0.0]",0,DESPENSA Y ABARROTES
DON JUAN,SANTA ISABEL,DESPENSA,2070.0,1.0,0.0,"[2070.0,1.0,0.0]","[0.3006282612301091,0.7464742583097694,0.0]",0,DESPENSA Y ABARROTES
MILO,SANTA ISABEL,DESPENSA,3490.0,1.0,0.0,"[3490.0,1.0,0.0]","[0.5068563438130825,0.7464742583097694,0.0]",0,DESPENSA Y ABARROTES
CHOCAPIC,SANTA ISABEL,DESPENSA,3490.0,1.0,0.0,"[3490.0,1.0,0.0]","[0.5068563438130825,0.7464742583097694,0.0]",0,DESPENSA Y ABARROTES
IANSA AGRO,SANTA ISABEL,DESPENSA,1450.0,1.0,0.0,"[1450.0,1.0,0.0]","[0.2105850139051489,0.7464742583097694,0.0]",0,DESPENSA Y ABARROTES
CUISINE & CO,SANTA ISABEL,DESPENSA,3290.0,1.0,0.0,"[3290.0,1.0,0.0]","[0.4778101349985792,0.7464742583097694,0.0]",0,DESPENSA Y ABARROTES
KRUGER,SANTA ISABEL,DESPENSA,3890.0,1.0,0.0,"[3890.0,1.0,0.0]","[0.564948761442089,0.7464742583097694,0.0]",0,DESPENSA Y ABARROTES
GOURMET,SANTA ISABEL,LACTEOS Y CONGELADOS,830.0,1.0,1.0,"[830.0,1.0,1.0]","[0.12054176658018867,0.7464742583097694,0.15927572003583113]",0,LACTEOS Y FRESCOS
GOURMET,SANTA ISABEL,LACTEOS Y CONGELADOS,830.0,1.0,1.0,"[830.0,1.0,1.0]","[0.12054176658018867,0.7464742583097694,0.15927572003583113]",0,LACTEOS Y FRESCOS
MAGGI,SANTA ISABEL,LACTEOS Y CONGELADOS,1490.0,1.0,1.0,"[1490.0,1.0,1.0]","[0.21639425566804954,0.7464742583097694,0.15927572003583113]",0,LACTEOS Y FRESCOS
GOURMET,SANTA ISABEL,LACTEOS Y CONGELADOS,830.0,1.0,1.0,"[830.0,1.0,1.0]","[0.12054176658018867,0.7464742583097694,0.15927572003583113]",0,LACTEOS Y FRESCOS
MAGGI,SANTA ISABEL,LACTEOS Y CONGELADOS,900.0,1.0,1.0,"[900.0,1.0,1.0]","[0.13070793966526484,0.7464742583097694,0.15927572003583113]",0,LACTEOS Y FRESCOS
CUISINE & CO,SANTA ISABEL,DESPENSA,970.0,1.0,0.0,"[970.0,1.0,0.0]","[0.14087411275034098,0.7464742583097694,0.0]",0,DESPENSA Y ABARROTES
TRAVERSO,SANTA ISABEL,DESPENSA,4150.0,1.0,0.0,"[4150.0,1.0,0.0]","[0.6027088329009433,0.7464742583097694,0.0]",0,DESPENSA Y ABARROTES
KRAFT,SANTA ISABEL,DESPENSA,12490.0,1.0,0.0,"[12490.0,1.0,0.0]","[1.8139357404657308,0.7464742583097694,0.0]",0,DESPENSA Y ABARROTES
MIRAFLORES,SANTA ISABEL,DESPENSA,1150.0,1.0,0.0,"[1150.0,1.0,0.0]","[0.16701570068339394,0.7464742583097694,0.0]",0,DESPENSA Y ABARROTES
GOURMET,SANTA ISABEL,DESPENSA,320.0,1.0,0.0,"[320.0,1.0,0.0]","[0.04647393410320527,0.7464742583097694,0.0]",0,DESPENSA Y ABARROTES
MAGGI,SANTA ISABEL,DESPENSA,860.0,1.0,0.0,"[860.0,1.0,0.0]","[0.12489869790236417,0.7464742583097694,0.0]",0,DESPENSA Y ABARROTES
LONCOLECHE,SANTA ISABEL,DESPENSA,2000.0,1.0,0.0,"[2000.0,1.0,0.0]","[0.29046208814503294,0.7464742583097694,0.0]",0,DESPENSA Y ABARROTES
HELLMANNS,SANTA ISABEL,DESPENSA,3490.0,1.0,0.0,"[3490.0,1.0,0.0]","[0.5068563438130825,0.7464742583097694,0.0]",0,DESPENSA Y ABARROTES
MARTINI,SANTA ISABEL,DESPENSA,1860.0,1.0,0.0,"[1860.0,1.0,0.0]","[0.27012974197488065,0.7464742583097694,0.0]",0,DESPENSA Y ABARROTES
SOPROLE,SANTA ISABEL,DESPENSA,1860.0,1.0,0.0,"[1860.0,1.0,0.0]","[0.27012974197488065,0.7464742583097694,0.0]",0,DESPENSA Y ABARROTES
ESMERALDA,SANTA ISABEL,DESPENSA,2190.0,1.0,0.0,"[2190.0,1.0,0.0]","[0.31805598651881106,0.7464742583097694,0.0]",0,DESPENSA Y ABARROTES
CUISINE & CO,SANTA ISABEL,DESPENSA,2590.0,1.0,0.0,"[2590.0,1.0,0.0]","[0.3761484041478177,0.7464742583097694,0.0]",0,DESPENSA Y ABARROTES
LOBOS,SANTA ISABEL,DESPENSA,2280.0,1.0,0.0,"[2280.0,1.0,0.0]","[0.33112678048533756,0.7464742583097694,0.0]",0,DESPENSA Y ABARROTES
DAILY,SANTA ISABEL,DESPENSA,2232.0,1.0,0.0,"[2232.0,1.0,0.0]","[0.32415569036985675,0.7464742583097694,0.0]",0,DESPENSA Y ABARROTES
JUAN VALDEZ,SANTA ISABEL,DESPENSA,20270.0,1.0,0.0,"[20270.0,1.0,0.0]","[2.943833263349909,0.7464742583097694,0.0]",0,DESPENSA Y ABARROTES
KRAFT,SANTA ISABEL,DESPENSA,1000.0,1.0,0.0,"[1000.0,1.0,0.0]","[0.14523104407251647,0.7464742583097694,0.0]",0,DESPENSA Y ABARROTES
WASIL,SANTA ISABEL,DESPENSA,1990.0,1.0,0.0,"[1990.0,1.0,0.0]","[0.2890097777043078,0.7464742583097694,0.0]",0,DESPENSA Y ABARROTES
MAGGI,SANTA ISABEL,DESPENSA,5690.0,1.0,0.0,"[5690.0,1.0,0.0]","[0.8263646407726187,0.7464742583097694,0.0]",0,DESPENSA Y ABARROTES
SUPREMO,SANTA ISABEL,DESPENSA,5710.0,1.0,0.0,"[5710.0,1.0,0.0]","[0.8292692616540691,0.7464742583097694,0.0]",0,DESPENSA Y ABARROTES
BARILLA,SANTA ISABEL,DESPENSA,4670.0,1.0,0.0,"[4670.0,1.0,0.0]","[0.6782289758186519,0.7464742583097694,0.0]",0,DESPENSA Y ABARROTES
MAGGI,SANTA ISABEL,DESPENSA,970.0,1.0,0.0,"[970.0,1.0,0.0]","[0.14087411275034098,0.7464742583097694,0.0]",0,DESPENSA Y ABARROTES
MI TIERRA,SANTA ISABEL,DESPENSA,1570.0,1.0,0.0,"[1570.0,1.0,0.0]","[0.22801273919385087,0.7464742583097694,0.0]",0,DESPENSA Y ABARROTES
CLUB,SANTA ISABEL,DESPENSA,2350.0,1.0,0.0,"[2350.0,1.0,0.0]","[0.3412929535704137,0.7464742583097694,0.0]",0,DESPENSA Y ABARROTES
VIOLA,SANTA ISABEL,DESPENSA,5290.0,1.0,0.0,"[5290.0,1.0,0.0]","[0.7682722231436122,0.7464742583097694,0.0]",0,DESPENSA Y ABARROTES
GOURMET,SANTA ISABEL,DESPENSA,750.0,1.0,0.0,"[750.0,1.0,0.0]","[0.10892328305438735,0.7464742583097694,0.0]",0,DESPENSA Y ABARROTES
GOURMET,SANTA ISABEL,DESPENSA,2690.0,1.0,0.0,"[2690.0,1.0,0.0]","[0.3906715085550693,0.7464742583097694,0.0]",0,DESPENSA Y ABARROTES
CUISINE & CO,SANTA ISABEL,DESPENSA,540.0,1.0,0.0,"[540.0,1.0,0.0]","[0.0784247637991589,0.7464742583097694,0.0]",0,DESPENSA Y ABARROTES
CAROZZI,SANTA ISABEL,DESPENSA,690.0,1.0,0.0,"[690.0,1.0,0.0]","[0.10020942041003637,0.7464742583097694,0.0]",0,DESPENSA Y ABARROTES
CUISINE & CO,SANTA ISABEL,DESPENSA,7850.0,1.0,0.0,"[7850.0,1.0,0.0]","[1.1400636959692543,0.7464742583097694,0.0]",0,DESPENSA Y ABARROTES
LOBOS,SANTA ISABEL,DESPENSA,1720.0,1.0,0.0,"[1720.0,1.0,0.0]","[0.24979739580472834,0.7464742583097694,0.0]",0,DESPENSA Y ABARROTES
WASIL,SANTA ISABEL,DESPENSA,1820.0,1.0,0.0,"[1820.0,1.0,0.0]","[0.26432050021198,0.7464742583097694,0.0]",0,DESPENSA Y ABARROTES
VIVO,SANTA ISABEL,DESPENSA,870.0,1.0,0.0,"[870.0,1.0,0.0]","[0.12635100834308932,0.7464742583097694,0.0]",0,DESPENSA Y ABARROTES
GOURMET,SANTA ISABEL,DESPENSA,840.0,1.0,0.0,"[840.0,1.0,0.0]","[0.12199407702091383,0.7464742583097694,0.0]",0,DESPENSA Y ABARROTES
DAILY SWEET,SANTA ISABEL,DESPENSA,3072.0,1.0,0.0,"[3072.0,1.0,0.0]","[0.4461497673907706,0.7464742583097694,0.0]",0,DESPENSA Y ABARROTES
CUISINE & CO,SANTA ISABEL,DESPENSA,1460.0,1.0,0.0,"[1460.0,1.0,0.0]","[0.21203732434587405,0.7464742583097694,0.0]",0,DESPENSA Y ABARROTES
TIA LIA,SANTA ISABEL,DESPENSA,950.0,1.0,0.0,"[950.0,1.0,0.0]","[0.13796949186889065,0.7464742583097694,0.0]",0,DESPENSA Y ABARROTES
TIA LIA,SANTA ISABEL,DESPENSA,830.0,1.0,0.0,"[830.0,1.0,0.0]","[0.12054176658018867,0.7464742583097694,0.0]",0,DESPENSA Y ABARROTES
OLITALIA,SANTA ISABEL,DESPENSA,7990.0,1.0,0.0,"[7990.0,1.0,0.0]","[1.1603960421394066,0.7464742583097694,0.0]",0,DESPENSA Y ABARROTES
GOURMET,SANTA ISABEL,DESPENSA,860.0,1.0,0.0,"[860.0,1.0,0.0]","[0.12489869790236417,0.7464742583097694,0.0]",0,DESPENSA Y ABARROTES
CUISINE & CO,SANTA ISABEL,DESPENSA,540.0,1.0,0.0,"[540.0,1.0,0.0]","[0.0784247637991589,0.7464742583097694,0.0]",0,DESPENSA Y ABARROTES
LA MOLISANA,SANTA ISABEL,DESPENSA,1684.0,1.0,0.0,"[1684.0,1.0,0.0]","[0.24456907821811774,0.7464742583097694,0.0]",0,DESPENSA Y ABARROTES
DAILY,SANTA ISABEL,DESPENSA,3840.0,1.0,0.0,"[3840.0,1.0,0.0]","[0.5576872092384633,0.7464742583097694,0.0]",0,DESPENSA Y ABARROTES
CUISINE & CO,SANTA ISABEL,DESPENSA,3490.0,1.0,0.0,"[3490.0,1.0,0.0]","[0.5068563438130825,0.7464742583097694,0.0]",0,DESPENSA Y ABARROTES
CUISINE & CO,SANTA ISABEL,DESPENSA,1490.0,1.0,0.0,"[1490.0,1.0,0.0]","[0.21639425566804954,0.7464742583097694,0.0]",0,DESPENSA Y ABARROTES
PILLOWS,SANTA ISABEL,DESPENSA,2890.0,1.0,0.0,"[2890.0,1.0,0.0]","[0.41971771736957264,0.7464742583097694,0.0]",0,DESPENSA Y ABARROTES
NOTCO,SANTA ISABEL,DESPENSA,1990.0,1.0,0.0,"[1990.0,1.0,0.0]","[0.2890097777043078,0.7464742583097694,0.0]",0,DESPENSA Y ABARROTES
LOS BOLDOS,SANTA ISABEL,DESPENSA,3800.0,1.0,0.0,"[3800.0,1.0,0.0]","[0.5518779674755626,0.7464742583097694,0.0]",0,DESPENSA Y ABARROTES
GOURMET,SANTA ISABEL,DESPENSA,840.0,1.0,0.0,"[840.0,1.0,0.0]","[0.12199407702091383,0.7464742583097694,0.0]",0,DESPENSA Y ABARROTES
LA ESPAÑOLA,SANTA ISABEL,DESPENSA,3990.0,1.0,0.0,"[3990.0,1.0,0.0]","[0.5794718658493407,0.7464742583097694,0.0]",0,DESPENSA Y ABARROTES
CUISINE & CO,SANTA ISABEL,DESPENSA,1080.0,1.0,0.0,"[1080.0,1.0,0.0]","[0.1568495275983178,0.7464742583097694,0.0]",0,DESPENSA Y ABARROTES
CUISINE & CO,SANTA ISABEL,DESPENSA,790.0,1.0,0.0,"[790.0,1.0,0.0]","[0.11473252481728802,0.7464742583097694,0.0]",0,DESPENSA Y ABARROTES
OLITALIA,SANTA ISABEL,DESPENSA,4690.0,1.0,0.0,"[4690.0,1.0,0.0]","[0.6811335967001023,0.7464742583097694,0.0]",0,DESPENSA Y ABARROTES
WASIL,SANTA ISABEL,DESPENSA,2690.0,1.0,0.0,"[2690.0,1.0,0.0]","[0.3906715085550693,0.7464742583097694,0.0]",0,DESPENSA Y ABARROTES
GOURMET,SANTA ISABEL,DESPENSA,2380.0,1.0,0.0,"[2380.0,1.0,0.0]","[0.3456498848925892,0.7464742583097694,0.0]",0,DESPENSA Y ABARROTES
ROBINSON CRUSOE,SANTA ISABEL,DESPENSA,2890.0,1.0,0.0,"[2890.0,1.0,0.0]","[0.41971771736957264,0.7464742583097694,0.0]",0,DESPENSA Y ABARROTES
QUAKER,SANTA ISABEL,DESPENSA,2130.0,1.0,0.0,"[2130.0,1.0,0.0]","[0.3093421238744601,0.7464742583097694,0.0]",0,DESPENSA Y ABARROTES
DILMAH,SANTA ISABEL,DESPENSA,2550.0,1.0,0.0,"[2550.0,1.0,0.0]","[0.370339162384917,0.7464742583097694,0.0]",0,DESPENSA Y ABARROTES
OSO,SANTA ISABEL,DESPENSA,1300.0,1.0,0.0,"[1300.0,1.0,0.0]","[0.18880035729427141,0.7464742583097694,0.0]",0,DESPENSA Y ABARROTES
GOURMET,SANTA ISABEL,DESPENSA,750.0,1.0,0.0,"[750.0,1.0,0.0]","[0.10892328305438735,0.7464742583097694,0.0]",0,DESPENSA Y ABARROTES
OSO,SANTA ISABEL,DESPENSA,1470.0,1.0,0.0,"[1470.0,1.0,0.0]","[0.21348963478659921,0.7464742583097694,0.0]",0,DESPENSA Y ABARROTES
ROBINSON CRUSOE,SANTA ISABEL,DESPENSA,4360.0,1.0,0.0,"[4360.0,1.0,0.0]","[0.6332073521561719,0.7464742583097694,0.0]",0,DESPENSA Y ABARROTES
LUCCHETTI,SANTA ISABEL,DESPENSA,2340.0,1.0,0.0,"[2340.0,1.0,0.0]","[0.33984064312968854,0.7464742583097694,0.0]",0,DESPENSA Y ABARROTES
MAILEMU,SANTA ISABEL,DESPENSA,3900.0,1.0,0.0,"[3900.0,1.0,0.0]","[0.5664010718828143,0.7464742583097694,0.0]",0,DESPENSA Y ABARROTES
EN LINEA,SANTA ISABEL,DESPENSA,2890.0,1.0,0.0,"[2890.0,1.0,0.0]","[0.41971771736957264,0.7464742583097694,0.0]",0,DESPENSA Y ABARROTES
CUISINE & CO,SANTA ISABEL,DESPENSA,970.0,1.0,0.0,"[970.0,1.0,0.0]","[0.14087411275034098,0.7464742583097694,0.0]",0,DESPENSA Y ABARROTES
TRAPENSE,SANTA ISABEL,DESPENSA,2690.0,1.0,0.0,"[2690.0,1.0,0.0]","[0.3906715085550693,0.7464742583097694,0.0]",0,DESPENSA Y ABARROTES
ACONCAGUA,SANTA ISABEL,DESPENSA,2690.0,1.0,0.0,"[2690.0,1.0,0.0]","[0.3906715085550693,0.7464742583097694,0.0]",0,DESPENSA Y ABARROTES
TRAVERSO,SANTA ISABEL,DESPENSA,2190.0,1.0,0.0,"[2190.0,1.0,0.0]","[0.31805598651881106,0.7464742583097694,0.0]",0,DESPENSA Y ABARROTES
CUISINE & CO,SANTA ISABEL,DESPENSA,1080.0,1.0,0.0,"[1080.0,1.0,0.0]","[0.1568495275983178,0.7464742583097694,0.0]",0,DESPENSA Y ABARROTES
CUISINE & CO,SANTA ISABEL,DESPENSA,1750.0,1.0,0.0,"[1750.0,1.0,0.0]","[0.25415432712690383,0.7464742583097694,0.0]",0,DESPENSA Y ABARROTES
YOUR GOAL,SANTA ISABEL,DESPENSA,6990.0,1.0,0.0,"[6990.0,1.0,0.0]","[1.0151649980668902,0.7464742583097694,0.0]",0,DESPENSA Y ABARROTES
CUISINE & CO,SANTA ISABEL,DESPENSA,2990.0,1.0,0.0,"[2990.0,1.0,0.0]","[0.43424082177682427,0.7464742583097694,0.0]",0,DESPENSA Y ABARROTES
AMBROSOLI,SANTA ISABEL,DESPENSA,1260.0,1.0,0.0,"[1260.0,1.0,0.0]","[0.18299111553137076,0.7464742583097694,0.0]",0,DESPENSA Y ABARROTES
WASIL,SANTA ISABEL,DESPENSA,1190.0,1.0,0.0,"[1190.0,1.0,0.0]","[0.1728249424462946,0.7464742583097694,0.0]",0,DESPENSA Y ABARROTES
QUAKER,SANTA ISABEL,LACTEOS Y CONGELADOS,2080.0,1.0,1.0,"[2080.0,1.0,1.0]","[0.30208057167083424,0.7464742583097694,0.15927572003583113]",0,LACTEOS Y FRESCOS
HEINZ,SANTA ISABEL,DESPENSA,4050.0,1.0,0.0,"[4050.0,1.0,0.0]","[0.5881857284936918,0.7464742583097694,0.0]",0,DESPENSA Y ABARROTES
VITTA,SANTA ISABEL,DESPENSA,6230.0,1.0,0.0,"[6230.0,1.0,0.0]","[0.9047894045717776,0.7464742583097694,0.0]",0,DESPENSA Y ABARROTES
TUCAPEL,SANTA ISABEL,DESPENSA,2340.0,1.0,0.0,"[2340.0,1.0,0.0]","[0.33984064312968854,0.7464742583097694,0.0]",0,DESPENSA Y ABARROTES
MAGGI,SANTA ISABEL,DESPENSA,1090.0,1.0,0.0,"[1090.0,1.0,0.0]","[0.15830183803904296,0.7464742583097694,0.0]",0,DESPENSA Y ABARROTES
SOPROLE,SANTA ISABEL,DESPENSA,5950.0,1.0,0.0,"[5950.0,1.0,0.0]","[0.864124712231473,0.7464742583097694,0.0]",0,DESPENSA Y ABARROTES
CAROZZI,SANTA ISABEL,LACTEOS Y CONGELADOS,1690.0,1.0,1.0,"[1690.0,1.0,1.0]","[0.24544046448255286,0.7464742583097694,0.15927572003583113]",0,LACTEOS Y FRESCOS
GOURMET,SANTA ISABEL,LACTEOS Y CONGELADOS,2760.0,1.0,1.0,"[2760.0,1.0,1.0]","[0.4008376816401455,0.7464742583097694,0.15927572003583113]",0,LACTEOS Y FRESCOS
BANQUETE,SANTA ISABEL,LACTEOS Y CONGELADOS,2650.0,1.0,1.0,"[2650.0,1.0,1.0]","[0.3848622667921687,0.7464742583097694,0.15927572003583113]",0,LACTEOS Y FRESCOS
MI TIERRA,SANTA ISABEL,LACTEOS Y CONGELADOS,2860.0,1.0,1.0,"[2860.0,1.0,1.0]","[0.4153607860473971,0.7464742583097694,0.15927572003583113]",0,LACTEOS Y FRESCOS
MI TIERRA,SANTA ISABEL,DESPENSA,6090.0,1.0,0.0,"[6090.0,1.0,0.0]","[0.8844570584016254,0.7464742583097694,0.0]",0,DESPENSA Y ABARROTES
BARILLA,SANTA ISABEL,DESPENSA,5610.0,1.0,0.0,"[5610.0,1.0,0.0]","[0.8147461572468174,0.7464742583097694,0.0]",0,DESPENSA Y ABARROTES
NATURA,SANTA ISABEL,DESPENSA,5710.0,1.0,0.0,"[5710.0,1.0,0.0]","[0.8292692616540691,0.7464742583097694,0.0]",0,DESPENSA Y ABARROTES
IANSA AGRO,SANTA ISABEL,DESPENSA,2890.0,1.0,0.0,"[2890.0,1.0,0.0]","[0.41971771736957264,0.7464742583097694,0.0]",0,DESPENSA Y ABARROTES
ROBINSON CRUSOE,SANTA ISABEL,DESPENSA,4360.0,1.0,0.0,"[4360.0,1.0,0.0]","[0.6332073521561719,0.7464742583097694,0.0]",0,DESPENSA Y ABARROTES
NESCAFE,SANTA ISABEL,DESPENSA,6290.0,1.0,0.0,"[6290.0,1.0,0.0]","[0.9135032672161286,0.7464742583097694,0.0]",0,DESPENSA Y ABARROTES
GOURMET,SANTA ISABEL,DESPENSA,2650.0,1.0,0.0,"[2650.0,1.0,0.0]","[0.3848622667921687,0.7464742583097694,0.0]",0,DESPENSA Y ABARROTES
OSO,SANTA ISABEL,DESPENSA,850.0,1.0,0.0,"[850.0,1.0,0.0]","[0.12344638746163901,0.7464742583097694,0.0]",0,DESPENSA Y ABARROTES
SOPROLE,SANTA ISABEL,DESPENSA,8520.0,1.0,0.0,"[8520.0,1.0,0.0]","[1.2373684954978403,0.7464742583097694,0.0]",0,DESPENSA Y ABARROTES
TALLIANI,SANTA ISABEL,DESPENSA,1000.0,1.0,0.0,"[1000.0,1.0,0.0]","[0.14523104407251647,0.7464742583097694,0.0]",0,DESPENSA Y ABARROTES
MAGGI,SANTA ISABEL,DESPENSA,530.0,1.0,0.0,"[530.0,1.0,0.0]","[0.07697245335843374,0.7464742583097694,0.0]",0,DESPENSA Y ABARROTES
GOURMET,SANTA ISABEL,DESPENSA,1250.0,1.0,0.0,"[1250.0,1.0,0.0]","[0.1815388050906456,0.7464742583097694,0.0]",0,DESPENSA Y ABARROTES
GOURMET,SANTA ISABEL,DESPENSA,690.0,1.0,0.0,"[690.0,1.0,0.0]","[0.10020942041003637,0.7464742583097694,0.0]",0,DESPENSA Y ABARROTES
FERRERO,SANTA ISABEL,DESPENSA,4460.0,1.0,0.0,"[4460.0,1.0,0.0]","[0.6477304565634234,0.7464742583097694,0.0]",0,DESPENSA Y ABARROTES
DOS CABALLOS,SANTA ISABEL,DESPENSA,3250.0,1.0,0.0,"[3250.0,1.0,0.0]","[0.47200089323567856,0.7464742583097694,0.0]",0,DESPENSA Y ABARROTES
ZUCOSOS,SANTA ISABEL,DESPENSA,6130.0,1.0,0.0,"[6130.0,1.0,0.0]","[0.890266300164526,0.7464742583097694,0.0]",0,DESPENSA Y ABARROTES
KRAFT,SANTA ISABEL,DESPENSA,4990.0,1.0,0.0,"[4990.0,1.0,0.0]","[0.7247029099218573,0.7464742583097694,0.0]",0,DESPENSA Y ABARROTES
LUCCHETTI,SANTA ISABEL,DESPENSA,1130.0,1.0,0.0,"[1130.0,1.0,0.0]","[0.16411107980194362,0.7464742583097694,0.0]",0,DESPENSA Y ABARROTES
PLAYADITO,SANTA ISABEL,DESPENSA,3493.0,1.0,0.0,"[3493.0,1.0,0.0]","[0.5072920369453,0.7464742583097694,0.0]",0,DESPENSA Y ABARROTES
CUISINE & CO,SANTA ISABEL,DESPENSA,4590.0,1.0,0.0,"[4590.0,1.0,0.0]","[0.6666104922928506,0.7464742583097694,0.0]",0,DESPENSA Y ABARROTES
JUAN VALDEZ,SANTA ISABEL,DESPENSA,13930.0,1.0,0.0,"[13930.0,1.0,0.0]","[2.0230684439301547,0.7464742583097694,0.0]",0,DESPENSA Y ABARROTES
CAROZZI,SANTA ISABEL,DESPENSA,1340.0,1.0,0.0,"[1340.0,1.0,0.0]","[0.19460959905717207,0.7464742583097694,0.0]",0,DESPENSA Y ABARROTES
GOURMET,SANTA ISABEL,DESPENSA,6850.0,1.0,0.0,"[6850.0,1.0,0.0]","[0.9948326518967379,0.7464742583097694,0.0]",0,DESPENSA Y ABARROTES
SAMUI,SANTA ISABEL,DESPENSA,1832.0,1.0,0.0,"[1832.0,1.0,0.0]","[0.2660632727408502,0.7464742583097694,0.0]",0,DESPENSA Y ABARROTES
SUPREMO,SANTA ISABEL,DESPENSA,4190.0,1.0,0.0,"[4190.0,1.0,0.0]","[0.608518074663844,0.7464742583097694,0.0]",0,DESPENSA Y ABARROTES
CUISINE & CO,SANTA ISABEL,DESPENSA,3310.0,1.0,0.0,"[3310.0,1.0,0.0]","[0.48071475588002954,0.7464742583097694,0.0]",0,DESPENSA Y ABARROTES
COCALAN,SANTA ISABEL,DESPENSA,6960.0,1.0,0.0,"[6960.0,1.0,0.0]","[1.0108080667447146,0.7464742583097694,0.0]",0,DESPENSA Y ABARROTES
MIRAFLORES,SANTA ISABEL,DESPENSA,2280.0,1.0,0.0,"[2280.0,1.0,0.0]","[0.33112678048533756,0.7464742583097694,0.0]",0,DESPENSA Y ABARROTES
WASIL,SANTA ISABEL,DESPENSA,3320.0,1.0,0.0,"[3320.0,1.0,0.0]","[0.4821670663207547,0.7464742583097694,0.0]",0,DESPENSA Y ABARROTES
COSTA,SANTA ISABEL,DESPENSA,1690.0,1.0,0.0,"[1690.0,1.0,0.0]","[0.24544046448255286,0.7464742583097694,0.0]",0,DESPENSA Y ABARROTES
CUISINE & CO,SANTA ISABEL,DESPENSA,1750.0,1.0,0.0,"[1750.0,1.0,0.0]","[0.25415432712690383,0.7464742583097694,0.0]",0,DESPENSA Y ABARROTES
NESTLE,SANTA ISABEL,DESPENSA,2590.0,1.0,0.0,"[2590.0,1.0,0.0]","[0.3761484041478177,0.7464742583097694,0.0]",0,DESPENSA Y ABARROTES
NESCAFE,SANTA ISABEL,DESPENSA,9350.0,1.0,0.0,"[9350.0,1.0,0.0]","[1.357910262078029,0.7464742583097694,0.0]",0,DESPENSA Y ABARROTES
DEYCO,SANTA ISABEL,DESPENSA,1690.0,1.0,0.0,"[1690.0,1.0,0.0]","[0.24544046448255286,0.7464742583097694,0.0]",0,DESPENSA Y ABARROTES
CUISINE & CO,SANTA ISABEL,DESPENSA,1790.0,1.0,0.0,"[1790.0,1.0,0.0]","[0.2599635688898045,0.7464742583097694,0.0]",0,DESPENSA Y ABARROTES
MAGGI,SANTA ISABEL,DESPENSA,970.0,1.0,0.0,"[970.0,1.0,0.0]","[0.14087411275034098,0.7464742583097694,0.0]",0,DESPENSA Y ABARROTES
KUNSTMANN,SANTA ISABEL,DESPENSA,1240.0,1.0,0.0,"[1240.0,1.0,0.0]","[0.18008649464992044,0.7464742583097694,0.0]",0,DESPENSA Y ABARROTES
CUISINE & CO,SANTA ISABEL,DESPENSA,4250.0,1.0,0.0,"[4250.0,1.0,0.0]","[0.617231937308195,0.7464742583097694,0.0]",0,DESPENSA Y ABARROTES
CAROZZI,SANTA ISABEL,DESPENSA,1190.0,1.0,0.0,"[1190.0,1.0,0.0]","[0.1728249424462946,0.7464742583097694,0.0]",0,DESPENSA Y ABARROTES
CUISINE & CO,SANTA ISABEL,DESPENSA,2190.0,1.0,0.0,"[2190.0,1.0,0.0]","[0.31805598651881106,0.7464742583097694,0.0]",0,DESPENSA Y ABARROTES
CARMENCITA,SANTA ISABEL,DESPENSA,1690.0,1.0,0.0,"[1690.0,1.0,0.0]","[0.24544046448255286,0.7464742583097694,0.0]",0,DESPENSA Y ABARROTES
LOBOS,SANTA ISABEL,DESPENSA,990.0,1.0,0.0,"[990.0,1.0,0.0]","[0.1437787336317913,0.7464742583097694,0.0]",0,DESPENSA Y ABARROTES
MALLOA,SANTA ISABEL,LACTEOS Y CONGELADOS,4290.0,1.0,1.0,"[4290.0,1.0,1.0]","[0.6230411790710957,0.7464742583097694,0.15927572003583113]",0,LACTEOS Y FRESCOS
POMAROLA,SANTA ISABEL,LACTEOS Y CONGELADOS,3190.0,1.0,1.0,"[3190.0,1.0,1.0]","[0.46328703059132753,0.7464742583097694,0.15927572003583113]",0,LACTEOS Y FRESCOS
LUCCHETTI,SANTA ISABEL,LACTEOS Y CONGELADOS,3830.0,1.0,1.0,"[3830.0,1.0,1.0]","[0.5562348987977381,0.7464742583097694,0.15927572003583113]",0,LACTEOS Y FRESCOS
CUISINE & CO,SANTA ISABEL,LACTEOS Y CONGELADOS,2490.0,1.0,1.0,"[2490.0,1.0,1.0]","[0.361625299740566,0.7464742583097694,0.15927572003583113]",0,LACTEOS Y FRESCOS
CAROZZI,SANTA ISABEL,LACTEOS Y CONGELADOS,960.0,1.0,1.0,"[960.0,1.0,1.0]","[0.13942180230961582,0.7464742583097694,0.15927572003583113]",0,LACTEOS Y FRESCOS
CUISINE & CO,SANTA ISABEL,DESPENSA,4590.0,1.0,0.0,"[4590.0,1.0,0.0]","[0.6666104922928506,0.7464742583097694,0.0]",0,DESPENSA Y ABARROTES
LIPTON,SANTA ISABEL,DESPENSA,1720.0,1.0,0.0,"[1720.0,1.0,0.0]","[0.24979739580472834,0.7464742583097694,0.0]",0,DESPENSA Y ABARROTES
SUPREMO,SANTA ISABEL,DESPENSA,3390.0,1.0,0.0,"[3390.0,1.0,0.0]","[0.49233323940583085,0.7464742583097694,0.0]",0,DESPENSA Y ABARROTES
GOURMET,SANTA ISABEL,DESPENSA,3210.0,1.0,0.0,"[3210.0,1.0,0.0]","[0.4661916514727779,0.7464742583097694,0.0]",0,DESPENSA Y ABARROTES
SAN JOSE,SANTA ISABEL,DESPENSA,1860.0,1.0,0.0,"[1860.0,1.0,0.0]","[0.27012974197488065,0.7464742583097694,0.0]",0,DESPENSA Y ABARROTES
JB,SANTA ISABEL,DESPENSA,1730.0,1.0,0.0,"[1730.0,1.0,0.0]","[0.2512497062454535,0.7464742583097694,0.0]",0,DESPENSA Y ABARROTES
MANI KING,SANTA ISABEL,DESPENSA,2190.0,1.0,0.0,"[2190.0,1.0,0.0]","[0.31805598651881106,0.7464742583097694,0.0]",0,DESPENSA Y ABARROTES
TAJIN,SANTA ISABEL,DESPENSA,6590.0,1.0,0.0,"[6590.0,1.0,0.0]","[0.9570725804378836,0.7464742583097694,0.0]",0,DESPENSA Y ABARROTES
MAGGI,SANTA ISABEL,DESPENSA,1090.0,1.0,0.0,"[1090.0,1.0,0.0]","[0.15830183803904296,0.7464742583097694,0.0]",0,DESPENSA Y ABARROTES
CUISINE & CO,SANTA ISABEL,DESPENSA,1990.0,1.0,0.0,"[1990.0,1.0,0.0]","[0.2890097777043078,0.7464742583097694,0.0]",0,DESPENSA Y ABARROTES
LA VIEJA FABRICA,SANTA ISABEL,DESPENSA,2990.0,1.0,0.0,"[2990.0,1.0,0.0]","[0.43424082177682427,0.7464742583097694,0.0]",0,DESPENSA Y ABARROTES
MAGGI,SANTA ISABEL,DESPENSA,530.0,1.0,0.0,"[530.0,1.0,0.0]","[0.07697245335843374,0.7464742583097694,0.0]",0,DESPENSA Y ABARROTES
KUHNE,SANTA ISABEL,DESPENSA,3490.0,1.0,0.0,"[3490.0,1.0,0.0]","[0.5068563438130825,0.7464742583097694,0.0]",0,DESPENSA Y ABARROTES
MARUCHAN,SANTA ISABEL,DESPENSA,1330.0,1.0,0.0,"[1330.0,1.0,0.0]","[0.1931572886164469,0.7464742583097694,0.0]",0,DESPENSA Y ABARROTES
CUISINE & CO,SANTA ISABEL,DESPENSA,3340.0,1.0,0.0,"[3340.0,1.0,0.0]","[0.485071687202205,0.7464742583097694,0.0]",0,DESPENSA Y ABARROTES
ROBINSON CRUSOE,SANTA ISABEL,DESPENSA,2090.0,1.0,0.0,"[2090.0,1.0,0.0]","[0.30353288211155943,0.7464742583097694,0.0]",0,DESPENSA Y ABARROTES
BIOSAL,SANTA ISABEL,DESPENSA,1450.0,1.0,0.0,"[1450.0,1.0,0.0]","[0.2105850139051489,0.7464742583097694,0.0]",0,DESPENSA Y ABARROTES
LUCCHETTI,SANTA ISABEL,DESPENSA,1610.0,1.0,0.0,"[1610.0,1.0,0.0]","[0.23382198095675152,0.7464742583097694,0.0]",0,DESPENSA Y ABARROTES
VIOLA,SANTA ISABEL,DESPENSA,5290.0,1.0,0.0,"[5290.0,1.0,0.0]","[0.7682722231436122,0.7464742583097694,0.0]",0,DESPENSA Y ABARROTES
MAGGI,SANTA ISABEL,DESPENSA,850.0,1.0,0.0,"[850.0,1.0,0.0]","[0.12344638746163901,0.7464742583097694,0.0]",0,DESPENSA Y ABARROTES
IMPORTADO JUMBO,SANTA ISABEL,DESPENSA,12490.0,1.0,0.0,"[12490.0,1.0,0.0]","[1.8139357404657308,0.7464742583097694,0.0]",0,DESPENSA Y ABARROTES
CUISINE & CO,SANTA ISABEL,DESPENSA,540.0,1.0,0.0,"[540.0,1.0,0.0]","[0.0784247637991589,0.7464742583097694,0.0]",0,DESPENSA Y ABARROTES
TUCAPEL,SANTA ISABEL,DESPENSA,1750.0,1.0,0.0,"[1750.0,1.0,0.0]","[0.25415432712690383,0.7464742583097694,0.0]",0,DESPENSA Y ABARROTES
MAGGI,SANTA ISABEL,DESPENSA,1190.0,1.0,0.0,"[1190.0,1.0,0.0]","[0.1728249424462946,0.7464742583097694,0.0]",0,DESPENSA Y ABARROTES
TRAVERSO,SANTA ISABEL,DESPENSA,1790.0,1.0,0.0,"[1790.0,1.0,0.0]","[0.2599635688898045,0.7464742583097694,0.0]",0,DESPENSA Y ABARROTES
GOURMET,SANTA ISABEL,DESPENSA,830.0,1.0,0.0,"[830.0,1.0,0.0]","[0.12054176658018867,0.7464742583097694,0.0]",0,DESPENSA Y ABARROTES
TRAVERSO,SANTA ISABEL,DESPENSA,630.0,1.0,0.0,"[630.0,1.0,0.0]","[0.09149555776568538,0.7464742583097694,0.0]",0,DESPENSA Y ABARROTES
TRAVERSO,SANTA ISABEL,DESPENSA,3150.0,1.0,0.0,"[3150.0,1.0,0.0]","[0.4574777888284269,0.7464742583097694,0.0]",0,DESPENSA Y ABARROTES
MAGGI,SANTA ISABEL,DESPENSA,1090.0,1.0,0.0,"[1090.0,1.0,0.0]","[0.15830183803904296,0.7464742583097694,0.0]",0,DESPENSA Y ABARROTES
GOURMET,SANTA ISABEL,DESPENSA,4360.0,1.0,0.0,"[4360.0,1.0,0.0]","[0.6332073521561719,0.7464742583097694,0.0]",0,DESPENSA Y ABARROTES
TRIX,SANTA ISABEL,DESPENSA,6130.0,1.0,0.0,"[6130.0,1.0,0.0]","[0.890266300164526,0.7464742583097694,0.0]",0,DESPENSA Y ABARROTES
WASIL,SANTA ISABEL,DESPENSA,3530.0,1.0,0.0,"[3530.0,1.0,0.0]","[0.5126655855759832,0.7464742583097694,0.0]",0,DESPENSA Y ABARROTES
CUISINE & CO,SANTA ISABEL,DESPENSA,970.0,1.0,0.0,"[970.0,1.0,0.0]","[0.14087411275034098,0.7464742583097694,0.0]",0,DESPENSA Y ABARROTES
WATTS,SANTA ISABEL,DESPENSA,3790.0,1.0,0.0,"[3790.0,1.0,0.0]","[0.5504256570348375,0.7464742583097694,0.0]",0,DESPENSA Y ABARROTES
AMBROSOLI,SANTA ISABEL,DESPENSA,1230.0,1.0,0.0,"[1230.0,1.0,0.0]","[0.17863418420919527,0.7464742583097694,0.0]",0,DESPENSA Y ABARROTES
MAMMA MIA,SANTA ISABEL,DESPENSA,950.0,1.0,0.0,"[950.0,1.0,0.0]","[0.13796949186889065,0.7464742583097694,0.0]",0,DESPENSA Y ABARROTES
GOURMET,SANTA ISABEL,DESPENSA,3530.0,1.0,0.0,"[3530.0,1.0,0.0]","[0.5126655855759832,0.7464742583097694,0.0]",0,DESPENSA Y ABARROTES
IANSA CERO K,SANTA ISABEL,DESPENSA,4000.0,1.0,0.0,"[4000.0,1.0,0.0]","[0.5809241762900659,0.7464742583097694,0.0]",0,DESPENSA Y ABARROTES
CUISINE & CO,SANTA ISABEL,DESPENSA,1864.0,1.0,0.0,"[1864.0,1.0,0.0]","[0.27071066615117073,0.7464742583097694,0.0]",0,DESPENSA Y ABARROTES
HELLMANNS,SANTA ISABEL,DESPENSA,670.0,1.0,0.0,"[670.0,1.0,0.0]","[0.09730479952858603,0.7464742583097694,0.0]",0,DESPENSA Y ABARROTES
KRAFT,SANTA ISABEL,LACTEOS Y CONGELADOS,6990.0,1.0,1.0,"[6990.0,1.0,1.0]","[1.0151649980668902,0.7464742583097694,0.15927572003583113]",0,LACTEOS Y FRESCOS
NESCAFE DOLCE GUSTO,SANTA ISABEL,LACTEOS Y CONGELADOS,4790.0,1.0,1.0,"[4790.0,1.0,1.0]","[0.6956567011073539,0.7464742583097694,0.15927572003583113]",0,LACTEOS Y FRESCOS
NESCAFE DOLCE GUSTO,SANTA ISABEL,LACTEOS Y CONGELADOS,4790.0,1.0,1.0,"[4790.0,1.0,1.0]","[0.6956567011073539,0.7464742583097694,0.15927572003583113]",0,LACTEOS Y FRESCOS
NESCAFE DOLCE GUSTO,SANTA ISABEL,LACTEOS Y CONGELADOS,4790.0,1.0,1.0,"[4790.0,1.0,1.0]","[0.6956567011073539,0.7464742583097694,0.15927572003583113]",0,LACTEOS Y FRESCOS
NESCAFE DOLCE GUSTO,SANTA ISABEL,LACTEOS Y CONGELADOS,4790.0,1.0,1.0,"[4790.0,1.0,1.0]","[0.6956567011073539,0.7464742583097694,0.15927572003583113]",0,LACTEOS Y FRESCOS
CUISINE & CO,SANTA ISABEL,LACTEOS Y CONGELADOS,4590.0,1.0,1.0,"[4590.0,1.0,1.0]","[0.6666104922928506,0.7464742583097694,0.15927572003583113]",0,LACTEOS Y FRESCOS
CUISINE & CO,SANTA ISABEL,DESPENSA,1750.0,1.0,0.0,"[1750.0,1.0,0.0]","[0.25415432712690383,0.7464742583097694,0.0]",0,DESPENSA Y ABARROTES
LOBOS,SANTA ISABEL,DESPENSA,1650.0,1.0,0.0,"[1650.0,1.0,0.0]","[0.23963122271965218,0.7464742583097694,0.0]",0,DESPENSA Y ABARROTES
ESMERALDA,SANTA ISABEL,DESPENSA,3190.0,1.0,0.0,"[3190.0,1.0,0.0]","[0.46328703059132753,0.7464742583097694,0.0]",0,DESPENSA Y ABARROTES
ROBINSON CRUSOE,SANTA ISABEL,DESPENSA,1490.0,1.0,0.0,"[1490.0,1.0,0.0]","[0.21639425566804954,0.7464742583097694,0.0]",0,DESPENSA Y ABARROTES
MONT BLANC,SANTA ISABEL,DESPENSA,2130.0,1.0,0.0,"[2130.0,1.0,0.0]","[0.3093421238744601,0.7464742583097694,0.0]",0,DESPENSA Y ABARROTES
TRAVERSO,SANTA ISABEL,DESPENSA,2490.0,1.0,0.0,"[2490.0,1.0,0.0]","[0.361625299740566,0.7464742583097694,0.0]",0,DESPENSA Y ABARROTES
CUISINE & CO,SANTA ISABEL,DESPENSA,1080.0,1.0,0.0,"[1080.0,1.0,0.0]","[0.1568495275983178,0.7464742583097694,0.0]",0,DESPENSA Y ABARROTES
TUCAPEL,SANTA ISABEL,DESPENSA,1990.0,1.0,0.0,"[1990.0,1.0,0.0]","[0.2890097777043078,0.7464742583097694,0.0]",0,DESPENSA Y ABARROTES
GOURMET,SANTA ISABEL,DESPENSA,670.0,1.0,0.0,"[670.0,1.0,0.0]","[0.09730479952858603,0.7464742583097694,0.0]",0,DESPENSA Y ABARROTES
GOURMET,SANTA ISABEL,DESPENSA,4880.0,1.0,0.0,"[4880.0,1.0,0.0]","[0.7087274950738804,0.7464742583097694,0.0]",0,DESPENSA Y ABARROTES
TRAVERSO,SANTA ISABEL,DESPENSA,3650.0,1.0,0.0,"[3650.0,1.0,0.0]","[0.5300933108646851,0.7464742583097694,0.0]",0,DESPENSA Y ABARROTES
KRUGER,SANTA ISABEL,DESPENSA,2490.0,1.0,0.0,"[2490.0,1.0,0.0]","[0.361625299740566,0.7464742583097694,0.0]",0,DESPENSA Y ABARROTES
LIVEAN,SANTA ISABEL,DESPENSA,560.0,1.0,0.0,"[560.0,1.0,0.0]","[0.08132938468060923,0.7464742583097694,0.0]",0,DESPENSA Y ABARROTES
TRAVERSO,SANTA ISABEL,DESPENSA,1820.0,1.0,0.0,"[1820.0,1.0,0.0]","[0.26432050021198,0.7464742583097694,0.0]",0,DESPENSA Y ABARROTES
WASIL,SANTA ISABEL,DESPENSA,2440.0,1.0,0.0,"[2440.0,1.0,0.0]","[0.3543637475369402,0.7464742583097694,0.0]",0,DESPENSA Y ABARROTES
GOURMET,SANTA ISABEL,DESPENSA,1450.0,1.0,0.0,"[1450.0,1.0,0.0]","[0.2105850139051489,0.7464742583097694,0.0]",0,DESPENSA Y ABARROTES
DON JUAN,SANTA ISABEL,DESPENSA,1450.0,1.0,0.0,"[1450.0,1.0,0.0]","[0.2105850139051489,0.7464742583097694,0.0]",0,DESPENSA Y ABARROTES
TRIX,SANTA ISABEL,DESPENSA,3490.0,1.0,0.0,"[3490.0,1.0,0.0]","[0.5068563438130825,0.7464742583097694,0.0]",0,DESPENSA Y ABARROTES
AMBROSOLI,SANTA ISABEL,DESPENSA,590.0,1.0,0.0,"[590.0,1.0,0.0]","[0.08568631600278472,0.7464742583097694,0.0]",0,DESPENSA Y ABARROTES
GOURMET,SANTA ISABEL,DESPENSA,440.0,1.0,0.0,"[440.0,1.0,0.0]","[0.06390165939190726,0.7464742583097694,0.0]",0,DESPENSA Y ABARROTES
DAILY,SANTA ISABEL,DESPENSA,2380.0,1.0,0.0,"[2380.0,1.0,0.0]","[0.3456498848925892,0.7464742583097694,0.0]",0,DESPENSA Y ABARROTES
ANGELMO,SANTA ISABEL,DESPENSA,2152.0,1.0,0.0,"[2152.0,1.0,0.0]","[0.31253720684405545,0.7464742583097694,0.0]",0,DESPENSA Y ABARROTES
MAGGI,SANTA ISABEL,DESPENSA,530.0,1.0,0.0,"[530.0,1.0,0.0]","[0.07697245335843374,0.7464742583097694,0.0]",0,DESPENSA Y ABARROTES
GOURMET,SANTA ISABEL,DESPENSA,330.0,1.0,0.0,"[330.0,1.0,0.0]","[0.047926244543930435,0.7464742583097694,0.0]",0,DESPENSA Y ABARROTES
CUISINE & CO,SANTA ISABEL,DESPENSA,870.0,1.0,0.0,"[870.0,1.0,0.0]","[0.12635100834308932,0.7464742583097694,0.0]",0,DESPENSA Y ABARROTES
GOURMET,SANTA ISABEL,DESPENSA,1820.0,1.0,0.0,"[1820.0,1.0,0.0]","[0.26432050021198,0.7464742583097694,0.0]",0,DESPENSA Y ABARROTES
HELLMANNS,SANTA ISABEL,DESPENSA,3690.0,1.0,0.0,"[3690.0,1.0,0.0]","[0.5359025526275858,0.7464742583097694,0.0]",0,DESPENSA Y ABARROTES
GOURMET,SANTA ISABEL,DESPENSA,3790.0,1.0,0.0,"[3790.0,1.0,0.0]","[0.5504256570348375,0.7464742583097694,0.0]",0,DESPENSA Y ABARROTES
ROBINSON CRUSOE,SANTA ISABEL,DESPENSA,1690.0,1.0,0.0,"[1690.0,1.0,0.0]","[0.24544046448255286,0.7464742583097694,0.0]",0,DESPENSA Y ABARROTES
CUISINE & CO,SANTA ISABEL,DESPENSA,3990.0,1.0,0.0,"[3990.0,1.0,0.0]","[0.5794718658493407,0.7464742583097694,0.0]",0,DESPENSA Y ABARROTES
GOURMET,SANTA ISABEL,DESPENSA,1950.0,1.0,0.0,"[1950.0,1.0,0.0]","[0.28320053594140715,0.7464742583097694,0.0]",0,DESPENSA Y ABARROTES
LIPTON,SANTA ISABEL,DESPENSA,2990.0,1.0,0.0,"[2990.0,1.0,0.0]","[0.43424082177682427,0.7464742583097694,0.0]",0,DESPENSA Y ABARROTES
LA MOLISANA,SANTA ISABEL,DESPENSA,1294.0,1.0,0.0,"[1294.0,1.0,0.0]","[0.18792897102983633,0.7464742583097694,0.0]",0,DESPENSA Y ABARROTES
KRUGER,SANTA ISABEL,DESPENSA,2490.0,1.0,0.0,"[2490.0,1.0,0.0]","[0.361625299740566,0.7464742583097694,0.0]",0,DESPENSA Y ABARROTES
LA VIEJA FABRICA,SANTA ISABEL,DESPENSA,2990.0,1.0,0.0,"[2990.0,1.0,0.0]","[0.43424082177682427,0.7464742583097694,0.0]",0,DESPENSA Y ABARROTES
VIVO,SANTA ISABEL,DESPENSA,2990.0,1.0,0.0,"[2990.0,1.0,0.0]","[0.43424082177682427,0.7464742583097694,0.0]",0,DESPENSA Y ABARROTES
MAGGI,SANTA ISABEL,DESPENSA,1090.0,1.0,0.0,"[1090.0,1.0,0.0]","[0.15830183803904296,0.7464742583097694,0.0]",0,DESPENSA Y ABARROTES
CHOCAPIC,SANTA ISABEL,DESPENSA,560.0,1.0,0.0,"[560.0,1.0,0.0]","[0.08132938468060923,0.7464742583097694,0.0]",0,DESPENSA Y ABARROTES
IANSA AGRO,SANTA ISABEL,DESPENSA,3420.0,1.0,0.0,"[3420.0,1.0,0.0]","[0.49669017072800636,0.7464742583097694,0.0]",0,DESPENSA Y ABARROTES
CUISINE & CO,SANTA ISABEL,DESPENSA,4590.0,1.0,0.0,"[4590.0,1.0,0.0]","[0.6666104922928506,0.7464742583097694,0.0]",0,DESPENSA Y ABARROTES
LECHE SUR,SANTA ISABEL,LACTEOS Y CONGELADOS,1650.0,1.0,1.0,"[1650.0,1.0,1.0]","[0.23963122271965218,0.7464742583097694,0.15927572003583113]",0,LACTEOS Y FRESCOS
NESTLE,SANTA ISABEL,LACTEOS Y CONGELADOS,2030.0,1.0,1.0,"[2030.0,1.0,1.0]","[0.29481901946720845,0.7464742583097694,0.15927572003583113]",0,LACTEOS Y FRESCOS
GLORIA,SANTA ISABEL,LACTEOS Y CONGELADOS,1860.0,1.0,1.0,"[1860.0,1.0,1.0]","[0.27012974197488065,0.7464742583097694,0.15927572003583113]",0,LACTEOS Y FRESCOS
NESTLE,SANTA ISABEL,LACTEOS Y CONGELADOS,1970.0,1.0,1.0,"[1970.0,1.0,1.0]","[0.2861051568228575,0.7464742583097694,0.15927572003583113]",0,LACTEOS Y FRESCOS
NESTLE,SANTA ISABEL,LACTEOS Y CONGELADOS,1390.0,1.0,1.0,"[1390.0,1.0,1.0]","[0.2018711512607979,0.7464742583097694,0.15927572003583113]",0,LACTEOS Y FRESCOS
HELLMANNS,SANTA ISABEL,DESPENSA,970.0,1.0,0.0,"[970.0,1.0,0.0]","[0.14087411275034098,0.7464742583097694,0.0]",0,DESPENSA Y ABARROTES
GOURMET,SANTA ISABEL,DESPENSA,2550.0,1.0,0.0,"[2550.0,1.0,0.0]","[0.370339162384917,0.7464742583097694,0.0]",0,DESPENSA Y ABARROTES
PASSAGE FOODS,SANTA ISABEL,DESPENSA,2490.0,1.0,0.0,"[2490.0,1.0,0.0]","[0.361625299740566,0.7464742583097694,0.0]",0,DESPENSA Y ABARROTES
GOURMET,SANTA ISABEL,DESPENSA,750.0,1.0,0.0,"[750.0,1.0,0.0]","[0.10892328305438735,0.7464742583097694,0.0]",0,DESPENSA Y ABARROTES
ACONCAGUA,SANTA ISABEL,DESPENSA,2290.0,1.0,0.0,"[2290.0,1.0,0.0]","[0.33257909092606275,0.7464742583097694,0.0]",0,DESPENSA Y ABARROTES
IANSA AGRO,SANTA ISABEL,DESPENSA,1570.0,1.0,0.0,"[1570.0,1.0,0.0]","[0.22801273919385087,0.7464742583097694,0.0]",0,DESPENSA Y ABARROTES
KRUGER,SANTA ISABEL,DESPENSA,2490.0,1.0,0.0,"[2490.0,1.0,0.0]","[0.361625299740566,0.7464742583097694,0.0]",0,DESPENSA Y ABARROTES
CUISINE & CO,SANTA ISABEL,DESPENSA,1190.0,1.0,0.0,"[1190.0,1.0,0.0]","[0.1728249424462946,0.7464742583097694,0.0]",0,DESPENSA Y ABARROTES
SELECTA,SANTA ISABEL,DESPENSA,2070.0,1.0,0.0,"[2070.0,1.0,0.0]","[0.3006282612301091,0.7464742583097694,0.0]",0,DESPENSA Y ABARROTES
ACONCAGUA,SANTA ISABEL,DESPENSA,1290.0,1.0,0.0,"[1290.0,1.0,0.0]","[0.18734804685354625,0.7464742583097694,0.0]",0,DESPENSA Y ABARROTES
CUISINE & CO,SANTA ISABEL,DESPENSA,1890.0,1.0,0.0,"[1890.0,1.0,0.0]","[0.2744866732970561,0.7464742583097694,0.0]",0,DESPENSA Y ABARROTES
ESMERALDA,SANTA ISABEL,DESPENSA,2860.0,1.0,0.0,"[2860.0,1.0,0.0]","[0.4153607860473971,0.7464742583097694,0.0]",0,DESPENSA Y ABARROTES
NESTLE,SANTA ISABEL,DESPENSA,4980.0,1.0,0.0,"[4980.0,1.0,0.0]","[0.723250599481132,0.7464742583097694,0.0]",0,DESPENSA Y ABARROTES
JB,SANTA ISABEL,DESPENSA,1610.0,1.0,0.0,"[1610.0,1.0,0.0]","[0.23382198095675152,0.7464742583097694,0.0]",0,DESPENSA Y ABARROTES
GOURMET,SANTA ISABEL,DESPENSA,2690.0,1.0,0.0,"[2690.0,1.0,0.0]","[0.3906715085550693,0.7464742583097694,0.0]",0,DESPENSA Y ABARROTES
CUISINE & CO,SANTA ISABEL,DESPENSA,4250.0,1.0,0.0,"[4250.0,1.0,0.0]","[0.617231937308195,0.7464742583097694,0.0]",0,DESPENSA Y ABARROTES
CUISINE & CO,SANTA ISABEL,DESPENSA,590.0,1.0,0.0,"[590.0,1.0,0.0]","[0.08568631600278472,0.7464742583097694,0.0]",0,DESPENSA Y ABARROTES
REGIMEL,SANTA ISABEL,DESPENSA,1550.0,1.0,0.0,"[1550.0,1.0,0.0]","[0.22510811831240055,0.7464742583097694,0.0]",0,DESPENSA Y ABARROTES
TIA LIA,SANTA ISABEL,DESPENSA,920.0,1.0,0.0,"[920.0,1.0,0.0]","[0.13361256054671516,0.7464742583097694,0.0]",0,DESPENSA Y ABARROTES
VIGILANTE,SANTA ISABEL,DESPENSA,2290.0,1.0,0.0,"[2290.0,1.0,0.0]","[0.33257909092606275,0.7464742583097694,0.0]",0,DESPENSA Y ABARROTES
LONCOLECHE,SANTA ISABEL,DESPENSA,1580.0,1.0,0.0,"[1580.0,1.0,0.0]","[0.22946504963457603,0.7464742583097694,0.0]",0,DESPENSA Y ABARROTES
QUAKER,SANTA ISABEL,DESPENSA,2130.0,1.0,0.0,"[2130.0,1.0,0.0]","[0.3093421238744601,0.7464742583097694,0.0]",0,DESPENSA Y ABARROTES
GOURMET,SANTA ISABEL,DESPENSA,2900.0,1.0,0.0,"[2900.0,1.0,0.0]","[0.4211700278102978,0.7464742583097694,0.0]",0,DESPENSA Y ABARROTES
HELLMANNS,SANTA ISABEL,DESPENSA,3070.0,1.0,0.0,"[3070.0,1.0,0.0]","[0.4458593053026256,0.7464742583097694,0.0]",0,DESPENSA Y ABARROTES
GOURMET,SANTA ISABEL,DESPENSA,2240.0,1.0,0.0,"[2240.0,1.0,0.0]","[0.3253175387224369,0.7464742583097694,0.0]",0,DESPENSA Y ABARROTES
MUTTI,SANTA ISABEL,DESPENSA,2018.0,1.0,0.0,"[2018.0,1.0,0.0]","[0.2930762469383382,0.7464742583097694,0.0]",0,DESPENSA Y ABARROTES
ALUSWEET,SANTA ISABEL,DESPENSA,4360.0,1.0,0.0,"[4360.0,1.0,0.0]","[0.6332073521561719,0.7464742583097694,0.0]",0,DESPENSA Y ABARROTES
GOURMET,SANTA ISABEL,DESPENSA,2960.0,1.0,0.0,"[2960.0,1.0,0.0]","[0.42988389045464875,0.7464742583097694,0.0]",0,DESPENSA Y ABARROTES
LA MERCED,SANTA ISABEL,DESPENSA,5440.0,1.0,0.0,"[5440.0,1.0,0.0]","[0.7900568797544896,0.7464742583097694,0.0]",0,DESPENSA Y ABARROTES
GOURMET,SANTA ISABEL,DESPENSA,2380.0,1.0,0.0,"[2380.0,1.0,0.0]","[0.3456498848925892,0.7464742583097694,0.0]",0,DESPENSA Y ABARROTES
BANQUETE,SANTA ISABEL,DESPENSA,3190.0,1.0,0.0,"[3190.0,1.0,0.0]","[0.46328703059132753,0.7464742583097694,0.0]",0,DESPENSA Y ABARROTES
MARUCHAN,SANTA ISABEL,DESPENSA,1340.0,1.0,0.0,"[1340.0,1.0,0.0]","[0.19460959905717207,0.7464742583097694,0.0]",0,DESPENSA Y ABARROTES
VILAY,SANTA ISABEL,DESPENSA,1510.0,1.0,0.0,"[1510.0,1.0,0.0]","[0.21929887654949987,0.7464742583097694,0.0]",0,DESPENSA Y ABARROTES
LA COSTEÑA,SANTA ISABEL,DESPENSA,2070.0,1.0,0.0,"[2070.0,1.0,0.0]","[0.3006282612301091,0.7464742583097694,0.0]",0,DESPENSA Y ABARROTES
MELITTA,SANTA ISABEL,DESPENSA,1660.0,1.0,0.0,"[1660.0,1.0,0.0]","[0.24108353316037734,0.7464742583097694,0.0]",0,DESPENSA Y ABARROTES
JUAN VALDEZ,SANTA ISABEL,DESPENSA,13930.0,1.0,0.0,"[13930.0,1.0,0.0]","[2.0230684439301547,0.7464742583097694,0.0]",0,DESPENSA Y ABARROTES
ECKART,SANTA ISABEL,DESPENSA,2590.0,1.0,0.0,"[2590.0,1.0,0.0]","[0.3761484041478177,0.7464742583097694,0.0]",0,DESPENSA Y ABARROTES
COLUN,SANTA ISABEL,DESPENSA,5990.0,1.0,0.0,"[5990.0,1.0,0.0]","[0.8699339539943737,0.7464742583097694,0.0]",0,DESPENSA Y ABARROTES
TRAVERSO,SANTA ISABEL,DESPENSA,1450.0,1.0,0.0,"[1450.0,1.0,0.0]","[0.2105850139051489,0.7464742583097694,0.0]",0,DESPENSA Y ABARROTES
LUCCHETTI,SANTA ISABEL,DESPENSA,1130.0,1.0,0.0,"[1130.0,1.0,0.0]","[0.16411107980194362,0.7464742583097694,0.0]",0,DESPENSA Y ABARROTES
LIVEAN,SANTA ISABEL,DESPENSA,560.0,1.0,0.0,"[560.0,1.0,0.0]","[0.08132938468060923,0.7464742583097694,0.0]",0,DESPENSA Y ABARROTES
JB,SANTA ISABEL,LACTEOS Y CONGELADOS,2390.0,1.0,1.0,"[2390.0,1.0,1.0]","[0.3471021953333144,0.7464742583097694,0.15927572003583113]",0,LACTEOS Y FRESCOS
HELLMANNS,SANTA ISABEL,LACTEOS Y CONGELADOS,3450.0,1.0,1.0,"[3450.0,1.0,1.0]","[0.5010471020501819,0.7464742583097694,0.15927572003583113]",0,LACTEOS Y FRESCOS
JB,SANTA ISABEL,LACTEOS Y CONGELADOS,1830.0,1.0,1.0,"[1830.0,1.0,1.0]","[0.26577281065270514,0.7464742583097694,0.15927572003583113]",0,LACTEOS Y FRESCOS
HEINZ,SANTA ISABEL,LACTEOS Y CONGELADOS,4050.0,1.0,1.0,"[4050.0,1.0,1.0]","[0.5881857284936918,0.7464742583097694,0.15927572003583113]",0,LACTEOS Y FRESCOS
KRAFT,SANTA ISABEL,LACTEOS Y CONGELADOS,3390.0,1.0,1.0,"[3390.0,1.0,1.0]","[0.49233323940583085,0.7464742583097694,0.15927572003583113]",0,LACTEOS Y FRESCOS
KRUGER,SANTA ISABEL,DESPENSA,2490.0,1.0,0.0,"[2490.0,1.0,0.0]","[0.361625299740566,0.7464742583097694,0.0]",0,DESPENSA Y ABARROTES
GOURMET,SANTA ISABEL,DESPENSA,680.0,1.0,0.0,"[680.0,1.0,0.0]","[0.0987571099693112,0.7464742583097694,0.0]",0,DESPENSA Y ABARROTES
TARAGUI,SANTA ISABEL,DESPENSA,4880.0,1.0,0.0,"[4880.0,1.0,0.0]","[0.7087274950738804,0.7464742583097694,0.0]",0,DESPENSA Y ABARROTES
SOUL BAR,SANTA ISABEL,DESPENSA,2990.0,1.0,0.0,"[2990.0,1.0,0.0]","[0.43424082177682427,0.7464742583097694,0.0]",0,DESPENSA Y ABARROTES
GOURMET,SANTA ISABEL,DESPENSA,670.0,1.0,0.0,"[670.0,1.0,0.0]","[0.09730479952858603,0.7464742583097694,0.0]",0,DESPENSA Y ABARROTES
SUK,SANTA ISABEL,DESPENSA,3010.0,1.0,0.0,"[3010.0,1.0,0.0]","[0.4371454426582746,0.7464742583097694,0.0]",0,DESPENSA Y ABARROTES
GOURMET,SANTA ISABEL,DESPENSA,2230.0,1.0,0.0,"[2230.0,1.0,0.0]","[0.3238652282817117,0.7464742583097694,0.0]",0,DESPENSA Y ABARROTES
GOURMET,SANTA ISABEL,DESPENSA,3490.0,1.0,0.0,"[3490.0,1.0,0.0]","[0.5068563438130825,0.7464742583097694,0.0]",0,DESPENSA Y ABARROTES
MAGGI,SANTA ISABEL,DESPENSA,850.0,1.0,0.0,"[850.0,1.0,0.0]","[0.12344638746163901,0.7464742583097694,0.0]",0,DESPENSA Y ABARROTES
CUISINE & CO,SANTA ISABEL,DESPENSA,1360.0,1.0,0.0,"[1360.0,1.0,0.0]","[0.1975142199386224,0.7464742583097694,0.0]",0,DESPENSA Y ABARROTES
MAGGI,SANTA ISABEL,DESPENSA,850.0,1.0,0.0,"[850.0,1.0,0.0]","[0.12344638746163901,0.7464742583097694,0.0]",0,DESPENSA Y ABARROTES
GOURMET,SANTA ISABEL,DESPENSA,830.0,1.0,0.0,"[830.0,1.0,0.0]","[0.12054176658018867,0.7464742583097694,0.0]",0,DESPENSA Y ABARROTES
ROBINSON CRUSOE,SANTA ISABEL,DESPENSA,2030.0,1.0,0.0,"[2030.0,1.0,0.0]","[0.29481901946720845,0.7464742583097694,0.0]",0,DESPENSA Y ABARROTES
CUISINE & CO,SANTA ISABEL,DESPENSA,570.0,1.0,0.0,"[570.0,1.0,0.0]","[0.08278169512133439,0.7464742583097694,0.0]",0,DESPENSA Y ABARROTES
MARLEY COFFEE,SANTA ISABEL,DESPENSA,4890.0,1.0,0.0,"[4890.0,1.0,0.0]","[0.7101798055146056,0.7464742583097694,0.0]",0,DESPENSA Y ABARROTES
CUISINE & CO,SANTA ISABEL,DESPENSA,3890.0,1.0,0.0,"[3890.0,1.0,0.0]","[0.564948761442089,0.7464742583097694,0.0]",0,DESPENSA Y ABARROTES
DOLCEZZE,SANTA ISABEL,DESPENSA,5990.0,1.0,0.0,"[5990.0,1.0,0.0]","[0.8699339539943737,0.7464742583097694,0.0]",0,DESPENSA Y ABARROTES
EN LINEA,SANTA ISABEL,DESPENSA,3010.0,1.0,0.0,"[3010.0,1.0,0.0]","[0.4371454426582746,0.7464742583097694,0.0]",0,DESPENSA Y ABARROTES
GOURMET,SANTA ISABEL,DESPENSA,2650.0,1.0,0.0,"[2650.0,1.0,0.0]","[0.3848622667921687,0.7464742583097694,0.0]",0,DESPENSA Y ABARROTES
NO+GLUTEN,SANTA ISABEL,DESPENSA,4570.0,1.0,0.0,"[4570.0,1.0,0.0]","[0.6637058714114003,0.7464742583097694,0.0]",0,DESPENSA Y ABARROTES
CUISINE & CO,SANTA ISABEL,DESPENSA,1350.0,1.0,0.0,"[1350.0,1.0,0.0]","[0.19606190949789723,0.7464742583097694,0.0]",0,DESPENSA Y ABARROTES
GOURMET,SANTA ISABEL,DESPENSA,2690.0,1.0,0.0,"[2690.0,1.0,0.0]","[0.3906715085550693,0.7464742583097694,0.0]",0,DESPENSA Y ABARROTES
CUISINE & CO,SANTA ISABEL,DESPENSA,1790.0,1.0,0.0,"[1790.0,1.0,0.0]","[0.2599635688898045,0.7464742583097694,0.0]",0,DESPENSA Y ABARROTES
TABASCO,SANTA ISABEL,DESPENSA,4590.0,1.0,0.0,"[4590.0,1.0,0.0]","[0.6666104922928506,0.7464742583097694,0.0]",0,DESPENSA Y ABARROTES
NESTLE,SANTA ISABEL,DESPENSA,3940.0,1.0,0.0,"[3940.0,1.0,0.0]","[0.572210313645715,0.7464742583097694,0.0]",0,DESPENSA Y ABARROTES
MARLEY COFFEE,SANTA ISABEL,DESPENSA,12470.0,1.0,0.0,"[12470.0,1.0,0.0]","[1.8110311195842805,0.7464742583097694,0.0]",0,DESPENSA Y ABARROTES
TARAGUI,SANTA ISABEL,DESPENSA,1860.0,1.0,0.0,"[1860.0,1.0,0.0]","[0.27012974197488065,0.7464742583097694,0.0]",0,DESPENSA Y ABARROTES
COLA CAO,SANTA ISABEL,DESPENSA,2890.0,1.0,0.0,"[2890.0,1.0,0.0]","[0.41971771736957264,0.7464742583097694,0.0]",0,DESPENSA Y ABARROTES
LUCCHETTI,SANTA ISABEL,DESPENSA,1610.0,1.0,0.0,"[1610.0,1.0,0.0]","[0.23382198095675152,0.7464742583097694,0.0]",0,DESPENSA Y ABARROTES
TUCAPEL,SANTA ISABEL,DESPENSA,1750.0,1.0,0.0,"[1750.0,1.0,0.0]","[0.25415432712690383,0.7464742583097694,0.0]",0,DESPENSA Y ABARROTES
AMBROSOLI,SANTA ISABEL,DESPENSA,3840.0,1.0,0.0,"[3840.0,1.0,0.0]","[0.5576872092384633,0.7464742583097694,0.0]",0,DESPENSA Y ABARROTES
COLA CAO,SANTA ISABEL,DESPENSA,2450.0,1.0,0.0,"[2450.0,1.0,0.0]","[0.35581605797766536,0.7464742583097694,0.0]",0,DESPENSA Y ABARROTES
STARBUCKS BY NESPRESSO,SANTA ISABEL,DESPENSA,6650.0,1.0,0.0,"[6650.0,1.0,0.0]","[0.9657864430822346,0.7464742583097694,0.0]",0,DESPENSA Y ABARROTES
IANSA AGRO,SANTA ISABEL,DESPENSA,4770.0,1.0,0.0,"[4770.0,1.0,0.0]","[0.6927520802259036,0.7464742583097694,0.0]",0,DESPENSA Y ABARROTES
CUISINE & CO,SANTA ISABEL,LACTEOS Y CONGELADOS,480.0,1.0,1.0,"[480.0,1.0,1.0]","[0.06971090115480791,0.7464742583097694,0.15927572003583113]",0,LACTEOS Y FRESCOS
YOUR GOAL,SANTA ISABEL,DESPENSA,9660.0,1.0,0.0,"[9660.0,1.0,0.0]","[1.402931885740509,0.7464742583097694,0.0]",0,DESPENSA Y ABARROTES
GOURMET,SANTA ISABEL,DESPENSA,2650.0,1.0,0.0,"[2650.0,1.0,0.0]","[0.3848622667921687,0.7464742583097694,0.0]",0,DESPENSA Y ABARROTES
CUISINE & CO,SANTA ISABEL,DESPENSA,4590.0,1.0,0.0,"[4590.0,1.0,0.0]","[0.6666104922928506,0.7464742583097694,0.0]",0,DESPENSA Y ABARROTES
COLLICO,SANTA ISABEL,DESPENSA,4460.0,1.0,0.0,"[4460.0,1.0,0.0]","[0.6477304565634234,0.7464742583097694,0.0]",0,DESPENSA Y ABARROTES
KRUGER,SANTA ISABEL,DESPENSA,2490.0,1.0,0.0,"[2490.0,1.0,0.0]","[0.361625299740566,0.7464742583097694,0.0]",0,DESPENSA Y ABARROTES
GOURMET,SANTA ISABEL,DESPENSA,6490.0,1.0,0.0,"[6490.0,1.0,0.0]","[0.9425494760306319,0.7464742583097694,0.0]",0,DESPENSA Y ABARROTES
NESCAFE,SANTA ISABEL,LACTEOS Y CONGELADOS,3290.0,1.0,1.0,"[3290.0,1.0,1.0]","[0.4778101349985792,0.7464742583097694,0.15927572003583113]",0,LACTEOS Y FRESCOS
NESCAFE,SANTA ISABEL,LACTEOS Y CONGELADOS,3290.0,1.0,1.0,"[3290.0,1.0,1.0]","[0.4778101349985792,0.7464742583097694,0.15927572003583113]",0,LACTEOS Y FRESCOS
NESCAFE,SANTA ISABEL,LACTEOS Y CONGELADOS,3290.0,1.0,1.0,"[3290.0,1.0,1.0]","[0.4778101349985792,0.7464742583097694,0.15927572003583113]",0,LACTEOS Y FRESCOS
MONTERREY,SANTA ISABEL,LACTEOS Y CONGELADOS,4290.0,1.0,1.0,"[4290.0,1.0,1.0]","[0.6230411790710957,0.7464742583097694,0.15927572003583113]",0,LACTEOS Y FRESCOS
GOLD,SANTA ISABEL,LACTEOS Y CONGELADOS,2990.0,1.0,1.0,"[2990.0,1.0,1.0]","[0.43424082177682427,0.7464742583097694,0.15927572003583113]",0,LACTEOS Y FRESCOS
FITNESS,SANTA ISABEL,DESPENSA,650.0,1.0,0.0,"[650.0,1.0,0.0]","[0.09440017864713571,0.7464742583097694,0.0]",0,DESPENSA Y ABARROTES
GOURMET,SANTA ISABEL,DESPENSA,3940.0,1.0,0.0,"[3940.0,1.0,0.0]","[0.572210313645715,0.7464742583097694,0.0]",0,DESPENSA Y ABARROTES
CUISINE & CO,SANTA ISABEL,DESPENSA,3430.0,1.0,0.0,"[3430.0,1.0,0.0]","[0.4981424811687315,0.7464742583097694,0.0]",0,DESPENSA Y ABARROTES
WASIL,SANTA ISABEL,DESPENSA,4250.0,1.0,0.0,"[4250.0,1.0,0.0]","[0.617231937308195,0.7464742583097694,0.0]",0,DESPENSA Y ABARROTES
KIKKOMAN,SANTA ISABEL,DESPENSA,7750.0,1.0,0.0,"[7750.0,1.0,0.0]","[1.1255405915620027,0.7464742583097694,0.0]",0,DESPENSA Y ABARROTES
GOURMET,SANTA ISABEL,DESPENSA,3330.0,1.0,0.0,"[3330.0,1.0,0.0]","[0.48361937676147987,0.7464742583097694,0.0]",0,DESPENSA Y ABARROTES
CUISINE & CO,SANTA ISABEL,DESPENSA,640.0,1.0,0.0,"[640.0,1.0,0.0]","[0.09294786820641054,0.7464742583097694,0.0]",0,DESPENSA Y ABARROTES
PANCHO VILLA,SANTA ISABEL,DESPENSA,1400.0,1.0,0.0,"[1400.0,1.0,0.0]","[0.20332346170152307,0.7464742583097694,0.0]",0,DESPENSA Y ABARROTES
THE WILD FOODS,SANTA ISABEL,DESPENSA,5090.0,1.0,0.0,"[5090.0,1.0,0.0]","[0.7392260143291088,0.7464742583097694,0.0]",0,DESPENSA Y ABARROTES
NOTCO,SANTA ISABEL,DESPENSA,6650.0,1.0,0.0,"[6650.0,1.0,0.0]","[0.9657864430822346,0.7464742583097694,0.0]",0,DESPENSA Y ABARROTES
CUISINE & CO,SANTA ISABEL,DESPENSA,2350.0,1.0,0.0,"[2350.0,1.0,0.0]","[0.3412929535704137,0.7464742583097694,0.0]",0,DESPENSA Y ABARROTES
CIRIO,SANTA ISABEL,DESPENSA,4190.0,1.0,0.0,"[4190.0,1.0,0.0]","[0.608518074663844,0.7464742583097694,0.0]",0,DESPENSA Y ABARROTES
CUISINE & CO,SANTA ISABEL,DESPENSA,1890.0,1.0,0.0,"[1890.0,1.0,0.0]","[0.2744866732970561,0.7464742583097694,0.0]",0,DESPENSA Y ABARROTES
LA COMADRE,SANTA ISABEL,DESPENSA,3990.0,1.0,0.0,"[3990.0,1.0,0.0]","[0.5794718658493407,0.7464742583097694,0.0]",0,DESPENSA Y ABARROTES
POMAROLA,SANTA ISABEL,DESPENSA,2860.0,1.0,0.0,"[2860.0,1.0,0.0]","[0.4153607860473971,0.7464742583097694,0.0]",0,DESPENSA Y ABARROTES
EXOTIC FOOD,SANTA ISABEL,DESPENSA,1533.0,1.0,0.0,"[1533.0,1.0,0.0]","[0.22263919056316775,0.7464742583097694,0.0]",0,DESPENSA Y ABARROTES
OSO,SANTA ISABEL,DESPENSA,2860.0,1.0,0.0,"[2860.0,1.0,0.0]","[0.4153607860473971,0.7464742583097694,0.0]",0,DESPENSA Y ABARROTES
THAI,SANTA ISABEL,DESPENSA,4050.0,1.0,0.0,"[4050.0,1.0,0.0]","[0.5881857284936918,0.7464742583097694,0.0]",0,DESPENSA Y ABARROTES
GOURMET,SANTA ISABEL,DESPENSA,2550.0,1.0,0.0,"[2550.0,1.0,0.0]","[0.370339162384917,0.7464742583097694,0.0]",0,DESPENSA Y ABARROTES
GOURMET,SANTA ISABEL,DESPENSA,4350.0,1.0,0.0,"[4350.0,1.0,0.0]","[0.6317550417154467,0.7464742583097694,0.0]",0,DESPENSA Y ABARROTES
CUISINE & CO,SANTA ISABEL,DESPENSA,2990.0,1.0,0.0,"[2990.0,1.0,0.0]","[0.43424082177682427,0.7464742583097694,0.0]",0,DESPENSA Y ABARROTES
CUISINE & CO,SANTA ISABEL,DESPENSA,2170.0,1.0,0.0,"[2170.0,1.0,0.0]","[0.31515136563736074,0.7464742583097694,0.0]",0,DESPENSA Y ABARROTES
ZUCOSOS,SANTA ISABEL,DESPENSA,3490.0,1.0,0.0,"[3490.0,1.0,0.0]","[0.5068563438130825,0.7464742583097694,0.0]",0,DESPENSA Y ABARROTES
HEINZ,SANTA ISABEL,DESPENSA,5990.0,1.0,0.0,"[5990.0,1.0,0.0]","[0.8699339539943737,0.7464742583097694,0.0]",0,DESPENSA Y ABARROTES
GOURMET,SANTA ISABEL,DESPENSA,610.0,1.0,0.0,"[610.0,1.0,0.0]","[0.08859093688423506,0.7464742583097694,0.0]",0,DESPENSA Y ABARROTES
NATUREZZA,SANTA ISABEL,DESPENSA,980.0,1.0,0.0,"[980.0,1.0,0.0]","[0.14232642319106614,0.7464742583097694,0.0]",0,DESPENSA Y ABARROTES
TRIX,SANTA ISABEL,DESPENSA,3900.0,1.0,0.0,"[3900.0,1.0,0.0]","[0.5664010718828143,0.7464742583097694,0.0]",0,DESPENSA Y ABARROTES
GOURMET,SANTA ISABEL,DESPENSA,1760.0,1.0,0.0,"[1760.0,1.0,0.0]","[0.255606637567629,0.7464742583097694,0.0]",0,DESPENSA Y ABARROTES
GOURMET,SANTA ISABEL,DESPENSA,2590.0,1.0,0.0,"[2590.0,1.0,0.0]","[0.3761484041478177,0.7464742583097694,0.0]",0,DESPENSA Y ABARROTES
GOURMET,SANTA ISABEL,DESPENSA,1450.0,1.0,0.0,"[1450.0,1.0,0.0]","[0.2105850139051489,0.7464742583097694,0.0]",0,DESPENSA Y ABARROTES
ALACENA,SANTA ISABEL,DESPENSA,5400.0,1.0,0.0,"[5400.0,1.0,0.0]","[0.7842476379915889,0.7464742583097694,0.0]",0,DESPENSA Y ABARROTES
GOURMET,SANTA ISABEL,DESPENSA,860.0,1.0,0.0,"[860.0,1.0,0.0]","[0.12489869790236417,0.7464742583097694,0.0]",0,DESPENSA Y ABARROTES
TRAVERSO,SANTA ISABEL,DESPENSA,2490.0,1.0,0.0,"[2490.0,1.0,0.0]","[0.361625299740566,0.7464742583097694,0.0]",0,DESPENSA Y ABARROTES
CUISINE & CO,SANTA ISABEL,DESPENSA,2350.0,1.0,0.0,"[2350.0,1.0,0.0]","[0.3412929535704137,0.7464742583097694,0.0]",0,DESPENSA Y ABARROTES
WASIL,SANTA ISABEL,DESPENSA,2440.0,1.0,0.0,"[2440.0,1.0,0.0]","[0.3543637475369402,0.7464742583097694,0.0]",0,DESPENSA Y ABARROTES
MARLEY COFFEE,SANTA ISABEL,DESPENSA,14650.0,1.0,0.0,"[14650.0,1.0,0.0]","[2.1276347956623662,0.7464742583097694,0.0]",0,DESPENSA Y ABARROTES
DON JUAN,SANTA ISABEL,DESPENSA,1430.0,1.0,0.0,"[1430.0,1.0,0.0]","[0.20768039302369856,0.7464742583097694,0.0]",0,DESPENSA Y ABARROTES
GOURMET,SANTA ISABEL,DESPENSA,650.0,1.0,0.0,"[650.0,1.0,0.0]","[0.09440017864713571,0.7464742583097694,0.0]",0,DESPENSA Y ABARROTES
JUAN VALDEZ,SANTA ISABEL,DESPENSA,21730.0,1.0,0.0,"[21730.0,1.0,0.0]","[3.155870587695783,0.7464742583097694,0.0]",0,DESPENSA Y ABARROTES
MAGGI,SANTA ISABEL,DESPENSA,860.0,1.0,0.0,"[860.0,1.0,0.0]","[0.12489869790236417,0.7464742583097694,0.0]",0,DESPENSA Y ABARROTES
CHOCAPIC,SANTA ISABEL,LACTEOS Y CONGELADOS,4990.0,1.0,1.0,"[4990.0,1.0,1.0]","[0.7247029099218573,0.7464742583097694,0.15927572003583113]",0,LACTEOS Y FRESCOS
CHOCAPIC,SANTA ISABEL,LACTEOS Y CONGELADOS,2690.0,1.0,1.0,"[2690.0,1.0,1.0]","[0.3906715085550693,0.7464742583097694,0.15927572003583113]",0,LACTEOS Y FRESCOS
ZUCOSOS,SANTA ISABEL,LACTEOS Y CONGELADOS,2690.0,1.0,1.0,"[2690.0,1.0,1.0]","[0.3906715085550693,0.7464742583097694,0.15927572003583113]",0,LACTEOS Y FRESCOS
COSTA,SANTA ISABEL,LACTEOS Y CONGELADOS,3490.0,1.0,1.0,"[3490.0,1.0,1.0]","[0.5068563438130825,0.7464742583097694,0.15927572003583113]",0,LACTEOS Y FRESCOS
MILO,SANTA ISABEL,LACTEOS Y CONGELADOS,4990.0,1.0,1.0,"[4990.0,1.0,1.0]","[0.7247029099218573,0.7464742583097694,0.15927572003583113]",0,LACTEOS Y FRESCOS
MAGGI,SANTA ISABEL,DESPENSA,770.0,1.0,0.0,"[770.0,1.0,0.0]","[0.11182790393583769,0.7464742583097694,0.0]",0,DESPENSA Y ABARROTES
GOURMET,SANTA ISABEL,DESPENSA,2170.0,1.0,0.0,"[2170.0,1.0,0.0]","[0.31515136563736074,0.7464742583097694,0.0]",0,DESPENSA Y ABARROTES
SELECTA,SANTA ISABEL,DESPENSA,2350.0,1.0,0.0,"[2350.0,1.0,0.0]","[0.3412929535704137,0.7464742583097694,0.0]",0,DESPENSA Y ABARROTES
MAVESA,SANTA ISABEL,DESPENSA,4690.0,1.0,0.0,"[4690.0,1.0,0.0]","[0.6811335967001023,0.7464742583097694,0.0]",0,DESPENSA Y ABARROTES
MARUCHAN,SANTA ISABEL,DESPENSA,1840.0,1.0,0.0,"[1840.0,1.0,0.0]","[0.26722512109343033,0.7464742583097694,0.0]",0,DESPENSA Y ABARROTES
NUTELLA,SANTA ISABEL,DESPENSA,6390.0,1.0,0.0,"[6390.0,1.0,0.0]","[0.9280263716233803,0.7464742583097694,0.0]",0,DESPENSA Y ABARROTES
SPECIA,SANTA ISABEL,DESPENSA,7270.0,1.0,0.0,"[7270.0,1.0,0.0]","[1.0558296904071949,0.7464742583097694,0.0]",0,DESPENSA Y ABARROTES
CUISINE & CO,SANTA ISABEL,DESPENSA,2790.0,1.0,0.0,"[2790.0,1.0,0.0]","[0.40519461296232095,0.7464742583097694,0.0]",0,DESPENSA Y ABARROTES
CUISINE & CO,SANTA ISABEL,DESPENSA,3490.0,1.0,0.0,"[3490.0,1.0,0.0]","[0.5068563438130825,0.7464742583097694,0.0]",0,DESPENSA Y ABARROTES
WASIL,SANTA ISABEL,DESPENSA,5400.0,1.0,0.0,"[5400.0,1.0,0.0]","[0.7842476379915889,0.7464742583097694,0.0]",0,DESPENSA Y ABARROTES
CUISINE & CO,SANTA ISABEL,DESPENSA,2890.0,1.0,0.0,"[2890.0,1.0,0.0]","[0.41971771736957264,0.7464742583097694,0.0]",0,DESPENSA Y ABARROTES
NATURALIST,SANTA ISABEL,DESPENSA,3486.0,1.0,0.0,"[3486.0,1.0,0.0]","[0.5062754196367925,0.7464742583097694,0.0]",0,DESPENSA Y ABARROTES
GOURMET,SANTA ISABEL,DESPENSA,610.0,1.0,0.0,"[610.0,1.0,0.0]","[0.08859093688423506,0.7464742583097694,0.0]",0,DESPENSA Y ABARROTES
CUISINE & CO,SANTA ISABEL,DESPENSA,1330.0,1.0,0.0,"[1330.0,1.0,0.0]","[0.1931572886164469,0.7464742583097694,0.0]",0,DESPENSA Y ABARROTES
HELLMANNS,SANTA ISABEL,DESPENSA,2820.0,1.0,0.0,"[2820.0,1.0,0.0]","[0.40955154428449647,0.7464742583097694,0.0]",0,DESPENSA Y ABARROTES
CUISINE & CO,SANTA ISABEL,DESPENSA,6390.0,1.0,0.0,"[6390.0,1.0,0.0]","[0.9280263716233803,0.7464742583097694,0.0]",0,DESPENSA Y ABARROTES
LUCCHETTI,SANTA ISABEL,DESPENSA,2490.0,1.0,0.0,"[2490.0,1.0,0.0]","[0.361625299740566,0.7464742583097694,0.0]",0,DESPENSA Y ABARROTES
HEINZ,SANTA ISABEL,DESPENSA,5890.0,1.0,0.0,"[5890.0,1.0,0.0]","[0.855410849587122,0.7464742583097694,0.0]",0,DESPENSA Y ABARROTES
BETTY CROCKER,SANTA ISABEL,DESPENSA,4830.0,1.0,0.0,"[4830.0,1.0,0.0]","[0.7014659428702545,0.7464742583097694,0.0]",0,DESPENSA Y ABARROTES
IANSA AGRO,SANTA ISABEL,DESPENSA,3420.0,1.0,0.0,"[3420.0,1.0,0.0]","[0.49669017072800636,0.7464742583097694,0.0]",0,DESPENSA Y ABARROTES
IANSA AGRO,SANTA ISABEL,DESPENSA,3420.0,1.0,0.0,"[3420.0,1.0,0.0]","[0.49669017072800636,0.7464742583097694,0.0]",0,DESPENSA Y ABARROTES
ALACENA,SANTA ISABEL,DESPENSA,7580.0,1.0,0.0,"[7580.0,1.0,0.0]","[1.100851314069675,0.7464742583097694,0.0]",0,DESPENSA Y ABARROTES
YOUR GOAL,SANTA ISABEL,DESPENSA,7370.0,1.0,0.0,"[7370.0,1.0,0.0]","[1.0703527948144465,0.7464742583097694,0.0]",0,DESPENSA Y ABARROTES
CUISINE & CO,SANTA ISABEL,DESPENSA,1490.0,1.0,0.0,"[1490.0,1.0,0.0]","[0.21639425566804954,0.7464742583097694,0.0]",0,DESPENSA Y ABARROTES
CUISINE & CO,SANTA ISABEL,DESPENSA,1790.0,1.0,0.0,"[1790.0,1.0,0.0]","[0.2599635688898045,0.7464742583097694,0.0]",0,DESPENSA Y ABARROTES
IANSA CERO K,SANTA ISABEL,DESPENSA,5050.0,1.0,0.0,"[5050.0,1.0,0.0]","[0.7334167725662082,0.7464742583097694,0.0]",0,DESPENSA Y ABARROTES
CRUZEIRO,SANTA ISABEL,DESPENSA,3190.0,1.0,0.0,"[3190.0,1.0,0.0]","[0.46328703059132753,0.7464742583097694,0.0]",0,DESPENSA Y ABARROTES
MUTTI,SANTA ISABEL,DESPENSA,2168.0,1.0,0.0,"[2168.0,1.0,0.0]","[0.3148609035492157,0.7464742583097694,0.0]",0,DESPENSA Y ABARROTES
GOURMET,SANTA ISABEL,DESPENSA,2130.0,1.0,0.0,"[2130.0,1.0,0.0]","[0.3093421238744601,0.7464742583097694,0.0]",0,DESPENSA Y ABARROTES
HELLMANNS,SANTA ISABEL,DESPENSA,3010.0,1.0,0.0,"[3010.0,1.0,0.0]","[0.4371454426582746,0.7464742583097694,0.0]",0,DESPENSA Y ABARROTES
CHINO,SANTA ISABEL,LACTEOS Y CONGELADOS,6440.0,1.0,1.0,"[6440.0,1.0,1.0]","[0.9352879238270061,0.7464742583097694,0.15927572003583113]",0,LACTEOS Y FRESCOS
IANSA AGRO,SANTA ISABEL,DESPENSA,2530.0,1.0,0.0,"[2530.0,1.0,0.0]","[0.36743454150346666,0.7464742583097694,0.0]",0,DESPENSA Y ABARROTES
CUISINE & CO,SANTA ISABEL,DESPENSA,4230.0,1.0,0.0,"[4230.0,1.0,0.0]","[0.6143273164267447,0.7464742583097694,0.0]",0,DESPENSA Y ABARROTES
MAXIMA,SANTA ISABEL,DESPENSA,6520.0,1.0,0.0,"[6520.0,1.0,0.0]","[0.9469064073528074,0.7464742583097694,0.0]",0,DESPENSA Y ABARROTES
LOS BOLDOS,SANTA ISABEL,DESPENSA,3800.0,1.0,0.0,"[3800.0,1.0,0.0]","[0.5518779674755626,0.7464742583097694,0.0]",0,DESPENSA Y ABARROTES
KIKKOMAN,SANTA ISABEL,DESPENSA,6550.0,1.0,0.0,"[6550.0,1.0,0.0]","[0.9512633386749829,0.7464742583097694,0.0]",0,DESPENSA Y ABARROTES
MOTHERS MAID,SANTA ISABEL,DESPENSA,4590.0,1.0,0.0,"[4590.0,1.0,0.0]","[0.6666104922928506,0.7464742583097694,0.0]",0,DESPENSA Y ABARROTES
SAN JOSE,SANTA ISABEL,DESPENSA,1860.0,1.0,0.0,"[1860.0,1.0,0.0]","[0.27012974197488065,0.7464742583097694,0.0]",0,DESPENSA Y ABARROTES
TIA LIA,SANTA ISABEL,DESPENSA,950.0,1.0,0.0,"[950.0,1.0,0.0]","[0.13796949186889065,0.7464742583097694,0.0]",0,DESPENSA Y ABARROTES
CUISINE & CO,SANTA ISABEL,DESPENSA,2990.0,1.0,0.0,"[2990.0,1.0,0.0]","[0.43424082177682427,0.7464742583097694,0.0]",0,DESPENSA Y ABARROTES
MAGGI,SANTA ISABEL,LACTEOS Y CONGELADOS,630.0,1.0,1.0,"[630.0,1.0,1.0]","[0.09149555776568538,0.7464742583097694,0.15927572003583113]",0,LACTEOS Y FRESCOS
MAGGI,SANTA ISABEL,LACTEOS Y CONGELADOS,680.0,1.0,1.0,"[680.0,1.0,1.0]","[0.0987571099693112,0.7464742583097694,0.15927572003583113]",0,LACTEOS Y FRESCOS
MAGGI,SANTA ISABEL,LACTEOS Y CONGELADOS,630.0,1.0,1.0,"[630.0,1.0,1.0]","[0.09149555776568538,0.7464742583097694,0.15927572003583113]",0,LACTEOS Y FRESCOS
MAGGI,SANTA ISABEL,LACTEOS Y CONGELADOS,630.0,1.0,1.0,"[630.0,1.0,1.0]","[0.09149555776568538,0.7464742583097694,0.15927572003583113]",0,LACTEOS Y FRESCOS
MAGGI,SANTA ISABEL,LACTEOS Y CONGELADOS,680.0,1.0,1.0,"[680.0,1.0,1.0]","[0.0987571099693112,0.7464742583097694,0.15927572003583113]",0,LACTEOS Y FRESCOS
IANSA CERO K,SANTA ISABEL,DESPENSA,3390.0,1.0,0.0,"[3390.0,1.0,0.0]","[0.49233323940583085,0.7464742583097694,0.0]",0,DESPENSA Y ABARROTES
CARMENCITA,SANTA ISABEL,DESPENSA,1690.0,1.0,0.0,"[1690.0,1.0,0.0]","[0.24544046448255286,0.7464742583097694,0.0]",0,DESPENSA Y ABARROTES
GOURMET,SANTA ISABEL,DESPENSA,610.0,1.0,0.0,"[610.0,1.0,0.0]","[0.08859093688423506,0.7464742583097694,0.0]",0,DESPENSA Y ABARROTES
TRAVERSO,SANTA ISABEL,DESPENSA,1790.0,1.0,0.0,"[1790.0,1.0,0.0]","[0.2599635688898045,0.7464742583097694,0.0]",0,DESPENSA Y ABARROTES
CLUB,SANTA ISABEL,DESPENSA,4360.0,1.0,0.0,"[4360.0,1.0,0.0]","[0.6332073521561719,0.7464742583097694,0.0]",0,DESPENSA Y ABARROTES
IMPERATORE,SANTA ISABEL,DESPENSA,3070.0,1.0,0.0,"[3070.0,1.0,0.0]","[0.4458593053026256,0.7464742583097694,0.0]",0,DESPENSA Y ABARROTES
GOLD,SANTA ISABEL,DESPENSA,4490.0,1.0,0.0,"[4490.0,1.0,0.0]","[0.652087387885599,0.7464742583097694,0.0]",0,DESPENSA Y ABARROTES
GOURMET,SANTA ISABEL,DESPENSA,2130.0,1.0,0.0,"[2130.0,1.0,0.0]","[0.3093421238744601,0.7464742583097694,0.0]",0,DESPENSA Y ABARROTES
GOURMET,SANTA ISABEL,DESPENSA,610.0,1.0,0.0,"[610.0,1.0,0.0]","[0.08859093688423506,0.7464742583097694,0.0]",0,DESPENSA Y ABARROTES
GOURMET,SANTA ISABEL,DESPENSA,1450.0,1.0,0.0,"[1450.0,1.0,0.0]","[0.2105850139051489,0.7464742583097694,0.0]",0,DESPENSA Y ABARROTES
PERFECT CHOICE,SANTA ISABEL,DESPENSA,2860.0,1.0,0.0,"[2860.0,1.0,0.0]","[0.4153607860473971,0.7464742583097694,0.0]",0,DESPENSA Y ABARROTES
CUISINE & CO,SANTA ISABEL,DESPENSA,1790.0,1.0,0.0,"[1790.0,1.0,0.0]","[0.2599635688898045,0.7464742583097694,0.0]",0,DESPENSA Y ABARROTES
HELLMANNS,SANTA ISABEL,DESPENSA,1860.0,1.0,0.0,"[1860.0,1.0,0.0]","[0.27012974197488065,0.7464742583097694,0.0]",0,DESPENSA Y ABARROTES
WAKAS,SANTA ISABEL,DESPENSA,2490.0,1.0,0.0,"[2490.0,1.0,0.0]","[0.361625299740566,0.7464742583097694,0.0]",0,DESPENSA Y ABARROTES
GOURMET,SANTA ISABEL,DESPENSA,2130.0,1.0,0.0,"[2130.0,1.0,0.0]","[0.3093421238744601,0.7464742583097694,0.0]",0,DESPENSA Y ABARROTES
JUAN VALDEZ,SANTA ISABEL,DESPENSA,13930.0,1.0,0.0,"[13930.0,1.0,0.0]","[2.0230684439301547,0.7464742583097694,0.0]",0,DESPENSA Y ABARROTES
CUISINE & CO,SANTA ISABEL,DESPENSA,990.0,1.0,0.0,"[990.0,1.0,0.0]","[0.1437787336317913,0.7464742583097694,0.0]",0,DESPENSA Y ABARROTES
KELLOGGS,SANTA ISABEL,DESPENSA,2080.0,1.0,0.0,"[2080.0,1.0,0.0]","[0.30208057167083424,0.7464742583097694,0.0]",0,DESPENSA Y ABARROTES
NESCAFE,SANTA ISABEL,DESPENSA,1790.0,1.0,0.0,"[1790.0,1.0,0.0]","[0.2599635688898045,0.7464742583097694,0.0]",0,DESPENSA Y ABARROTES
COLUN,SANTA ISABEL,DESPENSA,6840.0,1.0,0.0,"[6840.0,1.0,0.0]","[0.9933803414560127,0.7464742583097694,0.0]",0,DESPENSA Y ABARROTES
ACONCAGUA,SANTA ISABEL,DESPENSA,1290.0,1.0,0.0,"[1290.0,1.0,0.0]","[0.18734804685354625,0.7464742583097694,0.0]",0,DESPENSA Y ABARROTES
GOURMET,SANTA ISABEL,DESPENSA,4990.0,1.0,0.0,"[4990.0,1.0,0.0]","[0.7247029099218573,0.7464742583097694,0.0]",0,DESPENSA Y ABARROTES
KRAFT,SANTA ISABEL,DESPENSA,2690.0,1.0,0.0,"[2690.0,1.0,0.0]","[0.3906715085550693,0.7464742583097694,0.0]",0,DESPENSA Y ABARROTES
GOURMET,SANTA ISABEL,DESPENSA,1250.0,1.0,0.0,"[1250.0,1.0,0.0]","[0.1815388050906456,0.7464742583097694,0.0]",0,DESPENSA Y ABARROTES
NESTLE,SANTA ISABEL,DESPENSA,2070.0,1.0,0.0,"[2070.0,1.0,0.0]","[0.3006282612301091,0.7464742583097694,0.0]",0,DESPENSA Y ABARROTES
TWININGS,SANTA ISABEL,DESPENSA,3320.0,1.0,0.0,"[3320.0,1.0,0.0]","[0.4821670663207547,0.7464742583097694,0.0]",0,DESPENSA Y ABARROTES
ROBINSON CRUSOE,SANTA ISABEL,DESPENSA,2990.0,1.0,0.0,"[2990.0,1.0,0.0]","[0.43424082177682427,0.7464742583097694,0.0]",0,DESPENSA Y ABARROTES
GOURMET,SANTA ISABEL,DESPENSA,1300.0,1.0,0.0,"[1300.0,1.0,0.0]","[0.18880035729427141,0.7464742583097694,0.0]",0,DESPENSA Y ABARROTES
SUPREMO,SANTA ISABEL,DESPENSA,3390.0,1.0,0.0,"[3390.0,1.0,0.0]","[0.49233323940583085,0.7464742583097694,0.0]",0,DESPENSA Y ABARROTES
CUISINE & CO,SANTA ISABEL,DESPENSA,3650.0,1.0,0.0,"[3650.0,1.0,0.0]","[0.5300933108646851,0.7464742583097694,0.0]",0,DESPENSA Y ABARROTES
NOTCO,SANTA ISABEL,DESPENSA,6540.0,1.0,0.0,"[6540.0,1.0,0.0]","[0.9498110282342578,0.7464742583097694,0.0]",0,DESPENSA Y ABARROTES
DEL FONCE,SANTA ISABEL,DESPENSA,3290.0,1.0,0.0,"[3290.0,1.0,0.0]","[0.4778101349985792,0.7464742583097694,0.0]",0,DESPENSA Y ABARROTES
EN LINEA,SANTA ISABEL,DESPENSA,3110.0,1.0,0.0,"[3110.0,1.0,0.0]","[0.4516685470655262,0.7464742583097694,0.0]",0,DESPENSA Y ABARROTES
THE WILD FOODS,SANTA ISABEL,DESPENSA,5090.0,1.0,0.0,"[5090.0,1.0,0.0]","[0.7392260143291088,0.7464742583097694,0.0]",0,DESPENSA Y ABARROTES
ROBINSON CRUSOE,SANTA ISABEL,DESPENSA,1950.0,1.0,0.0,"[1950.0,1.0,0.0]","[0.28320053594140715,0.7464742583097694,0.0]",0,DESPENSA Y ABARROTES
CLUB,SANTA ISABEL,DESPENSA,3210.0,1.0,0.0,"[3210.0,1.0,0.0]","[0.4661916514727779,0.7464742583097694,0.0]",0,DESPENSA Y ABARROTES
GOURMET,SANTA ISABEL,DESPENSA,2900.0,1.0,0.0,"[2900.0,1.0,0.0]","[0.4211700278102978,0.7464742583097694,0.0]",0,DESPENSA Y ABARROTES
LIVEAN,SANTA ISABEL,DESPENSA,560.0,1.0,0.0,"[560.0,1.0,0.0]","[0.08132938468060923,0.7464742583097694,0.0]",0,DESPENSA Y ABARROTES
TALLIANI,SANTA ISABEL,DESPENSA,5090.0,1.0,0.0,"[5090.0,1.0,0.0]","[0.7392260143291088,0.7464742583097694,0.0]",0,DESPENSA Y ABARROTES
CUISINE & CO,SANTA ISABEL,DESPENSA,1330.0,1.0,0.0,"[1330.0,1.0,0.0]","[0.1931572886164469,0.7464742583097694,0.0]",0,DESPENSA Y ABARROTES
IANSA CERO K,SANTA ISABEL,LACTEOS Y CONGELADOS,3850.0,1.0,1.0,"[3850.0,1.0,1.0]","[0.5591395196791884,0.7464742583097694,0.15927572003583113]",0,LACTEOS Y FRESCOS
DAILY,SANTA ISABEL,LACTEOS Y CONGELADOS,3640.0,1.0,1.0,"[3640.0,1.0,1.0]","[0.52864100042396,0.7464742583097694,0.15927572003583113]",0,LACTEOS Y FRESCOS
ALUSWEET,SANTA ISABEL,LACTEOS Y CONGELADOS,3890.0,1.0,1.0,"[3890.0,1.0,1.0]","[0.564948761442089,0.7464742583097694,0.15927572003583113]",0,LACTEOS Y FRESCOS
IANSA CERO K,SANTA ISABEL,LACTEOS Y CONGELADOS,3790.0,1.0,1.0,"[3790.0,1.0,1.0]","[0.5504256570348375,0.7464742583097694,0.15927572003583113]",0,LACTEOS Y FRESCOS
IANSA CERO K,SANTA ISABEL,LACTEOS Y CONGELADOS,3790.0,1.0,1.0,"[3790.0,1.0,1.0]","[0.5504256570348375,0.7464742583097694,0.15927572003583113]",0,LACTEOS Y FRESCOS
NUTELLA,SANTA ISABEL,DESPENSA,12490.0,1.0,0.0,"[12490.0,1.0,0.0]","[1.8139357404657308,0.7464742583097694,0.0]",0,DESPENSA Y ABARROTES
GOURMET,SANTA ISABEL,DESPENSA,1300.0,1.0,0.0,"[1300.0,1.0,0.0]","[0.18880035729427141,0.7464742583097694,0.0]",0,DESPENSA Y ABARROTES
TWININGS,SANTA ISABEL,DESPENSA,3320.0,1.0,0.0,"[3320.0,1.0,0.0]","[0.4821670663207547,0.7464742583097694,0.0]",0,DESPENSA Y ABARROTES
DEYCO,SANTA ISABEL,DESPENSA,3320.0,1.0,0.0,"[3320.0,1.0,0.0]","[0.4821670663207547,0.7464742583097694,0.0]",0,DESPENSA Y ABARROTES
MCCORMICK,SANTA ISABEL,DESPENSA,3190.0,1.0,0.0,"[3190.0,1.0,0.0]","[0.46328703059132753,0.7464742583097694,0.0]",0,DESPENSA Y ABARROTES
ROBINSON CRUSOE,SANTA ISABEL,DESPENSA,2890.0,1.0,0.0,"[2890.0,1.0,0.0]","[0.41971771736957264,0.7464742583097694,0.0]",0,DESPENSA Y ABARROTES
TAJIN,SANTA ISABEL,DESPENSA,7590.0,1.0,0.0,"[7590.0,1.0,0.0]","[1.1023036245104,0.7464742583097694,0.0]",0,DESPENSA Y ABARROTES
TABASCO,SANTA ISABEL,DESPENSA,7490.0,1.0,0.0,"[7490.0,1.0,0.0]","[1.0877805201031483,0.7464742583097694,0.0]",0,DESPENSA Y ABARROTES
CHOVI,SANTA ISABEL,DESPENSA,7390.0,1.0,0.0,"[7390.0,1.0,0.0]","[1.0732574156958967,0.7464742583097694,0.0]",0,DESPENSA Y ABARROTES
HELLMANNS,SANTA ISABEL,DESPENSA,3490.0,1.0,0.0,"[3490.0,1.0,0.0]","[0.5068563438130825,0.7464742583097694,0.0]",0,DESPENSA Y ABARROTES
BICENTURY,SANTA ISABEL,DESPENSA,4390.0,1.0,0.0,"[4390.0,1.0,0.0]","[0.6375642834783474,0.7464742583097694,0.0]",0,DESPENSA Y ABARROTES
PERFECT CHOICE,SANTA ISABEL,DESPENSA,4890.0,1.0,0.0,"[4890.0,1.0,0.0]","[0.7101798055146056,0.7464742583097694,0.0]",0,DESPENSA Y ABARROTES
ACONCAGUA,SANTA ISABEL,DESPENSA,2250.0,1.0,0.0,"[2250.0,1.0,0.0]","[0.3267698491631621,0.7464742583097694,0.0]",0,DESPENSA Y ABARROTES
TWININGS,SANTA ISABEL,DESPENSA,3320.0,1.0,0.0,"[3320.0,1.0,0.0]","[0.4821670663207547,0.7464742583097694,0.0]",0,DESPENSA Y ABARROTES
IANSA CERO K,SANTA ISABEL,DESPENSA,2650.0,1.0,0.0,"[2650.0,1.0,0.0]","[0.3848622667921687,0.7464742583097694,0.0]",0,DESPENSA Y ABARROTES
GOURMET,SANTA ISABEL,DESPENSA,1450.0,1.0,0.0,"[1450.0,1.0,0.0]","[0.2105850139051489,0.7464742583097694,0.0]",0,DESPENSA Y ABARROTES
CUISINE & CO,SANTA ISABEL,DESPENSA,4060.0,1.0,0.0,"[4060.0,1.0,0.0]","[0.5896380389344169,0.7464742583097694,0.0]",0,DESPENSA Y ABARROTES
CUISINE & CO,SANTA ISABEL,DESPENSA,3840.0,1.0,0.0,"[3840.0,1.0,0.0]","[0.5576872092384633,0.7464742583097694,0.0]",0,DESPENSA Y ABARROTES
SPLENDA,SANTA ISABEL,DESPENSA,4590.0,1.0,0.0,"[4590.0,1.0,0.0]","[0.6666104922928506,0.7464742583097694,0.0]",0,DESPENSA Y ABARROTES
STARBUCKS BY NESPRESSO,SANTA ISABEL,DESPENSA,6650.0,1.0,0.0,"[6650.0,1.0,0.0]","[0.9657864430822346,0.7464742583097694,0.0]",0,DESPENSA Y ABARROTES
GOURMET,SANTA ISABEL,DESPENSA,3530.0,1.0,0.0,"[3530.0,1.0,0.0]","[0.5126655855759832,0.7464742583097694,0.0]",0,DESPENSA Y ABARROTES
IANSA CERO K,SANTA ISABEL,DESPENSA,4050.0,1.0,0.0,"[4050.0,1.0,0.0]","[0.5881857284936918,0.7464742583097694,0.0]",0,DESPENSA Y ABARROTES
GOURMET,SANTA ISABEL,DESPENSA,500.0,1.0,0.0,"[500.0,1.0,0.0]","[0.07261552203625823,0.7464742583097694,0.0]",0,DESPENSA Y ABARROTES
GOLD,SANTA ISABEL,DESPENSA,4490.0,1.0,0.0,"[4490.0,1.0,0.0]","[0.652087387885599,0.7464742583097694,0.0]",0,DESPENSA Y ABARROTES
BABY RAYS,SANTA ISABEL,DESPENSA,3190.0,1.0,0.0,"[3190.0,1.0,0.0]","[0.46328703059132753,0.7464742583097694,0.0]",0,DESPENSA Y ABARROTES
QUILLAYES,SANTA ISABEL,DESPENSA,2990.0,1.0,0.0,"[2990.0,1.0,0.0]","[0.43424082177682427,0.7464742583097694,0.0]",0,DESPENSA Y ABARROTES
COLA CAO,SANTA ISABEL,DESPENSA,3840.0,1.0,0.0,"[3840.0,1.0,0.0]","[0.5576872092384633,0.7464742583097694,0.0]",0,DESPENSA Y ABARROTES
COLMENARES VILLA ALEMANA,SANTA ISABEL,DESPENSA,10600.0,1.0,0.0,"[10600.0,1.0,0.0]","[1.5394490671686747,0.7464742583097694,0.0]",0,DESPENSA Y ABARROTES
COLUN,SANTA ISABEL,DESPENSA,7140.0,1.0,0.0,"[7140.0,1.0,0.0]","[1.0369496546777677,0.7464742583097694,0.0]",0,DESPENSA Y ABARROTES
LIPTON,SANTA ISABEL,DESPENSA,2490.0,1.0,0.0,"[2490.0,1.0,0.0]","[0.361625299740566,0.7464742583097694,0.0]",0,DESPENSA Y ABARROTES
TRAVERSO,SANTA ISABEL,DESPENSA,2290.0,1.0,0.0,"[2290.0,1.0,0.0]","[0.33257909092606275,0.7464742583097694,0.0]",0,DESPENSA Y ABARROTES
CUISINE & CO,SANTA ISABEL,DESPENSA,928.0,1.0,0.0,"[928.0,1.0,0.0]","[0.1347744088992953,0.7464742583097694,0.0]",0,DESPENSA Y ABARROTES
GOURMET,SANTA ISABEL,DESPENSA,1240.0,1.0,0.0,"[1240.0,1.0,0.0]","[0.18008649464992044,0.7464742583097694,0.0]",0,DESPENSA Y ABARROTES
BEAR,SANTA ISABEL,DESPENSA,5810.0,1.0,0.0,"[5810.0,1.0,0.0]","[0.8437923660613207,0.7464742583097694,0.0]",0,DESPENSA Y ABARROTES
GOURMET,SANTA ISABEL,DESPENSA,2650.0,1.0,0.0,"[2650.0,1.0,0.0]","[0.3848622667921687,0.7464742583097694,0.0]",0,DESPENSA Y ABARROTES
MARUCHAN,SANTA ISABEL,DESPENSA,2230.0,1.0,0.0,"[2230.0,1.0,0.0]","[0.3238652282817117,0.7464742583097694,0.0]",0,DESPENSA Y ABARROTES
CUISINE & CO,SANTA ISABEL,DESPENSA,2590.0,1.0,0.0,"[2590.0,1.0,0.0]","[0.3761484041478177,0.7464742583097694,0.0]",0,DESPENSA Y ABARROTES
NESTLE,SANTA ISABEL,DESPENSA,4320.0,1.0,0.0,"[4320.0,1.0,0.0]","[0.6273981103932712,0.7464742583097694,0.0]",0,DESPENSA Y ABARROTES
ALUSWEET,SANTA ISABEL,DESPENSA,8000.0,1.0,0.0,"[8000.0,1.0,0.0]","[1.1618483525801317,0.7464742583097694,0.0]",0,DESPENSA Y ABARROTES
CUISINE & CO,SANTA ISABEL,LACTEOS Y CONGELADOS,2990.0,1.0,1.0,"[2990.0,1.0,1.0]","[0.43424082177682427,0.7464742583097694,0.15927572003583113]",0,LACTEOS Y FRESCOS
CUISINE & CO,SANTA ISABEL,LACTEOS Y CONGELADOS,3290.0,1.0,1.0,"[3290.0,1.0,1.0]","[0.4778101349985792,0.7464742583097694,0.15927572003583113]",0,LACTEOS Y FRESCOS
NUTELLA,SANTA ISABEL,LACTEOS Y CONGELADOS,6790.0,1.0,1.0,"[6790.0,1.0,1.0]","[0.9861187892523868,0.7464742583097694,0.15927572003583113]",0,LACTEOS Y FRESCOS
AMERICAN CLASSIC,SANTA ISABEL,LACTEOS Y CONGELADOS,2590.0,1.0,1.0,"[2590.0,1.0,1.0]","[0.3761484041478177,0.7464742583097694,0.15927572003583113]",0,LACTEOS Y FRESCOS
LA FUENTE NATURAL,SANTA ISABEL,DESPENSA,1950.0,1.0,0.0,"[1950.0,1.0,0.0]","[0.28320053594140715,0.7464742583097694,0.0]",0,DESPENSA Y ABARROTES
GOURMET,SANTA ISABEL,DESPENSA,220.0,1.0,0.0,"[220.0,1.0,0.0]","[0.03195082969595363,0.7464742583097694,0.0]",0,DESPENSA Y ABARROTES
TRAVERSO,SANTA ISABEL,DESPENSA,1450.0,1.0,0.0,"[1450.0,1.0,0.0]","[0.2105850139051489,0.7464742583097694,0.0]",0,DESPENSA Y ABARROTES
MCCORMICK,SANTA ISABEL,DESPENSA,7990.0,1.0,0.0,"[7990.0,1.0,0.0]","[1.1603960421394066,0.7464742583097694,0.0]",0,DESPENSA Y ABARROTES
COLA CAO,SANTA ISABEL,DESPENSA,2450.0,1.0,0.0,"[2450.0,1.0,0.0]","[0.35581605797766536,0.7464742583097694,0.0]",0,DESPENSA Y ABARROTES
ESMERALDA,SANTA ISABEL,DESPENSA,3210.0,1.0,0.0,"[3210.0,1.0,0.0]","[0.4661916514727779,0.7464742583097694,0.0]",0,DESPENSA Y ABARROTES
WAKAS,SANTA ISABEL,DESPENSA,2490.0,1.0,0.0,"[2490.0,1.0,0.0]","[0.361625299740566,0.7464742583097694,0.0]",0,DESPENSA Y ABARROTES
TRAVERSO,SANTA ISABEL,DESPENSA,2490.0,1.0,0.0,"[2490.0,1.0,0.0]","[0.361625299740566,0.7464742583097694,0.0]",0,DESPENSA Y ABARROTES
NOTCO,SANTA ISABEL,DESPENSA,6590.0,1.0,0.0,"[6590.0,1.0,0.0]","[0.9570725804378836,0.7464742583097694,0.0]",0,DESPENSA Y ABARROTES
DOS CABALLOS,SANTA ISABEL,DESPENSA,2550.0,1.0,0.0,"[2550.0,1.0,0.0]","[0.370339162384917,0.7464742583097694,0.0]",0,DESPENSA Y ABARROTES
GOURMET,SANTA ISABEL,DESPENSA,1760.0,1.0,0.0,"[1760.0,1.0,0.0]","[0.255606637567629,0.7464742583097694,0.0]",0,DESPENSA Y ABARROTES
GOURMET,SANTA ISABEL,DESPENSA,500.0,1.0,0.0,"[500.0,1.0,0.0]","[0.07261552203625823,0.7464742583097694,0.0]",0,DESPENSA Y ABARROTES
BABY RAYS,SANTA ISABEL,DESPENSA,3190.0,1.0,0.0,"[3190.0,1.0,0.0]","[0.46328703059132753,0.7464742583097694,0.0]",0,DESPENSA Y ABARROTES
GOURMET,SANTA ISABEL,DESPENSA,500.0,1.0,0.0,"[500.0,1.0,0.0]","[0.07261552203625823,0.7464742583097694,0.0]",0,DESPENSA Y ABARROTES
PERFECT CHOICE,SANTA ISABEL,DESPENSA,3840.0,1.0,0.0,"[3840.0,1.0,0.0]","[0.5576872092384633,0.7464742583097694,0.0]",0,DESPENSA Y ABARROTES
CUISINE & CO,SANTA ISABEL,DESPENSA,3490.0,1.0,0.0,"[3490.0,1.0,0.0]","[0.5068563438130825,0.7464742583097694,0.0]",0,DESPENSA Y ABARROTES
TRAVERSO,SANTA ISABEL,DESPENSA,2190.0,1.0,0.0,"[2190.0,1.0,0.0]","[0.31805598651881106,0.7464742583097694,0.0]",0,DESPENSA Y ABARROTES
CUISINE & CO,SANTA ISABEL,DESPENSA,990.0,1.0,0.0,"[990.0,1.0,0.0]","[0.1437787336317913,0.7464742583097694,0.0]",0,DESPENSA Y ABARROTES
MCCORMICK,SANTA ISABEL,DESPENSA,3990.0,1.0,0.0,"[3990.0,1.0,0.0]","[0.5794718658493407,0.7464742583097694,0.0]",0,DESPENSA Y ABARROTES
GOURMET,SANTA ISABEL,DESPENSA,1290.0,1.0,0.0,"[1290.0,1.0,0.0]","[0.18734804685354625,0.7464742583097694,0.0]",0,DESPENSA Y ABARROTES
EXOTIC FOOD,SANTA ISABEL,DESPENSA,1533.0,1.0,0.0,"[1533.0,1.0,0.0]","[0.22263919056316775,0.7464742583097694,0.0]",0,DESPENSA Y ABARROTES
GOURMET,SANTA ISABEL,DESPENSA,2190.0,1.0,0.0,"[2190.0,1.0,0.0]","[0.31805598651881106,0.7464742583097694,0.0]",0,DESPENSA Y ABARROTES
CARMENCITA,SANTA ISABEL,DESPENSA,1690.0,1.0,0.0,"[1690.0,1.0,0.0]","[0.24544046448255286,0.7464742583097694,0.0]",0,DESPENSA Y ABARROTES
HEINZ,SANTA ISABEL,DESPENSA,7250.0,1.0,0.0,"[7250.0,1.0,0.0]","[1.0529250695257444,0.7464742583097694,0.0]",0,DESPENSA Y ABARROTES
GOURMET,SANTA ISABEL,DESPENSA,2690.0,1.0,0.0,"[2690.0,1.0,0.0]","[0.3906715085550693,0.7464742583097694,0.0]",0,DESPENSA Y ABARROTES
GOURMET,SANTA ISABEL,DESPENSA,710.0,1.0,0.0,"[710.0,1.0,0.0]","[0.1031140412914867,0.7464742583097694,0.0]",0,DESPENSA Y ABARROTES
AMBROSOLI,SANTA ISABEL,DESPENSA,3590.0,1.0,0.0,"[3590.0,1.0,0.0]","[0.5213794482203341,0.7464742583097694,0.0]",0,DESPENSA Y ABARROTES
CHOVI,SANTA ISABEL,DESPENSA,3290.0,1.0,0.0,"[3290.0,1.0,0.0]","[0.4778101349985792,0.7464742583097694,0.0]",0,DESPENSA Y ABARROTES
CUISINE & CO,SANTA ISABEL,DESPENSA,1190.0,1.0,0.0,"[1190.0,1.0,0.0]","[0.1728249424462946,0.7464742583097694,0.0]",0,DESPENSA Y ABARROTES
BICENTURY,SANTA ISABEL,DESPENSA,4290.0,1.0,0.0,"[4290.0,1.0,0.0]","[0.6230411790710957,0.7464742583097694,0.0]",0,DESPENSA Y ABARROTES
CUISINE & CO,SANTA ISABEL,DESPENSA,1330.0,1.0,0.0,"[1330.0,1.0,0.0]","[0.1931572886164469,0.7464742583097694,0.0]",0,DESPENSA Y ABARROTES
HELLMANNS,SANTA ISABEL,DESPENSA,1510.0,1.0,0.0,"[1510.0,1.0,0.0]","[0.21929887654949987,0.7464742583097694,0.0]",0,DESPENSA Y ABARROTES
TRAVERSO,SANTA ISABEL,DESPENSA,2170.0,1.0,0.0,"[2170.0,1.0,0.0]","[0.31515136563736074,0.7464742583097694,0.0]",0,DESPENSA Y ABARROTES
CUISINE & CO,SANTA ISABEL,DESPENSA,3790.0,1.0,0.0,"[3790.0,1.0,0.0]","[0.5504256570348375,0.7464742583097694,0.0]",0,DESPENSA Y ABARROTES
TWININGS,SANTA ISABEL,DESPENSA,3320.0,1.0,0.0,"[3320.0,1.0,0.0]","[0.4821670663207547,0.7464742583097694,0.0]",0,DESPENSA Y ABARROTES
LA CRIOLLA,SANTA ISABEL,DESPENSA,3990.0,1.0,0.0,"[3990.0,1.0,0.0]","[0.5794718658493407,0.7464742583097694,0.0]",0,DESPENSA Y ABARROTES
MARLEY COFFEE,SANTA ISABEL,DESPENSA,4890.0,1.0,0.0,"[4890.0,1.0,0.0]","[0.7101798055146056,0.7464742583097694,0.0]",0,DESPENSA Y ABARROTES
NATUREZZA,SANTA ISABEL,DESPENSA,290.0,1.0,0.0,"[290.0,1.0,0.0]","[0.042117002781029776,0.7464742583097694,0.0]",0,DESPENSA Y ABARROTES
ST DALFOUR,SANTA ISABEL,DESPENSA,4980.0,1.0,0.0,"[4980.0,1.0,0.0]","[0.723250599481132,0.7464742583097694,0.0]",0,DESPENSA Y ABARROTES
CRUZEIRO,SANTA ISABEL,DESPENSA,3190.0,1.0,0.0,"[3190.0,1.0,0.0]","[0.46328703059132753,0.7464742583097694,0.0]",0,DESPENSA Y ABARROTES
CUISINE & CO,SANTA ISABEL,LACTEOS Y CONGELADOS,880.0,1.0,1.0,"[880.0,1.0,1.0]","[0.1278033187838145,0.7464742583097694,0.15927572003583113]",0,LACTEOS Y FRESCOS
GOURMET,SANTA ISABEL,LACTEOS Y CONGELADOS,1090.0,1.0,1.0,"[1090.0,1.0,1.0]","[0.15830183803904296,0.7464742583097694,0.15927572003583113]",0,LACTEOS Y FRESCOS
CUISINE & CO,SANTA ISABEL,LACTEOS Y CONGELADOS,1350.0,1.0,1.0,"[1350.0,1.0,1.0]","[0.19606190949789723,0.7464742583097694,0.15927572003583113]",0,LACTEOS Y FRESCOS
GOURMET,SANTA ISABEL,LACTEOS Y CONGELADOS,500.0,1.0,1.0,"[500.0,1.0,1.0]","[0.07261552203625823,0.7464742583097694,0.15927572003583113]",0,LACTEOS Y FRESCOS
GOURMET,SANTA ISABEL,LACTEOS Y CONGELADOS,1760.0,1.0,1.0,"[1760.0,1.0,1.0]","[0.255606637567629,0.7464742583097694,0.15927572003583113]",0,LACTEOS Y FRESCOS
IANSA AGRO,SANTA ISABEL,DESPENSA,3420.0,1.0,0.0,"[3420.0,1.0,0.0]","[0.49669017072800636,0.7464742583097694,0.0]",0,DESPENSA Y ABARROTES
CUISINE & CO,SANTA ISABEL,DESPENSA,3870.0,1.0,0.0,"[3870.0,1.0,0.0]","[0.5620441405606388,0.7464742583097694,0.0]",0,DESPENSA Y ABARROTES
THE WILD FOODS,SANTA ISABEL,DESPENSA,1490.0,1.0,0.0,"[1490.0,1.0,0.0]","[0.21639425566804954,0.7464742583097694,0.0]",0,DESPENSA Y ABARROTES
COLUN,SANTA ISABEL,DESPENSA,500.0,1.0,0.0,"[500.0,1.0,0.0]","[0.07261552203625823,0.7464742583097694,0.0]",0,DESPENSA Y ABARROTES
EN LINEA,SANTA ISABEL,DESPENSA,3110.0,1.0,0.0,"[3110.0,1.0,0.0]","[0.4516685470655262,0.7464742583097694,0.0]",0,DESPENSA Y ABARROTES
CAROZZI,SANTA ISABEL,DESPENSA,2490.0,1.0,0.0,"[2490.0,1.0,0.0]","[0.361625299740566,0.7464742583097694,0.0]",0,DESPENSA Y ABARROTES
CHOCAPIC,SANTA ISABEL,DESPENSA,3420.0,1.0,0.0,"[3420.0,1.0,0.0]","[0.49669017072800636,0.7464742583097694,0.0]",0,DESPENSA Y ABARROTES
LA COSTEÑA,SANTA ISABEL,DESPENSA,3010.0,1.0,0.0,"[3010.0,1.0,0.0]","[0.4371454426582746,0.7464742583097694,0.0]",0,DESPENSA Y ABARROTES
CUISINE & CO,SANTA ISABEL,DESPENSA,3340.0,1.0,0.0,"[3340.0,1.0,0.0]","[0.485071687202205,0.7464742583097694,0.0]",0,DESPENSA Y ABARROTES
ROBINSON CRUSOE,SANTA ISABEL,DESPENSA,1950.0,1.0,0.0,"[1950.0,1.0,0.0]","[0.28320053594140715,0.7464742583097694,0.0]",0,DESPENSA Y ABARROTES
SUPREMO,SANTA ISABEL,DESPENSA,3390.0,1.0,0.0,"[3390.0,1.0,0.0]","[0.49233323940583085,0.7464742583097694,0.0]",0,DESPENSA Y ABARROTES
DAILY,SANTA ISABEL,DESPENSA,2530.0,1.0,0.0,"[2530.0,1.0,0.0]","[0.36743454150346666,0.7464742583097694,0.0]",0,DESPENSA Y ABARROTES
DEYCO,SANTA ISABEL,DESPENSA,2690.0,1.0,0.0,"[2690.0,1.0,0.0]","[0.3906715085550693,0.7464742583097694,0.0]",0,DESPENSA Y ABARROTES
CUISINE & CO,SANTA ISABEL,DESPENSA,3870.0,1.0,0.0,"[3870.0,1.0,0.0]","[0.5620441405606388,0.7464742583097694,0.0]",0,DESPENSA Y ABARROTES
MONTECRISTO,SANTA ISABEL,DESPENSA,5490.0,1.0,0.0,"[5490.0,1.0,0.0]","[0.7973184319581155,0.7464742583097694,0.0]",0,DESPENSA Y ABARROTES
ORGRAN,SANTA ISABEL,DESPENSA,4690.0,1.0,0.0,"[4690.0,1.0,0.0]","[0.6811335967001023,0.7464742583097694,0.0]",0,DESPENSA Y ABARROTES
CUISINE & CO,SANTA ISABEL,DESPENSA,928.0,1.0,0.0,"[928.0,1.0,0.0]","[0.1347744088992953,0.7464742583097694,0.0]",0,DESPENSA Y ABARROTES
NATURALIST,SANTA ISABEL,DESPENSA,1684.0,1.0,0.0,"[1684.0,1.0,0.0]","[0.24456907821811774,0.7464742583097694,0.0]",0,DESPENSA Y ABARROTES
NOTCO,SANTA ISABEL,DESPENSA,5190.0,1.0,0.0,"[5190.0,1.0,0.0]","[0.7537491187363605,0.7464742583097694,0.0]",0,DESPENSA Y ABARROTES
PROVENZAL,SANTA ISABEL,DESPENSA,3070.0,1.0,0.0,"[3070.0,1.0,0.0]","[0.4458593053026256,0.7464742583097694,0.0]",0,DESPENSA Y ABARROTES
LA COSTEÑA,SANTA ISABEL,DESPENSA,1820.0,1.0,0.0,"[1820.0,1.0,0.0]","[0.26432050021198,0.7464742583097694,0.0]",0,DESPENSA Y ABARROTES
CUISINE & CO,SANTA ISABEL,DESPENSA,928.0,1.0,0.0,"[928.0,1.0,0.0]","[0.1347744088992953,0.7464742583097694,0.0]",0,DESPENSA Y ABARROTES
EN LINEA,SANTA ISABEL,DESPENSA,2990.0,1.0,0.0,"[2990.0,1.0,0.0]","[0.43424082177682427,0.7464742583097694,0.0]",0,DESPENSA Y ABARROTES
IANSA CERO K,SANTA ISABEL,DESPENSA,6230.0,1.0,0.0,"[6230.0,1.0,0.0]","[0.9047894045717776,0.7464742583097694,0.0]",0,DESPENSA Y ABARROTES
CUISINE & CO,SANTA ISABEL,DESPENSA,3870.0,1.0,0.0,"[3870.0,1.0,0.0]","[0.5620441405606388,0.7464742583097694,0.0]",0,DESPENSA Y ABARROTES
EXOTIC FOOD,SANTA ISABEL,DESPENSA,1533.0,1.0,0.0,"[1533.0,1.0,0.0]","[0.22263919056316775,0.7464742583097694,0.0]",0,DESPENSA Y ABARROTES
LA FUENTE NATURAL,SANTA ISABEL,DESPENSA,2830.0,1.0,0.0,"[2830.0,1.0,0.0]","[0.4110038547252216,0.7464742583097694,0.0]",0,DESPENSA Y ABARROTES
GOURMET,SANTA ISABEL,DESPENSA,700.0,1.0,0.0,"[700.0,1.0,0.0]","[0.10166173085076154,0.7464742583097694,0.0]",0,DESPENSA Y ABARROTES
DE CAMACHO,SANTA ISABEL,DESPENSA,2380.0,1.0,0.0,"[2380.0,1.0,0.0]","[0.3456498848925892,0.7464742583097694,0.0]",0,DESPENSA Y ABARROTES
GOLD,SANTA ISABEL,DESPENSA,6928.0,1.0,0.0,"[6928.0,1.0,0.0]","[1.0061606733343942,0.7464742583097694,0.0]",0,DESPENSA Y ABARROTES
CUISINE & CO,SANTA ISABEL,DESPENSA,4170.0,1.0,0.0,"[4170.0,1.0,0.0]","[0.6056134537823937,0.7464742583097694,0.0]",0,DESPENSA Y ABARROTES
GOURMET,SANTA ISABEL,DESPENSA,3110.0,1.0,0.0,"[3110.0,1.0,0.0]","[0.4516685470655262,0.7464742583097694,0.0]",0,DESPENSA Y ABARROTES
CUISINE & CO,SANTA ISABEL,DESPENSA,4050.0,1.0,0.0,"[4050.0,1.0,0.0]","[0.5881857284936918,0.7464742583097694,0.0]",0,DESPENSA Y ABARROTES
SATURNO,SANTA ISABEL,DESPENSA,12490.0,1.0,0.0,"[12490.0,1.0,0.0]","[1.8139357404657308,0.7464742583097694,0.0]",0,DESPENSA Y ABARROTES
COSTA,SANTA ISABEL,DESPENSA,3940.0,1.0,0.0,"[3940.0,1.0,0.0]","[0.572210313645715,0.7464742583097694,0.0]",0,DESPENSA Y ABARROTES
GOLD,SANTA ISABEL,DESPENSA,4490.0,1.0,0.0,"[4490.0,1.0,0.0]","[0.652087387885599,0.7464742583097694,0.0]",0,DESPENSA Y ABARROTES
GOURMET,SANTA ISABEL,DESPENSA,1760.0,1.0,0.0,"[1760.0,1.0,0.0]","[0.255606637567629,0.7464742583097694,0.0]",0,DESPENSA Y ABARROTES
CUISINE & CO,SANTA ISABEL,DESPENSA,3490.0,1.0,0.0,"[3490.0,1.0,0.0]","[0.5068563438130825,0.7464742583097694,0.0]",0,DESPENSA Y ABARROTES
TRAVERSO,SANTA ISABEL,DESPENSA,3130.0,1.0,0.0,"[3130.0,1.0,0.0]","[0.45457316794697655,0.7464742583097694,0.0]",0,DESPENSA Y ABARROTES
LA COSTEÑA,SANTA ISABEL,DESPENSA,3010.0,1.0,0.0,"[3010.0,1.0,0.0]","[0.4371454426582746,0.7464742583097694,0.0]",0,DESPENSA Y ABARROTES
WASIL,SANTA ISABEL,LACTEOS Y CONGELADOS,1490.0,1.0,1.0,"[1490.0,1.0,1.0]","[0.21639425566804954,0.7464742583097694,0.15927572003583113]",0,LACTEOS Y FRESCOS
WASIL,SANTA ISABEL,LACTEOS Y CONGELADOS,1450.0,1.0,1.0,"[1450.0,1.0,1.0]","[0.2105850139051489,0.7464742583097694,0.15927572003583113]",0,LACTEOS Y FRESCOS
WASIL,SANTA ISABEL,LACTEOS Y CONGELADOS,1450.0,1.0,1.0,"[1450.0,1.0,1.0]","[0.2105850139051489,0.7464742583097694,0.15927572003583113]",0,LACTEOS Y FRESCOS
WASIL,SANTA ISABEL,LACTEOS Y CONGELADOS,2860.0,1.0,1.0,"[2860.0,1.0,1.0]","[0.4153607860473971,0.7464742583097694,0.15927572003583113]",0,LACTEOS Y FRESCOS
WASIL,SANTA ISABEL,LACTEOS Y CONGELADOS,2860.0,1.0,1.0,"[2860.0,1.0,1.0]","[0.4153607860473971,0.7464742583097694,0.15927572003583113]",0,LACTEOS Y FRESCOS
CUISINE & CO,SANTA ISABEL,DESPENSA,3790.0,1.0,0.0,"[3790.0,1.0,0.0]","[0.5504256570348375,0.7464742583097694,0.0]",0,DESPENSA Y ABARROTES
CARMENCITA,SANTA ISABEL,DESPENSA,3290.0,1.0,0.0,"[3290.0,1.0,0.0]","[0.4778101349985792,0.7464742583097694,0.0]",0,DESPENSA Y ABARROTES
LOCOS X EL ASADO,SANTA ISABEL,DESPENSA,2730.0,1.0,0.0,"[2730.0,1.0,0.0]","[0.39648075031797,0.7464742583097694,0.0]",0,DESPENSA Y ABARROTES
CUISINE & CO,SANTA ISABEL,DESPENSA,1790.0,1.0,0.0,"[1790.0,1.0,0.0]","[0.2599635688898045,0.7464742583097694,0.0]",0,DESPENSA Y ABARROTES
PANCHO VILLA,SANTA ISABEL,DESPENSA,3840.0,1.0,0.0,"[3840.0,1.0,0.0]","[0.5576872092384633,0.7464742583097694,0.0]",0,DESPENSA Y ABARROTES
ACONCAGUA,SANTA ISABEL,DESPENSA,1150.0,1.0,0.0,"[1150.0,1.0,0.0]","[0.16701570068339394,0.7464742583097694,0.0]",0,DESPENSA Y ABARROTES
IANSA CERO K,SANTA ISABEL,DESPENSA,4290.0,1.0,0.0,"[4290.0,1.0,0.0]","[0.6230411790710957,0.7464742583097694,0.0]",0,DESPENSA Y ABARROTES
GOURMET,SANTA ISABEL,DESPENSA,2150.0,1.0,0.0,"[2150.0,1.0,0.0]","[0.3122467447559104,0.7464742583097694,0.0]",0,DESPENSA Y ABARROTES
CUISINE & CO,SANTA ISABEL,DESPENSA,3240.0,1.0,0.0,"[3240.0,1.0,0.0]","[0.4705485827949534,0.7464742583097694,0.0]",0,DESPENSA Y ABARROTES
ACONCAGUA,SANTA ISABEL,DESPENSA,1290.0,1.0,0.0,"[1290.0,1.0,0.0]","[0.18734804685354625,0.7464742583097694,0.0]",0,DESPENSA Y ABARROTES
TRAVERSO,SANTA ISABEL,DESPENSA,3550.0,1.0,0.0,"[3550.0,1.0,0.0]","[0.5155702064574335,0.7464742583097694,0.0]",0,DESPENSA Y ABARROTES
MILO,SANTA ISABEL,DESPENSA,3940.0,1.0,0.0,"[3940.0,1.0,0.0]","[0.572210313645715,0.7464742583097694,0.0]",0,DESPENSA Y ABARROTES
THE WILD FOODS,SANTA ISABEL,DESPENSA,17490.0,1.0,0.0,"[17490.0,1.0,0.0]","[2.540090960828313,0.7464742583097694,0.0]",0,DESPENSA Y ABARROTES
MAGGI,SANTA ISABEL,DESPENSA,1090.0,1.0,0.0,"[1090.0,1.0,0.0]","[0.15830183803904296,0.7464742583097694,0.0]",0,DESPENSA Y ABARROTES
CUISINE & CO,SANTA ISABEL,DESPENSA,3690.0,1.0,0.0,"[3690.0,1.0,0.0]","[0.5359025526275858,0.7464742583097694,0.0]",0,DESPENSA Y ABARROTES
HEINZ,SANTA ISABEL,DESPENSA,3840.0,1.0,0.0,"[3840.0,1.0,0.0]","[0.5576872092384633,0.7464742583097694,0.0]",0,DESPENSA Y ABARROTES
GOURMET,SANTA ISABEL,DESPENSA,2550.0,1.0,0.0,"[2550.0,1.0,0.0]","[0.370339162384917,0.7464742583097694,0.0]",0,DESPENSA Y ABARROTES
CUISINE & CO,SANTA ISABEL,DESPENSA,3490.0,1.0,0.0,"[3490.0,1.0,0.0]","[0.5068563438130825,0.7464742583097694,0.0]",0,DESPENSA Y ABARROTES
BEAR,SANTA ISABEL,DESPENSA,5590.0,1.0,0.0,"[5590.0,1.0,0.0]","[0.811841536365367,0.7464742583097694,0.0]",0,DESPENSA Y ABARROTES
GOURMET,SANTA ISABEL,DESPENSA,4770.0,1.0,0.0,"[4770.0,1.0,0.0]","[0.6927520802259036,0.7464742583097694,0.0]",0,DESPENSA Y ABARROTES
KIKKOMAN,SANTA ISABEL,DESPENSA,4350.0,1.0,0.0,"[4350.0,1.0,0.0]","[0.6317550417154467,0.7464742583097694,0.0]",0,DESPENSA Y ABARROTES
ORGRAN,SANTA ISABEL,DESPENSA,4290.0,1.0,0.0,"[4290.0,1.0,0.0]","[0.6230411790710957,0.7464742583097694,0.0]",0,DESPENSA Y ABARROTES
DOS CABALLOS,SANTA ISABEL,DESPENSA,1790.0,1.0,0.0,"[1790.0,1.0,0.0]","[0.2599635688898045,0.7464742583097694,0.0]",0,DESPENSA Y ABARROTES
CUISINE & CO,SANTA ISABEL,DESPENSA,990.0,1.0,0.0,"[990.0,1.0,0.0]","[0.1437787336317913,0.7464742583097694,0.0]",0,DESPENSA Y ABARROTES
ST DALFOUR,SANTA ISABEL,DESPENSA,4980.0,1.0,0.0,"[4980.0,1.0,0.0]","[0.723250599481132,0.7464742583097694,0.0]",0,DESPENSA Y ABARROTES
LA COSTEÑA,SANTA ISABEL,DESPENSA,1690.0,1.0,0.0,"[1690.0,1.0,0.0]","[0.24544046448255286,0.7464742583097694,0.0]",0,DESPENSA Y ABARROTES
ACONCAGUA,SANTA ISABEL,DESPENSA,1200.0,1.0,0.0,"[1200.0,1.0,0.0]","[0.17427725288701978,0.7464742583097694,0.0]",0,DESPENSA Y ABARROTES
LOS BOLDOS,SANTA ISABEL,DESPENSA,3790.0,1.0,0.0,"[3790.0,1.0,0.0]","[0.5504256570348375,0.7464742583097694,0.0]",0,DESPENSA Y ABARROTES
TRAVERSO,SANTA ISABEL,DESPENSA,3890.0,1.0,0.0,"[3890.0,1.0,0.0]","[0.564948761442089,0.7464742583097694,0.0]",0,DESPENSA Y ABARROTES
NESCAFE DOLCE GUSTO,SANTA ISABEL,DESPENSA,5990.0,1.0,0.0,"[5990.0,1.0,0.0]","[0.8699339539943737,0.7464742583097694,0.0]",0,DESPENSA Y ABARROTES
CRE-MOS,SANTA ISABEL,DESPENSA,1450.0,1.0,0.0,"[1450.0,1.0,0.0]","[0.2105850139051489,0.7464742583097694,0.0]",0,DESPENSA Y ABARROTES
SPECIA,SANTA ISABEL,DESPENSA,6020.0,1.0,0.0,"[6020.0,1.0,0.0]","[0.8742908853165492,0.7464742583097694,0.0]",0,DESPENSA Y ABARROTES
MAGGI,SANTA ISABEL,DESPENSA,950.0,1.0,0.0,"[950.0,1.0,0.0]","[0.13796949186889065,0.7464742583097694,0.0]",0,DESPENSA Y ABARROTES
THE WILD FOODS,SANTA ISABEL,DESPENSA,1490.0,1.0,0.0,"[1490.0,1.0,0.0]","[0.21639425566804954,0.7464742583097694,0.0]",0,DESPENSA Y ABARROTES
IANSA AGRO,SANTA ISABEL,DESPENSA,2090.0,1.0,0.0,"[2090.0,1.0,0.0]","[0.30353288211155943,0.7464742583097694,0.0]",0,DESPENSA Y ABARROTES
GOURMET,SANTA ISABEL,DESPENSA,2690.0,1.0,0.0,"[2690.0,1.0,0.0]","[0.3906715085550693,0.7464742583097694,0.0]",0,DESPENSA Y ABARROTES
CUISINE & CO,SANTA ISABEL,DESPENSA,4170.0,1.0,0.0,"[4170.0,1.0,0.0]","[0.6056134537823937,0.7464742583097694,0.0]",0,DESPENSA Y ABARROTES
CUISINE & CO,SANTA ISABEL,DESPENSA,3830.0,1.0,0.0,"[3830.0,1.0,0.0]","[0.5562348987977381,0.7464742583097694,0.0]",0,DESPENSA Y ABARROTES
ALCAFOOD,SANTA ISABEL,DESPENSA,6850.0,1.0,0.0,"[6850.0,1.0,0.0]","[0.9948326518967379,0.7464742583097694,0.0]",0,DESPENSA Y ABARROTES
MAGGI,SANTA ISABEL,DESPENSA,680.0,1.0,0.0,"[680.0,1.0,0.0]","[0.0987571099693112,0.7464742583097694,0.0]",0,DESPENSA Y ABARROTES
ALACENA,SANTA ISABEL,DESPENSA,7160.0,1.0,0.0,"[7160.0,1.0,0.0]","[1.039854275559218,0.7464742583097694,0.0]",0,DESPENSA Y ABARROTES
PASSAGE FOODS,SANTA ISABEL,DESPENSA,2490.0,1.0,0.0,"[2490.0,1.0,0.0]","[0.361625299740566,0.7464742583097694,0.0]",0,DESPENSA Y ABARROTES
DON JUAN,SANTA ISABEL,DESPENSA,1820.0,1.0,0.0,"[1820.0,1.0,0.0]","[0.26432050021198,0.7464742583097694,0.0]",0,DESPENSA Y ABARROTES
NOTCO,SANTA ISABEL,DESPENSA,3650.0,1.0,0.0,"[3650.0,1.0,0.0]","[0.5300933108646851,0.7464742583097694,0.0]",0,DESPENSA Y ABARROTES
NOTCO,SANTA ISABEL,DESPENSA,3650.0,1.0,0.0,"[3650.0,1.0,0.0]","[0.5300933108646851,0.7464742583097694,0.0]",0,DESPENSA Y ABARROTES
ACONCAGUA,SANTA ISABEL,DESPENSA,1290.0,1.0,0.0,"[1290.0,1.0,0.0]","[0.18734804685354625,0.7464742583097694,0.0]",0,DESPENSA Y ABARROTES
TALLIANI,SANTA ISABEL,DESPENSA,2290.0,1.0,0.0,"[2290.0,1.0,0.0]","[0.33257909092606275,0.7464742583097694,0.0]",0,DESPENSA Y ABARROTES
MCCORMICK,SANTA ISABEL,DESPENSA,3990.0,1.0,0.0,"[3990.0,1.0,0.0]","[0.5794718658493407,0.7464742583097694,0.0]",0,DESPENSA Y ABARROTES
CUISINE & CO,SANTA ISABEL,DESPENSA,3640.0,1.0,0.0,"[3640.0,1.0,0.0]","[0.52864100042396,0.7464742583097694,0.0]",0,DESPENSA Y ABARROTES
UNDERWOOD,SANTA ISABEL,DESPENSA,4570.0,1.0,0.0,"[4570.0,1.0,0.0]","[0.6637058714114003,0.7464742583097694,0.0]",0,DESPENSA Y ABARROTES
GOURMET,SANTA ISABEL,DESPENSA,4570.0,1.0,0.0,"[4570.0,1.0,0.0]","[0.6637058714114003,0.7464742583097694,0.0]",0,DESPENSA Y ABARROTES
INFERNO,SANTA ISABEL,DESPENSA,2390.0,1.0,0.0,"[2390.0,1.0,0.0]","[0.3471021953333144,0.7464742583097694,0.0]",0,DESPENSA Y ABARROTES
KIKKOMAN,SANTA ISABEL,DESPENSA,4790.0,1.0,0.0,"[4790.0,1.0,0.0]","[0.6956567011073539,0.7464742583097694,0.0]",0,DESPENSA Y ABARROTES
ALACENA,SANTA ISABEL,DESPENSA,1000.0,1.0,0.0,"[1000.0,1.0,0.0]","[0.14523104407251647,0.7464742583097694,0.0]",0,DESPENSA Y ABARROTES
LA COSTEÑA,SANTA ISABEL,DESPENSA,2960.0,1.0,0.0,"[2960.0,1.0,0.0]","[0.42988389045464875,0.7464742583097694,0.0]",0,DESPENSA Y ABARROTES
CHOLULA,SANTA ISABEL,DESPENSA,3090.0,1.0,0.0,"[3090.0,1.0,0.0]","[0.4487639261840759,0.7464742583097694,0.0]",0,DESPENSA Y ABARROTES
CUISINE & CO,SANTA ISABEL,DESPENSA,3790.0,1.0,0.0,"[3790.0,1.0,0.0]","[0.5504256570348375,0.7464742583097694,0.0]",0,DESPENSA Y ABARROTES
INFERNO,SANTA ISABEL,DESPENSA,2440.0,1.0,0.0,"[2440.0,1.0,0.0]","[0.3543637475369402,0.7464742583097694,0.0]",0,DESPENSA Y ABARROTES
INFERNO,SANTA ISABEL,DESPENSA,2440.0,1.0,0.0,"[2440.0,1.0,0.0]","[0.3543637475369402,0.7464742583097694,0.0]",0,DESPENSA Y ABARROTES
GOURMET,SANTA ISABEL,DESPENSA,2290.0,1.0,0.0,"[2290.0,1.0,0.0]","[0.33257909092606275,0.7464742583097694,0.0]",0,DESPENSA Y ABARROTES
LA COSTEÑA,SANTA ISABEL,DESPENSA,1820.0,1.0,0.0,"[1820.0,1.0,0.0]","[0.26432050021198,0.7464742583097694,0.0]",0,DESPENSA Y ABARROTES
QUILLAYES,SANTA ISABEL,DESPENSA,2990.0,1.0,0.0,"[2990.0,1.0,0.0]","[0.43424082177682427,0.7464742583097694,0.0]",0,DESPENSA Y ABARROTES
CUISINE & CO,SANTA ISABEL,DESPENSA,3870.0,1.0,0.0,"[3870.0,1.0,0.0]","[0.5620441405606388,0.7464742583097694,0.0]",0,DESPENSA Y ABARROTES
MI PLANTA MORRON,SANTA ISABEL,DESPENSA,2880.0,1.0,0.0,"[2880.0,1.0,0.0]","[0.41826540692884745,0.7464742583097694,0.0]",0,DESPENSA Y ABARROTES
MI PLANTA MORRON,SANTA ISABEL,DESPENSA,2830.0,1.0,0.0,"[2830.0,1.0,0.0]","[0.4110038547252216,0.7464742583097694,0.0]",0,DESPENSA Y ABARROTES
GOURMET,SANTA ISABEL,DESPENSA,4990.0,1.0,0.0,"[4990.0,1.0,0.0]","[0.7247029099218573,0.7464742583097694,0.0]",0,DESPENSA Y ABARROTES
LA COSTEÑA,SANTA ISABEL,DESPENSA,1690.0,1.0,0.0,"[1690.0,1.0,0.0]","[0.24544046448255286,0.7464742583097694,0.0]",0,DESPENSA Y ABARROTES
HEINZ,SANTA ISABEL,DESPENSA,3290.0,1.0,0.0,"[3290.0,1.0,0.0]","[0.4778101349985792,0.7464742583097694,0.0]",0,DESPENSA Y ABARROTES
LA COSTEÑA,SANTA ISABEL,DESPENSA,2850.0,1.0,0.0,"[2850.0,1.0,0.0]","[0.41390847560667193,0.7464742583097694,0.0]",0,DESPENSA Y ABARROTES
ACONCAGUA,SANTA ISABEL,DESPENSA,1200.0,1.0,0.0,"[1200.0,1.0,0.0]","[0.17427725288701978,0.7464742583097694,0.0]",0,DESPENSA Y ABARROTES
NAKD,SANTA ISABEL,DESPENSA,5090.0,1.0,0.0,"[5090.0,1.0,0.0]","[0.7392260143291088,0.7464742583097694,0.0]",0,DESPENSA Y ABARROTES
CUISINE & CO,SANTA ISABEL,DESPENSA,3790.0,1.0,0.0,"[3790.0,1.0,0.0]","[0.5504256570348375,0.7464742583097694,0.0]",0,DESPENSA Y ABARROTES
ACONCAGUA,SANTA ISABEL,DESPENSA,1200.0,1.0,0.0,"[1200.0,1.0,0.0]","[0.17427725288701978,0.7464742583097694,0.0]",0,DESPENSA Y ABARROTES
GOURMET,SANTA ISABEL,DESPENSA,4460.0,1.0,0.0,"[4460.0,1.0,0.0]","[0.6477304565634234,0.7464742583097694,0.0]",0,DESPENSA Y ABARROTES
VIVO,SANTA ISABEL,DESPENSA,900.0,1.0,0.0,"[900.0,1.0,0.0]","[0.13070793966526484,0.7464742583097694,0.0]",0,DESPENSA Y ABARROTES
CUISINE & CO,SANTA ISABEL,DESPENSA,1790.0,1.0,0.0,"[1790.0,1.0,0.0]","[0.2599635688898045,0.7464742583097694,0.0]",0,DESPENSA Y ABARROTES
SANTA ISABEL,SANTA ISABEL,DESPENSA,2250.0,1.0,0.0,"[2250.0,1.0,0.0]","[0.3267698491631621,0.7464742583097694,0.0]",0,DESPENSA Y ABARROTES
LA COSTEÑA,SANTA ISABEL,DESPENSA,1990.0,1.0,0.0,"[1990.0,1.0,0.0]","[0.2890097777043078,0.7464742583097694,0.0]",0,DESPENSA Y ABARROTES
CUISINE & CO,SANTA ISABEL,DESPENSA,3640.0,1.0,0.0,"[3640.0,1.0,0.0]","[0.52864100042396,0.7464742583097694,0.0]",0,DESPENSA Y ABARROTES
GOURMET,SANTA ISABEL,DESPENSA,2960.0,1.0,0.0,"[2960.0,1.0,0.0]","[0.42988389045464875,0.7464742583097694,0.0]",0,DESPENSA Y ABARROTES
EXOTIC FOOD,SANTA ISABEL,DESPENSA,1533.0,1.0,0.0,"[1533.0,1.0,0.0]","[0.22263919056316775,0.7464742583097694,0.0]",0,DESPENSA Y ABARROTES
MAXIMA,SANTA ISABEL,DESPENSA,1570.0,1.0,0.0,"[1570.0,1.0,0.0]","[0.22801273919385087,0.7464742583097694,0.0]",0,DESPENSA Y ABARROTES
MCCORMICK,SANTA ISABEL,DESPENSA,1490.0,1.0,0.0,"[1490.0,1.0,0.0]","[0.21639425566804954,0.7464742583097694,0.0]",0,DESPENSA Y ABARROTES
LOBOS,SANTA ISABEL,DESPENSA,2340.0,1.0,0.0,"[2340.0,1.0,0.0]","[0.33984064312968854,0.7464742583097694,0.0]",0,DESPENSA Y ABARROTES
MILO,SANTA ISABEL,DESPENSA,3890.0,1.0,0.0,"[3890.0,1.0,0.0]","[0.564948761442089,0.7464742583097694,0.0]",0,DESPENSA Y ABARROTES
GOURMET,SANTA ISABEL,DESPENSA,1990.0,1.0,0.0,"[1990.0,1.0,0.0]","[0.2890097777043078,0.7464742583097694,0.0]",0,DESPENSA Y ABARROTES
CUISINE & CO,SANTA ISABEL,DESPENSA,1790.0,1.0,0.0,"[1790.0,1.0,0.0]","[0.2599635688898045,0.7464742583097694,0.0]",0,DESPENSA Y ABARROTES
CRE-MOS,SANTA ISABEL,DESPENSA,1450.0,1.0,0.0,"[1450.0,1.0,0.0]","[0.2105850139051489,0.7464742583097694,0.0]",0,DESPENSA Y ABARROTES
MI PLANTA MORRON,SANTA ISABEL,DESPENSA,2830.0,1.0,0.0,"[2830.0,1.0,0.0]","[0.4110038547252216,0.7464742583097694,0.0]",0,DESPENSA Y ABARROTES
CUISINE & CO,SANTA ISABEL,DESPENSA,1790.0,1.0,0.0,"[1790.0,1.0,0.0]","[0.2599635688898045,0.7464742583097694,0.0]",0,DESPENSA Y ABARROTES
COSTA,SANTA ISABEL,DESPENSA,1350.0,1.0,0.0,"[1350.0,1.0,0.0]","[0.19606190949789723,0.7464742583097694,0.0]",0,DESPENSA Y ABARROTES
CUISINE & CO,SANTA ISABEL,DESPENSA,4230.0,1.0,0.0,"[4230.0,1.0,0.0]","[0.6143273164267447,0.7464742583097694,0.0]",0,DESPENSA Y ABARROTES
COSTA,SANTA ISABEL,DESPENSA,1350.0,1.0,0.0,"[1350.0,1.0,0.0]","[0.19606190949789723,0.7464742583097694,0.0]",0,DESPENSA Y ABARROTES
GOURMET,SANTA ISABEL,DESPENSA,740.0,1.0,0.0,"[740.0,1.0,0.0]","[0.10747097261366219,0.7464742583097694,0.0]",0,DESPENSA Y ABARROTES
CUISINE & CO,SANTA ISABEL,DESPENSA,2390.0,1.0,0.0,"[2390.0,1.0,0.0]","[0.3471021953333144,0.7464742583097694,0.0]",0,DESPENSA Y ABARROTES
COSTA,SANTA ISABEL,DESPENSA,1350.0,1.0,0.0,"[1350.0,1.0,0.0]","[0.19606190949789723,0.7464742583097694,0.0]",0,DESPENSA Y ABARROTES
VIVO,SANTA ISABEL,DESPENSA,940.0,1.0,0.0,"[940.0,1.0,0.0]","[0.1365171814281655,0.7464742583097694,0.0]",0,DESPENSA Y ABARROTES
NAKD,SANTA ISABEL,DESPENSA,5290.0,1.0,0.0,"[5290.0,1.0,0.0]","[0.7682722231436122,0.7464742583097694,0.0]",0,DESPENSA Y ABARROTES
GOURMET,SANTA ISABEL,DESPENSA,4550.0,1.0,0.0,"[4550.0,1.0,0.0]","[0.66080125052995,0.7464742583097694,0.0]",0,DESPENSA Y ABARROTES
CUISINE & CO,SANTA ISABEL,DESPENSA,3490.0,1.0,0.0,"[3490.0,1.0,0.0]","[0.5068563438130825,0.7464742583097694,0.0]",0,DESPENSA Y ABARROTES
COLUN,SANTA ISABEL,DESPENSA,71880.0,1.0,0.0,"[71880.0,1.0,0.0]","[10.439207447932484,0.7464742583097694,0.0]",0,DESPENSA Y ABARROTES
GOURMET,SANTA ISABEL,DESPENSA,4730.0,1.0,0.0,"[4730.0,1.0,0.0]","[0.686942838463003,0.7464742583097694,0.0]",0,DESPENSA Y ABARROTES
ST DALFOUR,SANTA ISABEL,DESPENSA,4980.0,1.0,0.0,"[4980.0,1.0,0.0]","[0.723250599481132,0.7464742583097694,0.0]",0,DESPENSA Y ABARROTES
GOURMET,SANTA ISABEL,DESPENSA,4790.0,1.0,0.0,"[4790.0,1.0,0.0]","[0.6956567011073539,0.7464742583097694,0.0]",0,DESPENSA Y ABARROTES
CUISINE & CO,SANTA ISABEL,DESPENSA,3190.0,1.0,0.0,"[3190.0,1.0,0.0]","[0.46328703059132753,0.7464742583097694,0.0]",0,DESPENSA Y ABARROTES
GOURMET,SANTA ISABEL,DESPENSA,4670.0,1.0,0.0,"[4670.0,1.0,0.0]","[0.6782289758186519,0.7464742583097694,0.0]",0,DESPENSA Y ABARROTES
KRAFT,SANTA ISABEL,DESPENSA,4090.0,1.0,0.0,"[4090.0,1.0,0.0]","[0.5939949702565924,0.7464742583097694,0.0]",0,DESPENSA Y ABARROTES
LOCOS X EL ASADO,SANTA ISABEL,DESPENSA,2730.0,1.0,0.0,"[2730.0,1.0,0.0]","[0.39648075031797,0.7464742583097694,0.0]",0,DESPENSA Y ABARROTES
INFERNO,SANTA ISABEL,DESPENSA,2390.0,1.0,0.0,"[2390.0,1.0,0.0]","[0.3471021953333144,0.7464742583097694,0.0]",0,DESPENSA Y ABARROTES
CUISINE & CO,SANTA ISABEL,DESPENSA,2390.0,1.0,0.0,"[2390.0,1.0,0.0]","[0.3471021953333144,0.7464742583097694,0.0]",0,DESPENSA Y ABARROTES
LA COSTEÑA,SANTA ISABEL,DESPENSA,2850.0,1.0,0.0,"[2850.0,1.0,0.0]","[0.41390847560667193,0.7464742583097694,0.0]",0,DESPENSA Y ABARROTES
CRE-MOS,SANTA ISABEL,DESPENSA,1450.0,1.0,0.0,"[1450.0,1.0,0.0]","[0.2105850139051489,0.7464742583097694,0.0]",0,DESPENSA Y ABARROTES
NOTCO,SANTA ISABEL,DESPENSA,4190.0,1.0,0.0,"[4190.0,1.0,0.0]","[0.608518074663844,0.7464742583097694,0.0]",0,DESPENSA Y ABARROTES
MONT BLANC,SANTA ISABEL,DESPENSA,2130.0,1.0,0.0,"[2130.0,1.0,0.0]","[0.3093421238744601,0.7464742583097694,0.0]",0,DESPENSA Y ABARROTES
NOTCO,SANTA ISABEL,DESPENSA,4190.0,1.0,0.0,"[4190.0,1.0,0.0]","[0.608518074663844,0.7464742583097694,0.0]",0,DESPENSA Y ABARROTES
CUISINE & CO,SANTA ISABEL,DESPENSA,1790.0,1.0,0.0,"[1790.0,1.0,0.0]","[0.2599635688898045,0.7464742583097694,0.0]",0,DESPENSA Y ABARROTES
CUISINE & CO,SANTA ISABEL,DESPENSA,2390.0,1.0,0.0,"[2390.0,1.0,0.0]","[0.3471021953333144,0.7464742583097694,0.0]",0,DESPENSA Y ABARROTES
GOURMET,SANTA ISABEL,LACTEOS Y CONGELADOS,3220.0,1.0,1.0,"[3220.0,1.0,1.0]","[0.46764396191350305,0.7464742583097694,0.15927572003583113]",0,LACTEOS Y FRESCOS
CUISINE & CO,SANTA ISABEL,LACTEOS Y CONGELADOS,2790.0,1.0,1.0,"[2790.0,1.0,1.0]","[0.40519461296232095,0.7464742583097694,0.15927572003583113]",0,LACTEOS Y FRESCOS
GOURMET,SANTA ISABEL,LACTEOS Y CONGELADOS,3530.0,1.0,1.0,"[3530.0,1.0,1.0]","[0.5126655855759832,0.7464742583097694,0.15927572003583113]",0,LACTEOS Y FRESCOS
PEARL RIVER BRIDGE,SANTA ISABEL,LACTEOS Y CONGELADOS,3190.0,1.0,1.0,"[3190.0,1.0,1.0]","[0.46328703059132753,0.7464742583097694,0.15927572003583113]",0,LACTEOS Y FRESCOS
DON JUAN,SANTA ISABEL,LACTEOS Y CONGELADOS,1130.0,1.0,1.0,"[1130.0,1.0,1.0]","[0.16411107980194362,0.7464742583097694,0.15927572003583113]",0,LACTEOS Y FRESCOS
SAN JOSE,SANTA ISABEL,LACTEOS Y CONGELADOS,1490.0,1.0,1.0,"[1490.0,1.0,1.0]","[0.21639425566804954,0.7464742583097694,0.15927572003583113]",0,LACTEOS Y FRESCOS
SAN JOSE,SANTA ISABEL,LACTEOS Y CONGELADOS,1450.0,1.0,1.0,"[1450.0,1.0,1.0]","[0.2105850139051489,0.7464742583097694,0.15927572003583113]",0,LACTEOS Y FRESCOS
SAN JOSE,SANTA ISABEL,LACTEOS Y CONGELADOS,1450.0,1.0,1.0,"[1450.0,1.0,1.0]","[0.2105850139051489,0.7464742583097694,0.15927572003583113]",0,LACTEOS Y FRESCOS
SAN JOSE,SANTA ISABEL,LACTEOS Y CONGELADOS,1450.0,1.0,1.0,"[1450.0,1.0,1.0]","[0.2105850139051489,0.7464742583097694,0.15927572003583113]",0,LACTEOS Y FRESCOS
NESCAFE,SANTA ISABEL,LACTEOS Y CONGELADOS,8790.0,1.0,1.0,"[8790.0,1.0,1.0]","[1.2765808773974199,0.7464742583097694,0.15927572003583113]",0,LACTEOS Y FRESCOS
CUISINE & CO,SANTA ISABEL,LACTEOS Y CONGELADOS,990.0,1.0,1.0,"[990.0,1.0,1.0]","[0.1437787336317913,0.7464742583097694,0.15927572003583113]",0,LACTEOS Y FRESCOS
MAXIMA,SANTA ISABEL,LACTEOS Y CONGELADOS,1490.0,1.0,1.0,"[1490.0,1.0,1.0]","[0.21639425566804954,0.7464742583097694,0.15927572003583113]",0,LACTEOS Y FRESCOS
NESCAFE,SANTA ISABEL,LACTEOS Y CONGELADOS,12990.0,1.0,1.0,"[12990.0,1.0,1.0]","[1.8865512625019891,0.7464742583097694,0.15927572003583113]",0,LACTEOS Y FRESCOS
SAN JOSE,SANTA ISABEL,LACTEOS Y CONGELADOS,2190.0,1.0,1.0,"[2190.0,1.0,1.0]","[0.31805598651881106,0.7464742583097694,0.15927572003583113]",0,LACTEOS Y FRESCOS
CUISINE & CO,SANTA ISABEL,LACTEOS Y CONGELADOS,970.0,1.0,1.0,"[970.0,1.0,1.0]","[0.14087411275034098,0.7464742583097694,0.15927572003583113]",0,LACTEOS Y FRESCOS
IANSA,SANTA ISABEL,LACTEOS Y CONGELADOS,990.0,1.0,1.0,"[990.0,1.0,1.0]","[0.1437787336317913,0.7464742583097694,0.15927572003583113]",0,LACTEOS Y FRESCOS
CUISINE & CO,SANTA ISABEL,LACTEOS Y CONGELADOS,2430.0,1.0,1.0,"[2430.0,1.0,1.0]","[0.35291143709621503,0.7464742583097694,0.15927572003583113]",0,LACTEOS Y FRESCOS
CHEF,SANTA ISABEL,LACTEOS Y CONGELADOS,3560.0,1.0,1.0,"[3560.0,1.0,1.0]","[0.5170225168981587,0.7464742583097694,0.15927572003583113]",0,LACTEOS Y FRESCOS
BANQUETE,SANTA ISABEL,LACTEOS Y CONGELADOS,1690.0,1.0,1.0,"[1690.0,1.0,1.0]","[0.24544046448255286,0.7464742583097694,0.15927572003583113]",0,LACTEOS Y FRESCOS
CAROZZI,SANTA ISABEL,LACTEOS Y CONGELADOS,790.0,1.0,1.0,"[790.0,1.0,1.0]","[0.11473252481728802,0.7464742583097694,0.15927572003583113]",0,LACTEOS Y FRESCOS
MIRAFLORES,SANTA ISABEL,LACTEOS Y CONGELADOS,2000.0,1.0,1.0,"[2000.0,1.0,1.0]","[0.29046208814503294,0.7464742583097694,0.15927572003583113]",0,LACTEOS Y FRESCOS
CUISINE & CO,SANTA ISABEL,LACTEOS Y CONGELADOS,1260.0,1.0,1.0,"[1260.0,1.0,1.0]","[0.18299111553137076,0.7464742583097694,0.15927572003583113]",0,LACTEOS Y FRESCOS
LUCCHETTI,SANTA ISABEL,LACTEOS Y CONGELADOS,1050.0,1.0,1.0,"[1050.0,1.0,1.0]","[0.1524925962761423,0.7464742583097694,0.15927572003583113]",0,LACTEOS Y FRESCOS
TUCAPEL,SANTA ISABEL,LACTEOS Y CONGELADOS,2350.0,1.0,1.0,"[2350.0,1.0,1.0]","[0.3412929535704137,0.7464742583097694,0.15927572003583113]",0,LACTEOS Y FRESCOS
TUCAPEL,SANTA ISABEL,LACTEOS Y CONGELADOS,2000.0,1.0,1.0,"[2000.0,1.0,1.0]","[0.29046208814503294,0.7464742583097694,0.15927572003583113]",0,LACTEOS Y FRESCOS
CUISINE & CO,SANTA ISABEL,LACTEOS Y CONGELADOS,1790.0,1.0,1.0,"[1790.0,1.0,1.0]","[0.2599635688898045,0.7464742583097694,0.15927572003583113]",0,LACTEOS Y FRESCOS
MONT BLANC,SANTA ISABEL,LACTEOS Y CONGELADOS,1090.0,1.0,1.0,"[1090.0,1.0,1.0]","[0.15830183803904296,0.7464742583097694,0.15927572003583113]",0,LACTEOS Y FRESCOS
MAXIMA,SANTA ISABEL,LACTEOS Y CONGELADOS,950.0,1.0,1.0,"[950.0,1.0,1.0]","[0.13796949186889065,0.7464742583097694,0.15927572003583113]",0,LACTEOS Y FRESCOS
NESTLE,SANTA ISABEL,LACTEOS Y CONGELADOS,1000.0,1.0,1.0,"[1000.0,1.0,1.0]","[0.14523104407251647,0.7464742583097694,0.15927572003583113]",0,LACTEOS Y FRESCOS
CAROZZI,SANTA ISABEL,LACTEOS Y CONGELADOS,790.0,1.0,1.0,"[790.0,1.0,1.0]","[0.11473252481728802,0.7464742583097694,0.15927572003583113]",0,LACTEOS Y FRESCOS
IANSA,SANTA ISABEL,LACTEOS Y CONGELADOS,1420.0,1.0,1.0,"[1420.0,1.0,1.0]","[0.2062280825829734,0.7464742583097694,0.15927572003583113]",0,LACTEOS Y FRESCOS
MAXIMA,SANTA ISABEL,LACTEOS Y CONGELADOS,950.0,1.0,1.0,"[950.0,1.0,1.0]","[0.13796949186889065,0.7464742583097694,0.15927572003583113]",0,LACTEOS Y FRESCOS
CUISINE & CO,SANTA ISABEL,LACTEOS Y CONGELADOS,840.0,1.0,1.0,"[840.0,1.0,1.0]","[0.12199407702091383,0.7464742583097694,0.15927572003583113]",0,LACTEOS Y FRESCOS
LUCCHETTI,SANTA ISABEL,LACTEOS Y CONGELADOS,1050.0,1.0,1.0,"[1050.0,1.0,1.0]","[0.1524925962761423,0.7464742583097694,0.15927572003583113]",0,LACTEOS Y FRESCOS
MAXIMA,SANTA ISABEL,LACTEOS Y CONGELADOS,870.0,1.0,1.0,"[870.0,1.0,1.0]","[0.12635100834308932,0.7464742583097694,0.15927572003583113]",0,LACTEOS Y FRESCOS
CHEF,SANTA ISABEL,LACTEOS Y CONGELADOS,8990.0,1.0,1.0,"[8990.0,1.0,1.0]","[1.305627086211923,0.7464742583097694,0.15927572003583113]",0,LACTEOS Y FRESCOS
MILDRED TEA,SANTA ISABEL,LACTEOS Y CONGELADOS,2390.0,1.0,1.0,"[2390.0,1.0,1.0]","[0.3471021953333144,0.7464742583097694,0.15927572003583113]",0,LACTEOS Y FRESCOS
SUPREMO,SANTA ISABEL,LACTEOS Y CONGELADOS,4890.0,1.0,1.0,"[4890.0,1.0,1.0]","[0.7101798055146056,0.7464742583097694,0.15927572003583113]",0,LACTEOS Y FRESCOS
CUISINE & CO,SANTA ISABEL,LACTEOS Y CONGELADOS,840.0,1.0,1.0,"[840.0,1.0,1.0]","[0.12199407702091383,0.7464742583097694,0.15927572003583113]",0,LACTEOS Y FRESCOS
NESTLE,SANTA ISABEL,LACTEOS Y CONGELADOS,1290.0,1.0,1.0,"[1290.0,1.0,1.0]","[0.18734804685354625,0.7464742583097694,0.15927572003583113]",0,LACTEOS Y FRESCOS
CHEF,SANTA ISABEL,LACTEOS Y CONGELADOS,14880.0,1.0,1.0,"[14880.0,1.0,1.0]","[2.1610379357990452,0.7464742583097694,0.15927572003583113]",0,LACTEOS Y FRESCOS
MONT BLANC,SANTA ISABEL,LACTEOS Y CONGELADOS,1090.0,1.0,1.0,"[1090.0,1.0,1.0]","[0.15830183803904296,0.7464742583097694,0.15927572003583113]",0,LACTEOS Y FRESCOS
CUISINE & CO,SANTA ISABEL,LACTEOS Y CONGELADOS,840.0,1.0,1.0,"[840.0,1.0,1.0]","[0.12199407702091383,0.7464742583097694,0.15927572003583113]",0,LACTEOS Y FRESCOS
ROBINSON CRUSOE,SANTA ISABEL,LACTEOS Y CONGELADOS,1490.0,1.0,1.0,"[1490.0,1.0,1.0]","[0.21639425566804954,0.7464742583097694,0.15927572003583113]",0,LACTEOS Y FRESCOS
MAXIMA,SANTA ISABEL,LACTEOS Y CONGELADOS,890.0,1.0,1.0,"[890.0,1.0,1.0]","[0.12925562922453968,0.7464742583097694,0.15927572003583113]",0,LACTEOS Y FRESCOS
VIVO,SANTA ISABEL,LACTEOS Y CONGELADOS,1990.0,1.0,1.0,"[1990.0,1.0,1.0]","[0.2890097777043078,0.7464742583097694,0.15927572003583113]",0,LACTEOS Y FRESCOS
BELMONT,SANTA ISABEL,LACTEOS Y CONGELADOS,2590.0,1.0,1.0,"[2590.0,1.0,1.0]","[0.3761484041478177,0.7464742583097694,0.15927572003583113]",0,LACTEOS Y FRESCOS
CUISINE & CO,SANTA ISABEL,LACTEOS Y CONGELADOS,3650.0,1.0,1.0,"[3650.0,1.0,1.0]","[0.5300933108646851,0.7464742583097694,0.15927572003583113]",0,LACTEOS Y FRESCOS
SUPREMO,SANTA ISABEL,LACTEOS Y CONGELADOS,2990.0,1.0,1.0,"[2990.0,1.0,1.0]","[0.43424082177682427,0.7464742583097694,0.15927572003583113]",0,LACTEOS Y FRESCOS
TALLIANI,SANTA ISABEL,LACTEOS Y CONGELADOS,1000.0,1.0,1.0,"[1000.0,1.0,1.0]","[0.14523104407251647,0.7464742583097694,0.15927572003583113]",0,LACTEOS Y FRESCOS
LOBOS,SANTA ISABEL,LACTEOS Y CONGELADOS,530.0,1.0,1.0,"[530.0,1.0,1.0]","[0.07697245335843374,0.7464742583097694,0.15927572003583113]",0,LACTEOS Y FRESCOS
KRAFT,SANTA ISABEL,LACTEOS Y CONGELADOS,7030.0,1.0,1.0,"[7030.0,1.0,1.0]","[1.0209742398297907,0.7464742583097694,0.15927572003583113]",0,LACTEOS Y FRESCOS
HELLMANNS,SANTA ISABEL,LACTEOS Y CONGELADOS,3190.0,1.0,1.0,"[3190.0,1.0,1.0]","[0.46328703059132753,0.7464742583097694,0.15927572003583113]",0,LACTEOS Y FRESCOS
CAROZZI,SANTA ISABEL,LACTEOS Y CONGELADOS,790.0,1.0,1.0,"[790.0,1.0,1.0]","[0.11473252481728802,0.7464742583097694,0.15927572003583113]",0,LACTEOS Y FRESCOS
SUPREMO,SANTA ISABEL,LACTEOS Y CONGELADOS,890.0,1.0,1.0,"[890.0,1.0,1.0]","[0.12925562922453968,0.7464742583097694,0.15927572003583113]",0,LACTEOS Y FRESCOS
CUISINE & CO,SANTA ISABEL,LACTEOS Y CONGELADOS,840.0,1.0,1.0,"[840.0,1.0,1.0]","[0.12199407702091383,0.7464742583097694,0.15927572003583113]",0,LACTEOS Y FRESCOS
GOLD,SANTA ISABEL,LACTEOS Y CONGELADOS,5450.0,1.0,1.0,"[5450.0,1.0,1.0]","[0.7915091901952148,0.7464742583097694,0.15927572003583113]",0,LACTEOS Y FRESCOS
CUISINE & CO,SANTA ISABEL,LACTEOS Y CONGELADOS,1870.0,1.0,1.0,"[1870.0,1.0,1.0]","[0.2715820524156058,0.7464742583097694,0.15927572003583113]",0,LACTEOS Y FRESCOS
CAROZZI,SANTA ISABEL,LACTEOS Y CONGELADOS,790.0,1.0,1.0,"[790.0,1.0,1.0]","[0.11473252481728802,0.7464742583097694,0.15927572003583113]",0,LACTEOS Y FRESCOS
CUISINE & CO,SANTA ISABEL,LACTEOS Y CONGELADOS,4490.0,1.0,1.0,"[4490.0,1.0,1.0]","[0.652087387885599,0.7464742583097694,0.15927572003583113]",0,LACTEOS Y FRESCOS
CAROZZI,SANTA ISABEL,LACTEOS Y CONGELADOS,2030.0,1.0,1.0,"[2030.0,1.0,1.0]","[0.29481901946720845,0.7464742583097694,0.15927572003583113]",0,LACTEOS Y FRESCOS
MAXIMA,SANTA ISABEL,LACTEOS Y CONGELADOS,480.0,1.0,1.0,"[480.0,1.0,1.0]","[0.06971090115480791,0.7464742583097694,0.15927572003583113]",0,LACTEOS Y FRESCOS
MIRAFLORES,SANTA ISABEL,LACTEOS Y CONGELADOS,1990.0,1.0,1.0,"[1990.0,1.0,1.0]","[0.2890097777043078,0.7464742583097694,0.15927572003583113]",0,LACTEOS Y FRESCOS
LUCCHETTI,SANTA ISABEL,LACTEOS Y CONGELADOS,1050.0,1.0,1.0,"[1050.0,1.0,1.0]","[0.1524925962761423,0.7464742583097694,0.15927572003583113]",0,LACTEOS Y FRESCOS
CUISINE & CO,SANTA ISABEL,LACTEOS Y CONGELADOS,2490.0,1.0,1.0,"[2490.0,1.0,1.0]","[0.361625299740566,0.7464742583097694,0.15927572003583113]",0,LACTEOS Y FRESCOS
CUISINE & CO,SANTA ISABEL,LACTEOS Y CONGELADOS,670.0,1.0,1.0,"[670.0,1.0,1.0]","[0.09730479952858603,0.7464742583097694,0.15927572003583113]",0,LACTEOS Y FRESCOS
CAROZZI,SANTA ISABEL,LACTEOS Y CONGELADOS,790.0,1.0,1.0,"[790.0,1.0,1.0]","[0.11473252481728802,0.7464742583097694,0.15927572003583113]",0,LACTEOS Y FRESCOS
DE REYES,SANTA ISABEL,LACTEOS Y CONGELADOS,1190.0,1.0,1.0,"[1190.0,1.0,1.0]","[0.1728249424462946,0.7464742583097694,0.15927572003583113]",0,LACTEOS Y FRESCOS
VAN CAMPS,SANTA ISABEL,LACTEOS Y CONGELADOS,1950.0,1.0,1.0,"[1950.0,1.0,1.0]","[0.28320053594140715,0.7464742583097694,0.15927572003583113]",0,LACTEOS Y FRESCOS
CUISINE & CO,SANTA ISABEL,LACTEOS Y CONGELADOS,2450.0,1.0,1.0,"[2450.0,1.0,1.0]","[0.35581605797766536,0.7464742583097694,0.15927572003583113]",0,LACTEOS Y FRESCOS
MAXIMA,SANTA ISABEL,LACTEOS Y CONGELADOS,480.0,1.0,1.0,"[480.0,1.0,1.0]","[0.06971090115480791,0.7464742583097694,0.15927572003583113]",0,LACTEOS Y FRESCOS
CUISINE & CO,SANTA ISABEL,LACTEOS Y CONGELADOS,1000.0,1.0,1.0,"[1000.0,1.0,1.0]","[0.14523104407251647,0.7464742583097694,0.15927572003583113]",0,LACTEOS Y FRESCOS
IANSA,SANTA ISABEL,LACTEOS Y CONGELADOS,1400.0,1.0,1.0,"[1400.0,1.0,1.0]","[0.20332346170152307,0.7464742583097694,0.15927572003583113]",0,LACTEOS Y FRESCOS
KRAFT,SANTA ISABEL,LACTEOS Y CONGELADOS,3990.0,1.0,1.0,"[3990.0,1.0,1.0]","[0.5794718658493407,0.7464742583097694,0.15927572003583113]",0,LACTEOS Y FRESCOS
CAROZZI,SANTA ISABEL,LACTEOS Y CONGELADOS,790.0,1.0,1.0,"[790.0,1.0,1.0]","[0.11473252481728802,0.7464742583097694,0.15927572003583113]",0,LACTEOS Y FRESCOS
HUASCO,SANTA ISABEL,LACTEOS Y CONGELADOS,14990.0,1.0,1.0,"[14990.0,1.0,1.0]","[2.177013350647022,0.7464742583097694,0.15927572003583113]",0,LACTEOS Y FRESCOS
CUISINE & CO,SANTA ISABEL,LACTEOS Y CONGELADOS,670.0,1.0,1.0,"[670.0,1.0,1.0]","[0.09730479952858603,0.7464742583097694,0.15927572003583113]",0,LACTEOS Y FRESCOS
GOLD,SANTA ISABEL,LACTEOS Y CONGELADOS,7490.0,1.0,1.0,"[7490.0,1.0,1.0]","[1.0877805201031483,0.7464742583097694,0.15927572003583113]",0,LACTEOS Y FRESCOS
TALLIANI,SANTA ISABEL,LACTEOS Y CONGELADOS,1000.0,1.0,1.0,"[1000.0,1.0,1.0]","[0.14523104407251647,0.7464742583097694,0.15927572003583113]",0,LACTEOS Y FRESCOS
HELLMANNS,SANTA ISABEL,LACTEOS Y CONGELADOS,5190.0,1.0,1.0,"[5190.0,1.0,1.0]","[0.7537491187363605,0.7464742583097694,0.15927572003583113]",0,LACTEOS Y FRESCOS
TUCAPEL,SANTA ISABEL,LACTEOS Y CONGELADOS,1150.0,1.0,1.0,"[1150.0,1.0,1.0]","[0.16701570068339394,0.7464742583097694,0.15927572003583113]",0,LACTEOS Y FRESCOS
LUCCHETTI,SANTA ISABEL,LACTEOS Y CONGELADOS,1050.0,1.0,1.0,"[1050.0,1.0,1.0]","[0.1524925962761423,0.7464742583097694,0.15927572003583113]",0,LACTEOS Y FRESCOS
NATURA,SANTA ISABEL,LACTEOS Y CONGELADOS,3490.0,1.0,1.0,"[3490.0,1.0,1.0]","[0.5068563438130825,0.7464742583097694,0.15927572003583113]",0,LACTEOS Y FRESCOS
LONCOLECHE,SANTA ISABEL,LACTEOS Y CONGELADOS,1370.0,1.0,1.0,"[1370.0,1.0,1.0]","[0.19896653037934758,0.7464742583097694,0.15927572003583113]",0,LACTEOS Y FRESCOS
VIVO,SANTA ISABEL,LACTEOS Y CONGELADOS,520.0,1.0,1.0,"[520.0,1.0,1.0]","[0.07552014291770856,0.7464742583097694,0.15927572003583113]",0,LACTEOS Y FRESCOS
MIRAFLORES,SANTA ISABEL,LACTEOS Y CONGELADOS,1990.0,1.0,1.0,"[1990.0,1.0,1.0]","[0.2890097777043078,0.7464742583097694,0.15927572003583113]",0,LACTEOS Y FRESCOS
CUISINE & CO,SANTA ISABEL,LACTEOS Y CONGELADOS,890.0,1.0,1.0,"[890.0,1.0,1.0]","[0.12925562922453968,0.7464742583097694,0.15927572003583113]",0,LACTEOS Y FRESCOS
VAN CAMPS,SANTA ISABEL,LACTEOS Y CONGELADOS,1950.0,1.0,1.0,"[1950.0,1.0,1.0]","[0.28320053594140715,0.7464742583097694,0.15927572003583113]",0,LACTEOS Y FRESCOS
NESCAFE,SANTA ISABEL,LACTEOS Y CONGELADOS,8310.0,1.0,1.0,"[8310.0,1.0,1.0]","[1.2068699762426118,0.7464742583097694,0.15927572003583113]",0,LACTEOS Y FRESCOS
CAROZZI,SANTA ISABEL,LACTEOS Y CONGELADOS,790.0,1.0,1.0,"[790.0,1.0,1.0]","[0.11473252481728802,0.7464742583097694,0.15927572003583113]",0,LACTEOS Y FRESCOS
CUISINE & CO,SANTA ISABEL,LACTEOS Y CONGELADOS,1000.0,1.0,1.0,"[1000.0,1.0,1.0]","[0.14523104407251647,0.7464742583097694,0.15927572003583113]",0,LACTEOS Y FRESCOS
LUCCHETTI,SANTA ISABEL,LACTEOS Y CONGELADOS,1050.0,1.0,1.0,"[1050.0,1.0,1.0]","[0.1524925962761423,0.7464742583097694,0.15927572003583113]",0,LACTEOS Y FRESCOS
MAXIMA,SANTA ISABEL,LACTEOS Y CONGELADOS,8590.0,1.0,1.0,"[8590.0,1.0,1.0]","[1.2475346685829165,0.7464742583097694,0.15927572003583113]",0,LACTEOS Y FRESCOS
MILO,SANTA ISABEL,LACTEOS Y CONGELADOS,2690.0,1.0,1.0,"[2690.0,1.0,1.0]","[0.3906715085550693,0.7464742583097694,0.15927572003583113]",0,LACTEOS Y FRESCOS
WATTS,SANTA ISABEL,LACTEOS Y CONGELADOS,1230.0,1.0,1.0,"[1230.0,1.0,1.0]","[0.17863418420919527,0.7464742583097694,0.15927572003583113]",0,LACTEOS Y FRESCOS
COLUN,SANTA ISABEL,LACTEOS Y CONGELADOS,1190.0,1.0,1.0,"[1190.0,1.0,1.0]","[0.1728249424462946,0.7464742583097694,0.15927572003583113]",0,LACTEOS Y FRESCOS
HELLMANNS,SANTA ISABEL,LACTEOS Y CONGELADOS,2890.0,1.0,1.0,"[2890.0,1.0,1.0]","[0.41971771736957264,0.7464742583097694,0.15927572003583113]",0,LACTEOS Y FRESCOS
NESCAFE,SANTA ISABEL,LACTEOS Y CONGELADOS,5150.0,1.0,1.0,"[5150.0,1.0,1.0]","[0.7479398769734599,0.7464742583097694,0.15927572003583113]",0,LACTEOS Y FRESCOS
QUAKER,SANTA ISABEL,LACTEOS Y CONGELADOS,2500.0,1.0,1.0,"[2500.0,1.0,1.0]","[0.3630776101812912,0.7464742583097694,0.15927572003583113]",0,LACTEOS Y FRESCOS
CAROZZI,SANTA ISABEL,LACTEOS Y CONGELADOS,1170.0,1.0,1.0,"[1170.0,1.0,1.0]","[0.16992032156484427,0.7464742583097694,0.15927572003583113]",0,LACTEOS Y FRESCOS
POMAROLA,SANTA ISABEL,LACTEOS Y CONGELADOS,850.0,1.0,1.0,"[850.0,1.0,1.0]","[0.12344638746163901,0.7464742583097694,0.15927572003583113]",0,LACTEOS Y FRESCOS
CUISINE & CO,SANTA ISABEL,LACTEOS Y CONGELADOS,950.0,1.0,1.0,"[950.0,1.0,1.0]","[0.13796949186889065,0.7464742583097694,0.15927572003583113]",0,LACTEOS Y FRESCOS
CAROZZI,SANTA ISABEL,LACTEOS Y CONGELADOS,790.0,1.0,1.0,"[790.0,1.0,1.0]","[0.11473252481728802,0.7464742583097694,0.15927572003583113]",0,LACTEOS Y FRESCOS
MAXIMA,SANTA ISABEL,LACTEOS Y CONGELADOS,480.0,1.0,1.0,"[480.0,1.0,1.0]","[0.06971090115480791,0.7464742583097694,0.15927572003583113]",0,LACTEOS Y FRESCOS
CAROZZI,SANTA ISABEL,LACTEOS Y CONGELADOS,790.0,1.0,1.0,"[790.0,1.0,1.0]","[0.11473252481728802,0.7464742583097694,0.15927572003583113]",0,LACTEOS Y FRESCOS
MAXIMA,SANTA ISABEL,LACTEOS Y CONGELADOS,1450.0,1.0,1.0,"[1450.0,1.0,1.0]","[0.2105850139051489,0.7464742583097694,0.15927572003583113]",0,LACTEOS Y FRESCOS
GOURMET,SANTA ISABEL,LACTEOS Y CONGELADOS,980.0,1.0,1.0,"[980.0,1.0,1.0]","[0.14232642319106614,0.7464742583097694,0.15927572003583113]",0,LACTEOS Y FRESCOS
TRIX,SANTA ISABEL,LACTEOS Y CONGELADOS,2690.0,1.0,1.0,"[2690.0,1.0,1.0]","[0.3906715085550693,0.7464742583097694,0.15927572003583113]",0,LACTEOS Y FRESCOS
WATTS,SANTA ISABEL,LACTEOS Y CONGELADOS,1210.0,1.0,1.0,"[1210.0,1.0,1.0]","[0.17572956332774495,0.7464742583097694,0.15927572003583113]",0,LACTEOS Y FRESCOS
MAGGI,SANTA ISABEL,LACTEOS Y CONGELADOS,1650.0,1.0,1.0,"[1650.0,1.0,1.0]","[0.23963122271965218,0.7464742583097694,0.15927572003583113]",0,LACTEOS Y FRESCOS
SOPROLE,SANTA ISABEL,LACTEOS Y CONGELADOS,4990.0,1.0,1.0,"[4990.0,1.0,1.0]","[0.7247029099218573,0.7464742583097694,0.15927572003583113]",0,LACTEOS Y FRESCOS
MAXIMA,SANTA ISABEL,LACTEOS Y CONGELADOS,720.0,1.0,1.0,"[720.0,1.0,1.0]","[0.10456635173221186,0.7464742583097694,0.15927572003583113]",0,LACTEOS Y FRESCOS
CUISINE & CO,SANTA ISABEL,LACTEOS Y CONGELADOS,3190.0,1.0,1.0,"[3190.0,1.0,1.0]","[0.46328703059132753,0.7464742583097694,0.15927572003583113]",0,LACTEOS Y FRESCOS
SUPERIOR,SANTA ISABEL,LACTEOS Y CONGELADOS,3420.0,1.0,1.0,"[3420.0,1.0,1.0]","[0.49669017072800636,0.7464742583097694,0.15927572003583113]",0,LACTEOS Y FRESCOS
GIADA,SANTA ISABEL,LACTEOS Y CONGELADOS,11190.0,1.0,1.0,"[11190.0,1.0,1.0]","[1.6251353831714594,0.7464742583097694,0.15927572003583113]",0,LACTEOS Y FRESCOS
MARTINI,SANTA ISABEL,LACTEOS Y CONGELADOS,1820.0,1.0,1.0,"[1820.0,1.0,1.0]","[0.26432050021198,0.7464742583097694,0.15927572003583113]",0,LACTEOS Y FRESCOS
SOPROLE,SANTA ISABEL,LACTEOS Y CONGELADOS,1290.0,1.0,1.0,"[1290.0,1.0,1.0]","[0.18734804685354625,0.7464742583097694,0.15927572003583113]",0,LACTEOS Y FRESCOS
HELLMANNS,SANTA ISABEL,LACTEOS Y CONGELADOS,2490.0,1.0,1.0,"[2490.0,1.0,1.0]","[0.361625299740566,0.7464742583097694,0.15927572003583113]",0,LACTEOS Y FRESCOS
SUPREMO,SANTA ISABEL,LACTEOS Y CONGELADOS,2890.0,1.0,1.0,"[2890.0,1.0,1.0]","[0.41971771736957264,0.7464742583097694,0.15927572003583113]",0,LACTEOS Y FRESCOS
KRAFT,SANTA ISABEL,LACTEOS Y CONGELADOS,9890.0,1.0,1.0,"[9890.0,1.0,1.0]","[1.4363350258771879,0.7464742583097694,0.15927572003583113]",0,LACTEOS Y FRESCOS
KRAFT,SANTA ISABEL,LACTEOS Y CONGELADOS,4690.0,1.0,1.0,"[4690.0,1.0,1.0]","[0.6811335967001023,0.7464742583097694,0.15927572003583113]",0,LACTEOS Y FRESCOS
MIRAFLORES,SANTA ISABEL,LACTEOS Y CONGELADOS,2190.0,1.0,1.0,"[2190.0,1.0,1.0]","[0.31805598651881106,0.7464742583097694,0.15927572003583113]",0,LACTEOS Y FRESCOS
TRATTORIA,SANTA ISABEL,LACTEOS Y CONGELADOS,1190.0,1.0,1.0,"[1190.0,1.0,1.0]","[0.1728249424462946,0.7464742583097694,0.15927572003583113]",0,LACTEOS Y FRESCOS
CUISINE & CO,SANTA ISABEL,LACTEOS Y CONGELADOS,970.0,1.0,1.0,"[970.0,1.0,1.0]","[0.14087411275034098,0.7464742583097694,0.15927572003583113]",0,LACTEOS Y FRESCOS
TRATTORIA,SANTA ISABEL,LACTEOS Y CONGELADOS,1190.0,1.0,1.0,"[1190.0,1.0,1.0]","[0.1728249424462946,0.7464742583097694,0.15927572003583113]",0,LACTEOS Y FRESCOS
TALLIANI,SANTA ISABEL,LACTEOS Y CONGELADOS,1000.0,1.0,1.0,"[1000.0,1.0,1.0]","[0.14523104407251647,0.7464742583097694,0.15927572003583113]",0,LACTEOS Y FRESCOS
VIVO,SANTA ISABEL,LACTEOS Y CONGELADOS,520.0,1.0,1.0,"[520.0,1.0,1.0]","[0.07552014291770856,0.7464742583097694,0.15927572003583113]",0,LACTEOS Y FRESCOS
MAXIMA,SANTA ISABEL,LACTEOS Y CONGELADOS,480.0,1.0,1.0,"[480.0,1.0,1.0]","[0.06971090115480791,0.7464742583097694,0.15927572003583113]",0,LACTEOS Y FRESCOS
MILDRED TEA,SANTA ISABEL,LACTEOS Y CONGELADOS,2390.0,1.0,1.0,"[2390.0,1.0,1.0]","[0.3471021953333144,0.7464742583097694,0.15927572003583113]",0,LACTEOS Y FRESCOS
COSTA,SANTA ISABEL,LACTEOS Y CONGELADOS,3490.0,1.0,1.0,"[3490.0,1.0,1.0]","[0.5068563438130825,0.7464742583097694,0.15927572003583113]",0,LACTEOS Y FRESCOS
NATUR,SANTA ISABEL,LACTEOS Y CONGELADOS,440.0,1.0,1.0,"[440.0,1.0,1.0]","[0.06390165939190726,0.7464742583097694,0.15927572003583113]",0,LACTEOS Y FRESCOS
SUPREMO,SANTA ISABEL,LACTEOS Y CONGELADOS,1390.0,1.0,1.0,"[1390.0,1.0,1.0]","[0.2018711512607979,0.7464742583097694,0.15927572003583113]",0,LACTEOS Y FRESCOS
COLLICO,SANTA ISABEL,LACTEOS Y CONGELADOS,250.0,1.0,1.0,"[250.0,1.0,1.0]","[0.03630776101812912,0.7464742583097694,0.15927572003583113]",0,LACTEOS Y FRESCOS
HELLMANNS,SANTA ISABEL,LACTEOS Y CONGELADOS,3420.0,1.0,1.0,"[3420.0,1.0,1.0]","[0.49669017072800636,0.7464742583097694,0.15927572003583113]",0,LACTEOS Y FRESCOS
NATUR,SANTA ISABEL,LACTEOS Y CONGELADOS,440.0,1.0,1.0,"[440.0,1.0,1.0]","[0.06390165939190726,0.7464742583097694,0.15927572003583113]",0,LACTEOS Y FRESCOS
SURLAT,SANTA ISABEL,LACTEOS Y CONGELADOS,1340.0,1.0,1.0,"[1340.0,1.0,1.0]","[0.19460959905717207,0.7464742583097694,0.15927572003583113]",0,LACTEOS Y FRESCOS
NESCAFE,SANTA ISABEL,LACTEOS Y CONGELADOS,5500.0,1.0,1.0,"[5500.0,1.0,1.0]","[0.7987707423988406,0.7464742583097694,0.15927572003583113]",0,LACTEOS Y FRESCOS
CUISINE & CO,SANTA ISABEL,LACTEOS Y CONGELADOS,950.0,1.0,1.0,"[950.0,1.0,1.0]","[0.13796949186889065,0.7464742583097694,0.15927572003583113]",0,LACTEOS Y FRESCOS
CUISINE & CO,SANTA ISABEL,LACTEOS Y CONGELADOS,930.0,1.0,1.0,"[930.0,1.0,1.0]","[0.13506487098744033,0.7464742583097694,0.15927572003583113]",0,LACTEOS Y FRESCOS
CAROZZI,SANTA ISABEL,LACTEOS Y CONGELADOS,2290.0,1.0,1.0,"[2290.0,1.0,1.0]","[0.33257909092606275,0.7464742583097694,0.15927572003583113]",0,LACTEOS Y FRESCOS
BANQUETE,SANTA ISABEL,LACTEOS Y CONGELADOS,17360.0,1.0,1.0,"[17360.0,1.0,1.0]","[2.521210925098886,0.7464742583097694,0.15927572003583113]",0,LACTEOS Y FRESCOS
SAN JOSE,SANTA ISABEL,LACTEOS Y CONGELADOS,1940.0,1.0,1.0,"[1940.0,1.0,1.0]","[0.28174822550068196,0.7464742583097694,0.15927572003583113]",0,LACTEOS Y FRESCOS
CUISINE & CO,SANTA ISABEL,LACTEOS Y CONGELADOS,460.0,1.0,1.0,"[460.0,1.0,1.0]","[0.06680628027335758,0.7464742583097694,0.15927572003583113]",0,LACTEOS Y FRESCOS
WATTS,SANTA ISABEL,LACTEOS Y CONGELADOS,1530.0,1.0,1.0,"[1530.0,1.0,1.0]","[0.22220349743095022,0.7464742583097694,0.15927572003583113]",0,LACTEOS Y FRESCOS
NESCAFE,SANTA ISABEL,LACTEOS Y CONGELADOS,2990.0,1.0,1.0,"[2990.0,1.0,1.0]","[0.43424082177682427,0.7464742583097694,0.15927572003583113]",0,LACTEOS Y FRESCOS
WASIL,SANTA ISABEL,LACTEOS Y CONGELADOS,1720.0,1.0,1.0,"[1720.0,1.0,1.0]","[0.24979739580472834,0.7464742583097694,0.15927572003583113]",0,LACTEOS Y FRESCOS
SUPREMO,SANTA ISABEL,LACTEOS Y CONGELADOS,2390.0,1.0,1.0,"[2390.0,1.0,1.0]","[0.3471021953333144,0.7464742583097694,0.15927572003583113]",0,LACTEOS Y FRESCOS
VIVO,SANTA ISABEL,LACTEOS Y CONGELADOS,520.0,1.0,1.0,"[520.0,1.0,1.0]","[0.07552014291770856,0.7464742583097694,0.15927572003583113]",0,LACTEOS Y FRESCOS
HUASCO,SANTA ISABEL,LACTEOS Y CONGELADOS,7990.0,1.0,1.0,"[7990.0,1.0,1.0]","[1.1603960421394066,0.7464742583097694,0.15927572003583113]",0,LACTEOS Y FRESCOS
COSTA,SANTA ISABEL,LACTEOS Y CONGELADOS,1920.0,1.0,1.0,"[1920.0,1.0,1.0]","[0.27884360461923163,0.7464742583097694,0.15927572003583113]",0,LACTEOS Y FRESCOS
SUPREMO,SANTA ISABEL,LACTEOS Y CONGELADOS,1200.0,1.0,1.0,"[1200.0,1.0,1.0]","[0.17427725288701978,0.7464742583097694,0.15927572003583113]",0,LACTEOS Y FRESCOS
CUISINE & CO,SANTA ISABEL,LACTEOS Y CONGELADOS,2450.0,1.0,1.0,"[2450.0,1.0,1.0]","[0.35581605797766536,0.7464742583097694,0.15927572003583113]",0,LACTEOS Y FRESCOS
CUISINE & CO,SANTA ISABEL,LACTEOS Y CONGELADOS,3420.0,1.0,1.0,"[3420.0,1.0,1.0]","[0.49669017072800636,0.7464742583097694,0.15927572003583113]",0,LACTEOS Y FRESCOS
CAROZZI,SANTA ISABEL,LACTEOS Y CONGELADOS,1590.0,1.0,1.0,"[1590.0,1.0,1.0]","[0.2309173600753012,0.7464742583097694,0.15927572003583113]",0,LACTEOS Y FRESCOS
CUISINE & CO,SANTA ISABEL,LACTEOS Y CONGELADOS,10590.0,1.0,1.0,"[10590.0,1.0,1.0]","[1.5379967567279496,0.7464742583097694,0.15927572003583113]",0,LACTEOS Y FRESCOS
CUISINE & CO,SANTA ISABEL,LACTEOS Y CONGELADOS,1890.0,1.0,1.0,"[1890.0,1.0,1.0]","[0.2744866732970561,0.7464742583097694,0.15927572003583113]",0,LACTEOS Y FRESCOS
MAXIMA,SANTA ISABEL,LACTEOS Y CONGELADOS,1450.0,1.0,1.0,"[1450.0,1.0,1.0]","[0.2105850139051489,0.7464742583097694,0.15927572003583113]",0,LACTEOS Y FRESCOS
LUCCHETTI,SANTA ISABEL,LACTEOS Y CONGELADOS,1050.0,1.0,1.0,"[1050.0,1.0,1.0]","[0.1524925962761423,0.7464742583097694,0.15927572003583113]",0,LACTEOS Y FRESCOS
MAXIMA,SANTA ISABEL,LACTEOS Y CONGELADOS,1430.0,1.0,1.0,"[1430.0,1.0,1.0]","[0.20768039302369856,0.7464742583097694,0.15927572003583113]",0,LACTEOS Y FRESCOS
BANQUETE,SANTA ISABEL,LACTEOS Y CONGELADOS,3490.0,1.0,1.0,"[3490.0,1.0,1.0]","[0.5068563438130825,0.7464742583097694,0.15927572003583113]",0,LACTEOS Y FRESCOS
WATTS,SANTA ISABEL,LACTEOS Y CONGELADOS,1530.0,1.0,1.0,"[1530.0,1.0,1.0]","[0.22220349743095022,0.7464742583097694,0.15927572003583113]",0,LACTEOS Y FRESCOS
LUCCHETTI,SANTA ISABEL,LACTEOS Y CONGELADOS,1050.0,1.0,1.0,"[1050.0,1.0,1.0]","[0.1524925962761423,0.7464742583097694,0.15927572003583113]",0,LACTEOS Y FRESCOS
CRUZEIRO,SANTA ISABEL,LACTEOS Y CONGELADOS,8590.0,1.0,1.0,"[8590.0,1.0,1.0]","[1.2475346685829165,0.7464742583097694,0.15927572003583113]",0,LACTEOS Y FRESCOS
CUISINE & CO,SANTA ISABEL,LACTEOS Y CONGELADOS,1520.0,1.0,1.0,"[1520.0,1.0,1.0]","[0.22075118699022506,0.7464742583097694,0.15927572003583113]",0,LACTEOS Y FRESCOS
WATTS,SANTA ISABEL,LACTEOS Y CONGELADOS,490.0,1.0,1.0,"[490.0,1.0,1.0]","[0.07116321159553307,0.7464742583097694,0.15927572003583113]",0,LACTEOS Y FRESCOS
LUCCHETTI,SANTA ISABEL,LACTEOS Y CONGELADOS,770.0,1.0,1.0,"[770.0,1.0,1.0]","[0.11182790393583769,0.7464742583097694,0.15927572003583113]",0,LACTEOS Y FRESCOS
CAROZZI,SANTA ISABEL,LACTEOS Y CONGELADOS,950.0,1.0,1.0,"[950.0,1.0,1.0]","[0.13796949186889065,0.7464742583097694,0.15927572003583113]",0,LACTEOS Y FRESCOS
WATTS,SANTA ISABEL,LACTEOS Y CONGELADOS,1210.0,1.0,1.0,"[1210.0,1.0,1.0]","[0.17572956332774495,0.7464742583097694,0.15927572003583113]",0,LACTEOS Y FRESCOS
CUISINE & CO,SANTA ISABEL,LACTEOS Y CONGELADOS,1490.0,1.0,1.0,"[1490.0,1.0,1.0]","[0.21639425566804954,0.7464742583097694,0.15927572003583113]",0,LACTEOS Y FRESCOS
TALLIANI,SANTA ISABEL,LACTEOS Y CONGELADOS,1000.0,1.0,1.0,"[1000.0,1.0,1.0]","[0.14523104407251647,0.7464742583097694,0.15927572003583113]",0,LACTEOS Y FRESCOS
LUCCHETTI,SANTA ISABEL,LACTEOS Y CONGELADOS,1090.0,1.0,1.0,"[1090.0,1.0,1.0]","[0.15830183803904296,0.7464742583097694,0.15927572003583113]",0,LACTEOS Y FRESCOS
MAXIMA,SANTA ISABEL,LACTEOS Y CONGELADOS,2890.0,1.0,1.0,"[2890.0,1.0,1.0]","[0.41971771736957264,0.7464742583097694,0.15927572003583113]",0,LACTEOS Y FRESCOS
VIVO,SANTA ISABEL,LACTEOS Y CONGELADOS,2190.0,1.0,1.0,"[2190.0,1.0,1.0]","[0.31805598651881106,0.7464742583097694,0.15927572003583113]",0,LACTEOS Y FRESCOS
IANSA,SANTA ISABEL,LACTEOS Y CONGELADOS,990.0,1.0,1.0,"[990.0,1.0,1.0]","[0.1437787336317913,0.7464742583097694,0.15927572003583113]",0,LACTEOS Y FRESCOS
CUISINE & CO,SANTA ISABEL,LACTEOS Y CONGELADOS,550.0,1.0,1.0,"[550.0,1.0,1.0]","[0.07987707423988406,0.7464742583097694,0.15927572003583113]",0,LACTEOS Y FRESCOS
VIVO,SANTA ISABEL,LACTEOS Y CONGELADOS,520.0,1.0,1.0,"[520.0,1.0,1.0]","[0.07552014291770856,0.7464742583097694,0.15927572003583113]",0,LACTEOS Y FRESCOS
CUISINE & CO,SANTA ISABEL,LACTEOS Y CONGELADOS,470.0,1.0,1.0,"[470.0,1.0,1.0]","[0.06825859071408275,0.7464742583097694,0.15927572003583113]",0,LACTEOS Y FRESCOS
MARLEY COFFEE,SANTA ISABEL,LACTEOS Y CONGELADOS,7590.0,1.0,1.0,"[7590.0,1.0,1.0]","[1.1023036245104,0.7464742583097694,0.15927572003583113]",0,LACTEOS Y FRESCOS
COSTA,SANTA ISABEL,LACTEOS Y CONGELADOS,1920.0,1.0,1.0,"[1920.0,1.0,1.0]","[0.27884360461923163,0.7464742583097694,0.15927572003583113]",0,LACTEOS Y FRESCOS
CUISINE & CO,SANTA ISABEL,LACTEOS Y CONGELADOS,2610.0,1.0,1.0,"[2610.0,1.0,1.0]","[0.379053025029268,0.7464742583097694,0.15927572003583113]",0,LACTEOS Y FRESCOS
CUISINE & CO,SANTA ISABEL,LACTEOS Y CONGELADOS,4440.0,1.0,1.0,"[4440.0,1.0,1.0]","[0.6448258356819732,0.7464742583097694,0.15927572003583113]",0,LACTEOS Y FRESCOS
ECCO,SANTA ISABEL,LACTEOS Y CONGELADOS,3630.0,1.0,1.0,"[3630.0,1.0,1.0]","[0.5271886899832348,0.7464742583097694,0.15927572003583113]",0,LACTEOS Y FRESCOS
LIPTON,SANTA ISABEL,LACTEOS Y CONGELADOS,7440.0,1.0,1.0,"[7440.0,1.0,1.0]","[1.0805189678995226,0.7464742583097694,0.15927572003583113]",0,LACTEOS Y FRESCOS
TALLIANI,SANTA ISABEL,LACTEOS Y CONGELADOS,1000.0,1.0,1.0,"[1000.0,1.0,1.0]","[0.14523104407251647,0.7464742583097694,0.15927572003583113]",0,LACTEOS Y FRESCOS
LUCCHETTI,SANTA ISABEL,LACTEOS Y CONGELADOS,1050.0,1.0,1.0,"[1050.0,1.0,1.0]","[0.1524925962761423,0.7464742583097694,0.15927572003583113]",0,LACTEOS Y FRESCOS
MIRAFLORES,SANTA ISABEL,LACTEOS Y CONGELADOS,3150.0,1.0,1.0,"[3150.0,1.0,1.0]","[0.4574777888284269,0.7464742583097694,0.15927572003583113]",0,LACTEOS Y FRESCOS
MONTECRISTO,SANTA ISABEL,LACTEOS Y CONGELADOS,6390.0,1.0,1.0,"[6390.0,1.0,1.0]","[0.9280263716233803,0.7464742583097694,0.15927572003583113]",0,LACTEOS Y FRESCOS
HUASCO,SANTA ISABEL,LACTEOS Y CONGELADOS,25990.0,1.0,1.0,"[25990.0,1.0,1.0]","[3.7745548354447034,0.7464742583097694,0.15927572003583113]",0,LACTEOS Y FRESCOS
HELLMANNS,SANTA ISABEL,LACTEOS Y CONGELADOS,3890.0,1.0,1.0,"[3890.0,1.0,1.0]","[0.564948761442089,0.7464742583097694,0.15927572003583113]",0,LACTEOS Y FRESCOS
CUISINE & CO,SANTA ISABEL,LACTEOS Y CONGELADOS,580.0,1.0,1.0,"[580.0,1.0,1.0]","[0.08423400556205955,0.7464742583097694,0.15927572003583113]",0,LACTEOS Y FRESCOS
CUISINE & CO,SANTA ISABEL,LACTEOS Y CONGELADOS,1080.0,1.0,1.0,"[1080.0,1.0,1.0]","[0.1568495275983178,0.7464742583097694,0.15927572003583113]",0,LACTEOS Y FRESCOS
HEINZ,SANTA ISABEL,LACTEOS Y CONGELADOS,3390.0,1.0,1.0,"[3390.0,1.0,1.0]","[0.49233323940583085,0.7464742583097694,0.15927572003583113]",0,LACTEOS Y FRESCOS
CUISINE & CO,SANTA ISABEL,LACTEOS Y CONGELADOS,790.0,1.0,1.0,"[790.0,1.0,1.0]","[0.11473252481728802,0.7464742583097694,0.15927572003583113]",0,LACTEOS Y FRESCOS
VIVO,SANTA ISABEL,LACTEOS Y CONGELADOS,3290.0,1.0,1.0,"[3290.0,1.0,1.0]","[0.4778101349985792,0.7464742583097694,0.15927572003583113]",0,LACTEOS Y FRESCOS
CAROZZI,SANTA ISABEL,LACTEOS Y CONGELADOS,1170.0,1.0,1.0,"[1170.0,1.0,1.0]","[0.16992032156484427,0.7464742583097694,0.15927572003583113]",0,LACTEOS Y FRESCOS
HOFFMANN,SANTA ISABEL,LACTEOS Y CONGELADOS,1990.0,1.0,1.0,"[1990.0,1.0,1.0]","[0.2890097777043078,0.7464742583097694,0.15927572003583113]",0,LACTEOS Y FRESCOS
COLLICO,SANTA ISABEL,LACTEOS Y CONGELADOS,2280.0,1.0,1.0,"[2280.0,1.0,1.0]","[0.33112678048533756,0.7464742583097694,0.15927572003583113]",0,LACTEOS Y FRESCOS
ROBINSON CRUSOE,SANTA ISABEL,LACTEOS Y CONGELADOS,3590.0,1.0,1.0,"[3590.0,1.0,1.0]","[0.5213794482203341,0.7464742583097694,0.15927572003583113]",0,LACTEOS Y FRESCOS
GOLD,SANTA ISABEL,LACTEOS Y CONGELADOS,5450.0,1.0,1.0,"[5450.0,1.0,1.0]","[0.7915091901952148,0.7464742583097694,0.15927572003583113]",0,LACTEOS Y FRESCOS
CUISINE & CO,SANTA ISABEL,LACTEOS Y CONGELADOS,1690.0,1.0,1.0,"[1690.0,1.0,1.0]","[0.24544046448255286,0.7464742583097694,0.15927572003583113]",0,LACTEOS Y FRESCOS
WATTS,SANTA ISABEL,LACTEOS Y CONGELADOS,490.0,1.0,1.0,"[490.0,1.0,1.0]","[0.07116321159553307,0.7464742583097694,0.15927572003583113]",0,LACTEOS Y FRESCOS
TRATTORIA,SANTA ISABEL,LACTEOS Y CONGELADOS,1190.0,1.0,1.0,"[1190.0,1.0,1.0]","[0.1728249424462946,0.7464742583097694,0.15927572003583113]",0,LACTEOS Y FRESCOS
CAROZZI,SANTA ISABEL,LACTEOS Y CONGELADOS,790.0,1.0,1.0,"[790.0,1.0,1.0]","[0.11473252481728802,0.7464742583097694,0.15927572003583113]",0,LACTEOS Y FRESCOS
NESCAFE,SANTA ISABEL,LACTEOS Y CONGELADOS,8490.0,1.0,1.0,"[8490.0,1.0,1.0]","[1.233011564175665,0.7464742583097694,0.15927572003583113]",0,LACTEOS Y FRESCOS
OLIVO DE PLATA,SANTA ISABEL,LACTEOS Y CONGELADOS,16490.0,1.0,1.0,"[16490.0,1.0,1.0]","[2.394859916755797,0.7464742583097694,0.15927572003583113]",0,LACTEOS Y FRESCOS
TRAVERSO,SANTA ISABEL,LACTEOS Y CONGELADOS,1200.0,1.0,1.0,"[1200.0,1.0,1.0]","[0.17427725288701978,0.7464742583097694,0.15927572003583113]",0,LACTEOS Y FRESCOS
MONTERREY,SANTA ISABEL,LACTEOS Y CONGELADOS,4490.0,1.0,1.0,"[4490.0,1.0,1.0]","[0.652087387885599,0.7464742583097694,0.15927572003583113]",0,LACTEOS Y FRESCOS
POMAROLA,SANTA ISABEL,LACTEOS Y CONGELADOS,960.0,1.0,1.0,"[960.0,1.0,1.0]","[0.13942180230961582,0.7464742583097694,0.15927572003583113]",0,LACTEOS Y FRESCOS
CARICIA,SANTA ISABEL,LACTEOS Y CONGELADOS,880.0,1.0,1.0,"[880.0,1.0,1.0]","[0.1278033187838145,0.7464742583097694,0.15927572003583113]",0,LACTEOS Y FRESCOS
CUISINE & CO,SANTA ISABEL,LACTEOS Y CONGELADOS,470.0,1.0,1.0,"[470.0,1.0,1.0]","[0.06825859071408275,0.7464742583097694,0.15927572003583113]",0,LACTEOS Y FRESCOS
MAXIMA,SANTA ISABEL,LACTEOS Y CONGELADOS,580.0,1.0,1.0,"[580.0,1.0,1.0]","[0.08423400556205955,0.7464742583097694,0.15927572003583113]",0,LACTEOS Y FRESCOS
IMPERIAL,SANTA ISABEL,LACTEOS Y CONGELADOS,890.0,1.0,1.0,"[890.0,1.0,1.0]","[0.12925562922453968,0.7464742583097694,0.15927572003583113]",0,LACTEOS Y FRESCOS
GOLD,SANTA ISABEL,LACTEOS Y CONGELADOS,6890.0,1.0,1.0,"[6890.0,1.0,1.0]","[1.0006418936596386,0.7464742583097694,0.15927572003583113]",0,LACTEOS Y FRESCOS
PILLOWS,SANTA ISABEL,LACTEOS Y CONGELADOS,2890.0,1.0,1.0,"[2890.0,1.0,1.0]","[0.41971771736957264,0.7464742583097694,0.15927572003583113]",0,LACTEOS Y FRESCOS
ROBINSON CRUSOE,SANTA ISABEL,LACTEOS Y CONGELADOS,1690.0,1.0,1.0,"[1690.0,1.0,1.0]","[0.24544046448255286,0.7464742583097694,0.15927572003583113]",0,LACTEOS Y FRESCOS
QUAKER,SANTA ISABEL,LACTEOS Y CONGELADOS,2590.0,1.0,1.0,"[2590.0,1.0,1.0]","[0.3761484041478177,0.7464742583097694,0.15927572003583113]",0,LACTEOS Y FRESCOS
HEINZ,SANTA ISABEL,LACTEOS Y CONGELADOS,920.0,1.0,1.0,"[920.0,1.0,1.0]","[0.13361256054671516,0.7464742583097694,0.15927572003583113]",0,LACTEOS Y FRESCOS
ESMERALDA,SANTA ISABEL,LACTEOS Y CONGELADOS,750.0,1.0,1.0,"[750.0,1.0,1.0]","[0.10892328305438735,0.7464742583097694,0.15927572003583113]",0,LACTEOS Y FRESCOS
CUISINE & CO,SANTA ISABEL,LACTEOS Y CONGELADOS,470.0,1.0,1.0,"[470.0,1.0,1.0]","[0.06825859071408275,0.7464742583097694,0.15927572003583113]",0,LACTEOS Y FRESCOS
CUISINE & CO,SANTA ISABEL,LACTEOS Y CONGELADOS,490.0,1.0,1.0,"[490.0,1.0,1.0]","[0.07116321159553307,0.7464742583097694,0.15927572003583113]",0,LACTEOS Y FRESCOS
CAROZZI,SANTA ISABEL,LACTEOS Y CONGELADOS,1630.0,1.0,1.0,"[1630.0,1.0,1.0]","[0.23672660183820185,0.7464742583097694,0.15927572003583113]",0,LACTEOS Y FRESCOS
CAROZZI,SANTA ISABEL,LACTEOS Y CONGELADOS,960.0,1.0,1.0,"[960.0,1.0,1.0]","[0.13942180230961582,0.7464742583097694,0.15927572003583113]",0,LACTEOS Y FRESCOS
CUISINE & CO,SANTA ISABEL,LACTEOS Y CONGELADOS,580.0,1.0,1.0,"[580.0,1.0,1.0]","[0.08423400556205955,0.7464742583097694,0.15927572003583113]",0,LACTEOS Y FRESCOS
MAXIMA,SANTA ISABEL,LACTEOS Y CONGELADOS,580.0,1.0,1.0,"[580.0,1.0,1.0]","[0.08423400556205955,0.7464742583097694,0.15927572003583113]",0,LACTEOS Y FRESCOS
MAGGI,SANTA ISABEL,LACTEOS Y CONGELADOS,720.0,1.0,1.0,"[720.0,1.0,1.0]","[0.10456635173221186,0.7464742583097694,0.15927572003583113]",0,LACTEOS Y FRESCOS
CUISINE & CO,SANTA ISABEL,LACTEOS Y CONGELADOS,260.0,1.0,1.0,"[260.0,1.0,1.0]","[0.03776007145885428,0.7464742583097694,0.15927572003583113]",0,LACTEOS Y FRESCOS
NATUR,SANTA ISABEL,LACTEOS Y CONGELADOS,440.0,1.0,1.0,"[440.0,1.0,1.0]","[0.06390165939190726,0.7464742583097694,0.15927572003583113]",0,LACTEOS Y FRESCOS
THE WILD FOODS,SANTA ISABEL,LACTEOS Y CONGELADOS,4990.0,1.0,1.0,"[4990.0,1.0,1.0]","[0.7247029099218573,0.7464742583097694,0.15927572003583113]",0,LACTEOS Y FRESCOS
ANGELMO,SANTA ISABEL,LACTEOS Y CONGELADOS,1550.0,1.0,1.0,"[1550.0,1.0,1.0]","[0.22510811831240055,0.7464742583097694,0.15927572003583113]",0,LACTEOS Y FRESCOS
LIPTON,SANTA ISABEL,LACTEOS Y CONGELADOS,4790.0,1.0,1.0,"[4790.0,1.0,1.0]","[0.6956567011073539,0.7464742583097694,0.15927572003583113]",0,LACTEOS Y FRESCOS
CUISINE & CO,SANTA ISABEL,LACTEOS Y CONGELADOS,1990.0,1.0,1.0,"[1990.0,1.0,1.0]","[0.2890097777043078,0.7464742583097694,0.15927572003583113]",0,LACTEOS Y FRESCOS
CUISINE & CO,SANTA ISABEL,LACTEOS Y CONGELADOS,990.0,1.0,1.0,"[990.0,1.0,1.0]","[0.1437787336317913,0.7464742583097694,0.15927572003583113]",0,LACTEOS Y FRESCOS
TALLIANI,SANTA ISABEL,LACTEOS Y CONGELADOS,1000.0,1.0,1.0,"[1000.0,1.0,1.0]","[0.14523104407251647,0.7464742583097694,0.15927572003583113]",0,LACTEOS Y FRESCOS
JB,SANTA ISABEL,LACTEOS Y CONGELADOS,1920.0,1.0,1.0,"[1920.0,1.0,1.0]","[0.27884360461923163,0.7464742583097694,0.15927572003583113]",0,LACTEOS Y FRESCOS
IANSA AGRO,SANTA ISABEL,LACTEOS Y CONGELADOS,2890.0,1.0,1.0,"[2890.0,1.0,1.0]","[0.41971771736957264,0.7464742583097694,0.15927572003583113]",0,LACTEOS Y FRESCOS
KELLOGGS,SANTA ISABEL,LACTEOS Y CONGELADOS,4670.0,1.0,1.0,"[4670.0,1.0,1.0]","[0.6782289758186519,0.7464742583097694,0.15927572003583113]",0,LACTEOS Y FRESCOS
CUISINE & CO,SANTA ISABEL,LACTEOS Y CONGELADOS,1590.0,1.0,1.0,"[1590.0,1.0,1.0]","[0.2309173600753012,0.7464742583097694,0.15927572003583113]",0,LACTEOS Y FRESCOS
TALLIANI,SANTA ISABEL,LACTEOS Y CONGELADOS,14390.0,1.0,1.0,"[14390.0,1.0,1.0]","[2.0898747242035123,0.7464742583097694,0.15927572003583113]",0,LACTEOS Y FRESCOS
CUISINE & CO,SANTA ISABEL,LACTEOS Y CONGELADOS,1690.0,1.0,1.0,"[1690.0,1.0,1.0]","[0.24544046448255286,0.7464742583097694,0.15927572003583113]",0,LACTEOS Y FRESCOS
VIVO,SANTA ISABEL,LACTEOS Y CONGELADOS,2190.0,1.0,1.0,"[2190.0,1.0,1.0]","[0.31805598651881106,0.7464742583097694,0.15927572003583113]",0,LACTEOS Y FRESCOS
COLA CAO,SANTA ISABEL,LACTEOS Y CONGELADOS,5690.0,1.0,1.0,"[5690.0,1.0,1.0]","[0.8263646407726187,0.7464742583097694,0.15927572003583113]",0,LACTEOS Y FRESCOS
MAXIMA,SANTA ISABEL,LACTEOS Y CONGELADOS,580.0,1.0,1.0,"[580.0,1.0,1.0]","[0.08423400556205955,0.7464742583097694,0.15927572003583113]",0,LACTEOS Y FRESCOS
MAGGI,SANTA ISABEL,LACTEOS Y CONGELADOS,720.0,1.0,1.0,"[720.0,1.0,1.0]","[0.10456635173221186,0.7464742583097694,0.15927572003583113]",0,LACTEOS Y FRESCOS
MUTTI,SANTA ISABEL,LACTEOS Y CONGELADOS,3143.0,1.0,1.0,"[3143.0,1.0,1.0]","[0.4564611715199193,0.7464742583097694,0.15927572003583113]",0,LACTEOS Y FRESCOS
CHOCAPIC,SANTA ISABEL,LACTEOS Y CONGELADOS,3690.0,1.0,1.0,"[3690.0,1.0,1.0]","[0.5359025526275858,0.7464742583097694,0.15927572003583113]",0,LACTEOS Y FRESCOS
DILMAH,SANTA ISABEL,LACTEOS Y CONGELADOS,5990.0,1.0,1.0,"[5990.0,1.0,1.0]","[0.8699339539943737,0.7464742583097694,0.15927572003583113]",0,LACTEOS Y FRESCOS
TUCAPEL,SANTA ISABEL,LACTEOS Y CONGELADOS,2490.0,1.0,1.0,"[2490.0,1.0,1.0]","[0.361625299740566,0.7464742583097694,0.15927572003583113]",0,LACTEOS Y FRESCOS
EN LINEA,SANTA ISABEL,LACTEOS Y CONGELADOS,1790.0,1.0,1.0,"[1790.0,1.0,1.0]","[0.2599635688898045,0.7464742583097694,0.15927572003583113]",0,LACTEOS Y FRESCOS
CUISINE & CO,SANTA ISABEL,LACTEOS Y CONGELADOS,1890.0,1.0,1.0,"[1890.0,1.0,1.0]","[0.2744866732970561,0.7464742583097694,0.15927572003583113]",0,LACTEOS Y FRESCOS
MONTERREY,SANTA ISABEL,LACTEOS Y CONGELADOS,4490.0,1.0,1.0,"[4490.0,1.0,1.0]","[0.652087387885599,0.7464742583097694,0.15927572003583113]",0,LACTEOS Y FRESCOS
COSTA,SANTA ISABEL,LACTEOS Y CONGELADOS,1920.0,1.0,1.0,"[1920.0,1.0,1.0]","[0.27884360461923163,0.7464742583097694,0.15927572003583113]",0,LACTEOS Y FRESCOS
HEINZ,SANTA ISABEL,LACTEOS Y CONGELADOS,1820.0,1.0,1.0,"[1820.0,1.0,1.0]","[0.26432050021198,0.7464742583097694,0.15927572003583113]",0,LACTEOS Y FRESCOS
MAXIMA,SANTA ISABEL,LACTEOS Y CONGELADOS,1430.0,1.0,1.0,"[1430.0,1.0,1.0]","[0.20768039302369856,0.7464742583097694,0.15927572003583113]",0,LACTEOS Y FRESCOS
CUISINE & CO,SANTA ISABEL,LACTEOS Y CONGELADOS,950.0,1.0,1.0,"[950.0,1.0,1.0]","[0.13796949186889065,0.7464742583097694,0.15927572003583113]",0,LACTEOS Y FRESCOS
CUISINE & CO,SANTA ISABEL,LACTEOS Y CONGELADOS,2360.0,1.0,1.0,"[2360.0,1.0,1.0]","[0.34274526401113886,0.7464742583097694,0.15927572003583113]",0,LACTEOS Y FRESCOS
HAITI,SANTA ISABEL,LACTEOS Y CONGELADOS,5400.0,1.0,1.0,"[5400.0,1.0,1.0]","[0.7842476379915889,0.7464742583097694,0.15927572003583113]",0,LACTEOS Y FRESCOS
DAROMA,SANTA ISABEL,LACTEOS Y CONGELADOS,5610.0,1.0,1.0,"[5610.0,1.0,1.0]","[0.8147461572468174,0.7464742583097694,0.15927572003583113]",0,LACTEOS Y FRESCOS
NESCAFE,SANTA ISABEL,LACTEOS Y CONGELADOS,16110.0,1.0,1.0,"[16110.0,1.0,1.0]","[2.3396721200082404,0.7464742583097694,0.15927572003583113]",0,LACTEOS Y FRESCOS
QUAKER,SANTA ISABEL,LACTEOS Y CONGELADOS,2630.0,1.0,1.0,"[2630.0,1.0,1.0]","[0.38195764591071835,0.7464742583097694,0.15927572003583113]",0,LACTEOS Y FRESCOS
WATTS,SANTA ISABEL,LACTEOS Y CONGELADOS,490.0,1.0,1.0,"[490.0,1.0,1.0]","[0.07116321159553307,0.7464742583097694,0.15927572003583113]",0,LACTEOS Y FRESCOS
CUISINE & CO,SANTA ISABEL,LACTEOS Y CONGELADOS,4190.0,1.0,1.0,"[4190.0,1.0,1.0]","[0.608518074663844,0.7464742583097694,0.15927572003583113]",0,LACTEOS Y FRESCOS
NESTLE,SANTA ISABEL,LACTEOS Y CONGELADOS,1450.0,1.0,1.0,"[1450.0,1.0,1.0]","[0.2105850139051489,0.7464742583097694,0.15927572003583113]",0,LACTEOS Y FRESCOS
CUISINE & CO,SANTA ISABEL,LACTEOS Y CONGELADOS,840.0,1.0,1.0,"[840.0,1.0,1.0]","[0.12199407702091383,0.7464742583097694,0.15927572003583113]",0,LACTEOS Y FRESCOS
CUISINE & CO,SANTA ISABEL,LACTEOS Y CONGELADOS,14990.0,1.0,1.0,"[14990.0,1.0,1.0]","[2.177013350647022,0.7464742583097694,0.15927572003583113]",0,LACTEOS Y FRESCOS
CUISINE & CO,SANTA ISABEL,LACTEOS Y CONGELADOS,1750.0,1.0,1.0,"[1750.0,1.0,1.0]","[0.25415432712690383,0.7464742583097694,0.15927572003583113]",0,LACTEOS Y FRESCOS
CAROZZI,SANTA ISABEL,LACTEOS Y CONGELADOS,2290.0,1.0,1.0,"[2290.0,1.0,1.0]","[0.33257909092606275,0.7464742583097694,0.15927572003583113]",0,LACTEOS Y FRESCOS
CUISINE & CO,SANTA ISABEL,LACTEOS Y CONGELADOS,820.0,1.0,1.0,"[820.0,1.0,1.0]","[0.1190894561394635,0.7464742583097694,0.15927572003583113]",0,LACTEOS Y FRESCOS
SUPREMO,SANTA ISABEL,LACTEOS Y CONGELADOS,3290.0,1.0,1.0,"[3290.0,1.0,1.0]","[0.4778101349985792,0.7464742583097694,0.15927572003583113]",0,LACTEOS Y FRESCOS
THE WILD FOODS,SANTA ISABEL,LACTEOS Y CONGELADOS,4990.0,1.0,1.0,"[4990.0,1.0,1.0]","[0.7247029099218573,0.7464742583097694,0.15927572003583113]",0,LACTEOS Y FRESCOS
LA MOLISANA,SANTA ISABEL,LACTEOS Y CONGELADOS,2890.0,1.0,1.0,"[2890.0,1.0,1.0]","[0.41971771736957264,0.7464742583097694,0.15927572003583113]",0,LACTEOS Y FRESCOS
WATTS,SANTA ISABEL,LACTEOS Y CONGELADOS,1210.0,1.0,1.0,"[1210.0,1.0,1.0]","[0.17572956332774495,0.7464742583097694,0.15927572003583113]",0,LACTEOS Y FRESCOS
TALLIANI,SANTA ISABEL,LACTEOS Y CONGELADOS,2030.0,1.0,1.0,"[2030.0,1.0,1.0]","[0.29481901946720845,0.7464742583097694,0.15927572003583113]",0,LACTEOS Y FRESCOS
HEINZ,SANTA ISABEL,LACTEOS Y CONGELADOS,1150.0,1.0,1.0,"[1150.0,1.0,1.0]","[0.16701570068339394,0.7464742583097694,0.15927572003583113]",0,LACTEOS Y FRESCOS
MUTTI,SANTA ISABEL,LACTEOS Y CONGELADOS,2093.0,1.0,1.0,"[2093.0,1.0,1.0]","[0.30396857524377696,0.7464742583097694,0.15927572003583113]",0,LACTEOS Y FRESCOS
TE CLUB,SANTA ISABEL,LACTEOS Y CONGELADOS,2550.0,1.0,1.0,"[2550.0,1.0,1.0]","[0.370339162384917,0.7464742583097694,0.15927572003583113]",0,LACTEOS Y FRESCOS
MAIZENA,SANTA ISABEL,LACTEOS Y CONGELADOS,3420.0,1.0,1.0,"[3420.0,1.0,1.0]","[0.49669017072800636,0.7464742583097694,0.15927572003583113]",0,LACTEOS Y FRESCOS
LUCCHETTI,SANTA ISABEL,LACTEOS Y CONGELADOS,1050.0,1.0,1.0,"[1050.0,1.0,1.0]","[0.1524925962761423,0.7464742583097694,0.15927572003583113]",0,LACTEOS Y FRESCOS
CUISINE & CO,SANTA ISABEL,LACTEOS Y CONGELADOS,4790.0,1.0,1.0,"[4790.0,1.0,1.0]","[0.6956567011073539,0.7464742583097694,0.15927572003583113]",0,LACTEOS Y FRESCOS
GOURMET,SANTA ISABEL,LACTEOS Y CONGELADOS,550.0,1.0,1.0,"[550.0,1.0,1.0]","[0.07987707423988406,0.7464742583097694,0.15927572003583113]",0,LACTEOS Y FRESCOS
PARMALAT,SANTA ISABEL,LACTEOS Y CONGELADOS,1000.0,1.0,1.0,"[1000.0,1.0,1.0]","[0.14523104407251647,0.7464742583097694,0.15927572003583113]",0,LACTEOS Y FRESCOS
SUPREMO,SANTA ISABEL,LACTEOS Y CONGELADOS,1190.0,1.0,1.0,"[1190.0,1.0,1.0]","[0.1728249424462946,0.7464742583097694,0.15927572003583113]",0,LACTEOS Y FRESCOS
SUPREMO,SANTA ISABEL,LACTEOS Y CONGELADOS,1390.0,1.0,1.0,"[1390.0,1.0,1.0]","[0.2018711512607979,0.7464742583097694,0.15927572003583113]",0,LACTEOS Y FRESCOS
CUISINE & CO,SANTA ISABEL,LACTEOS Y CONGELADOS,1790.0,1.0,1.0,"[1790.0,1.0,1.0]","[0.2599635688898045,0.7464742583097694,0.15927572003583113]",0,LACTEOS Y FRESCOS
MALLOA,SANTA ISABEL,LACTEOS Y CONGELADOS,890.0,1.0,1.0,"[890.0,1.0,1.0]","[0.12925562922453968,0.7464742583097694,0.15927572003583113]",0,LACTEOS Y FRESCOS
CUISINE & CO,SANTA ISABEL,LACTEOS Y CONGELADOS,2930.0,1.0,1.0,"[2930.0,1.0,1.0]","[0.4255269591324733,0.7464742583097694,0.15927572003583113]",0,LACTEOS Y FRESCOS
MAGGI,SANTA ISABEL,LACTEOS Y CONGELADOS,1490.0,1.0,1.0,"[1490.0,1.0,1.0]","[0.21639425566804954,0.7464742583097694,0.15927572003583113]",0,LACTEOS Y FRESCOS
VIVO,SANTA ISABEL,LACTEOS Y CONGELADOS,3290.0,1.0,1.0,"[3290.0,1.0,1.0]","[0.4778101349985792,0.7464742583097694,0.15927572003583113]",0,LACTEOS Y FRESCOS
COLLICO,SANTA ISABEL,LACTEOS Y CONGELADOS,1510.0,1.0,1.0,"[1510.0,1.0,1.0]","[0.21929887654949987,0.7464742583097694,0.15927572003583113]",0,LACTEOS Y FRESCOS
WATTS,SANTA ISABEL,LACTEOS Y CONGELADOS,1530.0,1.0,1.0,"[1530.0,1.0,1.0]","[0.22220349743095022,0.7464742583097694,0.15927572003583113]",0,LACTEOS Y FRESCOS
SUPREMO,SANTA ISABEL,LACTEOS Y CONGELADOS,1790.0,1.0,1.0,"[1790.0,1.0,1.0]","[0.2599635688898045,0.7464742583097694,0.15927572003583113]",0,LACTEOS Y FRESCOS
ESMERALDA,SANTA ISABEL,LACTEOS Y CONGELADOS,750.0,1.0,1.0,"[750.0,1.0,1.0]","[0.10892328305438735,0.7464742583097694,0.15927572003583113]",0,LACTEOS Y FRESCOS
POMAROLA,SANTA ISABEL,LACTEOS Y CONGELADOS,850.0,1.0,1.0,"[850.0,1.0,1.0]","[0.12344638746163901,0.7464742583097694,0.15927572003583113]",0,LACTEOS Y FRESCOS
MAGGI,SANTA ISABEL,LACTEOS Y CONGELADOS,680.0,1.0,1.0,"[680.0,1.0,1.0]","[0.0987571099693112,0.7464742583097694,0.15927572003583113]",0,LACTEOS Y FRESCOS
CUISINE & CO,SANTA ISABEL,LACTEOS Y CONGELADOS,1490.0,1.0,1.0,"[1490.0,1.0,1.0]","[0.21639425566804954,0.7464742583097694,0.15927572003583113]",0,LACTEOS Y FRESCOS
LUCCHETTI,SANTA ISABEL,LACTEOS Y CONGELADOS,1130.0,1.0,1.0,"[1130.0,1.0,1.0]","[0.16411107980194362,0.7464742583097694,0.15927572003583113]",0,LACTEOS Y FRESCOS
CUISINE & CO,SANTA ISABEL,LACTEOS Y CONGELADOS,530.0,1.0,1.0,"[530.0,1.0,1.0]","[0.07697245335843374,0.7464742583097694,0.15927572003583113]",0,LACTEOS Y FRESCOS
TUCAPEL,SANTA ISABEL,LACTEOS Y CONGELADOS,5610.0,1.0,1.0,"[5610.0,1.0,1.0]","[0.8147461572468174,0.7464742583097694,0.15927572003583113]",0,LACTEOS Y FRESCOS
VIVO,SANTA ISABEL,LACTEOS Y CONGELADOS,2830.0,1.0,1.0,"[2830.0,1.0,1.0]","[0.4110038547252216,0.7464742583097694,0.15927572003583113]",0,LACTEOS Y FRESCOS
CUISINE & CO,SANTA ISABEL,LACTEOS Y CONGELADOS,3490.0,1.0,1.0,"[3490.0,1.0,1.0]","[0.5068563438130825,0.7464742583097694,0.15927572003583113]",0,LACTEOS Y FRESCOS
CHEF,SANTA ISABEL,LACTEOS Y CONGELADOS,8410.0,1.0,1.0,"[8410.0,1.0,1.0]","[1.2213930806498636,0.7464742583097694,0.15927572003583113]",0,LACTEOS Y FRESCOS
BANQUETE,SANTA ISABEL,LACTEOS Y CONGELADOS,3110.0,1.0,1.0,"[3110.0,1.0,1.0]","[0.4516685470655262,0.7464742583097694,0.15927572003583113]",0,LACTEOS Y FRESCOS
MAXIMA,SANTA ISABEL,LACTEOS Y CONGELADOS,1520.0,1.0,1.0,"[1520.0,1.0,1.0]","[0.22075118699022506,0.7464742583097694,0.15927572003583113]",0,LACTEOS Y FRESCOS
DAILY,SANTA ISABEL,LACTEOS Y CONGELADOS,1550.0,1.0,1.0,"[1550.0,1.0,1.0]","[0.22510811831240055,0.7464742583097694,0.15927572003583113]",0,LACTEOS Y FRESCOS
EXOTIC FOOD,SANTA ISABEL,LACTEOS Y CONGELADOS,1043.0,1.0,1.0,"[1043.0,1.0,1.0]","[0.15147597896763468,0.7464742583097694,0.15927572003583113]",0,LACTEOS Y FRESCOS
CUISINE & CO,SANTA ISABEL,LACTEOS Y CONGELADOS,608.0,1.0,1.0,"[608.0,1.0,1.0]","[0.08830047479609002,0.7464742583097694,0.15927572003583113]",0,LACTEOS Y FRESCOS
WATTS,SANTA ISABEL,LACTEOS Y CONGELADOS,790.0,1.0,1.0,"[790.0,1.0,1.0]","[0.11473252481728802,0.7464742583097694,0.15927572003583113]",0,LACTEOS Y FRESCOS
SAN JOSE,SANTA ISABEL,LACTEOS Y CONGELADOS,1360.0,1.0,1.0,"[1360.0,1.0,1.0]","[0.1975142199386224,0.7464742583097694,0.15927572003583113]",0,LACTEOS Y FRESCOS
CUISINE & CO,SANTA ISABEL,LACTEOS Y CONGELADOS,2370.0,1.0,1.0,"[2370.0,1.0,1.0]","[0.34419757445186405,0.7464742583097694,0.15927572003583113]",0,LACTEOS Y FRESCOS
WATTS,SANTA ISABEL,LACTEOS Y CONGELADOS,490.0,1.0,1.0,"[490.0,1.0,1.0]","[0.07116321159553307,0.7464742583097694,0.15927572003583113]",0,LACTEOS Y FRESCOS
NESTLE,SANTA ISABEL,LACTEOS Y CONGELADOS,1990.0,1.0,1.0,"[1990.0,1.0,1.0]","[0.2890097777043078,0.7464742583097694,0.15927572003583113]",0,LACTEOS Y FRESCOS
CAROZZI,SANTA ISABEL,LACTEOS Y CONGELADOS,870.0,1.0,1.0,"[870.0,1.0,1.0]","[0.12635100834308932,0.7464742583097694,0.15927572003583113]",0,LACTEOS Y FRESCOS
VIVO,SANTA ISABEL,LACTEOS Y CONGELADOS,700.0,1.0,1.0,"[700.0,1.0,1.0]","[0.10166173085076154,0.7464742583097694,0.15927572003583113]",0,LACTEOS Y FRESCOS
CUISINE & CO,SANTA ISABEL,LACTEOS Y CONGELADOS,1890.0,1.0,1.0,"[1890.0,1.0,1.0]","[0.2744866732970561,0.7464742583097694,0.15927572003583113]",0,LACTEOS Y FRESCOS
CUISINE & CO,SANTA ISABEL,LACTEOS Y CONGELADOS,14190.0,1.0,1.0,"[14190.0,1.0,1.0]","[2.0608285153890087,0.7464742583097694,0.15927572003583113]",0,LACTEOS Y FRESCOS
WATTS,SANTA ISABEL,LACTEOS Y CONGELADOS,1210.0,1.0,1.0,"[1210.0,1.0,1.0]","[0.17572956332774495,0.7464742583097694,0.15927572003583113]",0,LACTEOS Y FRESCOS
TRAVERSO,SANTA ISABEL,LACTEOS Y CONGELADOS,1200.0,1.0,1.0,"[1200.0,1.0,1.0]","[0.17427725288701978,0.7464742583097694,0.15927572003583113]",0,LACTEOS Y FRESCOS
MAGGI,SANTA ISABEL,LACTEOS Y CONGELADOS,720.0,1.0,1.0,"[720.0,1.0,1.0]","[0.10456635173221186,0.7464742583097694,0.15927572003583113]",0,LACTEOS Y FRESCOS
CORN FLAKES,SANTA ISABEL,LACTEOS Y CONGELADOS,4150.0,1.0,1.0,"[4150.0,1.0,1.0]","[0.6027088329009433,0.7464742583097694,0.15927572003583113]",0,LACTEOS Y FRESCOS
CUISINE & CO,SANTA ISABEL,LACTEOS Y CONGELADOS,2000.0,1.0,1.0,"[2000.0,1.0,1.0]","[0.29046208814503294,0.7464742583097694,0.15927572003583113]",0,LACTEOS Y FRESCOS
CUISINE & CO,SANTA ISABEL,LACTEOS Y CONGELADOS,632.0,1.0,1.0,"[632.0,1.0,1.0]","[0.09178601985383042,0.7464742583097694,0.15927572003583113]",0,LACTEOS Y FRESCOS
EN LINEA,SANTA ISABEL,LACTEOS Y CONGELADOS,2590.0,1.0,1.0,"[2590.0,1.0,1.0]","[0.3761484041478177,0.7464742583097694,0.15927572003583113]",0,LACTEOS Y FRESCOS
CUISINE & CO,SANTA ISABEL,LACTEOS Y CONGELADOS,1750.0,1.0,1.0,"[1750.0,1.0,1.0]","[0.25415432712690383,0.7464742583097694,0.15927572003583113]",0,LACTEOS Y FRESCOS
ESMERALDA,SANTA ISABEL,LACTEOS Y CONGELADOS,2190.0,1.0,1.0,"[2190.0,1.0,1.0]","[0.31805598651881106,0.7464742583097694,0.15927572003583113]",0,LACTEOS Y FRESCOS
COSTA,SANTA ISABEL,LACTEOS Y CONGELADOS,1690.0,1.0,1.0,"[1690.0,1.0,1.0]","[0.24544046448255286,0.7464742583097694,0.15927572003583113]",0,LACTEOS Y FRESCOS
MAGGI,SANTA ISABEL,LACTEOS Y CONGELADOS,5970.0,1.0,1.0,"[5970.0,1.0,1.0]","[0.8670293331129234,0.7464742583097694,0.15927572003583113]",0,LACTEOS Y FRESCOS
MAGGI,SANTA ISABEL,LACTEOS Y CONGELADOS,720.0,1.0,1.0,"[720.0,1.0,1.0]","[0.10456635173221186,0.7464742583097694,0.15927572003583113]",0,LACTEOS Y FRESCOS
MAGGI,SANTA ISABEL,LACTEOS Y CONGELADOS,630.0,1.0,1.0,"[630.0,1.0,1.0]","[0.09149555776568538,0.7464742583097694,0.15927572003583113]",0,LACTEOS Y FRESCOS
QUAKER,SANTA ISABEL,LACTEOS Y CONGELADOS,3490.0,1.0,1.0,"[3490.0,1.0,1.0]","[0.5068563438130825,0.7464742583097694,0.15927572003583113]",0,LACTEOS Y FRESCOS
HELLMANNS,SANTA ISABEL,LACTEOS Y CONGELADOS,2990.0,1.0,1.0,"[2990.0,1.0,1.0]","[0.43424082177682427,0.7464742583097694,0.15927572003583113]",0,LACTEOS Y FRESCOS
EN LINEA,SANTA ISABEL,LACTEOS Y CONGELADOS,2650.0,1.0,1.0,"[2650.0,1.0,1.0]","[0.3848622667921687,0.7464742583097694,0.15927572003583113]",0,LACTEOS Y FRESCOS
CUISINE & CO,SANTA ISABEL,LACTEOS Y CONGELADOS,9790.0,1.0,1.0,"[9790.0,1.0,1.0]","[1.4218119214699363,0.7464742583097694,0.15927572003583113]",0,LACTEOS Y FRESCOS
CUISINE & CO,SANTA ISABEL,LACTEOS Y CONGELADOS,1890.0,1.0,1.0,"[1890.0,1.0,1.0]","[0.2744866732970561,0.7464742583097694,0.15927572003583113]",0,LACTEOS Y FRESCOS
CAROZZI,SANTA ISABEL,LACTEOS Y CONGELADOS,690.0,1.0,1.0,"[690.0,1.0,1.0]","[0.10020942041003637,0.7464742583097694,0.15927572003583113]",0,LACTEOS Y FRESCOS
BANQUETE,SANTA ISABEL,LACTEOS Y CONGELADOS,3990.0,1.0,1.0,"[3990.0,1.0,1.0]","[0.5794718658493407,0.7464742583097694,0.15927572003583113]",0,LACTEOS Y FRESCOS
MAGGI,SANTA ISABEL,LACTEOS Y CONGELADOS,900.0,1.0,1.0,"[900.0,1.0,1.0]","[0.13070793966526484,0.7464742583097694,0.15927572003583113]",0,LACTEOS Y FRESCOS
MAGGI,SANTA ISABEL,LACTEOS Y CONGELADOS,1490.0,1.0,1.0,"[1490.0,1.0,1.0]","[0.21639425566804954,0.7464742583097694,0.15927572003583113]",0,LACTEOS Y FRESCOS
VIVO,SANTA ISABEL,LACTEOS Y CONGELADOS,1190.0,1.0,1.0,"[1190.0,1.0,1.0]","[0.1728249424462946,0.7464742583097694,0.15927572003583113]",0,LACTEOS Y FRESCOS
IANSA,SANTA ISABEL,LACTEOS Y CONGELADOS,2390.0,1.0,1.0,"[2390.0,1.0,1.0]","[0.3471021953333144,0.7464742583097694,0.15927572003583113]",0,LACTEOS Y FRESCOS
TALLIANI,SANTA ISABEL,LACTEOS Y CONGELADOS,1000.0,1.0,1.0,"[1000.0,1.0,1.0]","[0.14523104407251647,0.7464742583097694,0.15927572003583113]",0,LACTEOS Y FRESCOS
GOLD,SANTA ISABEL,LACTEOS Y CONGELADOS,6590.0,1.0,1.0,"[6590.0,1.0,1.0]","[0.9570725804378836,0.7464742583097694,0.15927572003583113]",0,LACTEOS Y FRESCOS
CUISINE & CO,SANTA ISABEL,LACTEOS Y CONGELADOS,1990.0,1.0,1.0,"[1990.0,1.0,1.0]","[0.2890097777043078,0.7464742583097694,0.15927572003583113]",0,LACTEOS Y FRESCOS
MARUCHAN,SANTA ISABEL,LACTEOS Y CONGELADOS,740.0,1.0,1.0,"[740.0,1.0,1.0]","[0.10747097261366219,0.7464742583097694,0.15927572003583113]",0,LACTEOS Y FRESCOS
CLUB,SANTA ISABEL,LACTEOS Y CONGELADOS,3550.0,1.0,1.0,"[3550.0,1.0,1.0]","[0.5155702064574335,0.7464742583097694,0.15927572003583113]",0,LACTEOS Y FRESCOS
IMPERIAL,SANTA ISABEL,LACTEOS Y CONGELADOS,2650.0,1.0,1.0,"[2650.0,1.0,1.0]","[0.3848622667921687,0.7464742583097694,0.15927572003583113]",0,LACTEOS Y FRESCOS
CUISINE & CO,SANTA ISABEL,LACTEOS Y CONGELADOS,570.0,1.0,1.0,"[570.0,1.0,1.0]","[0.08278169512133439,0.7464742583097694,0.15927572003583113]",0,LACTEOS Y FRESCOS
LOBOS,SANTA ISABEL,LACTEOS Y CONGELADOS,670.0,1.0,1.0,"[670.0,1.0,1.0]","[0.09730479952858603,0.7464742583097694,0.15927572003583113]",0,LACTEOS Y FRESCOS
EN LINEA,SANTA ISABEL,LACTEOS Y CONGELADOS,1340.0,1.0,1.0,"[1340.0,1.0,1.0]","[0.19460959905717207,0.7464742583097694,0.15927572003583113]",0,LACTEOS Y FRESCOS
CUISINE & CO,SANTA ISABEL,LACTEOS Y CONGELADOS,680.0,1.0,1.0,"[680.0,1.0,1.0]","[0.0987571099693112,0.7464742583097694,0.15927572003583113]",0,LACTEOS Y FRESCOS
MARUCHAN,SANTA ISABEL,LACTEOS Y CONGELADOS,720.0,1.0,1.0,"[720.0,1.0,1.0]","[0.10456635173221186,0.7464742583097694,0.15927572003583113]",0,LACTEOS Y FRESCOS
CUISINE & CO,SANTA ISABEL,LACTEOS Y CONGELADOS,530.0,1.0,1.0,"[530.0,1.0,1.0]","[0.07697245335843374,0.7464742583097694,0.15927572003583113]",0,LACTEOS Y FRESCOS
CUISINE & CO,SANTA ISABEL,LACTEOS Y CONGELADOS,410.0,1.0,1.0,"[410.0,1.0,1.0]","[0.05954472806973175,0.7464742583097694,0.15927572003583113]",0,LACTEOS Y FRESCOS
MAGGI,SANTA ISABEL,LACTEOS Y CONGELADOS,1890.0,1.0,1.0,"[1890.0,1.0,1.0]","[0.2744866732970561,0.7464742583097694,0.15927572003583113]",0,LACTEOS Y FRESCOS
CUISINE & CO,SANTA ISABEL,LACTEOS Y CONGELADOS,1190.0,1.0,1.0,"[1190.0,1.0,1.0]","[0.1728249424462946,0.7464742583097694,0.15927572003583113]",0,LACTEOS Y FRESCOS
KRAFT,SANTA ISABEL,LACTEOS Y CONGELADOS,4880.0,1.0,1.0,"[4880.0,1.0,1.0]","[0.7087274950738804,0.7464742583097694,0.15927572003583113]",0,LACTEOS Y FRESCOS
HELLMANNS,SANTA ISABEL,LACTEOS Y CONGELADOS,4250.0,1.0,1.0,"[4250.0,1.0,1.0]","[0.617231937308195,0.7464742583097694,0.15927572003583113]",0,LACTEOS Y FRESCOS
CUISINE & CO,SANTA ISABEL,LACTEOS Y CONGELADOS,510.0,1.0,1.0,"[510.0,1.0,1.0]","[0.0740678324769834,0.7464742583097694,0.15927572003583113]",0,LACTEOS Y FRESCOS
IANSA,SANTA ISABEL,LACTEOS Y CONGELADOS,7350.0,1.0,1.0,"[7350.0,1.0,1.0]","[1.0674481739329962,0.7464742583097694,0.15927572003583113]",0,LACTEOS Y FRESCOS
CUISINE & CO,SANTA ISABEL,LACTEOS Y CONGELADOS,3590.0,1.0,1.0,"[3590.0,1.0,1.0]","[0.5213794482203341,0.7464742583097694,0.15927572003583113]",0,LACTEOS Y FRESCOS
NESCAFE DOLCE GUSTO,SANTA ISABEL,LACTEOS Y CONGELADOS,4790.0,1.0,1.0,"[4790.0,1.0,1.0]","[0.6956567011073539,0.7464742583097694,0.15927572003583113]",0,LACTEOS Y FRESCOS
BANQUETE,SANTA ISABEL,LACTEOS Y CONGELADOS,2650.0,1.0,1.0,"[2650.0,1.0,1.0]","[0.3848622667921687,0.7464742583097694,0.15927572003583113]",0,LACTEOS Y FRESCOS
NATUREZZA,SANTA ISABEL,LACTEOS Y CONGELADOS,510.0,1.0,1.0,"[510.0,1.0,1.0]","[0.0740678324769834,0.7464742583097694,0.15927572003583113]",0,LACTEOS Y FRESCOS
VIVO,SANTA ISABEL,LACTEOS Y CONGELADOS,1190.0,1.0,1.0,"[1190.0,1.0,1.0]","[0.1728249424462946,0.7464742583097694,0.15927572003583113]",0,LACTEOS Y FRESCOS
NATUR,SANTA ISABEL,LACTEOS Y CONGELADOS,1330.0,1.0,1.0,"[1330.0,1.0,1.0]","[0.1931572886164469,0.7464742583097694,0.15927572003583113]",0,LACTEOS Y FRESCOS
CUISINE & CO,SANTA ISABEL,LACTEOS Y CONGELADOS,970.0,1.0,1.0,"[970.0,1.0,1.0]","[0.14087411275034098,0.7464742583097694,0.15927572003583113]",0,LACTEOS Y FRESCOS
MAGGI,SANTA ISABEL,LACTEOS Y CONGELADOS,900.0,1.0,1.0,"[900.0,1.0,1.0]","[0.13070793966526484,0.7464742583097694,0.15927572003583113]",0,LACTEOS Y FRESCOS
MARTINI,SANTA ISABEL,LACTEOS Y CONGELADOS,2230.0,1.0,1.0,"[2230.0,1.0,1.0]","[0.3238652282817117,0.7464742583097694,0.15927572003583113]",0,LACTEOS Y FRESCOS
IANSA AGRO,SANTA ISABEL,LACTEOS Y CONGELADOS,3190.0,1.0,1.0,"[3190.0,1.0,1.0]","[0.46328703059132753,0.7464742583097694,0.15927572003583113]",0,LACTEOS Y FRESCOS
ALUSWEET,SANTA ISABEL,LACTEOS Y CONGELADOS,3730.0,1.0,1.0,"[3730.0,1.0,1.0]","[0.5417117943904864,0.7464742583097694,0.15927572003583113]",0,LACTEOS Y FRESCOS
CUISINE & CO,SANTA ISABEL,LACTEOS Y CONGELADOS,950.0,1.0,1.0,"[950.0,1.0,1.0]","[0.13796949186889065,0.7464742583097694,0.15927572003583113]",0,LACTEOS Y FRESCOS
SUPREMO,SANTA ISABEL,LACTEOS Y CONGELADOS,2340.0,1.0,1.0,"[2340.0,1.0,1.0]","[0.33984064312968854,0.7464742583097694,0.15927572003583113]",0,LACTEOS Y FRESCOS
MILDRED TEA,SANTA ISABEL,LACTEOS Y CONGELADOS,800.0,1.0,1.0,"[800.0,1.0,1.0]","[0.11618483525801318,0.7464742583097694,0.15927572003583113]",0,LACTEOS Y FRESCOS
WASIL,SANTA ISABEL,LACTEOS Y CONGELADOS,1450.0,1.0,1.0,"[1450.0,1.0,1.0]","[0.2105850139051489,0.7464742583097694,0.15927572003583113]",0,LACTEOS Y FRESCOS
CRUZEIRO,SANTA ISABEL,LACTEOS Y CONGELADOS,3320.0,1.0,1.0,"[3320.0,1.0,1.0]","[0.4821670663207547,0.7464742583097694,0.15927572003583113]",0,LACTEOS Y FRESCOS
CUISINE & CO,SANTA ISABEL,LACTEOS Y CONGELADOS,2710.0,1.0,1.0,"[2710.0,1.0,1.0]","[0.39357612943651965,0.7464742583097694,0.15927572003583113]",0,LACTEOS Y FRESCOS
LUCCHETTI,SANTA ISABEL,LACTEOS Y CONGELADOS,810.0,1.0,1.0,"[810.0,1.0,1.0]","[0.11763714569873834,0.7464742583097694,0.15927572003583113]",0,LACTEOS Y FRESCOS
LEFERSA,SANTA ISABEL,LACTEOS Y CONGELADOS,2380.0,1.0,1.0,"[2380.0,1.0,1.0]","[0.3456498848925892,0.7464742583097694,0.15927572003583113]",0,LACTEOS Y FRESCOS
ROBINSON CRUSOE,SANTA ISABEL,LACTEOS Y CONGELADOS,3590.0,1.0,1.0,"[3590.0,1.0,1.0]","[0.5213794482203341,0.7464742583097694,0.15927572003583113]",0,LACTEOS Y FRESCOS
LOBOS,SANTA ISABEL,LACTEOS Y CONGELADOS,2090.0,1.0,1.0,"[2090.0,1.0,1.0]","[0.30353288211155943,0.7464742583097694,0.15927572003583113]",0,LACTEOS Y FRESCOS
WASIL,SANTA ISABEL,LACTEOS Y CONGELADOS,2170.0,1.0,1.0,"[2170.0,1.0,1.0]","[0.31515136563736074,0.7464742583097694,0.15927572003583113]",0,LACTEOS Y FRESCOS
CUISINE & CO,SANTA ISABEL,LACTEOS Y CONGELADOS,1790.0,1.0,1.0,"[1790.0,1.0,1.0]","[0.2599635688898045,0.7464742583097694,0.15927572003583113]",0,LACTEOS Y FRESCOS
LOBOS,SANTA ISABEL,LACTEOS Y CONGELADOS,1510.0,1.0,1.0,"[1510.0,1.0,1.0]","[0.21929887654949987,0.7464742583097694,0.15927572003583113]",0,LACTEOS Y FRESCOS
REGIMEL,SANTA ISABEL,LACTEOS Y CONGELADOS,1400.0,1.0,1.0,"[1400.0,1.0,1.0]","[0.20332346170152307,0.7464742583097694,0.15927572003583113]",0,LACTEOS Y FRESCOS
CUISINE & CO,SANTA ISABEL,LACTEOS Y CONGELADOS,950.0,1.0,1.0,"[950.0,1.0,1.0]","[0.13796949186889065,0.7464742583097694,0.15927572003583113]",0,LACTEOS Y FRESCOS
GOURMET,SANTA ISABEL,LACTEOS Y CONGELADOS,830.0,1.0,1.0,"[830.0,1.0,1.0]","[0.12054176658018867,0.7464742583097694,0.15927572003583113]",0,LACTEOS Y FRESCOS
THE WILD FOODS,SANTA ISABEL,LACTEOS Y CONGELADOS,5610.0,1.0,1.0,"[5610.0,1.0,1.0]","[0.8147461572468174,0.7464742583097694,0.15927572003583113]",0,LACTEOS Y FRESCOS
IANSA AGRO,SANTA ISABEL,LACTEOS Y CONGELADOS,2890.0,1.0,1.0,"[2890.0,1.0,1.0]","[0.41971771736957264,0.7464742583097694,0.15927572003583113]",0,LACTEOS Y FRESCOS
CUISINE & CO,SANTA ISABEL,LACTEOS Y CONGELADOS,1990.0,1.0,1.0,"[1990.0,1.0,1.0]","[0.2890097777043078,0.7464742583097694,0.15927572003583113]",0,LACTEOS Y FRESCOS
MARUCHAN,SANTA ISABEL,LACTEOS Y CONGELADOS,1340.0,1.0,1.0,"[1340.0,1.0,1.0]","[0.19460959905717207,0.7464742583097694,0.15927572003583113]",0,LACTEOS Y FRESCOS
MARUCHAN,SANTA ISABEL,LACTEOS Y CONGELADOS,1340.0,1.0,1.0,"[1340.0,1.0,1.0]","[0.19460959905717207,0.7464742583097694,0.15927572003583113]",0,LACTEOS Y FRESCOS
SUPREMO,SANTA ISABEL,LACTEOS Y CONGELADOS,3290.0,1.0,1.0,"[3290.0,1.0,1.0]","[0.4778101349985792,0.7464742583097694,0.15927572003583113]",0,LACTEOS Y FRESCOS
SUPREMO,SANTA ISABEL,LACTEOS Y CONGELADOS,1190.0,1.0,1.0,"[1190.0,1.0,1.0]","[0.1728249424462946,0.7464742583097694,0.15927572003583113]",0,LACTEOS Y FRESCOS
CUISINE & CO,SANTA ISABEL,LACTEOS Y CONGELADOS,8850.0,1.0,1.0,"[8850.0,1.0,1.0]","[1.285294740041771,0.7464742583097694,0.15927572003583113]",0,LACTEOS Y FRESCOS
HAITI,SANTA ISABEL,LACTEOS Y CONGELADOS,5400.0,1.0,1.0,"[5400.0,1.0,1.0]","[0.7842476379915889,0.7464742583097694,0.15927572003583113]",0,LACTEOS Y FRESCOS
NATURA,SANTA ISABEL,LACTEOS Y CONGELADOS,2790.0,1.0,1.0,"[2790.0,1.0,1.0]","[0.40519461296232095,0.7464742583097694,0.15927572003583113]",0,LACTEOS Y FRESCOS
NESTLE,SANTA ISABEL,LACTEOS Y CONGELADOS,6000.0,1.0,1.0,"[6000.0,1.0,1.0]","[0.8713862644350988,0.7464742583097694,0.15927572003583113]",0,LACTEOS Y FRESCOS
EN LINEA,SANTA ISABEL,LACTEOS Y CONGELADOS,1790.0,1.0,1.0,"[1790.0,1.0,1.0]","[0.2599635688898045,0.7464742583097694,0.15927572003583113]",0,LACTEOS Y FRESCOS
NATUREZZA,SANTA ISABEL,LACTEOS Y CONGELADOS,510.0,1.0,1.0,"[510.0,1.0,1.0]","[0.0740678324769834,0.7464742583097694,0.15927572003583113]",0,LACTEOS Y FRESCOS
CUISINE & CO,SANTA ISABEL,LACTEOS Y CONGELADOS,608.0,1.0,1.0,"[608.0,1.0,1.0]","[0.08830047479609002,0.7464742583097694,0.15927572003583113]",0,LACTEOS Y FRESCOS
GOURMET,SANTA ISABEL,LACTEOS Y CONGELADOS,1860.0,1.0,1.0,"[1860.0,1.0,1.0]","[0.27012974197488065,0.7464742583097694,0.15927572003583113]",0,LACTEOS Y FRESCOS
GOURMET,SANTA ISABEL,LACTEOS Y CONGELADOS,830.0,1.0,1.0,"[830.0,1.0,1.0]","[0.12054176658018867,0.7464742583097694,0.15927572003583113]",0,LACTEOS Y FRESCOS
NATUR,SANTA ISABEL,LACTEOS Y CONGELADOS,1330.0,1.0,1.0,"[1330.0,1.0,1.0]","[0.1931572886164469,0.7464742583097694,0.15927572003583113]",0,LACTEOS Y FRESCOS
MAGGI,SANTA ISABEL,LACTEOS Y CONGELADOS,900.0,1.0,1.0,"[900.0,1.0,1.0]","[0.13070793966526484,0.7464742583097694,0.15927572003583113]",0,LACTEOS Y FRESCOS
CARICIA,SANTA ISABEL,LACTEOS Y CONGELADOS,880.0,1.0,1.0,"[880.0,1.0,1.0]","[0.1278033187838145,0.7464742583097694,0.15927572003583113]",0,LACTEOS Y FRESCOS
EN LINEA,SANTA ISABEL,LACTEOS Y CONGELADOS,1340.0,1.0,1.0,"[1340.0,1.0,1.0]","[0.19460959905717207,0.7464742583097694,0.15927572003583113]",0,LACTEOS Y FRESCOS
IANSA AGRO,SANTA ISABEL,LACTEOS Y CONGELADOS,1570.0,1.0,1.0,"[1570.0,1.0,1.0]","[0.22801273919385087,0.7464742583097694,0.15927572003583113]",0,LACTEOS Y FRESCOS
VIVO,SANTA ISABEL,LACTEOS Y CONGELADOS,900.0,1.0,1.0,"[900.0,1.0,1.0]","[0.13070793966526484,0.7464742583097694,0.15927572003583113]",0,LACTEOS Y FRESCOS
GOURMET,SANTA ISABEL,LACTEOS Y CONGELADOS,320.0,1.0,1.0,"[320.0,1.0,1.0]","[0.04647393410320527,0.7464742583097694,0.15927572003583113]",0,LACTEOS Y FRESCOS
VIVO,SANTA ISABEL,LACTEOS Y CONGELADOS,1190.0,1.0,1.0,"[1190.0,1.0,1.0]","[0.1728249424462946,0.7464742583097694,0.15927572003583113]",0,LACTEOS Y FRESCOS
GOURMET,SANTA ISABEL,LACTEOS Y CONGELADOS,1090.0,1.0,1.0,"[1090.0,1.0,1.0]","[0.15830183803904296,0.7464742583097694,0.15927572003583113]",0,LACTEOS Y FRESCOS
EMBLEM,SANTA ISABEL,LACTEOS Y CONGELADOS,2290.0,1.0,1.0,"[2290.0,1.0,1.0]","[0.33257909092606275,0.7464742583097694,0.15927572003583113]",0,LACTEOS Y FRESCOS
CHOCAPIC,SANTA ISABEL,LACTEOS Y CONGELADOS,5950.0,1.0,1.0,"[5950.0,1.0,1.0]","[0.864124712231473,0.7464742583097694,0.15927572003583113]",0,LACTEOS Y FRESCOS
SELECTA,SANTA ISABEL,LACTEOS Y CONGELADOS,1650.0,1.0,1.0,"[1650.0,1.0,1.0]","[0.23963122271965218,0.7464742583097694,0.15927572003583113]",0,LACTEOS Y FRESCOS
GOLD,SANTA ISABEL,LACTEOS Y CONGELADOS,4990.0,1.0,1.0,"[4990.0,1.0,1.0]","[0.7247029099218573,0.7464742583097694,0.15927572003583113]",0,LACTEOS Y FRESCOS
NATUR,SANTA ISABEL,LACTEOS Y CONGELADOS,2650.0,1.0,1.0,"[2650.0,1.0,1.0]","[0.3848622667921687,0.7464742583097694,0.15927572003583113]",0,LACTEOS Y FRESCOS
MAGGI,SANTA ISABEL,LACTEOS Y CONGELADOS,1490.0,1.0,1.0,"[1490.0,1.0,1.0]","[0.21639425566804954,0.7464742583097694,0.15927572003583113]",0,LACTEOS Y FRESCOS
GOLD,SANTA ISABEL,LACTEOS Y CONGELADOS,2990.0,1.0,1.0,"[2990.0,1.0,1.0]","[0.43424082177682427,0.7464742583097694,0.15927572003583113]",0,LACTEOS Y FRESCOS
CUISINE & CO,SANTA ISABEL,LACTEOS Y CONGELADOS,1750.0,1.0,1.0,"[1750.0,1.0,1.0]","[0.25415432712690383,0.7464742583097694,0.15927572003583113]",0,LACTEOS Y FRESCOS
MAGGI,SANTA ISABEL,LACTEOS Y CONGELADOS,700.0,1.0,1.0,"[700.0,1.0,1.0]","[0.10166173085076154,0.7464742583097694,0.15927572003583113]",0,LACTEOS Y FRESCOS
TRAVERSO,SANTA ISABEL,LACTEOS Y CONGELADOS,2250.0,1.0,1.0,"[2250.0,1.0,1.0]","[0.3267698491631621,0.7464742583097694,0.15927572003583113]",0,LACTEOS Y FRESCOS
CUISINE & CO,SANTA ISABEL,LACTEOS Y CONGELADOS,1490.0,1.0,1.0,"[1490.0,1.0,1.0]","[0.21639425566804954,0.7464742583097694,0.15927572003583113]",0,LACTEOS Y FRESCOS
MAXIMA,SANTA ISABEL,LACTEOS Y CONGELADOS,580.0,1.0,1.0,"[580.0,1.0,1.0]","[0.08423400556205955,0.7464742583097694,0.15927572003583113]",0,LACTEOS Y FRESCOS
HEINZ,SANTA ISABEL,LACTEOS Y CONGELADOS,3420.0,1.0,1.0,"[3420.0,1.0,1.0]","[0.49669017072800636,0.7464742583097694,0.15927572003583113]",0,LACTEOS Y FRESCOS
CAROZZI,SANTA ISABEL,LACTEOS Y CONGELADOS,3370.0,1.0,1.0,"[3370.0,1.0,1.0]","[0.4894286185243805,0.7464742583097694,0.15927572003583113]",0,LACTEOS Y FRESCOS
TRAVERSO,SANTA ISABEL,LACTEOS Y CONGELADOS,1240.0,1.0,1.0,"[1240.0,1.0,1.0]","[0.18008649464992044,0.7464742583097694,0.15927572003583113]",0,LACTEOS Y FRESCOS
GOURMET,SANTA ISABEL,LACTEOS Y CONGELADOS,500.0,1.0,1.0,"[500.0,1.0,1.0]","[0.07261552203625823,0.7464742583097694,0.15927572003583113]",0,LACTEOS Y FRESCOS
IANSA CERO K,SANTA ISABEL,LACTEOS Y CONGELADOS,2090.0,1.0,1.0,"[2090.0,1.0,1.0]","[0.30353288211155943,0.7464742583097694,0.15927572003583113]",0,LACTEOS Y FRESCOS
SUPREMO,SANTA ISABEL,LACTEOS Y CONGELADOS,1820.0,1.0,1.0,"[1820.0,1.0,1.0]","[0.26432050021198,0.7464742583097694,0.15927572003583113]",0,LACTEOS Y FRESCOS
CHINO,SANTA ISABEL,LACTEOS Y CONGELADOS,1400.0,1.0,1.0,"[1400.0,1.0,1.0]","[0.20332346170152307,0.7464742583097694,0.15927572003583113]",0,LACTEOS Y FRESCOS
SUPREMO,SANTA ISABEL,LACTEOS Y CONGELADOS,1850.0,1.0,1.0,"[1850.0,1.0,1.0]","[0.26867743153415546,0.7464742583097694,0.15927572003583113]",0,LACTEOS Y FRESCOS
CUISINE & CO,SANTA ISABEL,LACTEOS Y CONGELADOS,2290.0,1.0,1.0,"[2290.0,1.0,1.0]","[0.33257909092606275,0.7464742583097694,0.15927572003583113]",0,LACTEOS Y FRESCOS
CUISINE & CO,SANTA ISABEL,LACTEOS Y CONGELADOS,10890.0,1.0,1.0,"[10890.0,1.0,1.0]","[1.5815660699497045,0.7464742583097694,0.15927572003583113]",0,LACTEOS Y FRESCOS
VIVO,SANTA ISABEL,LACTEOS Y CONGELADOS,1190.0,1.0,1.0,"[1190.0,1.0,1.0]","[0.1728249424462946,0.7464742583097694,0.15927572003583113]",0,LACTEOS Y FRESCOS
IANSA,SANTA ISABEL,LACTEOS Y CONGELADOS,1860.0,1.0,1.0,"[1860.0,1.0,1.0]","[0.27012974197488065,0.7464742583097694,0.15927572003583113]",0,LACTEOS Y FRESCOS
LONCOLECHE,SANTA ISABEL,LACTEOS Y CONGELADOS,1450.0,1.0,1.0,"[1450.0,1.0,1.0]","[0.2105850139051489,0.7464742583097694,0.15927572003583113]",0,LACTEOS Y FRESCOS
MI TIERRA,SANTA ISABEL,LACTEOS Y CONGELADOS,9560.0,1.0,1.0,"[9560.0,1.0,1.0]","[1.3884087813332575,0.7464742583097694,0.15927572003583113]",0,LACTEOS Y FRESCOS
SUPREMO,SANTA ISABEL,LACTEOS Y CONGELADOS,1200.0,1.0,1.0,"[1200.0,1.0,1.0]","[0.17427725288701978,0.7464742583097694,0.15927572003583113]",0,LACTEOS Y FRESCOS
VIOLA,SANTA ISABEL,LACTEOS Y CONGELADOS,5290.0,1.0,1.0,"[5290.0,1.0,1.0]","[0.7682722231436122,0.7464742583097694,0.15927572003583113]",0,LACTEOS Y FRESCOS
SUPREMO,SANTA ISABEL,LACTEOS Y CONGELADOS,1190.0,1.0,1.0,"[1190.0,1.0,1.0]","[0.1728249424462946,0.7464742583097694,0.15927572003583113]",0,LACTEOS Y FRESCOS
VIVO,SANTA ISABEL,LACTEOS Y CONGELADOS,870.0,1.0,1.0,"[870.0,1.0,1.0]","[0.12635100834308932,0.7464742583097694,0.15927572003583113]",0,LACTEOS Y FRESCOS
COLA CAO,SANTA ISABEL,LACTEOS Y CONGELADOS,3790.0,1.0,1.0,"[3790.0,1.0,1.0]","[0.5504256570348375,0.7464742583097694,0.15927572003583113]",0,LACTEOS Y FRESCOS
SUPREMO,SANTA ISABEL,LACTEOS Y CONGELADOS,2890.0,1.0,1.0,"[2890.0,1.0,1.0]","[0.41971771736957264,0.7464742583097694,0.15927572003583113]",0,LACTEOS Y FRESCOS
ALUSWEET,SANTA ISABEL,LACTEOS Y CONGELADOS,6890.0,1.0,1.0,"[6890.0,1.0,1.0]","[1.0006418936596386,0.7464742583097694,0.15927572003583113]",0,LACTEOS Y FRESCOS
GOURMET,SANTA ISABEL,LACTEOS Y CONGELADOS,1510.0,1.0,1.0,"[1510.0,1.0,1.0]","[0.21929887654949987,0.7464742583097694,0.15927572003583113]",0,LACTEOS Y FRESCOS
KRAFT,SANTA ISABEL,LACTEOS Y CONGELADOS,1930.0,1.0,1.0,"[1930.0,1.0,1.0]","[0.2802959150599568,0.7464742583097694,0.15927572003583113]",0,LACTEOS Y FRESCOS
GOURMET,SANTA ISABEL,LACTEOS Y CONGELADOS,500.0,1.0,1.0,"[500.0,1.0,1.0]","[0.07261552203625823,0.7464742583097694,0.15927572003583113]",0,LACTEOS Y FRESCOS
CUISINE & CO,SANTA ISABEL,LACTEOS Y CONGELADOS,530.0,1.0,1.0,"[530.0,1.0,1.0]","[0.07697245335843374,0.7464742583097694,0.15927572003583113]",0,LACTEOS Y FRESCOS
REGIMEL,SANTA ISABEL,LACTEOS Y CONGELADOS,1550.0,1.0,1.0,"[1550.0,1.0,1.0]","[0.22510811831240055,0.7464742583097694,0.15927572003583113]",0,LACTEOS Y FRESCOS
SUPREMO,SANTA ISABEL,LACTEOS Y CONGELADOS,2590.0,1.0,1.0,"[2590.0,1.0,1.0]","[0.3761484041478177,0.7464742583097694,0.15927572003583113]",0,LACTEOS Y FRESCOS
KRAFT,SANTA ISABEL,LACTEOS Y CONGELADOS,2380.0,1.0,1.0,"[2380.0,1.0,1.0]","[0.3456498848925892,0.7464742583097694,0.15927572003583113]",0,LACTEOS Y FRESCOS
TERRA SANTA,SANTA ISABEL,LACTEOS Y CONGELADOS,7850.0,1.0,1.0,"[7850.0,1.0,1.0]","[1.1400636959692543,0.7464742583097694,0.15927572003583113]",0,LACTEOS Y FRESCOS
TRAVERSO,SANTA ISABEL,LACTEOS Y CONGELADOS,2170.0,1.0,1.0,"[2170.0,1.0,1.0]","[0.31515136563736074,0.7464742583097694,0.15927572003583113]",0,LACTEOS Y FRESCOS
SAN JOSE,SANTA ISABEL,LACTEOS Y CONGELADOS,1490.0,1.0,1.0,"[1490.0,1.0,1.0]","[0.21639425566804954,0.7464742583097694,0.15927572003583113]",0,LACTEOS Y FRESCOS
TRAVERSO,SANTA ISABEL,LACTEOS Y CONGELADOS,1200.0,1.0,1.0,"[1200.0,1.0,1.0]","[0.17427725288701978,0.7464742583097694,0.15927572003583113]",0,LACTEOS Y FRESCOS
CUISINE & CO,SANTA ISABEL,LACTEOS Y CONGELADOS,5420.0,1.0,1.0,"[5420.0,1.0,1.0]","[0.7871522588730393,0.7464742583097694,0.15927572003583113]",0,LACTEOS Y FRESCOS
HEINZ,SANTA ISABEL,LACTEOS Y CONGELADOS,2340.0,1.0,1.0,"[2340.0,1.0,1.0]","[0.33984064312968854,0.7464742583097694,0.15927572003583113]",0,LACTEOS Y FRESCOS
MIRAFLORES,SANTA ISABEL,LACTEOS Y CONGELADOS,1150.0,1.0,1.0,"[1150.0,1.0,1.0]","[0.16701570068339394,0.7464742583097694,0.15927572003583113]",0,LACTEOS Y FRESCOS
VIVO,SANTA ISABEL,LACTEOS Y CONGELADOS,2690.0,1.0,1.0,"[2690.0,1.0,1.0]","[0.3906715085550693,0.7464742583097694,0.15927572003583113]",0,LACTEOS Y FRESCOS
GOURMET,SANTA ISABEL,LACTEOS Y CONGELADOS,830.0,1.0,1.0,"[830.0,1.0,1.0]","[0.12054176658018867,0.7464742583097694,0.15927572003583113]",0,LACTEOS Y FRESCOS
CUISINE & CO,SANTA ISABEL,LACTEOS Y CONGELADOS,950.0,1.0,1.0,"[950.0,1.0,1.0]","[0.13796949186889065,0.7464742583097694,0.15927572003583113]",0,LACTEOS Y FRESCOS
NESCAFE,SANTA ISABEL,LACTEOS Y CONGELADOS,4330.0,1.0,1.0,"[4330.0,1.0,1.0]","[0.6288504208339963,0.7464742583097694,0.15927572003583113]",0,LACTEOS Y FRESCOS
GOURMET,SANTA ISABEL,LACTEOS Y CONGELADOS,700.0,1.0,1.0,"[700.0,1.0,1.0]","[0.10166173085076154,0.7464742583097694,0.15927572003583113]",0,LACTEOS Y FRESCOS
LOBOS,SANTA ISABEL,LACTEOS Y CONGELADOS,680.0,1.0,1.0,"[680.0,1.0,1.0]","[0.0987571099693112,0.7464742583097694,0.15927572003583113]",0,LACTEOS Y FRESCOS
COFFEE MATE,SANTA ISABEL,LACTEOS Y CONGELADOS,3790.0,1.0,1.0,"[3790.0,1.0,1.0]","[0.5504256570348375,0.7464742583097694,0.15927572003583113]",0,LACTEOS Y FRESCOS
CUISINE & CO,SANTA ISABEL,LACTEOS Y CONGELADOS,790.0,1.0,1.0,"[790.0,1.0,1.0]","[0.11473252481728802,0.7464742583097694,0.15927572003583113]",0,LACTEOS Y FRESCOS
CUISINE & CO,SANTA ISABEL,LACTEOS Y CONGELADOS,3990.0,1.0,1.0,"[3990.0,1.0,1.0]","[0.5794718658493407,0.7464742583097694,0.15927572003583113]",0,LACTEOS Y FRESCOS
GOURMET,SANTA ISABEL,LACTEOS Y CONGELADOS,840.0,1.0,1.0,"[840.0,1.0,1.0]","[0.12199407702091383,0.7464742583097694,0.15927572003583113]",0,LACTEOS Y FRESCOS
FITNESS,SANTA ISABEL,LACTEOS Y CONGELADOS,3210.0,1.0,1.0,"[3210.0,1.0,1.0]","[0.4661916514727779,0.7464742583097694,0.15927572003583113]",0,LACTEOS Y FRESCOS
EN LINEA,SANTA ISABEL,LACTEOS Y CONGELADOS,2860.0,1.0,1.0,"[2860.0,1.0,1.0]","[0.4153607860473971,0.7464742583097694,0.15927572003583113]",0,LACTEOS Y FRESCOS
BANQUETE,SANTA ISABEL,LACTEOS Y CONGELADOS,4670.0,1.0,1.0,"[4670.0,1.0,1.0]","[0.6782289758186519,0.7464742583097694,0.15927572003583113]",0,LACTEOS Y FRESCOS
SELECTA,SANTA ISABEL,LACTEOS Y CONGELADOS,2070.0,1.0,1.0,"[2070.0,1.0,1.0]","[0.3006282612301091,0.7464742583097694,0.15927572003583113]",0,LACTEOS Y FRESCOS
VIVO,SANTA ISABEL,LACTEOS Y CONGELADOS,700.0,1.0,1.0,"[700.0,1.0,1.0]","[0.10166173085076154,0.7464742583097694,0.15927572003583113]",0,LACTEOS Y FRESCOS
CUISINE & CO,SANTA ISABEL,LACTEOS Y CONGELADOS,4250.0,1.0,1.0,"[4250.0,1.0,1.0]","[0.617231937308195,0.7464742583097694,0.15927572003583113]",0,LACTEOS Y FRESCOS
WATTS,SANTA ISABEL,LACTEOS Y CONGELADOS,1490.0,1.0,1.0,"[1490.0,1.0,1.0]","[0.21639425566804954,0.7464742583097694,0.15927572003583113]",0,LACTEOS Y FRESCOS
MUTTI,SANTA ISABEL,LACTEOS Y CONGELADOS,3143.0,1.0,1.0,"[3143.0,1.0,1.0]","[0.4564611715199193,0.7464742583097694,0.15927572003583113]",0,LACTEOS Y FRESCOS
ROBINSON CRUSOE,SANTA ISABEL,LACTEOS Y CONGELADOS,3690.0,1.0,1.0,"[3690.0,1.0,1.0]","[0.5359025526275858,0.7464742583097694,0.15927572003583113]",0,LACTEOS Y FRESCOS
CUISINE & CO,SANTA ISABEL,LACTEOS Y CONGELADOS,2330.0,1.0,1.0,"[2330.0,1.0,1.0]","[0.3383883326889634,0.7464742583097694,0.15927572003583113]",0,LACTEOS Y FRESCOS
TRIX,SANTA ISABEL,LACTEOS Y CONGELADOS,640.0,1.0,1.0,"[640.0,1.0,1.0]","[0.09294786820641054,0.7464742583097694,0.15927572003583113]",0,LACTEOS Y FRESCOS
ROBINSON CRUSOE,SANTA ISABEL,LACTEOS Y CONGELADOS,1490.0,1.0,1.0,"[1490.0,1.0,1.0]","[0.21639425566804954,0.7464742583097694,0.15927572003583113]",0,LACTEOS Y FRESCOS
JB,SANTA ISABEL,LACTEOS Y CONGELADOS,1530.0,1.0,1.0,"[1530.0,1.0,1.0]","[0.22220349743095022,0.7464742583097694,0.15927572003583113]",0,LACTEOS Y FRESCOS
WASIL,SANTA ISABEL,LACTEOS Y CONGELADOS,1450.0,1.0,1.0,"[1450.0,1.0,1.0]","[0.2105850139051489,0.7464742583097694,0.15927572003583113]",0,LACTEOS Y FRESCOS
LA VIEJA FABRICA,SANTA ISABEL,LACTEOS Y CONGELADOS,2390.0,1.0,1.0,"[2390.0,1.0,1.0]","[0.3471021953333144,0.7464742583097694,0.15927572003583113]",0,LACTEOS Y FRESCOS
GOURMET,SANTA ISABEL,LACTEOS Y CONGELADOS,580.0,1.0,1.0,"[580.0,1.0,1.0]","[0.08423400556205955,0.7464742583097694,0.15927572003583113]",0,LACTEOS Y FRESCOS
MAGGI,SANTA ISABEL,LACTEOS Y CONGELADOS,500.0,1.0,1.0,"[500.0,1.0,1.0]","[0.07261552203625823,0.7464742583097694,0.15927572003583113]",0,LACTEOS Y FRESCOS
EXOTIC FOOD,SANTA ISABEL,LACTEOS Y CONGELADOS,1533.0,1.0,1.0,"[1533.0,1.0,1.0]","[0.22263919056316775,0.7464742583097694,0.15927572003583113]",0,LACTEOS Y FRESCOS
CAROZZI,SANTA ISABEL,LACTEOS Y CONGELADOS,1170.0,1.0,1.0,"[1170.0,1.0,1.0]","[0.16992032156484427,0.7464742583097694,0.15927572003583113]",0,LACTEOS Y FRESCOS
CUISINE & CO,SANTA ISABEL,LACTEOS Y CONGELADOS,1490.0,1.0,1.0,"[1490.0,1.0,1.0]","[0.21639425566804954,0.7464742583097694,0.15927572003583113]",0,LACTEOS Y FRESCOS
KRAFT,SANTA ISABEL,LACTEOS Y CONGELADOS,2430.0,1.0,1.0,"[2430.0,1.0,1.0]","[0.35291143709621503,0.7464742583097694,0.15927572003583113]",0,LACTEOS Y FRESCOS
COSTA,SANTA ISABEL,LACTEOS Y CONGELADOS,1970.0,1.0,1.0,"[1970.0,1.0,1.0]","[0.2861051568228575,0.7464742583097694,0.15927572003583113]",0,LACTEOS Y FRESCOS
NESCAFE,SANTA ISABEL,LACTEOS Y CONGELADOS,6550.0,1.0,1.0,"[6550.0,1.0,1.0]","[0.9512633386749829,0.7464742583097694,0.15927572003583113]",0,LACTEOS Y FRESCOS
CUISINE & CO,SANTA ISABEL,LACTEOS Y CONGELADOS,4590.0,1.0,1.0,"[4590.0,1.0,1.0]","[0.6666104922928506,0.7464742583097694,0.15927572003583113]",0,LACTEOS Y FRESCOS
CUISINE & CO,SANTA ISABEL,LACTEOS Y CONGELADOS,2220.0,1.0,1.0,"[2220.0,1.0,1.0]","[0.3224129178409866,0.7464742583097694,0.15927572003583113]",0,LACTEOS Y FRESCOS
GOLD,SANTA ISABEL,LACTEOS Y CONGELADOS,5490.0,1.0,1.0,"[5490.0,1.0,1.0]","[0.7973184319581155,0.7464742583097694,0.15927572003583113]",0,LACTEOS Y FRESCOS
BRAVO,SANTA ISABEL,LACTEOS Y CONGELADOS,5660.0,1.0,1.0,"[5660.0,1.0,1.0]","[0.8220077094504432,0.7464742583097694,0.15927572003583113]",0,LACTEOS Y FRESCOS
MAGGI,SANTA ISABEL,LACTEOS Y CONGELADOS,900.0,1.0,1.0,"[900.0,1.0,1.0]","[0.13070793966526484,0.7464742583097694,0.15927572003583113]",0,LACTEOS Y FRESCOS
WASIL,SANTA ISABEL,LACTEOS Y CONGELADOS,1650.0,1.0,1.0,"[1650.0,1.0,1.0]","[0.23963122271965218,0.7464742583097694,0.15927572003583113]",0,LACTEOS Y FRESCOS
CAROZZI,SANTA ISABEL,LACTEOS Y CONGELADOS,690.0,1.0,1.0,"[690.0,1.0,1.0]","[0.10020942041003637,0.7464742583097694,0.15927572003583113]",0,LACTEOS Y FRESCOS
CUISINE & CO,SANTA ISABEL,LACTEOS Y CONGELADOS,1590.0,1.0,1.0,"[1590.0,1.0,1.0]","[0.2309173600753012,0.7464742583097694,0.15927572003583113]",0,LACTEOS Y FRESCOS
CUISINE & CO,SANTA ISABEL,LACTEOS Y CONGELADOS,9790.0,1.0,1.0,"[9790.0,1.0,1.0]","[1.4218119214699363,0.7464742583097694,0.15927572003583113]",0,LACTEOS Y FRESCOS
KRAFT,SANTA ISABEL,LACTEOS Y CONGELADOS,4770.0,1.0,1.0,"[4770.0,1.0,1.0]","[0.6927520802259036,0.7464742583097694,0.15927572003583113]",0,LACTEOS Y FRESCOS
IANSA,SANTA ISABEL,LACTEOS Y CONGELADOS,2090.0,1.0,1.0,"[2090.0,1.0,1.0]","[0.30353288211155943,0.7464742583097694,0.15927572003583113]",0,LACTEOS Y FRESCOS
GOURMET,SANTA ISABEL,LACTEOS Y CONGELADOS,2860.0,1.0,1.0,"[2860.0,1.0,1.0]","[0.4153607860473971,0.7464742583097694,0.15927572003583113]",0,LACTEOS Y FRESCOS
ROBINSON CRUSOE,SANTA ISABEL,LACTEOS Y CONGELADOS,1690.0,1.0,1.0,"[1690.0,1.0,1.0]","[0.24544046448255286,0.7464742583097694,0.15927572003583113]",0,LACTEOS Y FRESCOS
DAILY,SANTA ISABEL,LACTEOS Y CONGELADOS,2488.0,1.0,1.0,"[2488.0,1.0,1.0]","[0.36133483765242097,0.7464742583097694,0.15927572003583113]",0,LACTEOS Y FRESCOS
CUISINE & CO,SANTA ISABEL,LACTEOS Y CONGELADOS,1890.0,1.0,1.0,"[1890.0,1.0,1.0]","[0.2744866732970561,0.7464742583097694,0.15927572003583113]",0,LACTEOS Y FRESCOS
LIVEAN,SANTA ISABEL,LACTEOS Y CONGELADOS,820.0,1.0,1.0,"[820.0,1.0,1.0]","[0.1190894561394635,0.7464742583097694,0.15927572003583113]",0,LACTEOS Y FRESCOS
EN LINEA,SANTA ISABEL,LACTEOS Y CONGELADOS,1340.0,1.0,1.0,"[1340.0,1.0,1.0]","[0.19460959905717207,0.7464742583097694,0.15927572003583113]",0,LACTEOS Y FRESCOS
THE WILD FOODS,SANTA ISABEL,LACTEOS Y CONGELADOS,15990.0,1.0,1.0,"[15990.0,1.0,1.0]","[2.3222443947195384,0.7464742583097694,0.15927572003583113]",0,LACTEOS Y FRESCOS
EXOTIC FOOD,SANTA ISABEL,LACTEOS Y CONGELADOS,903.0,1.0,1.0,"[903.0,1.0,1.0]","[0.13114363279748237,0.7464742583097694,0.15927572003583113]",0,LACTEOS Y FRESCOS
CARICIA,SANTA ISABEL,LACTEOS Y CONGELADOS,880.0,1.0,1.0,"[880.0,1.0,1.0]","[0.1278033187838145,0.7464742583097694,0.15927572003583113]",0,LACTEOS Y FRESCOS
DON JUAN,SANTA ISABEL,LACTEOS Y CONGELADOS,1450.0,1.0,1.0,"[1450.0,1.0,1.0]","[0.2105850139051489,0.7464742583097694,0.15927572003583113]",0,LACTEOS Y FRESCOS
LUCCHETTI,SANTA ISABEL,LACTEOS Y CONGELADOS,1130.0,1.0,1.0,"[1130.0,1.0,1.0]","[0.16411107980194362,0.7464742583097694,0.15927572003583113]",0,LACTEOS Y FRESCOS
HELLMANNS,SANTA ISABEL,LACTEOS Y CONGELADOS,3490.0,1.0,1.0,"[3490.0,1.0,1.0]","[0.5068563438130825,0.7464742583097694,0.15927572003583113]",0,LACTEOS Y FRESCOS
TRAVERSO,SANTA ISABEL,LACTEOS Y CONGELADOS,2170.0,1.0,1.0,"[2170.0,1.0,1.0]","[0.31515136563736074,0.7464742583097694,0.15927572003583113]",0,LACTEOS Y FRESCOS
MIRAFLORES,SANTA ISABEL,LACTEOS Y CONGELADOS,1150.0,1.0,1.0,"[1150.0,1.0,1.0]","[0.16701570068339394,0.7464742583097694,0.15927572003583113]",0,LACTEOS Y FRESCOS
NESCAFE,SANTA ISABEL,LACTEOS Y CONGELADOS,10080.0,1.0,1.0,"[10080.0,1.0,1.0]","[1.463928924250966,0.7464742583097694,0.15927572003583113]",0,LACTEOS Y FRESCOS
SUPREMO,SANTA ISABEL,LACTEOS Y CONGELADOS,5990.0,1.0,1.0,"[5990.0,1.0,1.0]","[0.8699339539943737,0.7464742583097694,0.15927572003583113]",0,LACTEOS Y FRESCOS
VIOLA,SANTA ISABEL,LACTEOS Y CONGELADOS,6390.0,1.0,1.0,"[6390.0,1.0,1.0]","[0.9280263716233803,0.7464742583097694,0.15927572003583113]",0,LACTEOS Y FRESCOS
TRAVERSO,SANTA ISABEL,LACTEOS Y CONGELADOS,950.0,1.0,1.0,"[950.0,1.0,1.0]","[0.13796949186889065,0.7464742583097694,0.15927572003583113]",0,LACTEOS Y FRESCOS
GOURMET,SANTA ISABEL,LACTEOS Y CONGELADOS,450.0,1.0,1.0,"[450.0,1.0,1.0]","[0.06535396983263242,0.7464742583097694,0.15927572003583113]",0,LACTEOS Y FRESCOS
MAGGI,SANTA ISABEL,LACTEOS Y CONGELADOS,630.0,1.0,1.0,"[630.0,1.0,1.0]","[0.09149555776568538,0.7464742583097694,0.15927572003583113]",0,LACTEOS Y FRESCOS
CUISINE & CO,SANTA ISABEL,LACTEOS Y CONGELADOS,2490.0,1.0,1.0,"[2490.0,1.0,1.0]","[0.361625299740566,0.7464742583097694,0.15927572003583113]",0,LACTEOS Y FRESCOS
DAROMA,SANTA ISABEL,LACTEOS Y CONGELADOS,5920.0,1.0,1.0,"[5920.0,1.0,1.0]","[0.8597677809092975,0.7464742583097694,0.15927572003583113]",0,LACTEOS Y FRESCOS
WASIL,SANTA ISABEL,LACTEOS Y CONGELADOS,1990.0,1.0,1.0,"[1990.0,1.0,1.0]","[0.2890097777043078,0.7464742583097694,0.15927572003583113]",0,LACTEOS Y FRESCOS
CUISINE & CO,SANTA ISABEL,LACTEOS Y CONGELADOS,790.0,1.0,1.0,"[790.0,1.0,1.0]","[0.11473252481728802,0.7464742583097694,0.15927572003583113]",0,LACTEOS Y FRESCOS
AMBROSOLI,SANTA ISABEL,LACTEOS Y CONGELADOS,1280.0,1.0,1.0,"[1280.0,1.0,1.0]","[0.1858957364128211,0.7464742583097694,0.15927572003583113]",0,LACTEOS Y FRESCOS
GIADA,SANTA ISABEL,LACTEOS Y CONGELADOS,6690.0,1.0,1.0,"[6690.0,1.0,1.0]","[0.9715956848451353,0.7464742583097694,0.15927572003583113]",0,LACTEOS Y FRESCOS
VIVO,SANTA ISABEL,LACTEOS Y CONGELADOS,1190.0,1.0,1.0,"[1190.0,1.0,1.0]","[0.1728249424462946,0.7464742583097694,0.15927572003583113]",0,LACTEOS Y FRESCOS
BANQUETE,SANTA ISABEL,LACTEOS Y CONGELADOS,4250.0,1.0,1.0,"[4250.0,1.0,1.0]","[0.617231937308195,0.7464742583097694,0.15927572003583113]",0,LACTEOS Y FRESCOS
CUISINE & CO,SANTA ISABEL,LACTEOS Y CONGELADOS,250.0,1.0,1.0,"[250.0,1.0,1.0]","[0.03630776101812912,0.7464742583097694,0.15927572003583113]",0,LACTEOS Y FRESCOS
ALCAFOOD,SANTA ISABEL,LACTEOS Y CONGELADOS,6620.0,1.0,1.0,"[6620.0,1.0,1.0]","[0.9614295117600591,0.7464742583097694,0.15927572003583113]",0,LACTEOS Y FRESCOS
LUCCHETTI,SANTA ISABEL,LACTEOS Y CONGELADOS,1920.0,1.0,1.0,"[1920.0,1.0,1.0]","[0.27884360461923163,0.7464742583097694,0.15927572003583113]",0,LACTEOS Y FRESCOS
COLLICO,SANTA ISABEL,LACTEOS Y CONGELADOS,1610.0,1.0,1.0,"[1610.0,1.0,1.0]","[0.23382198095675152,0.7464742583097694,0.15927572003583113]",0,LACTEOS Y FRESCOS
TUCAPEL,SANTA ISABEL,LACTEOS Y CONGELADOS,1240.0,1.0,1.0,"[1240.0,1.0,1.0]","[0.18008649464992044,0.7464742583097694,0.15927572003583113]",0,LACTEOS Y FRESCOS
SUPREMO,SANTA ISABEL,LACTEOS Y CONGELADOS,2760.0,1.0,1.0,"[2760.0,1.0,1.0]","[0.4008376816401455,0.7464742583097694,0.15927572003583113]",0,LACTEOS Y FRESCOS
NATUR,SANTA ISABEL,LACTEOS Y CONGELADOS,2660.0,1.0,1.0,"[2660.0,1.0,1.0]","[0.3863145772328938,0.7464742583097694,0.15927572003583113]",0,LACTEOS Y FRESCOS
SELLO ROJO,SANTA ISABEL,LACTEOS Y CONGELADOS,5990.0,1.0,1.0,"[5990.0,1.0,1.0]","[0.8699339539943737,0.7464742583097694,0.15927572003583113]",0,LACTEOS Y FRESCOS
CUISINE & CO,SANTA ISABEL,LACTEOS Y CONGELADOS,950.0,1.0,1.0,"[950.0,1.0,1.0]","[0.13796949186889065,0.7464742583097694,0.15927572003583113]",0,LACTEOS Y FRESCOS
CUISINE & CO,SANTA ISABEL,LACTEOS Y CONGELADOS,3640.0,1.0,1.0,"[3640.0,1.0,1.0]","[0.52864100042396,0.7464742583097694,0.15927572003583113]",0,LACTEOS Y FRESCOS
HELLMANNS,SANTA ISABEL,LACTEOS Y CONGELADOS,1970.0,1.0,1.0,"[1970.0,1.0,1.0]","[0.2861051568228575,0.7464742583097694,0.15927572003583113]",0,LACTEOS Y FRESCOS
BANQUETE,SANTA ISABEL,LACTEOS Y CONGELADOS,9990.0,1.0,1.0,"[9990.0,1.0,1.0]","[1.4508581302844397,0.7464742583097694,0.15927572003583113]",0,LACTEOS Y FRESCOS
DELICIOSA,SANTA ISABEL,LACTEOS Y CONGELADOS,2590.0,1.0,1.0,"[2590.0,1.0,1.0]","[0.3761484041478177,0.7464742583097694,0.15927572003583113]",0,LACTEOS Y FRESCOS
IANSA CERO K,SANTA ISABEL,LACTEOS Y CONGELADOS,3490.0,1.0,1.0,"[3490.0,1.0,1.0]","[0.5068563438130825,0.7464742583097694,0.15927572003583113]",0,LACTEOS Y FRESCOS
TUCAPEL,SANTA ISABEL,LACTEOS Y CONGELADOS,970.0,1.0,1.0,"[970.0,1.0,1.0]","[0.14087411275034098,0.7464742583097694,0.15927572003583113]",0,LACTEOS Y FRESCOS
VIVO,SANTA ISABEL,LACTEOS Y CONGELADOS,1190.0,1.0,1.0,"[1190.0,1.0,1.0]","[0.1728249424462946,0.7464742583097694,0.15927572003583113]",0,LACTEOS Y FRESCOS
MARTINI,SANTA ISABEL,LACTEOS Y CONGELADOS,1320.0,1.0,1.0,"[1320.0,1.0,1.0]","[0.19170497817572174,0.7464742583097694,0.15927572003583113]",0,LACTEOS Y FRESCOS
CUISINE & CO,SANTA ISABEL,LACTEOS Y CONGELADOS,3090.0,1.0,1.0,"[3090.0,1.0,1.0]","[0.4487639261840759,0.7464742583097694,0.15927572003583113]",0,LACTEOS Y FRESCOS
VIVO,SANTA ISABEL,LACTEOS Y CONGELADOS,2830.0,1.0,1.0,"[2830.0,1.0,1.0]","[0.4110038547252216,0.7464742583097694,0.15927572003583113]",0,LACTEOS Y FRESCOS
CAROZZI,SANTA ISABEL,LACTEOS Y CONGELADOS,3110.0,1.0,1.0,"[3110.0,1.0,1.0]","[0.4516685470655262,0.7464742583097694,0.15927572003583113]",0,LACTEOS Y FRESCOS
NESCAFE,SANTA ISABEL,LACTEOS Y CONGELADOS,9790.0,1.0,1.0,"[9790.0,1.0,1.0]","[1.4218119214699363,0.7464742583097694,0.15927572003583113]",0,LACTEOS Y FRESCOS
REGIMEL,SANTA ISABEL,LACTEOS Y CONGELADOS,1550.0,1.0,1.0,"[1550.0,1.0,1.0]","[0.22510811831240055,0.7464742583097694,0.15927572003583113]",0,LACTEOS Y FRESCOS
AMBROSOLI,SANTA ISABEL,LACTEOS Y CONGELADOS,419.0,1.0,1.0,"[419.0,1.0,1.0]","[0.060851807466384404,0.7464742583097694,0.15927572003583113]",0,LACTEOS Y FRESCOS
GOURMET,SANTA ISABEL,LACTEOS Y CONGELADOS,1650.0,1.0,1.0,"[1650.0,1.0,1.0]","[0.23963122271965218,0.7464742583097694,0.15927572003583113]",0,LACTEOS Y FRESCOS
CUISINE & CO,SANTA ISABEL,LACTEOS Y CONGELADOS,5420.0,1.0,1.0,"[5420.0,1.0,1.0]","[0.7871522588730393,0.7464742583097694,0.15927572003583113]",0,LACTEOS Y FRESCOS
CUISINE & CO,SANTA ISABEL,LACTEOS Y CONGELADOS,1330.0,1.0,1.0,"[1330.0,1.0,1.0]","[0.1931572886164469,0.7464742583097694,0.15927572003583113]",0,LACTEOS Y FRESCOS
CUISINE & CO,SANTA ISABEL,LACTEOS Y CONGELADOS,680.0,1.0,1.0,"[680.0,1.0,1.0]","[0.0987571099693112,0.7464742583097694,0.15927572003583113]",0,LACTEOS Y FRESCOS
GOURMET,SANTA ISABEL,LACTEOS Y CONGELADOS,2130.0,1.0,1.0,"[2130.0,1.0,1.0]","[0.3093421238744601,0.7464742583097694,0.15927572003583113]",0,LACTEOS Y FRESCOS
GOURMET,SANTA ISABEL,LACTEOS Y CONGELADOS,1200.0,1.0,1.0,"[1200.0,1.0,1.0]","[0.17427725288701978,0.7464742583097694,0.15927572003583113]",0,LACTEOS Y FRESCOS
SELECTA,SANTA ISABEL,LACTEOS Y CONGELADOS,1650.0,1.0,1.0,"[1650.0,1.0,1.0]","[0.23963122271965218,0.7464742583097694,0.15927572003583113]",0,LACTEOS Y FRESCOS
CUISINE & CO,SANTA ISABEL,LACTEOS Y CONGELADOS,608.0,1.0,1.0,"[608.0,1.0,1.0]","[0.08830047479609002,0.7464742583097694,0.15927572003583113]",0,LACTEOS Y FRESCOS
CAROZZI,SANTA ISABEL,LACTEOS Y CONGELADOS,950.0,1.0,1.0,"[950.0,1.0,1.0]","[0.13796949186889065,0.7464742583097694,0.15927572003583113]",0,LACTEOS Y FRESCOS
MARLEY COFFEE,SANTA ISABEL,LACTEOS Y CONGELADOS,11950.0,1.0,1.0,"[11950.0,1.0,1.0]","[1.735510976666572,0.7464742583097694,0.15927572003583113]",0,LACTEOS Y FRESCOS
MARTINI,SANTA ISABEL,LACTEOS Y CONGELADOS,1240.0,1.0,1.0,"[1240.0,1.0,1.0]","[0.18008649464992044,0.7464742583097694,0.15927572003583113]",0,LACTEOS Y FRESCOS
LA MOLISANA,SANTA ISABEL,LACTEOS Y CONGELADOS,1294.0,1.0,1.0,"[1294.0,1.0,1.0]","[0.18792897102983633,0.7464742583097694,0.15927572003583113]",0,LACTEOS Y FRESCOS
CUISINE & CO,SANTA ISABEL,LACTEOS Y CONGELADOS,3260.0,1.0,1.0,"[3260.0,1.0,1.0]","[0.4734532036764037,0.7464742583097694,0.15927572003583113]",0,LACTEOS Y FRESCOS
GOURMET,SANTA ISABEL,LACTEOS Y CONGELADOS,670.0,1.0,1.0,"[670.0,1.0,1.0]","[0.09730479952858603,0.7464742583097694,0.15927572003583113]",0,LACTEOS Y FRESCOS
COLA CAO,SANTA ISABEL,LACTEOS Y CONGELADOS,2890.0,1.0,1.0,"[2890.0,1.0,1.0]","[0.41971771736957264,0.7464742583097694,0.15927572003583113]",0,LACTEOS Y FRESCOS
CUISINE & CO,SANTA ISABEL,LACTEOS Y CONGELADOS,632.0,1.0,1.0,"[632.0,1.0,1.0]","[0.09178601985383042,0.7464742583097694,0.15927572003583113]",0,LACTEOS Y FRESCOS
CUISINE & CO,SANTA ISABEL,LACTEOS Y CONGELADOS,1750.0,1.0,1.0,"[1750.0,1.0,1.0]","[0.25415432712690383,0.7464742583097694,0.15927572003583113]",0,LACTEOS Y FRESCOS
NATUREZZA,SANTA ISABEL,LACTEOS Y CONGELADOS,510.0,1.0,1.0,"[510.0,1.0,1.0]","[0.0740678324769834,0.7464742583097694,0.15927572003583113]",0,LACTEOS Y FRESCOS
LA VIEJA FABRICA,SANTA ISABEL,LACTEOS Y CONGELADOS,2990.0,1.0,1.0,"[2990.0,1.0,1.0]","[0.43424082177682427,0.7464742583097694,0.15927572003583113]",0,LACTEOS Y FRESCOS
LOBOS,SANTA ISABEL,LACTEOS Y CONGELADOS,1650.0,1.0,1.0,"[1650.0,1.0,1.0]","[0.23963122271965218,0.7464742583097694,0.15927572003583113]",0,LACTEOS Y FRESCOS
ANGELMO,SANTA ISABEL,LACTEOS Y CONGELADOS,1550.0,1.0,1.0,"[1550.0,1.0,1.0]","[0.22510811831240055,0.7464742583097694,0.15927572003583113]",0,LACTEOS Y FRESCOS
GOURMET,SANTA ISABEL,LACTEOS Y CONGELADOS,2800.0,1.0,1.0,"[2800.0,1.0,1.0]","[0.40664692340304615,0.7464742583097694,0.15927572003583113]",0,LACTEOS Y FRESCOS
WATTS,SANTA ISABEL,LACTEOS Y CONGELADOS,1530.0,1.0,1.0,"[1530.0,1.0,1.0]","[0.22220349743095022,0.7464742583097694,0.15927572003583113]",0,LACTEOS Y FRESCOS
PANCHO VILLA,SANTA ISABEL,LACTEOS Y CONGELADOS,1300.0,1.0,1.0,"[1300.0,1.0,1.0]","[0.18880035729427141,0.7464742583097694,0.15927572003583113]",0,LACTEOS Y FRESCOS
SUPREMO,SANTA ISABEL,LACTEOS Y CONGELADOS,1650.0,1.0,1.0,"[1650.0,1.0,1.0]","[0.23963122271965218,0.7464742583097694,0.15927572003583113]",0,LACTEOS Y FRESCOS
SUPREMO,SANTA ISABEL,LACTEOS Y CONGELADOS,1200.0,1.0,1.0,"[1200.0,1.0,1.0]","[0.17427725288701978,0.7464742583097694,0.15927572003583113]",0,LACTEOS Y FRESCOS
ORJAS,SANTA ISABEL,LACTEOS Y CONGELADOS,1390.0,1.0,1.0,"[1390.0,1.0,1.0]","[0.2018711512607979,0.7464742583097694,0.15927572003583113]",0,LACTEOS Y FRESCOS
QUAKER,SANTA ISABEL,LACTEOS Y CONGELADOS,3730.0,1.0,1.0,"[3730.0,1.0,1.0]","[0.5417117943904864,0.7464742583097694,0.15927572003583113]",0,LACTEOS Y FRESCOS
GOURMET,SANTA ISABEL,LACTEOS Y CONGELADOS,500.0,1.0,1.0,"[500.0,1.0,1.0]","[0.07261552203625823,0.7464742583097694,0.15927572003583113]",0,LACTEOS Y FRESCOS
MIRAFLORES,SANTA ISABEL,LACTEOS Y CONGELADOS,1150.0,1.0,1.0,"[1150.0,1.0,1.0]","[0.16701570068339394,0.7464742583097694,0.15927572003583113]",0,LACTEOS Y FRESCOS
MIRAFLORES,SANTA ISABEL,LACTEOS Y CONGELADOS,3070.0,1.0,1.0,"[3070.0,1.0,1.0]","[0.4458593053026256,0.7464742583097694,0.15927572003583113]",0,LACTEOS Y FRESCOS
WATTS,SANTA ISABEL,LACTEOS Y CONGELADOS,1530.0,1.0,1.0,"[1530.0,1.0,1.0]","[0.22220349743095022,0.7464742583097694,0.15927572003583113]",0,LACTEOS Y FRESCOS
CUISINE & CO,SANTA ISABEL,LACTEOS Y CONGELADOS,5990.0,1.0,1.0,"[5990.0,1.0,1.0]","[0.8699339539943737,0.7464742583097694,0.15927572003583113]",0,LACTEOS Y FRESCOS
VIVO,SANTA ISABEL,LACTEOS Y CONGELADOS,900.0,1.0,1.0,"[900.0,1.0,1.0]","[0.13070793966526484,0.7464742583097694,0.15927572003583113]",0,LACTEOS Y FRESCOS
CRUZEIRO,SANTA ISABEL,LACTEOS Y CONGELADOS,9870.0,1.0,1.0,"[9870.0,1.0,1.0]","[1.4334304049957376,0.7464742583097694,0.15927572003583113]",0,LACTEOS Y FRESCOS
NATUR,SANTA ISABEL,LACTEOS Y CONGELADOS,1330.0,1.0,1.0,"[1330.0,1.0,1.0]","[0.1931572886164469,0.7464742583097694,0.15927572003583113]",0,LACTEOS Y FRESCOS
CUISINE & CO,SANTA ISABEL,LACTEOS Y CONGELADOS,1990.0,1.0,1.0,"[1990.0,1.0,1.0]","[0.2890097777043078,0.7464742583097694,0.15927572003583113]",0,LACTEOS Y FRESCOS
CUISINE & CO,SANTA ISABEL,LACTEOS Y CONGELADOS,790.0,1.0,1.0,"[790.0,1.0,1.0]","[0.11473252481728802,0.7464742583097694,0.15927572003583113]",0,LACTEOS Y FRESCOS
NATUR,SANTA ISABEL,LACTEOS Y CONGELADOS,2650.0,1.0,1.0,"[2650.0,1.0,1.0]","[0.3848622667921687,0.7464742583097694,0.15927572003583113]",0,LACTEOS Y FRESCOS
GOURMET,SANTA ISABEL,LACTEOS Y CONGELADOS,4770.0,1.0,1.0,"[4770.0,1.0,1.0]","[0.6927520802259036,0.7464742583097694,0.15927572003583113]",0,LACTEOS Y FRESCOS
KELLOGGS,SANTA ISABEL,LACTEOS Y CONGELADOS,2290.0,1.0,1.0,"[2290.0,1.0,1.0]","[0.33257909092606275,0.7464742583097694,0.15927572003583113]",0,LACTEOS Y FRESCOS
VIVO,SANTA ISABEL,LACTEOS Y CONGELADOS,1200.0,1.0,1.0,"[1200.0,1.0,1.0]","[0.17427725288701978,0.7464742583097694,0.15927572003583113]",0,LACTEOS Y FRESCOS
CUISINE & CO,SANTA ISABEL,LACTEOS Y CONGELADOS,1080.0,1.0,1.0,"[1080.0,1.0,1.0]","[0.1568495275983178,0.7464742583097694,0.15927572003583113]",0,LACTEOS Y FRESCOS
CHEF,SANTA ISABEL,LACTEOS Y CONGELADOS,16630.0,1.0,1.0,"[16630.0,1.0,1.0]","[2.415192262925949,0.7464742583097694,0.15927572003583113]",0,LACTEOS Y FRESCOS
WATTS,SANTA ISABEL,LACTEOS Y CONGELADOS,1530.0,1.0,1.0,"[1530.0,1.0,1.0]","[0.22220349743095022,0.7464742583097694,0.15927572003583113]",0,LACTEOS Y FRESCOS
VIVO,SANTA ISABEL,LACTEOS Y CONGELADOS,950.0,1.0,1.0,"[950.0,1.0,1.0]","[0.13796949186889065,0.7464742583097694,0.15927572003583113]",0,LACTEOS Y FRESCOS
VIVO,SANTA ISABEL,LACTEOS Y CONGELADOS,2990.0,1.0,1.0,"[2990.0,1.0,1.0]","[0.43424082177682427,0.7464742583097694,0.15927572003583113]",0,LACTEOS Y FRESCOS
MILO,SANTA ISABEL,LACTEOS Y CONGELADOS,6020.0,1.0,1.0,"[6020.0,1.0,1.0]","[0.8742908853165492,0.7464742583097694,0.15927572003583113]",0,LACTEOS Y FRESCOS
VIVO,SANTA ISABEL,LACTEOS Y CONGELADOS,900.0,1.0,1.0,"[900.0,1.0,1.0]","[0.13070793966526484,0.7464742583097694,0.15927572003583113]",0,LACTEOS Y FRESCOS
LONCOLECHE,SANTA ISABEL,LACTEOS Y CONGELADOS,3110.0,1.0,1.0,"[3110.0,1.0,1.0]","[0.4516685470655262,0.7464742583097694,0.15927572003583113]",0,LACTEOS Y FRESCOS
SOUL BAR,SANTA ISABEL,LACTEOS Y CONGELADOS,2990.0,1.0,1.0,"[2990.0,1.0,1.0]","[0.43424082177682427,0.7464742583097694,0.15927572003583113]",0,LACTEOS Y FRESCOS
CUISINE & CO,SANTA ISABEL,LACTEOS Y CONGELADOS,1860.0,1.0,1.0,"[1860.0,1.0,1.0]","[0.27012974197488065,0.7464742583097694,0.15927572003583113]",0,LACTEOS Y FRESCOS
CUISINE & CO,SANTA ISABEL,LACTEOS Y CONGELADOS,830.0,1.0,1.0,"[830.0,1.0,1.0]","[0.12054176658018867,0.7464742583097694,0.15927572003583113]",0,LACTEOS Y FRESCOS
MAZZETTI,SANTA ISABEL,LACTEOS Y CONGELADOS,2690.0,1.0,1.0,"[2690.0,1.0,1.0]","[0.3906715085550693,0.7464742583097694,0.15927572003583113]",0,LACTEOS Y FRESCOS
GOURMET,SANTA ISABEL,LACTEOS Y CONGELADOS,540.0,1.0,1.0,"[540.0,1.0,1.0]","[0.0784247637991589,0.7464742583097694,0.15927572003583113]",0,LACTEOS Y FRESCOS
GOLD,SANTA ISABEL,LACTEOS Y CONGELADOS,2990.0,1.0,1.0,"[2990.0,1.0,1.0]","[0.43424082177682427,0.7464742583097694,0.15927572003583113]",0,LACTEOS Y FRESCOS
GOURMET,SANTA ISABEL,LACTEOS Y CONGELADOS,500.0,1.0,1.0,"[500.0,1.0,1.0]","[0.07261552203625823,0.7464742583097694,0.15927572003583113]",0,LACTEOS Y FRESCOS
MARTINI,SANTA ISABEL,LACTEOS Y CONGELADOS,2800.0,1.0,1.0,"[2800.0,1.0,1.0]","[0.40664692340304615,0.7464742583097694,0.15927572003583113]",0,LACTEOS Y FRESCOS
REGIMEL,SANTA ISABEL,LACTEOS Y CONGELADOS,1550.0,1.0,1.0,"[1550.0,1.0,1.0]","[0.22510811831240055,0.7464742583097694,0.15927572003583113]",0,LACTEOS Y FRESCOS
CUISINE & CO,SANTA ISABEL,LACTEOS Y CONGELADOS,4590.0,1.0,1.0,"[4590.0,1.0,1.0]","[0.6666104922928506,0.7464742583097694,0.15927572003583113]",0,LACTEOS Y FRESCOS
LUCCHETTI,SANTA ISABEL,LACTEOS Y CONGELADOS,810.0,1.0,1.0,"[810.0,1.0,1.0]","[0.11763714569873834,0.7464742583097694,0.15927572003583113]",0,LACTEOS Y FRESCOS
CUISINE & CO,SANTA ISABEL,LACTEOS Y CONGELADOS,3310.0,1.0,1.0,"[3310.0,1.0,1.0]","[0.48071475588002954,0.7464742583097694,0.15927572003583113]",0,LACTEOS Y FRESCOS
PAN,SANTA ISABEL,LACTEOS Y CONGELADOS,1850.0,1.0,1.0,"[1850.0,1.0,1.0]","[0.26867743153415546,0.7464742583097694,0.15927572003583113]",0,LACTEOS Y FRESCOS
GOURMET,SANTA ISABEL,LACTEOS Y CONGELADOS,750.0,1.0,1.0,"[750.0,1.0,1.0]","[0.10892328305438735,0.7464742583097694,0.15927572003583113]",0,LACTEOS Y FRESCOS
CUISINE & CO,SANTA ISABEL,LACTEOS Y CONGELADOS,2930.0,1.0,1.0,"[2930.0,1.0,1.0]","[0.4255269591324733,0.7464742583097694,0.15927572003583113]",0,LACTEOS Y FRESCOS
AMBROSOLI,SANTA ISABEL,LACTEOS Y CONGELADOS,2550.0,1.0,1.0,"[2550.0,1.0,1.0]","[0.370339162384917,0.7464742583097694,0.15927572003583113]",0,LACTEOS Y FRESCOS
BANQUETE,SANTA ISABEL,LACTEOS Y CONGELADOS,4570.0,1.0,1.0,"[4570.0,1.0,1.0]","[0.6637058714114003,0.7464742583097694,0.15927572003583113]",0,LACTEOS Y FRESCOS
COLUN,SANTA ISABEL,LACTEOS Y CONGELADOS,1000.0,1.0,1.0,"[1000.0,1.0,1.0]","[0.14523104407251647,0.7464742583097694,0.15927572003583113]",0,LACTEOS Y FRESCOS
WATTS,SANTA ISABEL,LACTEOS Y CONGELADOS,1230.0,1.0,1.0,"[1230.0,1.0,1.0]","[0.17863418420919527,0.7464742583097694,0.15927572003583113]",0,LACTEOS Y FRESCOS
EN LINEA,SANTA ISABEL,LACTEOS Y CONGELADOS,1240.0,1.0,1.0,"[1240.0,1.0,1.0]","[0.18008649464992044,0.7464742583097694,0.15927572003583113]",0,LACTEOS Y FRESCOS
CHOCAPIC,SANTA ISABEL,LACTEOS Y CONGELADOS,640.0,1.0,1.0,"[640.0,1.0,1.0]","[0.09294786820641054,0.7464742583097694,0.15927572003583113]",0,LACTEOS Y FRESCOS
CUISINE & CO,SANTA ISABEL,LACTEOS Y CONGELADOS,820.0,1.0,1.0,"[820.0,1.0,1.0]","[0.1190894561394635,0.7464742583097694,0.15927572003583113]",0,LACTEOS Y FRESCOS
TUCAPEL,SANTA ISABEL,LACTEOS Y CONGELADOS,1990.0,1.0,1.0,"[1990.0,1.0,1.0]","[0.2890097777043078,0.7464742583097694,0.15927572003583113]",0,LACTEOS Y FRESCOS
GOURMET,SANTA ISABEL,LACTEOS Y CONGELADOS,670.0,1.0,1.0,"[670.0,1.0,1.0]","[0.09730479952858603,0.7464742583097694,0.15927572003583113]",0,LACTEOS Y FRESCOS
IANSA CERO K,SANTA ISABEL,LACTEOS Y CONGELADOS,3420.0,1.0,1.0,"[3420.0,1.0,1.0]","[0.49669017072800636,0.7464742583097694,0.15927572003583113]",0,LACTEOS Y FRESCOS
CUISINE & CO,SANTA ISABEL,LACTEOS Y CONGELADOS,160.0,1.0,1.0,"[160.0,1.0,1.0]","[0.023236967051602636,0.7464742583097694,0.15927572003583113]",0,LACTEOS Y FRESCOS
GOURMET,SANTA ISABEL,LACTEOS Y CONGELADOS,3110.0,1.0,1.0,"[3110.0,1.0,1.0]","[0.4516685470655262,0.7464742583097694,0.15927572003583113]",0,LACTEOS Y FRESCOS
SUPERIOR,SANTA ISABEL,LACTEOS Y CONGELADOS,2030.0,1.0,1.0,"[2030.0,1.0,1.0]","[0.29481901946720845,0.7464742583097694,0.15927572003583113]",0,LACTEOS Y FRESCOS
LIVEAN,SANTA ISABEL,LACTEOS Y CONGELADOS,2340.0,1.0,1.0,"[2340.0,1.0,1.0]","[0.33984064312968854,0.7464742583097694,0.15927572003583113]",0,LACTEOS Y FRESCOS
HELLMANNS,SANTA ISABEL,LACTEOS Y CONGELADOS,3490.0,1.0,1.0,"[3490.0,1.0,1.0]","[0.5068563438130825,0.7464742583097694,0.15927572003583113]",0,LACTEOS Y FRESCOS
CUISINE & CO,SANTA ISABEL,LACTEOS Y CONGELADOS,2450.0,1.0,1.0,"[2450.0,1.0,1.0]","[0.35581605797766536,0.7464742583097694,0.15927572003583113]",0,LACTEOS Y FRESCOS
GOURMET,SANTA ISABEL,LACTEOS Y CONGELADOS,6850.0,1.0,1.0,"[6850.0,1.0,1.0]","[0.9948326518967379,0.7464742583097694,0.15927572003583113]",0,LACTEOS Y FRESCOS
DON JUAN,SANTA ISABEL,LACTEOS Y CONGELADOS,2280.0,1.0,1.0,"[2280.0,1.0,1.0]","[0.33112678048533756,0.7464742583097694,0.15927572003583113]",0,LACTEOS Y FRESCOS
SELECTA,SANTA ISABEL,LACTEOS Y CONGELADOS,4290.0,1.0,1.0,"[4290.0,1.0,1.0]","[0.6230411790710957,0.7464742583097694,0.15927572003583113]",0,LACTEOS Y FRESCOS
NESCAFE,SANTA ISABEL,LACTEOS Y CONGELADOS,3290.0,1.0,1.0,"[3290.0,1.0,1.0]","[0.4778101349985792,0.7464742583097694,0.15927572003583113]",0,LACTEOS Y FRESCOS
CUISINE & CO,SANTA ISABEL,LACTEOS Y CONGELADOS,1790.0,1.0,1.0,"[1790.0,1.0,1.0]","[0.2599635688898045,0.7464742583097694,0.15927572003583113]",0,LACTEOS Y FRESCOS
GOURMET,SANTA ISABEL,LACTEOS Y CONGELADOS,630.0,1.0,1.0,"[630.0,1.0,1.0]","[0.09149555776568538,0.7464742583097694,0.15927572003583113]",0,LACTEOS Y FRESCOS
GOURMET,SANTA ISABEL,LACTEOS Y CONGELADOS,1340.0,1.0,1.0,"[1340.0,1.0,1.0]","[0.19460959905717207,0.7464742583097694,0.15927572003583113]",0,LACTEOS Y FRESCOS
BANQUETE,SANTA ISABEL,LACTEOS Y CONGELADOS,2760.0,1.0,1.0,"[2760.0,1.0,1.0]","[0.4008376816401455,0.7464742583097694,0.15927572003583113]",0,LACTEOS Y FRESCOS
BIOSAL,SANTA ISABEL,LACTEOS Y CONGELADOS,4250.0,1.0,1.0,"[4250.0,1.0,1.0]","[0.617231937308195,0.7464742583097694,0.15927572003583113]",0,LACTEOS Y FRESCOS
CHOCAPIC,SANTA ISABEL,LACTEOS Y CONGELADOS,6250.0,1.0,1.0,"[6250.0,1.0,1.0]","[0.907694025453228,0.7464742583097694,0.15927572003583113]",0,LACTEOS Y FRESCOS
ACONCAGUA,SANTA ISABEL,LACTEOS Y CONGELADOS,2290.0,1.0,1.0,"[2290.0,1.0,1.0]","[0.33257909092606275,0.7464742583097694,0.15927572003583113]",0,LACTEOS Y FRESCOS
TIA LIA,SANTA ISABEL,LACTEOS Y CONGELADOS,920.0,1.0,1.0,"[920.0,1.0,1.0]","[0.13361256054671516,0.7464742583097694,0.15927572003583113]",0,LACTEOS Y FRESCOS
SUPREMO,SANTA ISABEL,LACTEOS Y CONGELADOS,2070.0,1.0,1.0,"[2070.0,1.0,1.0]","[0.3006282612301091,0.7464742583097694,0.15927572003583113]",0,LACTEOS Y FRESCOS
TIA LIA,SANTA ISABEL,LACTEOS Y CONGELADOS,830.0,1.0,1.0,"[830.0,1.0,1.0]","[0.12054176658018867,0.7464742583097694,0.15927572003583113]",0,LACTEOS Y FRESCOS
PEARL RIVER BRIDGE,SANTA ISABEL,LACTEOS Y CONGELADOS,1950.0,1.0,1.0,"[1950.0,1.0,1.0]","[0.28320053594140715,0.7464742583097694,0.15927572003583113]",0,LACTEOS Y FRESCOS
EN LINEA,SANTA ISABEL,LACTEOS Y CONGELADOS,1130.0,1.0,1.0,"[1130.0,1.0,1.0]","[0.16411107980194362,0.7464742583097694,0.15927572003583113]",0,LACTEOS Y FRESCOS
CUISINE & CO,SANTA ISABEL,LACTEOS Y CONGELADOS,4120.0,1.0,1.0,"[4120.0,1.0,1.0]","[0.5983519015787678,0.7464742583097694,0.15927572003583113]",0,LACTEOS Y FRESCOS
TWININGS,SANTA ISABEL,LACTEOS Y CONGELADOS,6990.0,1.0,1.0,"[6990.0,1.0,1.0]","[1.0151649980668902,0.7464742583097694,0.15927572003583113]",0,LACTEOS Y FRESCOS
GOURMET,SANTA ISABEL,LACTEOS Y CONGELADOS,500.0,1.0,1.0,"[500.0,1.0,1.0]","[0.07261552203625823,0.7464742583097694,0.15927572003583113]",0,LACTEOS Y FRESCOS
BANQUETE,SANTA ISABEL,LACTEOS Y CONGELADOS,5490.0,1.0,1.0,"[5490.0,1.0,1.0]","[0.7973184319581155,0.7464742583097694,0.15927572003583113]",0,LACTEOS Y FRESCOS
SUPREMO,SANTA ISABEL,LACTEOS Y CONGELADOS,2950.0,1.0,1.0,"[2950.0,1.0,1.0]","[0.4284315800139236,0.7464742583097694,0.15927572003583113]",0,LACTEOS Y FRESCOS
GOURMET,SANTA ISABEL,LACTEOS Y CONGELADOS,490.0,1.0,1.0,"[490.0,1.0,1.0]","[0.07116321159553307,0.7464742583097694,0.15927572003583113]",0,LACTEOS Y FRESCOS
CUISINE & CO,SANTA ISABEL,LACTEOS Y CONGELADOS,8650.0,1.0,1.0,"[8650.0,1.0,1.0]","[1.2562485312272675,0.7464742583097694,0.15927572003583113]",0,LACTEOS Y FRESCOS
TRAVERSO,SANTA ISABEL,LACTEOS Y CONGELADOS,630.0,1.0,1.0,"[630.0,1.0,1.0]","[0.09149555776568538,0.7464742583097694,0.15927572003583113]",0,LACTEOS Y FRESCOS
GOURMET,SANTA ISABEL,LACTEOS Y CONGELADOS,960.0,1.0,1.0,"[960.0,1.0,1.0]","[0.13942180230961582,0.7464742583097694,0.15927572003583113]",0,LACTEOS Y FRESCOS
GOURMET,SANTA ISABEL,LACTEOS Y CONGELADOS,610.0,1.0,1.0,"[610.0,1.0,1.0]","[0.08859093688423506,0.7464742583097694,0.15927572003583113]",0,LACTEOS Y FRESCOS
HEINZ,SANTA ISABEL,LACTEOS Y CONGELADOS,1890.0,1.0,1.0,"[1890.0,1.0,1.0]","[0.2744866732970561,0.7464742583097694,0.15927572003583113]",0,LACTEOS Y FRESCOS
SAN JOSE,SANTA ISABEL,LACTEOS Y CONGELADOS,2760.0,1.0,1.0,"[2760.0,1.0,1.0]","[0.4008376816401455,0.7464742583097694,0.15927572003583113]",0,LACTEOS Y FRESCOS
CUISINE & CO,SANTA ISABEL,LACTEOS Y CONGELADOS,4990.0,1.0,1.0,"[4990.0,1.0,1.0]","[0.7247029099218573,0.7464742583097694,0.15927572003583113]",0,LACTEOS Y FRESCOS
LUCCHETTI,SANTA ISABEL,LACTEOS Y CONGELADOS,1130.0,1.0,1.0,"[1130.0,1.0,1.0]","[0.16411107980194362,0.7464742583097694,0.15927572003583113]",0,LACTEOS Y FRESCOS
NESTLE,SANTA ISABEL,LACTEOS Y CONGELADOS,4990.0,1.0,1.0,"[4990.0,1.0,1.0]","[0.7247029099218573,0.7464742583097694,0.15927572003583113]",0,LACTEOS Y FRESCOS
THE WILD FOODS,SANTA ISABEL,LACTEOS Y CONGELADOS,4990.0,1.0,1.0,"[4990.0,1.0,1.0]","[0.7247029099218573,0.7464742583097694,0.15927572003583113]",0,LACTEOS Y FRESCOS
ECKART,SANTA ISABEL,LACTEOS Y CONGELADOS,3110.0,1.0,1.0,"[3110.0,1.0,1.0]","[0.4516685470655262,0.7464742583097694,0.15927572003583113]",0,LACTEOS Y FRESCOS
LIVEAN,SANTA ISABEL,LACTEOS Y CONGELADOS,820.0,1.0,1.0,"[820.0,1.0,1.0]","[0.1190894561394635,0.7464742583097694,0.15927572003583113]",0,LACTEOS Y FRESCOS
LA VIEJA FABRICA,SANTA ISABEL,LACTEOS Y CONGELADOS,3490.0,1.0,1.0,"[3490.0,1.0,1.0]","[0.5068563438130825,0.7464742583097694,0.15927572003583113]",0,LACTEOS Y FRESCOS
MAGGI,SANTA ISABEL,LACTEOS Y CONGELADOS,720.0,1.0,1.0,"[720.0,1.0,1.0]","[0.10456635173221186,0.7464742583097694,0.15927572003583113]",0,LACTEOS Y FRESCOS
SOUL BAR,SANTA ISABEL,LACTEOS Y CONGELADOS,2990.0,1.0,1.0,"[2990.0,1.0,1.0]","[0.43424082177682427,0.7464742583097694,0.15927572003583113]",0,LACTEOS Y FRESCOS
COSTA,SANTA ISABEL,LACTEOS Y CONGELADOS,1920.0,1.0,1.0,"[1920.0,1.0,1.0]","[0.27884360461923163,0.7464742583097694,0.15927572003583113]",0,LACTEOS Y FRESCOS
EN LINEA,SANTA ISABEL,LACTEOS Y CONGELADOS,5710.0,1.0,1.0,"[5710.0,1.0,1.0]","[0.8292692616540691,0.7464742583097694,0.15927572003583113]",0,LACTEOS Y FRESCOS
HOFFMANN,SANTA ISABEL,LACTEOS Y CONGELADOS,8310.0,1.0,1.0,"[8310.0,1.0,1.0]","[1.2068699762426118,0.7464742583097694,0.15927572003583113]",0,LACTEOS Y FRESCOS
CUISINE & CO,SANTA ISABEL,LACTEOS Y CONGELADOS,2590.0,1.0,1.0,"[2590.0,1.0,1.0]","[0.3761484041478177,0.7464742583097694,0.15927572003583113]",0,LACTEOS Y FRESCOS
KARDAMILI,SANTA ISABEL,LACTEOS Y CONGELADOS,9890.0,1.0,1.0,"[9890.0,1.0,1.0]","[1.4363350258771879,0.7464742583097694,0.15927572003583113]",0,LACTEOS Y FRESCOS
IANSA,SANTA ISABEL,LACTEOS Y CONGELADOS,1970.0,1.0,1.0,"[1970.0,1.0,1.0]","[0.2861051568228575,0.7464742583097694,0.15927572003583113]",0,LACTEOS Y FRESCOS
TWININGS,SANTA ISABEL,LACTEOS Y CONGELADOS,6990.0,1.0,1.0,"[6990.0,1.0,1.0]","[1.0151649980668902,0.7464742583097694,0.15927572003583113]",0,LACTEOS Y FRESCOS
EN LINEA,SANTA ISABEL,LACTEOS Y CONGELADOS,2650.0,1.0,1.0,"[2650.0,1.0,1.0]","[0.3848622667921687,0.7464742583097694,0.15927572003583113]",0,LACTEOS Y FRESCOS
CUISINE & CO,SANTA ISABEL,LACTEOS Y CONGELADOS,1190.0,1.0,1.0,"[1190.0,1.0,1.0]","[0.1728249424462946,0.7464742583097694,0.15927572003583113]",0,LACTEOS Y FRESCOS
COLUN,SANTA ISABEL,LACTEOS Y CONGELADOS,5550.0,1.0,1.0,"[5550.0,1.0,1.0]","[0.8060322946024664,0.7464742583097694,0.15927572003583113]",0,LACTEOS Y FRESCOS
CUISINE & CO,SANTA ISABEL,LACTEOS Y CONGELADOS,1590.0,1.0,1.0,"[1590.0,1.0,1.0]","[0.2309173600753012,0.7464742583097694,0.15927572003583113]",0,LACTEOS Y FRESCOS
REGIMEL,SANTA ISABEL,LACTEOS Y CONGELADOS,1550.0,1.0,1.0,"[1550.0,1.0,1.0]","[0.22510811831240055,0.7464742583097694,0.15927572003583113]",0,LACTEOS Y FRESCOS
ESMERALDA,SANTA ISABEL,LACTEOS Y CONGELADOS,3790.0,1.0,1.0,"[3790.0,1.0,1.0]","[0.5504256570348375,0.7464742583097694,0.15927572003583113]",0,LACTEOS Y FRESCOS
GOURMET,SANTA ISABEL,LACTEOS Y CONGELADOS,500.0,1.0,1.0,"[500.0,1.0,1.0]","[0.07261552203625823,0.7464742583097694,0.15927572003583113]",0,LACTEOS Y FRESCOS
GOURMET,SANTA ISABEL,LACTEOS Y CONGELADOS,860.0,1.0,1.0,"[860.0,1.0,1.0]","[0.12489869790236417,0.7464742583097694,0.15927572003583113]",0,LACTEOS Y FRESCOS
ORJAS,SANTA ISABEL,LACTEOS Y CONGELADOS,1390.0,1.0,1.0,"[1390.0,1.0,1.0]","[0.2018711512607979,0.7464742583097694,0.15927572003583113]",0,LACTEOS Y FRESCOS
CASTILLO,SANTA ISABEL,LACTEOS Y CONGELADOS,1630.0,1.0,1.0,"[1630.0,1.0,1.0]","[0.23672660183820185,0.7464742583097694,0.15927572003583113]",0,LACTEOS Y FRESCOS
CUISINE & CO,SANTA ISABEL,LACTEOS Y CONGELADOS,1080.0,1.0,1.0,"[1080.0,1.0,1.0]","[0.1568495275983178,0.7464742583097694,0.15927572003583113]",0,LACTEOS Y FRESCOS
FITNESS,SANTA ISABEL,LACTEOS Y CONGELADOS,3630.0,1.0,1.0,"[3630.0,1.0,1.0]","[0.5271886899832348,0.7464742583097694,0.15927572003583113]",0,LACTEOS Y FRESCOS
GOURMET,SANTA ISABEL,LACTEOS Y CONGELADOS,1300.0,1.0,1.0,"[1300.0,1.0,1.0]","[0.18880035729427141,0.7464742583097694,0.15927572003583113]",0,LACTEOS Y FRESCOS
KRAFT,SANTA ISABEL,LACTEOS Y CONGELADOS,6190.0,1.0,1.0,"[6190.0,1.0,1.0]","[0.8989801628088769,0.7464742583097694,0.15927572003583113]",0,LACTEOS Y FRESCOS
ESMERALDA,SANTA ISABEL,LACTEOS Y CONGELADOS,2780.0,1.0,1.0,"[2780.0,1.0,1.0]","[0.4037423025215958,0.7464742583097694,0.15927572003583113]",0,LACTEOS Y FRESCOS
SUPREMO,SANTA ISABEL,LACTEOS Y CONGELADOS,2950.0,1.0,1.0,"[2950.0,1.0,1.0]","[0.4284315800139236,0.7464742583097694,0.15927572003583113]",0,LACTEOS Y FRESCOS
CUISINE & CO,SANTA ISABEL,LACTEOS Y CONGELADOS,2890.0,1.0,1.0,"[2890.0,1.0,1.0]","[0.41971771736957264,0.7464742583097694,0.15927572003583113]",0,LACTEOS Y FRESCOS
WASIL,SANTA ISABEL,LACTEOS Y CONGELADOS,2690.0,1.0,1.0,"[2690.0,1.0,1.0]","[0.3906715085550693,0.7464742583097694,0.15927572003583113]",0,LACTEOS Y FRESCOS
CUISINE & CO,SANTA ISABEL,LACTEOS Y CONGELADOS,680.0,1.0,1.0,"[680.0,1.0,1.0]","[0.0987571099693112,0.7464742583097694,0.15927572003583113]",0,LACTEOS Y FRESCOS
HEINZ,SANTA ISABEL,LACTEOS Y CONGELADOS,920.0,1.0,1.0,"[920.0,1.0,1.0]","[0.13361256054671516,0.7464742583097694,0.15927572003583113]",0,LACTEOS Y FRESCOS
CUISINE & CO,SANTA ISABEL,LACTEOS Y CONGELADOS,2570.0,1.0,1.0,"[2570.0,1.0,1.0]","[0.37324378326636737,0.7464742583097694,0.15927572003583113]",0,LACTEOS Y FRESCOS
LUCCHETTI,SANTA ISABEL,LACTEOS Y CONGELADOS,1820.0,1.0,1.0,"[1820.0,1.0,1.0]","[0.26432050021198,0.7464742583097694,0.15927572003583113]",0,LACTEOS Y FRESCOS
LONCOLECHE,UNIMARC,"LACTEOS, HUEVOS Y REFRIGERADOS",1000.0,0.0,3.0,"[1000.0,0.0,3.0]","[0.14523104407251647,0.0,0.4778271601074934]",0,LACTEOS Y FRESCOS
LOS PEUMOS,UNIMARC,"LACTEOS, HUEVOS Y REFRIGERADOS",1000.0,0.0,3.0,"[1000.0,0.0,3.0]","[0.14523104407251647,0.0,0.4778271601074934]",0,LACTEOS Y FRESCOS
LONCOLECHE,UNIMARC,"LACTEOS, HUEVOS Y REFRIGERADOS",1000.0,0.0,3.0,"[1000.0,0.0,3.0]","[0.14523104407251647,0.0,0.4778271601074934]",0,LACTEOS Y FRESCOS
COLUN,UNIMARC,"LACTEOS, HUEVOS Y REFRIGERADOS",1250.0,0.0,3.0,"[1250.0,0.0,3.0]","[0.1815388050906456,0.0,0.4778271601074934]",0,LACTEOS Y FRESCOS
COLUN,UNIMARC,"LACTEOS, HUEVOS Y REFRIGERADOS",82000.0,0.0,3.0,"[82000.0,0.0,3.0]","[11.90894561394635,0.0,0.4778271601074934]",0,LACTEOS Y FRESCOS
COLUN,UNIMARC,"LACTEOS, HUEVOS Y REFRIGERADOS",7590.0,0.0,3.0,"[7590.0,0.0,3.0]","[1.1023036245104,0.0,0.4778271601074934]",0,LACTEOS Y FRESCOS
COLUN,UNIMARC,"LACTEOS, HUEVOS Y REFRIGERADOS",1350.0,0.0,3.0,"[1350.0,0.0,3.0]","[0.19606190949789723,0.0,0.4778271601074934]",0,LACTEOS Y FRESCOS
SOPROLE,UNIMARC,"LACTEOS, HUEVOS Y REFRIGERADOS",1200.0,0.0,3.0,"[1200.0,0.0,3.0]","[0.17427725288701978,0.0,0.4778271601074934]",0,LACTEOS Y FRESCOS
LONCOLECHE,UNIMARC,"LACTEOS, HUEVOS Y REFRIGERADOS",53000.0,0.0,3.0,"[53000.0,0.0,3.0]","[7.697245335843373,0.0,0.4778271601074934]",0,LACTEOS Y FRESCOS
LONCOLECHE,UNIMARC,"LACTEOS, HUEVOS Y REFRIGERADOS",1000.0,0.0,3.0,"[1000.0,0.0,3.0]","[0.14523104407251647,0.0,0.4778271601074934]",0,LACTEOS Y FRESCOS
LONCOLECHE,UNIMARC,"LACTEOS, HUEVOS Y REFRIGERADOS",1300.0,0.0,3.0,"[1300.0,0.0,3.0]","[0.18880035729427141,0.0,0.4778271601074934]",0,LACTEOS Y FRESCOS
NIDO,UNIMARC,"LACTEOS, HUEVOS Y REFRIGERADOS",7230.0,0.0,3.0,"[7230.0,0.0,3.0]","[1.0500204486442941,0.0,0.4778271601074934]",0,LACTEOS Y FRESCOS
COLUN,UNIMARC,"LACTEOS, HUEVOS Y REFRIGERADOS",82000.0,0.0,3.0,"[82000.0,0.0,3.0]","[11.90894561394635,0.0,0.4778271601074934]",0,LACTEOS Y FRESCOS
QUILLAYES,UNIMARC,"LACTEOS, HUEVOS Y REFRIGERADOS",4750.0,0.0,3.0,"[4750.0,0.0,3.0]","[0.6898474593444532,0.0,0.4778271601074934]",0,LACTEOS Y FRESCOS
COLUN,UNIMARC,"LACTEOS, HUEVOS Y REFRIGERADOS",82000.0,0.0,3.0,"[82000.0,0.0,3.0]","[11.90894561394635,0.0,0.4778271601074934]",0,LACTEOS Y FRESCOS
SOPROLE,UNIMARC,"LACTEOS, HUEVOS Y REFRIGERADOS",42600.0,0.0,3.0,"[42600.0,0.0,3.0]","[6.1868424774892015,0.0,0.4778271601074934]",0,LACTEOS Y FRESCOS
COLUN,UNIMARC,"LACTEOS, HUEVOS Y REFRIGERADOS",630.0,0.0,3.0,"[630.0,0.0,3.0]","[0.09149555776568538,0.0,0.4778271601074934]",0,LACTEOS Y FRESCOS
LONCOLECHE,UNIMARC,"LACTEOS, HUEVOS Y REFRIGERADOS",1450.0,0.0,3.0,"[1450.0,0.0,3.0]","[0.2105850139051489,0.0,0.4778271601074934]",0,LACTEOS Y FRESCOS
COLUN,UNIMARC,"LACTEOS, HUEVOS Y REFRIGERADOS",82000.0,0.0,3.0,"[82000.0,0.0,3.0]","[11.90894561394635,0.0,0.4778271601074934]",0,LACTEOS Y FRESCOS
COLUN,UNIMARC,"LACTEOS, HUEVOS Y REFRIGERADOS",21320.0,0.0,3.0,"[21320.0,0.0,3.0]","[3.0963258596260514,0.0,0.4778271601074934]",0,LACTEOS Y FRESCOS
MANJARATE,UNIMARC,"LACTEOS, HUEVOS Y REFRIGERADOS",53300.0,0.0,3.0,"[53300.0,0.0,3.0]","[7.740814649065128,0.0,0.4778271601074934]",0,LACTEOS Y FRESCOS
LONCOLECHE,UNIMARC,"LACTEOS, HUEVOS Y REFRIGERADOS",53000.0,0.0,3.0,"[53000.0,0.0,3.0]","[7.697245335843373,0.0,0.4778271601074934]",0,LACTEOS Y FRESCOS
SOPROLE,UNIMARC,"LACTEOS, HUEVOS Y REFRIGERADOS",3590.0,0.0,3.0,"[3590.0,0.0,3.0]","[0.5213794482203341,0.0,0.4778271601074934]",0,LACTEOS Y FRESCOS
NESTLE,UNIMARC,"LACTEOS, HUEVOS Y REFRIGERADOS",1390.0,0.0,3.0,"[1390.0,0.0,3.0]","[0.2018711512607979,0.0,0.4778271601074934]",0,LACTEOS Y FRESCOS
NESTLE,UNIMARC,"LACTEOS, HUEVOS Y REFRIGERADOS",6590.0,0.0,3.0,"[6590.0,0.0,3.0]","[0.9570725804378836,0.0,0.4778271601074934]",0,LACTEOS Y FRESCOS
LOS PEUMOS,UNIMARC,"LACTEOS, HUEVOS Y REFRIGERADOS",1000.0,0.0,3.0,"[1000.0,0.0,3.0]","[0.14523104407251647,0.0,0.4778271601074934]",0,LACTEOS Y FRESCOS
CALAN,UNIMARC,"LACTEOS, HUEVOS Y REFRIGERADOS",102000.0,0.0,3.0,"[102000.0,0.0,3.0]","[14.81356649539668,0.0,0.4778271601074934]",0,LACTEOS Y FRESCOS
LONCOLECHE,UNIMARC,"LACTEOS, HUEVOS Y REFRIGERADOS",1300.0,0.0,3.0,"[1300.0,0.0,3.0]","[0.18880035729427141,0.0,0.4778271601074934]",0,LACTEOS Y FRESCOS
COLUN,UNIMARC,"LACTEOS, HUEVOS Y REFRIGERADOS",61890.0,0.0,3.0,"[61890.0,0.0,3.0]","[8.988349317648044,0.0,0.4778271601074934]",0,LACTEOS Y FRESCOS
NUESTRA COCINA,UNIMARC,"LACTEOS, HUEVOS Y REFRIGERADOS",4550.0,0.0,3.0,"[4550.0,0.0,3.0]","[0.66080125052995,0.0,0.4778271601074934]",0,LACTEOS Y FRESCOS
QUALY,UNIMARC,"LACTEOS, HUEVOS Y REFRIGERADOS",2350.0,0.0,3.0,"[2350.0,0.0,3.0]","[0.3412929535704137,0.0,0.4778271601074934]",0,LACTEOS Y FRESCOS
COLUN,UNIMARC,"LACTEOS, HUEVOS Y REFRIGERADOS",1250.0,0.0,3.0,"[1250.0,0.0,3.0]","[0.1815388050906456,0.0,0.4778271601074934]",0,LACTEOS Y FRESCOS
NESTLE,UNIMARC,"LACTEOS, HUEVOS Y REFRIGERADOS",42000.0,0.0,3.0,"[42000.0,0.0,3.0]","[6.099703851045692,0.0,0.4778271601074934]",0,LACTEOS Y FRESCOS
LONCOLECHE,UNIMARC,"LACTEOS, HUEVOS Y REFRIGERADOS",1300.0,0.0,3.0,"[1300.0,0.0,3.0]","[0.18880035729427141,0.0,0.4778271601074934]",0,LACTEOS Y FRESCOS
SOPROLE,UNIMARC,"LACTEOS, HUEVOS Y REFRIGERADOS",820.0,0.0,3.0,"[820.0,0.0,3.0]","[0.1190894561394635,0.0,0.4778271601074934]",0,LACTEOS Y FRESCOS
COLUN,UNIMARC,"LACTEOS, HUEVOS Y REFRIGERADOS",400.0,0.0,3.0,"[400.0,0.0,3.0]","[0.05809241762900659,0.0,0.4778271601074934]",0,LACTEOS Y FRESCOS
CINTAZUL,UNIMARC,"LACTEOS, HUEVOS Y REFRIGERADOS",7950.0,0.0,3.0,"[7950.0,0.0,3.0]","[1.154586800376506,0.0,0.4778271601074934]",0,LACTEOS Y FRESCOS
COLUN,UNIMARC,"LACTEOS, HUEVOS Y REFRIGERADOS",3150.0,0.0,3.0,"[3150.0,0.0,3.0]","[0.4574777888284269,0.0,0.4778271601074934]",0,LACTEOS Y FRESCOS
SOPROLE,UNIMARC,"LACTEOS, HUEVOS Y REFRIGERADOS",42100.0,0.0,3.0,"[42100.0,0.0,3.0]","[6.114226955452944,0.0,0.4778271601074934]",0,LACTEOS Y FRESCOS
SOPROLE,UNIMARC,"LACTEOS, HUEVOS Y REFRIGERADOS",41350.0,0.0,3.0,"[41350.0,0.0,3.0]","[6.005303672398556,0.0,0.4778271601074934]",0,LACTEOS Y FRESCOS
SOPROLE,UNIMARC,"LACTEOS, HUEVOS Y REFRIGERADOS",21480.0,0.0,3.0,"[21480.0,0.0,3.0]","[3.119562826677654,0.0,0.4778271601074934]",0,LACTEOS Y FRESCOS
MILO,UNIMARC,"LACTEOS, HUEVOS Y REFRIGERADOS",2950.0,0.0,3.0,"[2950.0,0.0,3.0]","[0.4284315800139236,0.0,0.4778271601074934]",0,LACTEOS Y FRESCOS
SOPROLE,UNIMARC,"LACTEOS, HUEVOS Y REFRIGERADOS",41350.0,0.0,3.0,"[41350.0,0.0,3.0]","[6.005303672398556,0.0,0.4778271601074934]",0,LACTEOS Y FRESCOS
LONCOLECHE,UNIMARC,"LACTEOS, HUEVOS Y REFRIGERADOS",53000.0,0.0,3.0,"[53000.0,0.0,3.0]","[7.697245335843373,0.0,0.4778271601074934]",0,LACTEOS Y FRESCOS
NUESTRA COCINA,UNIMARC,"LACTEOS, HUEVOS Y REFRIGERADOS",9350.0,0.0,3.0,"[9350.0,0.0,3.0]","[1.357910262078029,0.0,0.4778271601074934]",0,LACTEOS Y FRESCOS
COLUN,UNIMARC,"LACTEOS, HUEVOS Y REFRIGERADOS",1750.0,0.0,3.0,"[1750.0,0.0,3.0]","[0.25415432712690383,0.0,0.4778271601074934]",0,LACTEOS Y FRESCOS
COLUN,UNIMARC,"LACTEOS, HUEVOS Y REFRIGERADOS",41090.0,0.0,3.0,"[41090.0,0.0,3.0]","[5.967543600939702,0.0,0.4778271601074934]",0,LACTEOS Y FRESCOS
CALAN,UNIMARC,"LACTEOS, HUEVOS Y REFRIGERADOS",102000.0,0.0,3.0,"[102000.0,0.0,3.0]","[14.81356649539668,0.0,0.4778271601074934]",0,LACTEOS Y FRESCOS
LONCOLECHE,UNIMARC,"LACTEOS, HUEVOS Y REFRIGERADOS",950.0,0.0,3.0,"[950.0,0.0,3.0]","[0.13796949186889065,0.0,0.4778271601074934]",0,LACTEOS Y FRESCOS
COLUN,UNIMARC,"LACTEOS, HUEVOS Y REFRIGERADOS",61890.0,0.0,3.0,"[61890.0,0.0,3.0]","[8.988349317648044,0.0,0.4778271601074934]",0,LACTEOS Y FRESCOS
COLUN,UNIMARC,"LACTEOS, HUEVOS Y REFRIGERADOS",1750.0,0.0,3.0,"[1750.0,0.0,3.0]","[0.25415432712690383,0.0,0.4778271601074934]",0,LACTEOS Y FRESCOS
SOPROLE,UNIMARC,"LACTEOS, HUEVOS Y REFRIGERADOS",21480.0,0.0,3.0,"[21480.0,0.0,3.0]","[3.119562826677654,0.0,0.4778271601074934]",0,LACTEOS Y FRESCOS
CALAN,UNIMARC,"LACTEOS, HUEVOS Y REFRIGERADOS",102000.0,0.0,3.0,"[102000.0,0.0,3.0]","[14.81356649539668,0.0,0.4778271601074934]",0,LACTEOS Y FRESCOS
LONCOLECHE,UNIMARC,"LACTEOS, HUEVOS Y REFRIGERADOS",21090.0,0.0,3.0,"[21090.0,0.0,3.0]","[3.0629227194893724,0.0,0.4778271601074934]",0,LACTEOS Y FRESCOS
SOPROLE,UNIMARC,"LACTEOS, HUEVOS Y REFRIGERADOS",2350.0,0.0,3.0,"[2350.0,0.0,3.0]","[0.3412929535704137,0.0,0.4778271601074934]",0,LACTEOS Y FRESCOS
SOPROLE,UNIMARC,"LACTEOS, HUEVOS Y REFRIGERADOS",2390.0,0.0,3.0,"[2390.0,0.0,3.0]","[0.3471021953333144,0.0,0.4778271601074934]",0,LACTEOS Y FRESCOS
LONCOLECHE,UNIMARC,"LACTEOS, HUEVOS Y REFRIGERADOS",21090.0,0.0,3.0,"[21090.0,0.0,3.0]","[3.0629227194893724,0.0,0.4778271601074934]",0,LACTEOS Y FRESCOS
COLUN,UNIMARC,"LACTEOS, HUEVOS Y REFRIGERADOS",21320.0,0.0,3.0,"[21320.0,0.0,3.0]","[3.0963258596260514,0.0,0.4778271601074934]",0,LACTEOS Y FRESCOS
SOPROLE,UNIMARC,"LACTEOS, HUEVOS Y REFRIGERADOS",42600.0,0.0,3.0,"[42600.0,0.0,3.0]","[6.1868424774892015,0.0,0.4778271601074934]",0,LACTEOS Y FRESCOS
COLUN,UNIMARC,"LACTEOS, HUEVOS Y REFRIGERADOS",1250.0,0.0,3.0,"[1250.0,0.0,3.0]","[0.1815388050906456,0.0,0.4778271601074934]",0,LACTEOS Y FRESCOS
NESTLE,UNIMARC,"LACTEOS, HUEVOS Y REFRIGERADOS",42000.0,0.0,3.0,"[42000.0,0.0,3.0]","[6.099703851045692,0.0,0.4778271601074934]",0,LACTEOS Y FRESCOS
SOPROLE,UNIMARC,"LACTEOS, HUEVOS Y REFRIGERADOS",4290.0,0.0,3.0,"[4290.0,0.0,3.0]","[0.6230411790710957,0.0,0.4778271601074934]",0,LACTEOS Y FRESCOS
COLUN,UNIMARC,"LACTEOS, HUEVOS Y REFRIGERADOS",1750.0,0.0,3.0,"[1750.0,0.0,3.0]","[0.25415432712690383,0.0,0.4778271601074934]",0,LACTEOS Y FRESCOS
LONCOLECHE,UNIMARC,"LACTEOS, HUEVOS Y REFRIGERADOS",21090.0,0.0,3.0,"[21090.0,0.0,3.0]","[3.0629227194893724,0.0,0.4778271601074934]",0,LACTEOS Y FRESCOS
SURLAT,UNIMARC,"LACTEOS, HUEVOS Y REFRIGERADOS",65100.0,0.0,3.0,"[65100.0,0.0,3.0]","[9.454540969120822,0.0,0.4778271601074934]",0,LACTEOS Y FRESCOS
SOPROLE,UNIMARC,"LACTEOS, HUEVOS Y REFRIGERADOS",340.0,0.0,3.0,"[340.0,0.0,3.0]","[0.0493785549846556,0.0,0.4778271601074934]",0,LACTEOS Y FRESCOS
COLUN,UNIMARC,"LACTEOS, HUEVOS Y REFRIGERADOS",1590.0,0.0,3.0,"[1590.0,0.0,3.0]","[0.2309173600753012,0.0,0.4778271601074934]",0,LACTEOS Y FRESCOS
NESTLE,UNIMARC,"LACTEOS, HUEVOS Y REFRIGERADOS",81890.0,0.0,3.0,"[81890.0,0.0,3.0]","[11.892970199098373,0.0,0.4778271601074934]",0,LACTEOS Y FRESCOS
SOPROLE,UNIMARC,"LACTEOS, HUEVOS Y REFRIGERADOS",41550.0,0.0,3.0,"[41550.0,0.0,3.0]","[6.03434988121306,0.0,0.4778271601074934]",0,LACTEOS Y FRESCOS
OIKOS,UNIMARC,"LACTEOS, HUEVOS Y REFRIGERADOS",21320.0,0.0,3.0,"[21320.0,0.0,3.0]","[3.0963258596260514,0.0,0.4778271601074934]",0,LACTEOS Y FRESCOS
LONCOLECHE,UNIMARC,"LACTEOS, HUEVOS Y REFRIGERADOS",21100.0,0.0,3.0,"[21100.0,0.0,3.0]","[3.0643750299300976,0.0,0.4778271601074934]",0,LACTEOS Y FRESCOS
SOPROLE,UNIMARC,"LACTEOS, HUEVOS Y REFRIGERADOS",42900.0,0.0,3.0,"[42900.0,0.0,3.0]","[6.230411790710956,0.0,0.4778271601074934]",0,LACTEOS Y FRESCOS
COLUN,UNIMARC,"LACTEOS, HUEVOS Y REFRIGERADOS",41090.0,0.0,3.0,"[41090.0,0.0,3.0]","[5.967543600939702,0.0,0.4778271601074934]",0,LACTEOS Y FRESCOS
COLUN,UNIMARC,"LACTEOS, HUEVOS Y REFRIGERADOS",41090.0,0.0,3.0,"[41090.0,0.0,3.0]","[5.967543600939702,0.0,0.4778271601074934]",0,LACTEOS Y FRESCOS
SOPROLE,UNIMARC,"LACTEOS, HUEVOS Y REFRIGERADOS",41550.0,0.0,3.0,"[41550.0,0.0,3.0]","[6.03434988121306,0.0,0.4778271601074934]",0,LACTEOS Y FRESCOS
NUESTRA COCINA,UNIMARC,"LACTEOS, HUEVOS Y REFRIGERADOS",41000.0,0.0,3.0,"[41000.0,0.0,3.0]","[5.954472806973175,0.0,0.4778271601074934]",0,LACTEOS Y FRESCOS
NESTLE,UNIMARC,"LACTEOS, HUEVOS Y REFRIGERADOS",21000.0,0.0,3.0,"[21000.0,0.0,3.0]","[3.049851925522846,0.0,0.4778271601074934]",0,LACTEOS Y FRESCOS
COLUN,UNIMARC,"LACTEOS, HUEVOS Y REFRIGERADOS",61890.0,0.0,3.0,"[61890.0,0.0,3.0]","[8.988349317648044,0.0,0.4778271601074934]",0,LACTEOS Y FRESCOS
SOPROLE,UNIMARC,"LACTEOS, HUEVOS Y REFRIGERADOS",1750.0,0.0,3.0,"[1750.0,0.0,3.0]","[0.25415432712690383,0.0,0.4778271601074934]",0,LACTEOS Y FRESCOS
QUILLAYES,UNIMARC,"LACTEOS, HUEVOS Y REFRIGERADOS",63000.0,0.0,3.0,"[63000.0,0.0,3.0]","[9.149555776568539,0.0,0.4778271601074934]",0,LACTEOS Y FRESCOS
NESTLE,UNIMARC,"LACTEOS, HUEVOS Y REFRIGERADOS",2510.0,0.0,3.0,"[2510.0,0.0,3.0]","[0.36452992062201633,0.0,0.4778271601074934]",0,LACTEOS Y FRESCOS
NIDO,UNIMARC,"LACTEOS, HUEVOS Y REFRIGERADOS",7850.0,0.0,3.0,"[7850.0,0.0,3.0]","[1.1400636959692543,0.0,0.4778271601074934]",0,LACTEOS Y FRESCOS
NESTLE,UNIMARC,"LACTEOS, HUEVOS Y REFRIGERADOS",63400.0,0.0,3.0,"[63400.0,0.0,3.0]","[9.207648194197544,0.0,0.4778271601074934]",0,LACTEOS Y FRESCOS
LONCOLECHE,UNIMARC,"LACTEOS, HUEVOS Y REFRIGERADOS",12000.0,0.0,3.0,"[12000.0,0.0,3.0]","[1.7427725288701976,0.0,0.4778271601074934]",0,LACTEOS Y FRESCOS
SOPROLE,UNIMARC,"LACTEOS, HUEVOS Y REFRIGERADOS",63190.0,0.0,3.0,"[63190.0,0.0,3.0]","[9.177149674942315,0.0,0.4778271601074934]",0,LACTEOS Y FRESCOS
NUESTRA COCINA,UNIMARC,"LACTEOS, HUEVOS Y REFRIGERADOS",41000.0,0.0,3.0,"[41000.0,0.0,3.0]","[5.954472806973175,0.0,0.4778271601074934]",0,LACTEOS Y FRESCOS
NESTLE,UNIMARC,"LACTEOS, HUEVOS Y REFRIGERADOS",21000.0,0.0,3.0,"[21000.0,0.0,3.0]","[3.049851925522846,0.0,0.4778271601074934]",0,LACTEOS Y FRESCOS
LONCOLECHE,UNIMARC,"LACTEOS, HUEVOS Y REFRIGERADOS",53250.0,0.0,3.0,"[53250.0,0.0,3.0]","[7.7335530968615025,0.0,0.4778271601074934]",0,LACTEOS Y FRESCOS
NUESTRA COCINA,UNIMARC,"LACTEOS, HUEVOS Y REFRIGERADOS",7350.0,0.0,3.0,"[7350.0,0.0,3.0]","[1.0674481739329962,0.0,0.4778271601074934]",0,LACTEOS Y FRESCOS
SOPROLE,UNIMARC,"LACTEOS, HUEVOS Y REFRIGERADOS",42100.0,0.0,3.0,"[42100.0,0.0,3.0]","[6.114226955452944,0.0,0.4778271601074934]",0,LACTEOS Y FRESCOS
SOPROLE,UNIMARC,"LACTEOS, HUEVOS Y REFRIGERADOS",41750.0,0.0,3.0,"[41750.0,0.0,3.0]","[6.063396090027563,0.0,0.4778271601074934]",0,LACTEOS Y FRESCOS
SOPROLE,UNIMARC,"LACTEOS, HUEVOS Y REFRIGERADOS",42600.0,0.0,3.0,"[42600.0,0.0,3.0]","[6.1868424774892015,0.0,0.4778271601074934]",0,LACTEOS Y FRESCOS
SOPROLE,UNIMARC,"LACTEOS, HUEVOS Y REFRIGERADOS",1590.0,0.0,3.0,"[1590.0,0.0,3.0]","[0.2309173600753012,0.0,0.4778271601074934]",0,LACTEOS Y FRESCOS
NESTLE,UNIMARC,"LACTEOS, HUEVOS Y REFRIGERADOS",42200.0,0.0,3.0,"[42200.0,0.0,3.0]","[6.128750059860195,0.0,0.4778271601074934]",0,LACTEOS Y FRESCOS
NESTLE,UNIMARC,"LACTEOS, HUEVOS Y REFRIGERADOS",81890.0,0.0,3.0,"[81890.0,0.0,3.0]","[11.892970199098373,0.0,0.4778271601074934]",0,LACTEOS Y FRESCOS
COLUN,UNIMARC,"LACTEOS, HUEVOS Y REFRIGERADOS",61890.0,0.0,3.0,"[61890.0,0.0,3.0]","[8.988349317648044,0.0,0.4778271601074934]",0,LACTEOS Y FRESCOS
NESTLE,UNIMARC,"LACTEOS, HUEVOS Y REFRIGERADOS",42200.0,0.0,3.0,"[42200.0,0.0,3.0]","[6.128750059860195,0.0,0.4778271601074934]",0,LACTEOS Y FRESCOS
VIVO,UNIMARC,"LACTEOS, HUEVOS Y REFRIGERADOS",21590.0,0.0,3.0,"[21590.0,0.0,3.0]","[3.1355382415256305,0.0,0.4778271601074934]",0,LACTEOS Y FRESCOS
COLUN,UNIMARC,"LACTEOS, HUEVOS Y REFRIGERADOS",3350.0,0.0,3.0,"[3350.0,0.0,3.0]","[0.4865239976429302,0.0,0.4778271601074934]",0,LACTEOS Y FRESCOS
SOPROLE,UNIMARC,"LACTEOS, HUEVOS Y REFRIGERADOS",1450.0,0.0,3.0,"[1450.0,0.0,3.0]","[0.2105850139051489,0.0,0.4778271601074934]",0,LACTEOS Y FRESCOS
NUESTRA COCINA,UNIMARC,"LACTEOS, HUEVOS Y REFRIGERADOS",41000.0,0.0,3.0,"[41000.0,0.0,3.0]","[5.954472806973175,0.0,0.4778271601074934]",0,LACTEOS Y FRESCOS
COLUN,UNIMARC,"LACTEOS, HUEVOS Y REFRIGERADOS",62000.0,0.0,3.0,"[62000.0,0.0,3.0]","[9.004324732496022,0.0,0.4778271601074934]",0,LACTEOS Y FRESCOS
LONCOLECHE,UNIMARC,"LACTEOS, HUEVOS Y REFRIGERADOS",2100.0,0.0,3.0,"[2100.0,0.0,3.0]","[0.3049851925522846,0.0,0.4778271601074934]",0,LACTEOS Y FRESCOS
LONCOLECHE,UNIMARC,"LACTEOS, HUEVOS Y REFRIGERADOS",950.0,0.0,3.0,"[950.0,0.0,3.0]","[0.13796949186889065,0.0,0.4778271601074934]",0,LACTEOS Y FRESCOS
COLUN,UNIMARC,"LACTEOS, HUEVOS Y REFRIGERADOS",61890.0,0.0,3.0,"[61890.0,0.0,3.0]","[8.988349317648044,0.0,0.4778271601074934]",0,LACTEOS Y FRESCOS
VIVO,UNIMARC,"LACTEOS, HUEVOS Y REFRIGERADOS",21640.0,0.0,3.0,"[21640.0,0.0,3.0]","[3.1427997937292567,0.0,0.4778271601074934]",0,LACTEOS Y FRESCOS
SOPROLE,UNIMARC,"LACTEOS, HUEVOS Y REFRIGERADOS",41800.0,0.0,3.0,"[41800.0,0.0,3.0]","[6.070657642231189,0.0,0.4778271601074934]",0,LACTEOS Y FRESCOS
SVELTY,UNIMARC,"LACTEOS, HUEVOS Y REFRIGERADOS",26190.0,0.0,3.0,"[26190.0,0.0,3.0]","[3.8036010442592065,0.0,0.4778271601074934]",0,LACTEOS Y FRESCOS
VIVO,UNIMARC,"LACTEOS, HUEVOS Y REFRIGERADOS",21640.0,0.0,3.0,"[21640.0,0.0,3.0]","[3.1427997937292567,0.0,0.4778271601074934]",0,LACTEOS Y FRESCOS
SOPROLE,UNIMARC,"LACTEOS, HUEVOS Y REFRIGERADOS",63190.0,0.0,3.0,"[63190.0,0.0,3.0]","[9.177149674942315,0.0,0.4778271601074934]",0,LACTEOS Y FRESCOS
COLUN,UNIMARC,"LACTEOS, HUEVOS Y REFRIGERADOS",61890.0,0.0,3.0,"[61890.0,0.0,3.0]","[8.988349317648044,0.0,0.4778271601074934]",0,LACTEOS Y FRESCOS
SUREÑA,UNIMARC,"LACTEOS, HUEVOS Y REFRIGERADOS",2190.0,0.0,3.0,"[2190.0,0.0,3.0]","[0.31805598651881106,0.0,0.4778271601074934]",0,LACTEOS Y FRESCOS
LONCOLECHE,UNIMARC,"LACTEOS, HUEVOS Y REFRIGERADOS",21250.0,0.0,3.0,"[21250.0,0.0,3.0]","[3.086159686540975,0.0,0.4778271601074934]",0,LACTEOS Y FRESCOS
SOPROLE,UNIMARC,"LACTEOS, HUEVOS Y REFRIGERADOS",3790.0,0.0,3.0,"[3790.0,0.0,3.0]","[0.5504256570348375,0.0,0.4778271601074934]",0,LACTEOS Y FRESCOS
COLUN,UNIMARC,"LACTEOS, HUEVOS Y REFRIGERADOS",62000.0,0.0,3.0,"[62000.0,0.0,3.0]","[9.004324732496022,0.0,0.4778271601074934]",0,LACTEOS Y FRESCOS
NESTLE,UNIMARC,"LACTEOS, HUEVOS Y REFRIGERADOS",21000.0,0.0,3.0,"[21000.0,0.0,3.0]","[3.049851925522846,0.0,0.4778271601074934]",0,LACTEOS Y FRESCOS
SURLAT,UNIMARC,"LACTEOS, HUEVOS Y REFRIGERADOS",1190.0,0.0,3.0,"[1190.0,0.0,3.0]","[0.1728249424462946,0.0,0.4778271601074934]",0,LACTEOS Y FRESCOS
SOPROLE,UNIMARC,"LACTEOS, HUEVOS Y REFRIGERADOS",41750.0,0.0,3.0,"[41750.0,0.0,3.0]","[6.063396090027563,0.0,0.4778271601074934]",0,LACTEOS Y FRESCOS
QUILLAYES,UNIMARC,"LACTEOS, HUEVOS Y REFRIGERADOS",63000.0,0.0,3.0,"[63000.0,0.0,3.0]","[9.149555776568539,0.0,0.4778271601074934]",0,LACTEOS Y FRESCOS
SOPROLE,UNIMARC,"LACTEOS, HUEVOS Y REFRIGERADOS",21480.0,0.0,3.0,"[21480.0,0.0,3.0]","[3.119562826677654,0.0,0.4778271601074934]",0,LACTEOS Y FRESCOS
OIKOS,UNIMARC,"LACTEOS, HUEVOS Y REFRIGERADOS",21320.0,0.0,3.0,"[21320.0,0.0,3.0]","[3.0963258596260514,0.0,0.4778271601074934]",0,LACTEOS Y FRESCOS
LONCOLECHE,UNIMARC,"LACTEOS, HUEVOS Y REFRIGERADOS",2520.0,0.0,3.0,"[2520.0,0.0,3.0]","[0.3659822310627415,0.0,0.4778271601074934]",0,LACTEOS Y FRESCOS
VIVO,UNIMARC,"LACTEOS, HUEVOS Y REFRIGERADOS",21640.0,0.0,3.0,"[21640.0,0.0,3.0]","[3.1427997937292567,0.0,0.4778271601074934]",0,LACTEOS Y FRESCOS
MANJARATE,UNIMARC,"LACTEOS, HUEVOS Y REFRIGERADOS",53300.0,0.0,3.0,"[53300.0,0.0,3.0]","[7.740814649065128,0.0,0.4778271601074934]",0,LACTEOS Y FRESCOS
EDRA,UNIMARC,"LACTEOS, HUEVOS Y REFRIGERADOS",2490.0,0.0,3.0,"[2490.0,0.0,3.0]","[0.361625299740566,0.0,0.4778271601074934]",0,LACTEOS Y FRESCOS
SOPROLE,UNIMARC,"LACTEOS, HUEVOS Y REFRIGERADOS",21600.0,0.0,3.0,"[21600.0,0.0,3.0]","[3.1369905519663557,0.0,0.4778271601074934]",0,LACTEOS Y FRESCOS
LONCOLECHE,UNIMARC,"LACTEOS, HUEVOS Y REFRIGERADOS",1190.0,0.0,3.0,"[1190.0,0.0,3.0]","[0.1728249424462946,0.0,0.4778271601074934]",0,LACTEOS Y FRESCOS
SURLAT,UNIMARC,"LACTEOS, HUEVOS Y REFRIGERADOS",2890.0,0.0,3.0,"[2890.0,0.0,3.0]","[0.41971771736957264,0.0,0.4778271601074934]",0,LACTEOS Y FRESCOS
SOPROLE,UNIMARC,"LACTEOS, HUEVOS Y REFRIGERADOS",42000.0,0.0,3.0,"[42000.0,0.0,3.0]","[6.099703851045692,0.0,0.4778271601074934]",0,LACTEOS Y FRESCOS
LONCOLECHE,UNIMARC,"LACTEOS, HUEVOS Y REFRIGERADOS",2100.0,0.0,3.0,"[2100.0,0.0,3.0]","[0.3049851925522846,0.0,0.4778271601074934]",0,LACTEOS Y FRESCOS
SOPROLE,UNIMARC,"LACTEOS, HUEVOS Y REFRIGERADOS",3790.0,0.0,3.0,"[3790.0,0.0,3.0]","[0.5504256570348375,0.0,0.4778271601074934]",0,LACTEOS Y FRESCOS
SOPROLE,UNIMARC,"LACTEOS, HUEVOS Y REFRIGERADOS",1200.0,0.0,3.0,"[1200.0,0.0,3.0]","[0.17427725288701978,0.0,0.4778271601074934]",0,LACTEOS Y FRESCOS
VIVO,UNIMARC,"LACTEOS, HUEVOS Y REFRIGERADOS",21590.0,0.0,3.0,"[21590.0,0.0,3.0]","[3.1355382415256305,0.0,0.4778271601074934]",0,LACTEOS Y FRESCOS
SURLAT,UNIMARC,"LACTEOS, HUEVOS Y REFRIGERADOS",21380.0,0.0,3.0,"[21380.0,0.0,3.0]","[3.1050397222704023,0.0,0.4778271601074934]",0,LACTEOS Y FRESCOS
SOPROLE,UNIMARC,"LACTEOS, HUEVOS Y REFRIGERADOS",31900.0,0.0,3.0,"[31900.0,0.0,3.0]","[4.632870305913276,0.0,0.4778271601074934]",0,LACTEOS Y FRESCOS
COLUN,UNIMARC,"LACTEOS, HUEVOS Y REFRIGERADOS",1950.0,0.0,3.0,"[1950.0,0.0,3.0]","[0.28320053594140715,0.0,0.4778271601074934]",0,LACTEOS Y FRESCOS
SOPROLE,UNIMARC,"LACTEOS, HUEVOS Y REFRIGERADOS",21600.0,0.0,3.0,"[21600.0,0.0,3.0]","[3.1369905519663557,0.0,0.4778271601074934]",0,LACTEOS Y FRESCOS
LONCOLECHE,UNIMARC,"LACTEOS, HUEVOS Y REFRIGERADOS",4290.0,0.0,3.0,"[4290.0,0.0,3.0]","[0.6230411790710957,0.0,0.4778271601074934]",0,LACTEOS Y FRESCOS
SURLAT,UNIMARC,"LACTEOS, HUEVOS Y REFRIGERADOS",21380.0,0.0,3.0,"[21380.0,0.0,3.0]","[3.1050397222704023,0.0,0.4778271601074934]",0,LACTEOS Y FRESCOS
VIVO,UNIMARC,"LACTEOS, HUEVOS Y REFRIGERADOS",21590.0,0.0,3.0,"[21590.0,0.0,3.0]","[3.1355382415256305,0.0,0.4778271601074934]",0,LACTEOS Y FRESCOS
COLUN,UNIMARC,"LACTEOS, HUEVOS Y REFRIGERADOS",1950.0,0.0,3.0,"[1950.0,0.0,3.0]","[0.28320053594140715,0.0,0.4778271601074934]",0,LACTEOS Y FRESCOS
SOPROLE,UNIMARC,"LACTEOS, HUEVOS Y REFRIGERADOS",31900.0,0.0,3.0,"[31900.0,0.0,3.0]","[4.632870305913276,0.0,0.4778271601074934]",0,LACTEOS Y FRESCOS
VIVO,UNIMARC,"LACTEOS, HUEVOS Y REFRIGERADOS",21640.0,0.0,3.0,"[21640.0,0.0,3.0]","[3.1427997937292567,0.0,0.4778271601074934]",0,LACTEOS Y FRESCOS
VIVO,UNIMARC,"LACTEOS, HUEVOS Y REFRIGERADOS",21620.0,0.0,3.0,"[21620.0,0.0,3.0]","[3.1398951728478064,0.0,0.4778271601074934]",0,LACTEOS Y FRESCOS
SURLAT,UNIMARC,"LACTEOS, HUEVOS Y REFRIGERADOS",1190.0,0.0,3.0,"[1190.0,0.0,3.0]","[0.1728249424462946,0.0,0.4778271601074934]",0,LACTEOS Y FRESCOS
NIDO,UNIMARC,"LACTEOS, HUEVOS Y REFRIGERADOS",19790.0,0.0,3.0,"[19790.0,0.0,3.0]","[2.874122362195101,0.0,0.4778271601074934]",0,LACTEOS Y FRESCOS
SURLAT,UNIMARC,"LACTEOS, HUEVOS Y REFRIGERADOS",2690.0,0.0,3.0,"[2690.0,0.0,3.0]","[0.3906715085550693,0.0,0.4778271601074934]",0,LACTEOS Y FRESCOS
COLA CAO,UNIMARC,"LACTEOS, HUEVOS Y REFRIGERADOS",6890.0,0.0,3.0,"[6890.0,0.0,3.0]","[1.0006418936596386,0.0,0.4778271601074934]",0,LACTEOS Y FRESCOS
SOPROLE,UNIMARC,"LACTEOS, HUEVOS Y REFRIGERADOS",340.0,0.0,3.0,"[340.0,0.0,3.0]","[0.0493785549846556,0.0,0.4778271601074934]",0,LACTEOS Y FRESCOS
NESTLE,UNIMARC,"LACTEOS, HUEVOS Y REFRIGERADOS",4390.0,0.0,3.0,"[4390.0,0.0,3.0]","[0.6375642834783474,0.0,0.4778271601074934]",0,LACTEOS Y FRESCOS
LONCOLECHE,UNIMARC,"LACTEOS, HUEVOS Y REFRIGERADOS",1035.0,0.0,3.0,"[1035.0,0.0,3.0]","[0.15031413061505455,0.0,0.4778271601074934]",0,LACTEOS Y FRESCOS
VIVO,UNIMARC,"LACTEOS, HUEVOS Y REFRIGERADOS",560.0,0.0,3.0,"[560.0,0.0,3.0]","[0.08132938468060923,0.0,0.4778271601074934]",0,LACTEOS Y FRESCOS
SOPROLE,UNIMARC,"LACTEOS, HUEVOS Y REFRIGERADOS",1490.0,0.0,3.0,"[1490.0,0.0,3.0]","[0.21639425566804954,0.0,0.4778271601074934]",0,LACTEOS Y FRESCOS
CHANDELLE,UNIMARC,"LACTEOS, HUEVOS Y REFRIGERADOS",810.0,0.0,3.0,"[810.0,0.0,3.0]","[0.11763714569873834,0.0,0.4778271601074934]",0,LACTEOS Y FRESCOS
VILAY,UNIMARC,"LACTEOS, HUEVOS Y REFRIGERADOS",2000.0,0.0,3.0,"[2000.0,0.0,3.0]","[0.29046208814503294,0.0,0.4778271601074934]",0,LACTEOS Y FRESCOS
CALO,UNIMARC,"LACTEOS, HUEVOS Y REFRIGERADOS",4650.0,0.0,3.0,"[4650.0,0.0,3.0]","[0.6753243549372017,0.0,0.4778271601074934]",0,LACTEOS Y FRESCOS
NESTLE,UNIMARC,"LACTEOS, HUEVOS Y REFRIGERADOS",2110.0,0.0,3.0,"[2110.0,0.0,3.0]","[0.30643750299300976,0.0,0.4778271601074934]",0,LACTEOS Y FRESCOS
SOPROLE,UNIMARC,"LACTEOS, HUEVOS Y REFRIGERADOS",2790.0,0.0,3.0,"[2790.0,0.0,3.0]","[0.40519461296232095,0.0,0.4778271601074934]",0,LACTEOS Y FRESCOS
LONCOLECHE,UNIMARC,"LACTEOS, HUEVOS Y REFRIGERADOS",2100.0,0.0,3.0,"[2100.0,0.0,3.0]","[0.3049851925522846,0.0,0.4778271601074934]",0,LACTEOS Y FRESCOS
NOT MILK,UNIMARC,"LACTEOS, HUEVOS Y REFRIGERADOS",2190.0,0.0,3.0,"[2190.0,0.0,3.0]","[0.31805598651881106,0.0,0.4778271601074934]",0,LACTEOS Y FRESCOS
NESTLE,UNIMARC,"LACTEOS, HUEVOS Y REFRIGERADOS",3390.0,0.0,3.0,"[3390.0,0.0,3.0]","[0.49233323940583085,0.0,0.4778271601074934]",0,LACTEOS Y FRESCOS
CRUCINA,UNIMARC,"LACTEOS, HUEVOS Y REFRIGERADOS",3050.0,0.0,3.0,"[3050.0,0.0,3.0]","[0.44295468442117525,0.0,0.4778271601074934]",0,LACTEOS Y FRESCOS
SOPROLE,UNIMARC,"LACTEOS, HUEVOS Y REFRIGERADOS",300.0,0.0,3.0,"[300.0,0.0,3.0]","[0.043569313221754946,0.0,0.4778271601074934]",0,LACTEOS Y FRESCOS
LONCOLECHE,UNIMARC,"LACTEOS, HUEVOS Y REFRIGERADOS",6290.0,0.0,3.0,"[6290.0,0.0,3.0]","[0.9135032672161286,0.0,0.4778271601074934]",0,LACTEOS Y FRESCOS
COLUN,UNIMARC,"LACTEOS, HUEVOS Y REFRIGERADOS",1750.0,0.0,3.0,"[1750.0,0.0,3.0]","[0.25415432712690383,0.0,0.4778271601074934]",0,LACTEOS Y FRESCOS
LONCOLECHE,UNIMARC,"LACTEOS, HUEVOS Y REFRIGERADOS",12000.0,0.0,3.0,"[12000.0,0.0,3.0]","[1.7427725288701976,0.0,0.4778271601074934]",0,LACTEOS Y FRESCOS
COLUN,UNIMARC,"LACTEOS, HUEVOS Y REFRIGERADOS",1750.0,0.0,3.0,"[1750.0,0.0,3.0]","[0.25415432712690383,0.0,0.4778271601074934]",0,LACTEOS Y FRESCOS
VILAY,UNIMARC,"LACTEOS, HUEVOS Y REFRIGERADOS",2000.0,0.0,3.0,"[2000.0,0.0,3.0]","[0.29046208814503294,0.0,0.4778271601074934]",0,LACTEOS Y FRESCOS
NESTLE,UNIMARC,"LACTEOS, HUEVOS Y REFRIGERADOS",2110.0,0.0,3.0,"[2110.0,0.0,3.0]","[0.30643750299300976,0.0,0.4778271601074934]",0,LACTEOS Y FRESCOS
LONCOLECHE,UNIMARC,"LACTEOS, HUEVOS Y REFRIGERADOS",2520.0,0.0,3.0,"[2520.0,0.0,3.0]","[0.3659822310627415,0.0,0.4778271601074934]",0,LACTEOS Y FRESCOS
COLUN,UNIMARC,"LACTEOS, HUEVOS Y REFRIGERADOS",1590.0,0.0,3.0,"[1590.0,0.0,3.0]","[0.2309173600753012,0.0,0.4778271601074934]",0,LACTEOS Y FRESCOS
YOGU YOGU,UNIMARC,"LACTEOS, HUEVOS Y REFRIGERADOS",3750.0,0.0,3.0,"[3750.0,0.0,3.0]","[0.5446164152719368,0.0,0.4778271601074934]",0,LACTEOS Y FRESCOS
SOPROLE,UNIMARC,"LACTEOS, HUEVOS Y REFRIGERADOS",2750.0,0.0,3.0,"[2750.0,0.0,3.0]","[0.3993853711994203,0.0,0.4778271601074934]",0,LACTEOS Y FRESCOS
CALO,UNIMARC,"LACTEOS, HUEVOS Y REFRIGERADOS",1850.0,0.0,3.0,"[1850.0,0.0,3.0]","[0.26867743153415546,0.0,0.4778271601074934]",0,LACTEOS Y FRESCOS
UNO,UNIMARC,"LACTEOS, HUEVOS Y REFRIGERADOS",3790.0,0.0,3.0,"[3790.0,0.0,3.0]","[0.5504256570348375,0.0,0.4778271601074934]",0,LACTEOS Y FRESCOS
CALO,UNIMARC,"LACTEOS, HUEVOS Y REFRIGERADOS",6240.0,0.0,3.0,"[6240.0,0.0,3.0]","[0.9062417150125028,0.0,0.4778271601074934]",0,LACTEOS Y FRESCOS
WATTS,UNIMARC,"LACTEOS, HUEVOS Y REFRIGERADOS",2690.0,0.0,3.0,"[2690.0,0.0,3.0]","[0.3906715085550693,0.0,0.4778271601074934]",0,LACTEOS Y FRESCOS
SURLAT,UNIMARC,"LACTEOS, HUEVOS Y REFRIGERADOS",2590.0,0.0,3.0,"[2590.0,0.0,3.0]","[0.3761484041478177,0.0,0.4778271601074934]",0,LACTEOS Y FRESCOS
OIKOS,UNIMARC,"LACTEOS, HUEVOS Y REFRIGERADOS",990.0,0.0,3.0,"[990.0,0.0,3.0]","[0.1437787336317913,0.0,0.4778271601074934]",0,LACTEOS Y FRESCOS
CALO,UNIMARC,"LACTEOS, HUEVOS Y REFRIGERADOS",2150.0,0.0,3.0,"[2150.0,0.0,3.0]","[0.3122467447559104,0.0,0.4778271601074934]",0,LACTEOS Y FRESCOS
COLIUMO,UNIMARC,"LACTEOS, HUEVOS Y REFRIGERADOS",9990.0,0.0,3.0,"[9990.0,0.0,3.0]","[1.4508581302844397,0.0,0.4778271601074934]",0,LACTEOS Y FRESCOS
QUILLAYES,UNIMARC,"LACTEOS, HUEVOS Y REFRIGERADOS",2000.0,0.0,3.0,"[2000.0,0.0,3.0]","[0.29046208814503294,0.0,0.4778271601074934]",0,LACTEOS Y FRESCOS
COLUN,UNIMARC,"LACTEOS, HUEVOS Y REFRIGERADOS",1390.0,0.0,3.0,"[1390.0,0.0,3.0]","[0.2018711512607979,0.0,0.4778271601074934]",0,LACTEOS Y FRESCOS
QUILLAYES,UNIMARC,"LACTEOS, HUEVOS Y REFRIGERADOS",2650.0,0.0,3.0,"[2650.0,0.0,3.0]","[0.3848622667921687,0.0,0.4778271601074934]",0,LACTEOS Y FRESCOS
SOPROLE,UNIMARC,"LACTEOS, HUEVOS Y REFRIGERADOS",1750.0,0.0,3.0,"[1750.0,0.0,3.0]","[0.25415432712690383,0.0,0.4778271601074934]",0,LACTEOS Y FRESCOS
NESTLE,UNIMARC,"LACTEOS, HUEVOS Y REFRIGERADOS",870.0,0.0,3.0,"[870.0,0.0,3.0]","[0.12635100834308932,0.0,0.4778271601074934]",0,LACTEOS Y FRESCOS
SOPROLE,UNIMARC,"LACTEOS, HUEVOS Y REFRIGERADOS",1590.0,0.0,3.0,"[1590.0,0.0,3.0]","[0.2309173600753012,0.0,0.4778271601074934]",0,LACTEOS Y FRESCOS
NOT MILK,UNIMARC,"LACTEOS, HUEVOS Y REFRIGERADOS",2190.0,0.0,3.0,"[2190.0,0.0,3.0]","[0.31805598651881106,0.0,0.4778271601074934]",0,LACTEOS Y FRESCOS
NOT MILK,UNIMARC,"LACTEOS, HUEVOS Y REFRIGERADOS",2190.0,0.0,3.0,"[2190.0,0.0,3.0]","[0.31805598651881106,0.0,0.4778271601074934]",0,LACTEOS Y FRESCOS
LONCOLECHE,UNIMARC,"LACTEOS, HUEVOS Y REFRIGERADOS",1620.0,0.0,3.0,"[1620.0,0.0,3.0]","[0.2352742913974767,0.0,0.4778271601074934]",0,LACTEOS Y FRESCOS
SURLAT,UNIMARC,"LACTEOS, HUEVOS Y REFRIGERADOS",2690.0,0.0,3.0,"[2690.0,0.0,3.0]","[0.3906715085550693,0.0,0.4778271601074934]",0,LACTEOS Y FRESCOS
SOPROLE,UNIMARC,"LACTEOS, HUEVOS Y REFRIGERADOS",2750.0,0.0,3.0,"[2750.0,0.0,3.0]","[0.3993853711994203,0.0,0.4778271601074934]",0,LACTEOS Y FRESCOS
CALO,UNIMARC,"LACTEOS, HUEVOS Y REFRIGERADOS",1690.0,0.0,3.0,"[1690.0,0.0,3.0]","[0.24544046448255286,0.0,0.4778271601074934]",0,LACTEOS Y FRESCOS
SOPROLE,UNIMARC,"LACTEOS, HUEVOS Y REFRIGERADOS",500.0,0.0,3.0,"[500.0,0.0,3.0]","[0.07261552203625823,0.0,0.4778271601074934]",0,LACTEOS Y FRESCOS
QUALY,UNIMARC,"LACTEOS, HUEVOS Y REFRIGERADOS",2820.0,0.0,3.0,"[2820.0,0.0,3.0]","[0.40955154428449647,0.0,0.4778271601074934]",0,LACTEOS Y FRESCOS
CINTAZUL,UNIMARC,"LACTEOS, HUEVOS Y REFRIGERADOS",4790.0,0.0,3.0,"[4790.0,0.0,3.0]","[0.6956567011073539,0.0,0.4778271601074934]",0,LACTEOS Y FRESCOS
DILA,UNIMARC,"LACTEOS, HUEVOS Y REFRIGERADOS",1690.0,0.0,3.0,"[1690.0,0.0,3.0]","[0.24544046448255286,0.0,0.4778271601074934]",0,LACTEOS Y FRESCOS
SOPROLE,UNIMARC,"LACTEOS, HUEVOS Y REFRIGERADOS",3190.0,0.0,3.0,"[3190.0,0.0,3.0]","[0.46328703059132753,0.0,0.4778271601074934]",0,LACTEOS Y FRESCOS
SOPROLE,UNIMARC,"LACTEOS, HUEVOS Y REFRIGERADOS",3790.0,0.0,3.0,"[3790.0,0.0,3.0]","[0.5504256570348375,0.0,0.4778271601074934]",0,LACTEOS Y FRESCOS
COLUN,UNIMARC,"LACTEOS, HUEVOS Y REFRIGERADOS",1590.0,0.0,3.0,"[1590.0,0.0,3.0]","[0.2309173600753012,0.0,0.4778271601074934]",0,LACTEOS Y FRESCOS
CALO,UNIMARC,"LACTEOS, HUEVOS Y REFRIGERADOS",6240.0,0.0,3.0,"[6240.0,0.0,3.0]","[0.9062417150125028,0.0,0.4778271601074934]",0,LACTEOS Y FRESCOS
SOPROLE,UNIMARC,"LACTEOS, HUEVOS Y REFRIGERADOS",820.0,0.0,3.0,"[820.0,0.0,3.0]","[0.1190894561394635,0.0,0.4778271601074934]",0,LACTEOS Y FRESCOS
NEXT,UNIMARC,"LACTEOS, HUEVOS Y REFRIGERADOS",2590.0,0.0,3.0,"[2590.0,0.0,3.0]","[0.3761484041478177,0.0,0.4778271601074934]",0,LACTEOS Y FRESCOS
SOPROLE,UNIMARC,"LACTEOS, HUEVOS Y REFRIGERADOS",300.0,0.0,3.0,"[300.0,0.0,3.0]","[0.043569313221754946,0.0,0.4778271601074934]",0,LACTEOS Y FRESCOS
COLA CAO,UNIMARC,"LACTEOS, HUEVOS Y REFRIGERADOS",3590.0,0.0,3.0,"[3590.0,0.0,3.0]","[0.5213794482203341,0.0,0.4778271601074934]",0,LACTEOS Y FRESCOS
LOS PEUMOS,UNIMARC,"LACTEOS, HUEVOS Y REFRIGERADOS",12000.0,0.0,3.0,"[12000.0,0.0,3.0]","[1.7427725288701976,0.0,0.4778271601074934]",0,LACTEOS Y FRESCOS
COLUN,UNIMARC,"LACTEOS, HUEVOS Y REFRIGERADOS",3890.0,0.0,3.0,"[3890.0,0.0,3.0]","[0.564948761442089,0.0,0.4778271601074934]",0,LACTEOS Y FRESCOS
DOLCE ITALIA,UNIMARC,"LACTEOS, HUEVOS Y REFRIGERADOS",1750.0,0.0,3.0,"[1750.0,0.0,3.0]","[0.25415432712690383,0.0,0.4778271601074934]",0,LACTEOS Y FRESCOS
SVELTY,UNIMARC,"LACTEOS, HUEVOS Y REFRIGERADOS",7290.0,0.0,3.0,"[7290.0,0.0,3.0]","[1.0587343112886451,0.0,0.4778271601074934]",0,LACTEOS Y FRESCOS
SOPROLE,UNIMARC,"LACTEOS, HUEVOS Y REFRIGERADOS",1590.0,0.0,3.0,"[1590.0,0.0,3.0]","[0.2309173600753012,0.0,0.4778271601074934]",0,LACTEOS Y FRESCOS
UNO,UNIMARC,"LACTEOS, HUEVOS Y REFRIGERADOS",4450.0,0.0,3.0,"[4450.0,0.0,3.0]","[0.6462781461226983,0.0,0.4778271601074934]",0,LACTEOS Y FRESCOS
UNO,UNIMARC,"LACTEOS, HUEVOS Y REFRIGERADOS",3790.0,0.0,3.0,"[3790.0,0.0,3.0]","[0.5504256570348375,0.0,0.4778271601074934]",0,LACTEOS Y FRESCOS
NESTLE,UNIMARC,"LACTEOS, HUEVOS Y REFRIGERADOS",3400.0,0.0,3.0,"[3400.0,0.0,3.0]","[0.49378554984655604,0.0,0.4778271601074934]",0,LACTEOS Y FRESCOS
CALO,UNIMARC,"LACTEOS, HUEVOS Y REFRIGERADOS",12240.0,0.0,3.0,"[12240.0,0.0,3.0]","[1.7776279794476018,0.0,0.4778271601074934]",0,LACTEOS Y FRESCOS
CALAN,UNIMARC,"LACTEOS, HUEVOS Y REFRIGERADOS",1590.0,0.0,3.0,"[1590.0,0.0,3.0]","[0.2309173600753012,0.0,0.4778271601074934]",0,LACTEOS Y FRESCOS
UNO,UNIMARC,"LACTEOS, HUEVOS Y REFRIGERADOS",2000.0,0.0,3.0,"[2000.0,0.0,3.0]","[0.29046208814503294,0.0,0.4778271601074934]",0,LACTEOS Y FRESCOS
DOLCE ITALIA,UNIMARC,"LACTEOS, HUEVOS Y REFRIGERADOS",1750.0,0.0,3.0,"[1750.0,0.0,3.0]","[0.25415432712690383,0.0,0.4778271601074934]",0,LACTEOS Y FRESCOS
NIDO,UNIMARC,"LACTEOS, HUEVOS Y REFRIGERADOS",17690.0,0.0,3.0,"[17690.0,0.0,3.0]","[2.5691371696428162,0.0,0.4778271601074934]",0,LACTEOS Y FRESCOS
COLUN,UNIMARC,"LACTEOS, HUEVOS Y REFRIGERADOS",15000.0,0.0,3.0,"[15000.0,0.0,3.0]","[2.1784656610877473,0.0,0.4778271601074934]",0,LACTEOS Y FRESCOS
NIDO,UNIMARC,"LACTEOS, HUEVOS Y REFRIGERADOS",9890.0,0.0,3.0,"[9890.0,0.0,3.0]","[1.4363350258771879,0.0,0.4778271601074934]",0,LACTEOS Y FRESCOS
LONCOLECHE,UNIMARC,"LACTEOS, HUEVOS Y REFRIGERADOS",2890.0,0.0,3.0,"[2890.0,0.0,3.0]","[0.41971771736957264,0.0,0.4778271601074934]",0,LACTEOS Y FRESCOS
NESTLE,UNIMARC,"LACTEOS, HUEVOS Y REFRIGERADOS",3390.0,0.0,3.0,"[3390.0,0.0,3.0]","[0.49233323940583085,0.0,0.4778271601074934]",0,LACTEOS Y FRESCOS
YEMITA,UNIMARC,"LACTEOS, HUEVOS Y REFRIGERADOS",9990.0,0.0,3.0,"[9990.0,0.0,3.0]","[1.4508581302844397,0.0,0.4778271601074934]",0,LACTEOS Y FRESCOS
SOPROLE,UNIMARC,"LACTEOS, HUEVOS Y REFRIGERADOS",820.0,0.0,3.0,"[820.0,0.0,3.0]","[0.1190894561394635,0.0,0.4778271601074934]",0,LACTEOS Y FRESCOS
SOPROLE,UNIMARC,"LACTEOS, HUEVOS Y REFRIGERADOS",3090.0,0.0,3.0,"[3090.0,0.0,3.0]","[0.4487639261840759,0.0,0.4778271601074934]",0,LACTEOS Y FRESCOS
WATTS,UNIMARC,"LACTEOS, HUEVOS Y REFRIGERADOS",510.0,0.0,3.0,"[510.0,0.0,3.0]","[0.0740678324769834,0.0,0.4778271601074934]",0,LACTEOS Y FRESCOS
DELINE,UNIMARC,"LACTEOS, HUEVOS Y REFRIGERADOS",1990.0,0.0,3.0,"[1990.0,0.0,3.0]","[0.2890097777043078,0.0,0.4778271601074934]",0,LACTEOS Y FRESCOS
LOS PEUMOS,UNIMARC,"LACTEOS, HUEVOS Y REFRIGERADOS",2790.0,0.0,3.0,"[2790.0,0.0,3.0]","[0.40519461296232095,0.0,0.4778271601074934]",0,LACTEOS Y FRESCOS
LONCOLECHE,UNIMARC,"LACTEOS, HUEVOS Y REFRIGERADOS",6770.0,0.0,3.0,"[6770.0,0.0,3.0]","[0.9832141683709366,0.0,0.4778271601074934]",0,LACTEOS Y FRESCOS
SOPROLE,UNIMARC,"LACTEOS, HUEVOS Y REFRIGERADOS",1450.0,0.0,3.0,"[1450.0,0.0,3.0]","[0.2105850139051489,0.0,0.4778271601074934]",0,LACTEOS Y FRESCOS
SOPROLE,UNIMARC,"LACTEOS, HUEVOS Y REFRIGERADOS",2450.0,0.0,3.0,"[2450.0,0.0,3.0]","[0.35581605797766536,0.0,0.4778271601074934]",0,LACTEOS Y FRESCOS
SOPROLE,UNIMARC,"LACTEOS, HUEVOS Y REFRIGERADOS",2150.0,0.0,3.0,"[2150.0,0.0,3.0]","[0.3122467447559104,0.0,0.4778271601074934]",0,LACTEOS Y FRESCOS
COLUN,UNIMARC,"LACTEOS, HUEVOS Y REFRIGERADOS",2250.0,0.0,3.0,"[2250.0,0.0,3.0]","[0.3267698491631621,0.0,0.4778271601074934]",0,LACTEOS Y FRESCOS
NUESTRA COCINA,UNIMARC,"LACTEOS, HUEVOS Y REFRIGERADOS",440.0,0.0,3.0,"[440.0,0.0,3.0]","[0.06390165939190726,0.0,0.4778271601074934]",0,LACTEOS Y FRESCOS
SOPROLE,UNIMARC,"LACTEOS, HUEVOS Y REFRIGERADOS",3450.0,0.0,3.0,"[3450.0,0.0,3.0]","[0.5010471020501819,0.0,0.4778271601074934]",0,LACTEOS Y FRESCOS
NESTLE,UNIMARC,"LACTEOS, HUEVOS Y REFRIGERADOS",4390.0,0.0,3.0,"[4390.0,0.0,3.0]","[0.6375642834783474,0.0,0.4778271601074934]",0,LACTEOS Y FRESCOS
SOPROLE,UNIMARC,"LACTEOS, HUEVOS Y REFRIGERADOS",3190.0,0.0,3.0,"[3190.0,0.0,3.0]","[0.46328703059132753,0.0,0.4778271601074934]",0,LACTEOS Y FRESCOS
SOPROLE,UNIMARC,"LACTEOS, HUEVOS Y REFRIGERADOS",14400.0,0.0,3.0,"[14400.0,0.0,3.0]","[2.0913270346442374,0.0,0.4778271601074934]",0,LACTEOS Y FRESCOS
QUILLAYES,UNIMARC,"LACTEOS, HUEVOS Y REFRIGERADOS",4490.0,0.0,3.0,"[4490.0,0.0,3.0]","[0.652087387885599,0.0,0.4778271601074934]",0,LACTEOS Y FRESCOS
COLUN,UNIMARC,"LACTEOS, HUEVOS Y REFRIGERADOS",15000.0,0.0,3.0,"[15000.0,0.0,3.0]","[2.1784656610877473,0.0,0.4778271601074934]",0,LACTEOS Y FRESCOS
COLUN,UNIMARC,"LACTEOS, HUEVOS Y REFRIGERADOS",650.0,0.0,3.0,"[650.0,0.0,3.0]","[0.09440017864713571,0.0,0.4778271601074934]",0,LACTEOS Y FRESCOS
COLUN,UNIMARC,"LACTEOS, HUEVOS Y REFRIGERADOS",400.0,0.0,3.0,"[400.0,0.0,3.0]","[0.05809241762900659,0.0,0.4778271601074934]",0,LACTEOS Y FRESCOS
LA GRANJA,UNIMARC,"LACTEOS, HUEVOS Y REFRIGERADOS",5890.0,0.0,3.0,"[5890.0,0.0,3.0]","[0.855410849587122,0.0,0.4778271601074934]",0,LACTEOS Y FRESCOS
NESTLE,UNIMARC,"LACTEOS, HUEVOS Y REFRIGERADOS",1490.0,0.0,3.0,"[1490.0,0.0,3.0]","[0.21639425566804954,0.0,0.4778271601074934]",0,LACTEOS Y FRESCOS
WATTS,UNIMARC,"LACTEOS, HUEVOS Y REFRIGERADOS",2590.0,0.0,3.0,"[2590.0,0.0,3.0]","[0.3761484041478177,0.0,0.4778271601074934]",0,LACTEOS Y FRESCOS
COLUN,UNIMARC,"LACTEOS, HUEVOS Y REFRIGERADOS",15000.0,0.0,3.0,"[15000.0,0.0,3.0]","[2.1784656610877473,0.0,0.4778271601074934]",0,LACTEOS Y FRESCOS
SOPROLE,UNIMARC,"LACTEOS, HUEVOS Y REFRIGERADOS",760.0,0.0,3.0,"[760.0,0.0,3.0]","[0.11037559349511253,0.0,0.4778271601074934]",0,LACTEOS Y FRESCOS
SOPROLE,UNIMARC,"LACTEOS, HUEVOS Y REFRIGERADOS",14400.0,0.0,3.0,"[14400.0,0.0,3.0]","[2.0913270346442374,0.0,0.4778271601074934]",0,LACTEOS Y FRESCOS
EDRA,UNIMARC,"LACTEOS, HUEVOS Y REFRIGERADOS",1590.0,0.0,3.0,"[1590.0,0.0,3.0]","[0.2309173600753012,0.0,0.4778271601074934]",0,LACTEOS Y FRESCOS
COLUN,UNIMARC,"LACTEOS, HUEVOS Y REFRIGERADOS",7390.0,0.0,3.0,"[7390.0,0.0,3.0]","[1.0732574156958967,0.0,0.4778271601074934]",0,LACTEOS Y FRESCOS
CALO,UNIMARC,"LACTEOS, HUEVOS Y REFRIGERADOS",2890.0,0.0,3.0,"[2890.0,0.0,3.0]","[0.41971771736957264,0.0,0.4778271601074934]",0,LACTEOS Y FRESCOS
SOPROLE,UNIMARC,"LACTEOS, HUEVOS Y REFRIGERADOS",300.0,0.0,3.0,"[300.0,0.0,3.0]","[0.043569313221754946,0.0,0.4778271601074934]",0,LACTEOS Y FRESCOS
OIKOS,UNIMARC,"LACTEOS, HUEVOS Y REFRIGERADOS",1190.0,0.0,3.0,"[1190.0,0.0,3.0]","[0.1728249424462946,0.0,0.4778271601074934]",0,LACTEOS Y FRESCOS
COLUN,UNIMARC,"LACTEOS, HUEVOS Y REFRIGERADOS",1850.0,0.0,3.0,"[1850.0,0.0,3.0]","[0.26867743153415546,0.0,0.4778271601074934]",0,LACTEOS Y FRESCOS
NIDO,UNIMARC,"LACTEOS, HUEVOS Y REFRIGERADOS",17690.0,0.0,3.0,"[17690.0,0.0,3.0]","[2.5691371696428162,0.0,0.4778271601074934]",0,LACTEOS Y FRESCOS
COLUN,UNIMARC,"LACTEOS, HUEVOS Y REFRIGERADOS",3790.0,0.0,3.0,"[3790.0,0.0,3.0]","[0.5504256570348375,0.0,0.4778271601074934]",0,LACTEOS Y FRESCOS
NESTLE,UNIMARC,"LACTEOS, HUEVOS Y REFRIGERADOS",870.0,0.0,3.0,"[870.0,0.0,3.0]","[0.12635100834308932,0.0,0.4778271601074934]",0,LACTEOS Y FRESCOS
SOPROLE,UNIMARC,"LACTEOS, HUEVOS Y REFRIGERADOS",2750.0,0.0,3.0,"[2750.0,0.0,3.0]","[0.3993853711994203,0.0,0.4778271601074934]",0,LACTEOS Y FRESCOS
SOPROLE,UNIMARC,"LACTEOS, HUEVOS Y REFRIGERADOS",2790.0,0.0,3.0,"[2790.0,0.0,3.0]","[0.40519461296232095,0.0,0.4778271601074934]",0,LACTEOS Y FRESCOS
DECOR ART,UNIMARC,"LACTEOS, HUEVOS Y REFRIGERADOS",5250.0,0.0,3.0,"[5250.0,0.0,3.0]","[0.7624629813807114,0.0,0.4778271601074934]",0,LACTEOS Y FRESCOS
VIVO,UNIMARC,"LACTEOS, HUEVOS Y REFRIGERADOS",560.0,0.0,3.0,"[560.0,0.0,3.0]","[0.08132938468060923,0.0,0.4778271601074934]",0,LACTEOS Y FRESCOS
WATTS,UNIMARC,"LACTEOS, HUEVOS Y REFRIGERADOS",510.0,0.0,3.0,"[510.0,0.0,3.0]","[0.0740678324769834,0.0,0.4778271601074934]",0,LACTEOS Y FRESCOS
VIVO,UNIMARC,"LACTEOS, HUEVOS Y REFRIGERADOS",560.0,0.0,3.0,"[560.0,0.0,3.0]","[0.08132938468060923,0.0,0.4778271601074934]",0,LACTEOS Y FRESCOS
SOPROLE,UNIMARC,"LACTEOS, HUEVOS Y REFRIGERADOS",2790.0,0.0,3.0,"[2790.0,0.0,3.0]","[0.40519461296232095,0.0,0.4778271601074934]",0,LACTEOS Y FRESCOS
QUILLAYES,UNIMARC,"LACTEOS, HUEVOS Y REFRIGERADOS",2350.0,0.0,3.0,"[2350.0,0.0,3.0]","[0.3412929535704137,0.0,0.4778271601074934]",0,LACTEOS Y FRESCOS
COPACABANA,UNIMARC,"LACTEOS, HUEVOS Y REFRIGERADOS",2990.0,0.0,3.0,"[2990.0,0.0,3.0]","[0.43424082177682427,0.0,0.4778271601074934]",0,LACTEOS Y FRESCOS
NIDO,UNIMARC,"LACTEOS, HUEVOS Y REFRIGERADOS",9990.0,0.0,3.0,"[9990.0,0.0,3.0]","[1.4508581302844397,0.0,0.4778271601074934]",0,LACTEOS Y FRESCOS
NUESTRA COCINA,UNIMARC,"LACTEOS, HUEVOS Y REFRIGERADOS",450.0,0.0,3.0,"[450.0,0.0,3.0]","[0.06535396983263242,0.0,0.4778271601074934]",0,LACTEOS Y FRESCOS
MILO,UNIMARC,"LACTEOS, HUEVOS Y REFRIGERADOS",8590.0,0.0,3.0,"[8590.0,0.0,3.0]","[1.2475346685829165,0.0,0.4778271601074934]",0,LACTEOS Y FRESCOS
CALO,UNIMARC,"LACTEOS, HUEVOS Y REFRIGERADOS",6790.0,0.0,3.0,"[6790.0,0.0,3.0]","[0.9861187892523868,0.0,0.4778271601074934]",0,LACTEOS Y FRESCOS
NIDO,UNIMARC,"LACTEOS, HUEVOS Y REFRIGERADOS",3990.0,0.0,3.0,"[3990.0,0.0,3.0]","[0.5794718658493407,0.0,0.4778271601074934]",0,LACTEOS Y FRESCOS
WATTS,UNIMARC,"LACTEOS, HUEVOS Y REFRIGERADOS",510.0,0.0,3.0,"[510.0,0.0,3.0]","[0.0740678324769834,0.0,0.4778271601074934]",0,LACTEOS Y FRESCOS
COLUN,UNIMARC,"LACTEOS, HUEVOS Y REFRIGERADOS",1950.0,0.0,3.0,"[1950.0,0.0,3.0]","[0.28320053594140715,0.0,0.4778271601074934]",0,LACTEOS Y FRESCOS
COLUN,UNIMARC,"LACTEOS, HUEVOS Y REFRIGERADOS",650.0,0.0,3.0,"[650.0,0.0,3.0]","[0.09440017864713571,0.0,0.4778271601074934]",0,LACTEOS Y FRESCOS
NUESTRA COCINA,UNIMARC,"LACTEOS, HUEVOS Y REFRIGERADOS",4350.0,0.0,3.0,"[4350.0,0.0,3.0]","[0.6317550417154467,0.0,0.4778271601074934]",0,LACTEOS Y FRESCOS
SOPROLE,UNIMARC,"LACTEOS, HUEVOS Y REFRIGERADOS",1450.0,0.0,3.0,"[1450.0,0.0,3.0]","[0.2105850139051489,0.0,0.4778271601074934]",0,LACTEOS Y FRESCOS
NUESTRA COCINA,UNIMARC,"LACTEOS, HUEVOS Y REFRIGERADOS",440.0,0.0,3.0,"[440.0,0.0,3.0]","[0.06390165939190726,0.0,0.4778271601074934]",0,LACTEOS Y FRESCOS
SOPROLE,UNIMARC,"LACTEOS, HUEVOS Y REFRIGERADOS",2750.0,0.0,3.0,"[2750.0,0.0,3.0]","[0.3993853711994203,0.0,0.4778271601074934]",0,LACTEOS Y FRESCOS
SOPROLE,UNIMARC,"LACTEOS, HUEVOS Y REFRIGERADOS",820.0,0.0,3.0,"[820.0,0.0,3.0]","[0.1190894561394635,0.0,0.4778271601074934]",0,LACTEOS Y FRESCOS
SOPROLE,UNIMARC,"LACTEOS, HUEVOS Y REFRIGERADOS",2090.0,0.0,3.0,"[2090.0,0.0,3.0]","[0.30353288211155943,0.0,0.4778271601074934]",0,LACTEOS Y FRESCOS
MASTER MARTINI,UNIMARC,"LACTEOS, HUEVOS Y REFRIGERADOS",1250.0,0.0,3.0,"[1250.0,0.0,3.0]","[0.1815388050906456,0.0,0.4778271601074934]",0,LACTEOS Y FRESCOS
VILAY,UNIMARC,"LACTEOS, HUEVOS Y REFRIGERADOS",2450.0,0.0,3.0,"[2450.0,0.0,3.0]","[0.35581605797766536,0.0,0.4778271601074934]",0,LACTEOS Y FRESCOS
EN LINEA,UNIMARC,"LACTEOS, HUEVOS Y REFRIGERADOS",15950.0,0.0,3.0,"[15950.0,0.0,3.0]","[2.316435152956638,0.0,0.4778271601074934]",0,LACTEOS Y FRESCOS
ASTRA,UNIMARC,"LACTEOS, HUEVOS Y REFRIGERADOS",2350.0,0.0,3.0,"[2350.0,0.0,3.0]","[0.3412929535704137,0.0,0.4778271601074934]",0,LACTEOS Y FRESCOS
DANONE,UNIMARC,"LACTEOS, HUEVOS Y REFRIGERADOS",2090.0,0.0,3.0,"[2090.0,0.0,3.0]","[0.30353288211155943,0.0,0.4778271601074934]",0,LACTEOS Y FRESCOS
NESTLE,UNIMARC,"LACTEOS, HUEVOS Y REFRIGERADOS",370.0,0.0,3.0,"[370.0,0.0,3.0]","[0.053735486306831094,0.0,0.4778271601074934]",0,LACTEOS Y FRESCOS
LONCOLECHE,UNIMARC,"LACTEOS, HUEVOS Y REFRIGERADOS",11490.0,0.0,3.0,"[11490.0,0.0,3.0]","[1.6687046963932144,0.0,0.4778271601074934]",0,LACTEOS Y FRESCOS
COLUN,UNIMARC,"LACTEOS, HUEVOS Y REFRIGERADOS",1090.0,0.0,3.0,"[1090.0,0.0,3.0]","[0.15830183803904296,0.0,0.4778271601074934]",0,LACTEOS Y FRESCOS
UNO,UNIMARC,"LACTEOS, HUEVOS Y REFRIGERADOS",6490.0,0.0,3.0,"[6490.0,0.0,3.0]","[0.9425494760306319,0.0,0.4778271601074934]",0,LACTEOS Y FRESCOS
RANCHERITA,UNIMARC,"LACTEOS, HUEVOS Y REFRIGERADOS",5390.0,0.0,3.0,"[5390.0,0.0,3.0]","[0.7827953275508638,0.0,0.4778271601074934]",0,LACTEOS Y FRESCOS
AMBROSOLI,UNIMARC,"LACTEOS, HUEVOS Y REFRIGERADOS",630.0,0.0,3.0,"[630.0,0.0,3.0]","[0.09149555776568538,0.0,0.4778271601074934]",0,LACTEOS Y FRESCOS
YOGU YOGU,UNIMARC,"LACTEOS, HUEVOS Y REFRIGERADOS",3750.0,0.0,3.0,"[3750.0,0.0,3.0]","[0.5446164152719368,0.0,0.4778271601074934]",0,LACTEOS Y FRESCOS
SANTA ELVIRA,UNIMARC,"LACTEOS, HUEVOS Y REFRIGERADOS",10650.0,0.0,3.0,"[10650.0,0.0,3.0]","[1.5467106193723004,0.0,0.4778271601074934]",0,LACTEOS Y FRESCOS
NESTLE,UNIMARC,"LACTEOS, HUEVOS Y REFRIGERADOS",4390.0,0.0,3.0,"[4390.0,0.0,3.0]","[0.6375642834783474,0.0,0.4778271601074934]",0,LACTEOS Y FRESCOS
CHANDELLE,UNIMARC,"LACTEOS, HUEVOS Y REFRIGERADOS",810.0,0.0,3.0,"[810.0,0.0,3.0]","[0.11763714569873834,0.0,0.4778271601074934]",0,LACTEOS Y FRESCOS
CHANDELLE,UNIMARC,"LACTEOS, HUEVOS Y REFRIGERADOS",810.0,0.0,3.0,"[810.0,0.0,3.0]","[0.11763714569873834,0.0,0.4778271601074934]",0,LACTEOS Y FRESCOS
SOPROLE,UNIMARC,"LACTEOS, HUEVOS Y REFRIGERADOS",730.0,0.0,3.0,"[730.0,0.0,3.0]","[0.10601866217293703,0.0,0.4778271601074934]",0,LACTEOS Y FRESCOS
NESTLE,UNIMARC,"LACTEOS, HUEVOS Y REFRIGERADOS",490.0,0.0,3.0,"[490.0,0.0,3.0]","[0.07116321159553307,0.0,0.4778271601074934]",0,LACTEOS Y FRESCOS
SOPROLE,UNIMARC,"LACTEOS, HUEVOS Y REFRIGERADOS",380.0,0.0,3.0,"[380.0,0.0,3.0]","[0.055187796747556264,0.0,0.4778271601074934]",0,LACTEOS Y FRESCOS
SOPROLE,UNIMARC,"LACTEOS, HUEVOS Y REFRIGERADOS",6990.0,0.0,3.0,"[6990.0,0.0,3.0]","[1.0151649980668902,0.0,0.4778271601074934]",0,LACTEOS Y FRESCOS
CALAN,UNIMARC,"LACTEOS, HUEVOS Y REFRIGERADOS",1790.0,0.0,3.0,"[1790.0,0.0,3.0]","[0.2599635688898045,0.0,0.4778271601074934]",0,LACTEOS Y FRESCOS
NUESTRA COCINA,UNIMARC,"LACTEOS, HUEVOS Y REFRIGERADOS",2190.0,0.0,3.0,"[2190.0,0.0,3.0]","[0.31805598651881106,0.0,0.4778271601074934]",0,LACTEOS Y FRESCOS
SUREÑA,UNIMARC,"LACTEOS, HUEVOS Y REFRIGERADOS",3790.0,0.0,3.0,"[3790.0,0.0,3.0]","[0.5504256570348375,0.0,0.4778271601074934]",0,LACTEOS Y FRESCOS
COLUN,UNIMARC,"LACTEOS, HUEVOS Y REFRIGERADOS",3850.0,0.0,3.0,"[3850.0,0.0,3.0]","[0.5591395196791884,0.0,0.4778271601074934]",0,LACTEOS Y FRESCOS
CALAN,UNIMARC,"LACTEOS, HUEVOS Y REFRIGERADOS",1790.0,0.0,3.0,"[1790.0,0.0,3.0]","[0.2599635688898045,0.0,0.4778271601074934]",0,LACTEOS Y FRESCOS
NUESTRA COCINA,UNIMARC,"LACTEOS, HUEVOS Y REFRIGERADOS",4650.0,0.0,3.0,"[4650.0,0.0,3.0]","[0.6753243549372017,0.0,0.4778271601074934]",0,LACTEOS Y FRESCOS
OIKOS,UNIMARC,"LACTEOS, HUEVOS Y REFRIGERADOS",780.0,0.0,3.0,"[780.0,0.0,3.0]","[0.11328021437656285,0.0,0.4778271601074934]",0,LACTEOS Y FRESCOS
UNO,UNIMARC,"LACTEOS, HUEVOS Y REFRIGERADOS",2250.0,0.0,3.0,"[2250.0,0.0,3.0]","[0.3267698491631621,0.0,0.4778271601074934]",0,LACTEOS Y FRESCOS
VIVO,UNIMARC,"LACTEOS, HUEVOS Y REFRIGERADOS",560.0,0.0,3.0,"[560.0,0.0,3.0]","[0.08132938468060923,0.0,0.4778271601074934]",0,LACTEOS Y FRESCOS
SOPROLE,UNIMARC,"LACTEOS, HUEVOS Y REFRIGERADOS",1550.0,0.0,3.0,"[1550.0,0.0,3.0]","[0.22510811831240055,0.0,0.4778271601074934]",0,LACTEOS Y FRESCOS
SOPROLE,UNIMARC,"LACTEOS, HUEVOS Y REFRIGERADOS",600.0,0.0,3.0,"[600.0,0.0,3.0]","[0.08713862644350989,0.0,0.4778271601074934]",0,LACTEOS Y FRESCOS
CALAN,UNIMARC,"LACTEOS, HUEVOS Y REFRIGERADOS",3090.0,0.0,3.0,"[3090.0,0.0,3.0]","[0.4487639261840759,0.0,0.4778271601074934]",0,LACTEOS Y FRESCOS
COLUN,UNIMARC,"LACTEOS, HUEVOS Y REFRIGERADOS",13590.0,0.0,3.0,"[13590.0,0.0,3.0]","[1.9736898889454988,0.0,0.4778271601074934]",0,LACTEOS Y FRESCOS
SOPROLE,UNIMARC,"LACTEOS, HUEVOS Y REFRIGERADOS",620.0,0.0,3.0,"[620.0,0.0,3.0]","[0.09004324732496022,0.0,0.4778271601074934]",0,LACTEOS Y FRESCOS
MILO,UNIMARC,"LACTEOS, HUEVOS Y REFRIGERADOS",6990.0,0.0,3.0,"[6990.0,0.0,3.0]","[1.0151649980668902,0.0,0.4778271601074934]",0,LACTEOS Y FRESCOS
COLUN,UNIMARC,"LACTEOS, HUEVOS Y REFRIGERADOS",650.0,0.0,3.0,"[650.0,0.0,3.0]","[0.09440017864713571,0.0,0.4778271601074934]",0,LACTEOS Y FRESCOS
SOPROLE,UNIMARC,"LACTEOS, HUEVOS Y REFRIGERADOS",710.0,0.0,3.0,"[710.0,0.0,3.0]","[0.1031140412914867,0.0,0.4778271601074934]",0,LACTEOS Y FRESCOS
SOPROLE,UNIMARC,"LACTEOS, HUEVOS Y REFRIGERADOS",620.0,0.0,3.0,"[620.0,0.0,3.0]","[0.09004324732496022,0.0,0.4778271601074934]",0,LACTEOS Y FRESCOS
SOPROLE,UNIMARC,"LACTEOS, HUEVOS Y REFRIGERADOS",920.0,0.0,3.0,"[920.0,0.0,3.0]","[0.13361256054671516,0.0,0.4778271601074934]",0,LACTEOS Y FRESCOS
COLUN,UNIMARC,"LACTEOS, HUEVOS Y REFRIGERADOS",3750.0,0.0,3.0,"[3750.0,0.0,3.0]","[0.5446164152719368,0.0,0.4778271601074934]",0,LACTEOS Y FRESCOS
NESTLE,UNIMARC,"LACTEOS, HUEVOS Y REFRIGERADOS",390.0,0.0,3.0,"[390.0,0.0,3.0]","[0.05664010718828143,0.0,0.4778271601074934]",0,LACTEOS Y FRESCOS
SOPROLE,UNIMARC,"LACTEOS, HUEVOS Y REFRIGERADOS",2790.0,0.0,3.0,"[2790.0,0.0,3.0]","[0.40519461296232095,0.0,0.4778271601074934]",0,LACTEOS Y FRESCOS
CHANDELLE,UNIMARC,"LACTEOS, HUEVOS Y REFRIGERADOS",810.0,0.0,3.0,"[810.0,0.0,3.0]","[0.11763714569873834,0.0,0.4778271601074934]",0,LACTEOS Y FRESCOS
OIKOS,UNIMARC,"LACTEOS, HUEVOS Y REFRIGERADOS",650.0,0.0,3.0,"[650.0,0.0,3.0]","[0.09440017864713571,0.0,0.4778271601074934]",0,LACTEOS Y FRESCOS
OIKOS,UNIMARC,"LACTEOS, HUEVOS Y REFRIGERADOS",1190.0,0.0,3.0,"[1190.0,0.0,3.0]","[0.1728249424462946,0.0,0.4778271601074934]",0,LACTEOS Y FRESCOS
SOPROLE,UNIMARC,"LACTEOS, HUEVOS Y REFRIGERADOS",730.0,0.0,3.0,"[730.0,0.0,3.0]","[0.10601866217293703,0.0,0.4778271601074934]",0,LACTEOS Y FRESCOS
SOPROLE,UNIMARC,"LACTEOS, HUEVOS Y REFRIGERADOS",920.0,0.0,3.0,"[920.0,0.0,3.0]","[0.13361256054671516,0.0,0.4778271601074934]",0,LACTEOS Y FRESCOS
VILAY,UNIMARC,"LACTEOS, HUEVOS Y REFRIGERADOS",2450.0,0.0,3.0,"[2450.0,0.0,3.0]","[0.35581605797766536,0.0,0.4778271601074934]",0,LACTEOS Y FRESCOS
SOPROLE,UNIMARC,"LACTEOS, HUEVOS Y REFRIGERADOS",760.0,0.0,3.0,"[760.0,0.0,3.0]","[0.11037559349511253,0.0,0.4778271601074934]",0,LACTEOS Y FRESCOS
NESTLE,UNIMARC,"LACTEOS, HUEVOS Y REFRIGERADOS",740.0,0.0,3.0,"[740.0,0.0,3.0]","[0.10747097261366219,0.0,0.4778271601074934]",0,LACTEOS Y FRESCOS
SOPROLE,UNIMARC,"LACTEOS, HUEVOS Y REFRIGERADOS",6490.0,0.0,3.0,"[6490.0,0.0,3.0]","[0.9425494760306319,0.0,0.4778271601074934]",0,LACTEOS Y FRESCOS
SOPROLE,UNIMARC,"LACTEOS, HUEVOS Y REFRIGERADOS",1590.0,0.0,3.0,"[1590.0,0.0,3.0]","[0.2309173600753012,0.0,0.4778271601074934]",0,LACTEOS Y FRESCOS
SOPROLE,UNIMARC,"LACTEOS, HUEVOS Y REFRIGERADOS",790.0,0.0,3.0,"[790.0,0.0,3.0]","[0.11473252481728802,0.0,0.4778271601074934]",0,LACTEOS Y FRESCOS
WATTS,UNIMARC,"LACTEOS, HUEVOS Y REFRIGERADOS",2590.0,0.0,3.0,"[2590.0,0.0,3.0]","[0.3761484041478177,0.0,0.4778271601074934]",0,LACTEOS Y FRESCOS
QUILLAYES,UNIMARC,"LACTEOS, HUEVOS Y REFRIGERADOS",4350.0,0.0,3.0,"[4350.0,0.0,3.0]","[0.6317550417154467,0.0,0.4778271601074934]",0,LACTEOS Y FRESCOS
COLUN,UNIMARC,"LACTEOS, HUEVOS Y REFRIGERADOS",3750.0,0.0,3.0,"[3750.0,0.0,3.0]","[0.5446164152719368,0.0,0.4778271601074934]",0,LACTEOS Y FRESCOS
CALO,UNIMARC,"LACTEOS, HUEVOS Y REFRIGERADOS",12990.0,0.0,3.0,"[12990.0,0.0,3.0]","[1.8865512625019891,0.0,0.4778271601074934]",0,LACTEOS Y FRESCOS
NEXT,UNIMARC,"LACTEOS, HUEVOS Y REFRIGERADOS",1590.0,0.0,3.0,"[1590.0,0.0,3.0]","[0.2309173600753012,0.0,0.4778271601074934]",0,LACTEOS Y FRESCOS
ORASI,UNIMARC,"LACTEOS, HUEVOS Y REFRIGERADOS",2350.0,0.0,3.0,"[2350.0,0.0,3.0]","[0.3412929535704137,0.0,0.4778271601074934]",0,LACTEOS Y FRESCOS
SOPROLE,UNIMARC,"LACTEOS, HUEVOS Y REFRIGERADOS",2090.0,0.0,3.0,"[2090.0,0.0,3.0]","[0.30353288211155943,0.0,0.4778271601074934]",0,LACTEOS Y FRESCOS
OIKOS,UNIMARC,"LACTEOS, HUEVOS Y REFRIGERADOS",650.0,0.0,3.0,"[650.0,0.0,3.0]","[0.09440017864713571,0.0,0.4778271601074934]",0,LACTEOS Y FRESCOS
SOPROLE,UNIMARC,"LACTEOS, HUEVOS Y REFRIGERADOS",3150.0,0.0,3.0,"[3150.0,0.0,3.0]","[0.4574777888284269,0.0,0.4778271601074934]",0,LACTEOS Y FRESCOS
SOPROLE,UNIMARC,"LACTEOS, HUEVOS Y REFRIGERADOS",2090.0,0.0,3.0,"[2090.0,0.0,3.0]","[0.30353288211155943,0.0,0.4778271601074934]",0,LACTEOS Y FRESCOS
NIDO,UNIMARC,"LACTEOS, HUEVOS Y REFRIGERADOS",9790.0,0.0,3.0,"[9790.0,0.0,3.0]","[1.4218119214699363,0.0,0.4778271601074934]",0,LACTEOS Y FRESCOS
YOGU YOGU,UNIMARC,"LACTEOS, HUEVOS Y REFRIGERADOS",3750.0,0.0,3.0,"[3750.0,0.0,3.0]","[0.5446164152719368,0.0,0.4778271601074934]",0,LACTEOS Y FRESCOS
SOPROLE,UNIMARC,"LACTEOS, HUEVOS Y REFRIGERADOS",710.0,0.0,3.0,"[710.0,0.0,3.0]","[0.1031140412914867,0.0,0.4778271601074934]",0,LACTEOS Y FRESCOS
NESTLE,UNIMARC,"LACTEOS, HUEVOS Y REFRIGERADOS",4150.0,0.0,3.0,"[4150.0,0.0,3.0]","[0.6027088329009433,0.0,0.4778271601074934]",0,LACTEOS Y FRESCOS
WATTS,UNIMARC,"LACTEOS, HUEVOS Y REFRIGERADOS",510.0,0.0,3.0,"[510.0,0.0,3.0]","[0.0740678324769834,0.0,0.4778271601074934]",0,LACTEOS Y FRESCOS
REGIMEL,UNIMARC,"LACTEOS, HUEVOS Y REFRIGERADOS",1990.0,0.0,3.0,"[1990.0,0.0,3.0]","[0.2890097777043078,0.0,0.4778271601074934]",0,LACTEOS Y FRESCOS
SOPROLE,UNIMARC,"LACTEOS, HUEVOS Y REFRIGERADOS",740.0,0.0,3.0,"[740.0,0.0,3.0]","[0.10747097261366219,0.0,0.4778271601074934]",0,LACTEOS Y FRESCOS
NESTLE,UNIMARC,"LACTEOS, HUEVOS Y REFRIGERADOS",390.0,0.0,3.0,"[390.0,0.0,3.0]","[0.05664010718828143,0.0,0.4778271601074934]",0,LACTEOS Y FRESCOS
NESQUIK,UNIMARC,"LACTEOS, HUEVOS Y REFRIGERADOS",3890.0,0.0,3.0,"[3890.0,0.0,3.0]","[0.564948761442089,0.0,0.4778271601074934]",0,LACTEOS Y FRESCOS
CINTAZUL,UNIMARC,"LACTEOS, HUEVOS Y REFRIGERADOS",10190.0,0.0,3.0,"[10190.0,0.0,3.0]","[1.4799043390989428,0.0,0.4778271601074934]",0,LACTEOS Y FRESCOS
SOPROLE,UNIMARC,"LACTEOS, HUEVOS Y REFRIGERADOS",3590.0,0.0,3.0,"[3590.0,0.0,3.0]","[0.5213794482203341,0.0,0.4778271601074934]",0,LACTEOS Y FRESCOS
YEMITA,UNIMARC,"LACTEOS, HUEVOS Y REFRIGERADOS",6890.0,0.0,3.0,"[6890.0,0.0,3.0]","[1.0006418936596386,0.0,0.4778271601074934]",0,LACTEOS Y FRESCOS
SOPROLE,UNIMARC,"LACTEOS, HUEVOS Y REFRIGERADOS",800.0,0.0,3.0,"[800.0,0.0,3.0]","[0.11618483525801318,0.0,0.4778271601074934]",0,LACTEOS Y FRESCOS
NEXT,UNIMARC,"LACTEOS, HUEVOS Y REFRIGERADOS",2490.0,0.0,3.0,"[2490.0,0.0,3.0]","[0.361625299740566,0.0,0.4778271601074934]",0,LACTEOS Y FRESCOS
LONCOLECHE,UNIMARC,"LACTEOS, HUEVOS Y REFRIGERADOS",11390.0,0.0,3.0,"[11390.0,0.0,3.0]","[1.6541815919859626,0.0,0.4778271601074934]",0,LACTEOS Y FRESCOS
SUREÑA,UNIMARC,"LACTEOS, HUEVOS Y REFRIGERADOS",6150.0,0.0,3.0,"[6150.0,0.0,3.0]","[0.8931709210459763,0.0,0.4778271601074934]",0,LACTEOS Y FRESCOS
MILO,UNIMARC,"LACTEOS, HUEVOS Y REFRIGERADOS",680.0,0.0,3.0,"[680.0,0.0,3.0]","[0.0987571099693112,0.0,0.4778271601074934]",0,LACTEOS Y FRESCOS
NUESTRA COCINA,UNIMARC,"LACTEOS, HUEVOS Y REFRIGERADOS",2490.0,0.0,3.0,"[2490.0,0.0,3.0]","[0.361625299740566,0.0,0.4778271601074934]",0,LACTEOS Y FRESCOS
SOPROLE,UNIMARC,"LACTEOS, HUEVOS Y REFRIGERADOS",1990.0,0.0,3.0,"[1990.0,0.0,3.0]","[0.2890097777043078,0.0,0.4778271601074934]",0,LACTEOS Y FRESCOS
SOPROLE,UNIMARC,"LACTEOS, HUEVOS Y REFRIGERADOS",3590.0,0.0,3.0,"[3590.0,0.0,3.0]","[0.5213794482203341,0.0,0.4778271601074934]",0,LACTEOS Y FRESCOS
NESTLE,UNIMARC,"LACTEOS, HUEVOS Y REFRIGERADOS",7950.0,0.0,3.0,"[7950.0,0.0,3.0]","[1.154586800376506,0.0,0.4778271601074934]",0,LACTEOS Y FRESCOS
LONCOLECHE,UNIMARC,"LACTEOS, HUEVOS Y REFRIGERADOS",3390.0,0.0,3.0,"[3390.0,0.0,3.0]","[0.49233323940583085,0.0,0.4778271601074934]",0,LACTEOS Y FRESCOS
SOPROLE,UNIMARC,"LACTEOS, HUEVOS Y REFRIGERADOS",2590.0,0.0,3.0,"[2590.0,0.0,3.0]","[0.3761484041478177,0.0,0.4778271601074934]",0,LACTEOS Y FRESCOS
SVELTY,UNIMARC,"LACTEOS, HUEVOS Y REFRIGERADOS",4390.0,0.0,3.0,"[4390.0,0.0,3.0]","[0.6375642834783474,0.0,0.4778271601074934]",0,LACTEOS Y FRESCOS
COLUN,UNIMARC,"LACTEOS, HUEVOS Y REFRIGERADOS",1990.0,0.0,3.0,"[1990.0,0.0,3.0]","[0.2890097777043078,0.0,0.4778271601074934]",0,LACTEOS Y FRESCOS
SOPROLE,UNIMARC,"LACTEOS, HUEVOS Y REFRIGERADOS",1990.0,0.0,3.0,"[1990.0,0.0,3.0]","[0.2890097777043078,0.0,0.4778271601074934]",0,LACTEOS Y FRESCOS
SOPROLE,UNIMARC,"LACTEOS, HUEVOS Y REFRIGERADOS",380.0,0.0,3.0,"[380.0,0.0,3.0]","[0.055187796747556264,0.0,0.4778271601074934]",0,LACTEOS Y FRESCOS
SOPROLE,UNIMARC,"LACTEOS, HUEVOS Y REFRIGERADOS",6790.0,0.0,3.0,"[6790.0,0.0,3.0]","[0.9861187892523868,0.0,0.4778271601074934]",0,LACTEOS Y FRESCOS
VIVO,UNIMARC,"LACTEOS, HUEVOS Y REFRIGERADOS",870.0,0.0,3.0,"[870.0,0.0,3.0]","[0.12635100834308932,0.0,0.4778271601074934]",0,LACTEOS Y FRESCOS
SOPROLE,UNIMARC,"LACTEOS, HUEVOS Y REFRIGERADOS",2590.0,0.0,3.0,"[2590.0,0.0,3.0]","[0.3761484041478177,0.0,0.4778271601074934]",0,LACTEOS Y FRESCOS
CINTAZUL,UNIMARC,"LACTEOS, HUEVOS Y REFRIGERADOS",4290.0,0.0,3.0,"[4290.0,0.0,3.0]","[0.6230411790710957,0.0,0.4778271601074934]",0,LACTEOS Y FRESCOS
SOPROLE,UNIMARC,"LACTEOS, HUEVOS Y REFRIGERADOS",710.0,0.0,3.0,"[710.0,0.0,3.0]","[0.1031140412914867,0.0,0.4778271601074934]",0,LACTEOS Y FRESCOS
QUILLAYES,UNIMARC,"LACTEOS, HUEVOS Y REFRIGERADOS",4850.0,0.0,3.0,"[4850.0,0.0,3.0]","[0.7043705637517049,0.0,0.4778271601074934]",0,LACTEOS Y FRESCOS
COLUN,UNIMARC,"LACTEOS, HUEVOS Y REFRIGERADOS",4090.0,0.0,3.0,"[4090.0,0.0,3.0]","[0.5939949702565924,0.0,0.4778271601074934]",0,LACTEOS Y FRESCOS
OIKOS,UNIMARC,"LACTEOS, HUEVOS Y REFRIGERADOS",650.0,0.0,3.0,"[650.0,0.0,3.0]","[0.09440017864713571,0.0,0.4778271601074934]",0,LACTEOS Y FRESCOS
SOPROLE,UNIMARC,"LACTEOS, HUEVOS Y REFRIGERADOS",380.0,0.0,3.0,"[380.0,0.0,3.0]","[0.055187796747556264,0.0,0.4778271601074934]",0,LACTEOS Y FRESCOS
SOPROLE,UNIMARC,"LACTEOS, HUEVOS Y REFRIGERADOS",1590.0,0.0,3.0,"[1590.0,0.0,3.0]","[0.2309173600753012,0.0,0.4778271601074934]",0,LACTEOS Y FRESCOS
COLUN,UNIMARC,"LACTEOS, HUEVOS Y REFRIGERADOS",3890.0,0.0,3.0,"[3890.0,0.0,3.0]","[0.564948761442089,0.0,0.4778271601074934]",0,LACTEOS Y FRESCOS
ORASI,UNIMARC,"LACTEOS, HUEVOS Y REFRIGERADOS",3690.0,0.0,3.0,"[3690.0,0.0,3.0]","[0.5359025526275858,0.0,0.4778271601074934]",0,LACTEOS Y FRESCOS
SOPROLE,UNIMARC,"LACTEOS, HUEVOS Y REFRIGERADOS",6190.0,0.0,3.0,"[6190.0,0.0,3.0]","[0.8989801628088769,0.0,0.4778271601074934]",0,LACTEOS Y FRESCOS
SOPROLE,UNIMARC,"LACTEOS, HUEVOS Y REFRIGERADOS",600.0,0.0,3.0,"[600.0,0.0,3.0]","[0.08713862644350989,0.0,0.4778271601074934]",0,LACTEOS Y FRESCOS
SOPROLE,UNIMARC,"LACTEOS, HUEVOS Y REFRIGERADOS",3890.0,0.0,3.0,"[3890.0,0.0,3.0]","[0.564948761442089,0.0,0.4778271601074934]",0,LACTEOS Y FRESCOS
SOPROLE,UNIMARC,"LACTEOS, HUEVOS Y REFRIGERADOS",710.0,0.0,3.0,"[710.0,0.0,3.0]","[0.1031140412914867,0.0,0.4778271601074934]",0,LACTEOS Y FRESCOS
LONCOLECHE,UNIMARC,"LACTEOS, HUEVOS Y REFRIGERADOS",3250.0,0.0,3.0,"[3250.0,0.0,3.0]","[0.47200089323567856,0.0,0.4778271601074934]",0,LACTEOS Y FRESCOS
ORASI,UNIMARC,"LACTEOS, HUEVOS Y REFRIGERADOS",3990.0,0.0,3.0,"[3990.0,0.0,3.0]","[0.5794718658493407,0.0,0.4778271601074934]",0,LACTEOS Y FRESCOS
NIDO,UNIMARC,"LACTEOS, HUEVOS Y REFRIGERADOS",3550.0,0.0,3.0,"[3550.0,0.0,3.0]","[0.5155702064574335,0.0,0.4778271601074934]",0,LACTEOS Y FRESCOS
LOS ALERCES,UNIMARC,"LACTEOS, HUEVOS Y REFRIGERADOS",3150.0,0.0,3.0,"[3150.0,0.0,3.0]","[0.4574777888284269,0.0,0.4778271601074934]",0,LACTEOS Y FRESCOS
NEXT,UNIMARC,"LACTEOS, HUEVOS Y REFRIGERADOS",2490.0,0.0,3.0,"[2490.0,0.0,3.0]","[0.361625299740566,0.0,0.4778271601074934]",0,LACTEOS Y FRESCOS
MY WAY,UNIMARC,"LACTEOS, HUEVOS Y REFRIGERADOS",990.0,0.0,3.0,"[990.0,0.0,3.0]","[0.1437787336317913,0.0,0.4778271601074934]",0,LACTEOS Y FRESCOS
SUREÑA,UNIMARC,"LACTEOS, HUEVOS Y REFRIGERADOS",1950.0,0.0,3.0,"[1950.0,0.0,3.0]","[0.28320053594140715,0.0,0.4778271601074934]",0,LACTEOS Y FRESCOS
REGIMEL,UNIMARC,"LACTEOS, HUEVOS Y REFRIGERADOS",1990.0,0.0,3.0,"[1990.0,0.0,3.0]","[0.2890097777043078,0.0,0.4778271601074934]",0,LACTEOS Y FRESCOS
MASTER MARTINI,UNIMARC,"LACTEOS, HUEVOS Y REFRIGERADOS",5490.0,0.0,3.0,"[5490.0,0.0,3.0]","[0.7973184319581155,0.0,0.4778271601074934]",0,LACTEOS Y FRESCOS
DANONE,UNIMARC,"LACTEOS, HUEVOS Y REFRIGERADOS",370.0,0.0,3.0,"[370.0,0.0,3.0]","[0.053735486306831094,0.0,0.4778271601074934]",0,LACTEOS Y FRESCOS
SOPROLE,UNIMARC,"LACTEOS, HUEVOS Y REFRIGERADOS",740.0,0.0,3.0,"[740.0,0.0,3.0]","[0.10747097261366219,0.0,0.4778271601074934]",0,LACTEOS Y FRESCOS
SOPROLE,UNIMARC,"LACTEOS, HUEVOS Y REFRIGERADOS",740.0,0.0,3.0,"[740.0,0.0,3.0]","[0.10747097261366219,0.0,0.4778271601074934]",0,LACTEOS Y FRESCOS
SOPROLE,UNIMARC,"LACTEOS, HUEVOS Y REFRIGERADOS",380.0,0.0,3.0,"[380.0,0.0,3.0]","[0.055187796747556264,0.0,0.4778271601074934]",0,LACTEOS Y FRESCOS
TRENCITO,UNIMARC,"LACTEOS, HUEVOS Y REFRIGERADOS",720.0,0.0,3.0,"[720.0,0.0,3.0]","[0.10456635173221186,0.0,0.4778271601074934]",0,LACTEOS Y FRESCOS
SOPROLE,UNIMARC,"LACTEOS, HUEVOS Y REFRIGERADOS",740.0,0.0,3.0,"[740.0,0.0,3.0]","[0.10747097261366219,0.0,0.4778271601074934]",0,LACTEOS Y FRESCOS
OIKOS,UNIMARC,"LACTEOS, HUEVOS Y REFRIGERADOS",780.0,0.0,3.0,"[780.0,0.0,3.0]","[0.11328021437656285,0.0,0.4778271601074934]",0,LACTEOS Y FRESCOS
AMBROSOLI,UNIMARC,"LACTEOS, HUEVOS Y REFRIGERADOS",630.0,0.0,3.0,"[630.0,0.0,3.0]","[0.09149555776568538,0.0,0.4778271601074934]",0,LACTEOS Y FRESCOS
SOPROLE,UNIMARC,"LACTEOS, HUEVOS Y REFRIGERADOS",2190.0,0.0,3.0,"[2190.0,0.0,3.0]","[0.31805598651881106,0.0,0.4778271601074934]",0,LACTEOS Y FRESCOS
OIKOS,UNIMARC,"LACTEOS, HUEVOS Y REFRIGERADOS",1350.0,0.0,3.0,"[1350.0,0.0,3.0]","[0.19606190949789723,0.0,0.4778271601074934]",0,LACTEOS Y FRESCOS
COLUN,UNIMARC,"LACTEOS, HUEVOS Y REFRIGERADOS",2290.0,0.0,3.0,"[2290.0,0.0,3.0]","[0.33257909092606275,0.0,0.4778271601074934]",0,LACTEOS Y FRESCOS
NESTLE,UNIMARC,"LACTEOS, HUEVOS Y REFRIGERADOS",520.0,0.0,3.0,"[520.0,0.0,3.0]","[0.07552014291770856,0.0,0.4778271601074934]",0,LACTEOS Y FRESCOS
LONCOLECHE,UNIMARC,"LACTEOS, HUEVOS Y REFRIGERADOS",2890.0,0.0,3.0,"[2890.0,0.0,3.0]","[0.41971771736957264,0.0,0.4778271601074934]",0,LACTEOS Y FRESCOS
MY WAY,UNIMARC,"LACTEOS, HUEVOS Y REFRIGERADOS",990.0,0.0,3.0,"[990.0,0.0,3.0]","[0.1437787336317913,0.0,0.4778271601074934]",0,LACTEOS Y FRESCOS
LONCOLECHE,UNIMARC,"LACTEOS, HUEVOS Y REFRIGERADOS",2350.0,0.0,3.0,"[2350.0,0.0,3.0]","[0.3412929535704137,0.0,0.4778271601074934]",0,LACTEOS Y FRESCOS
SOPROLE,UNIMARC,"LACTEOS, HUEVOS Y REFRIGERADOS",740.0,0.0,3.0,"[740.0,0.0,3.0]","[0.10747097261366219,0.0,0.4778271601074934]",0,LACTEOS Y FRESCOS
SOPROLE,UNIMARC,"LACTEOS, HUEVOS Y REFRIGERADOS",3450.0,0.0,3.0,"[3450.0,0.0,3.0]","[0.5010471020501819,0.0,0.4778271601074934]",0,LACTEOS Y FRESCOS
NESTLE,UNIMARC,"LACTEOS, HUEVOS Y REFRIGERADOS",390.0,0.0,3.0,"[390.0,0.0,3.0]","[0.05664010718828143,0.0,0.4778271601074934]",0,LACTEOS Y FRESCOS
ORASI,UNIMARC,"LACTEOS, HUEVOS Y REFRIGERADOS",3690.0,0.0,3.0,"[3690.0,0.0,3.0]","[0.5359025526275858,0.0,0.4778271601074934]",0,LACTEOS Y FRESCOS
SOPROLE,UNIMARC,"LACTEOS, HUEVOS Y REFRIGERADOS",1790.0,0.0,3.0,"[1790.0,0.0,3.0]","[0.2599635688898045,0.0,0.4778271601074934]",0,LACTEOS Y FRESCOS
SOPROLE,UNIMARC,"LACTEOS, HUEVOS Y REFRIGERADOS",790.0,0.0,3.0,"[790.0,0.0,3.0]","[0.11473252481728802,0.0,0.4778271601074934]",0,LACTEOS Y FRESCOS
VIVO,UNIMARC,"LACTEOS, HUEVOS Y REFRIGERADOS",2890.0,0.0,3.0,"[2890.0,0.0,3.0]","[0.41971771736957264,0.0,0.4778271601074934]",0,LACTEOS Y FRESCOS
LONCOLECHE,UNIMARC,"LACTEOS, HUEVOS Y REFRIGERADOS",3390.0,0.0,3.0,"[3390.0,0.0,3.0]","[0.49233323940583085,0.0,0.4778271601074934]",0,LACTEOS Y FRESCOS
SOPROLE,UNIMARC,"LACTEOS, HUEVOS Y REFRIGERADOS",3850.0,0.0,3.0,"[3850.0,0.0,3.0]","[0.5591395196791884,0.0,0.4778271601074934]",0,LACTEOS Y FRESCOS
COLUN,UNIMARC,"LACTEOS, HUEVOS Y REFRIGERADOS",3750.0,0.0,3.0,"[3750.0,0.0,3.0]","[0.5446164152719368,0.0,0.4778271601074934]",0,LACTEOS Y FRESCOS
NESTLE,UNIMARC,"LACTEOS, HUEVOS Y REFRIGERADOS",740.0,0.0,3.0,"[740.0,0.0,3.0]","[0.10747097261366219,0.0,0.4778271601074934]",0,LACTEOS Y FRESCOS
SOPROLE,UNIMARC,"LACTEOS, HUEVOS Y REFRIGERADOS",3390.0,0.0,3.0,"[3390.0,0.0,3.0]","[0.49233323940583085,0.0,0.4778271601074934]",0,LACTEOS Y FRESCOS
NESTLE,UNIMARC,"LACTEOS, HUEVOS Y REFRIGERADOS",870.0,0.0,3.0,"[870.0,0.0,3.0]","[0.12635100834308932,0.0,0.4778271601074934]",0,LACTEOS Y FRESCOS
LA GRANJA,UNIMARC,"LACTEOS, HUEVOS Y REFRIGERADOS",3090.0,0.0,3.0,"[3090.0,0.0,3.0]","[0.4487639261840759,0.0,0.4778271601074934]",0,LACTEOS Y FRESCOS
NESTLE,UNIMARC,"LACTEOS, HUEVOS Y REFRIGERADOS",720.0,0.0,3.0,"[720.0,0.0,3.0]","[0.10456635173221186,0.0,0.4778271601074934]",0,LACTEOS Y FRESCOS
SOPROLE,UNIMARC,"LACTEOS, HUEVOS Y REFRIGERADOS",760.0,0.0,3.0,"[760.0,0.0,3.0]","[0.11037559349511253,0.0,0.4778271601074934]",0,LACTEOS Y FRESCOS
SOPROLE,UNIMARC,"LACTEOS, HUEVOS Y REFRIGERADOS",800.0,0.0,3.0,"[800.0,0.0,3.0]","[0.11618483525801318,0.0,0.4778271601074934]",0,LACTEOS Y FRESCOS
COLUN,UNIMARC,"LACTEOS, HUEVOS Y REFRIGERADOS",700.0,0.0,3.0,"[700.0,0.0,3.0]","[0.10166173085076154,0.0,0.4778271601074934]",0,LACTEOS Y FRESCOS
FUNDO RIO ALEGRE,UNIMARC,"LACTEOS, HUEVOS Y REFRIGERADOS",7490.0,0.0,3.0,"[7490.0,0.0,3.0]","[1.0877805201031483,0.0,0.4778271601074934]",0,LACTEOS Y FRESCOS
VILAY,UNIMARC,"LACTEOS, HUEVOS Y REFRIGERADOS",2450.0,0.0,3.0,"[2450.0,0.0,3.0]","[0.35581605797766536,0.0,0.4778271601074934]",0,LACTEOS Y FRESCOS
SOPROLE,UNIMARC,"LACTEOS, HUEVOS Y REFRIGERADOS",8290.0,0.0,3.0,"[8290.0,0.0,3.0]","[1.2039653553611616,0.0,0.4778271601074934]",0,LACTEOS Y FRESCOS
DON GUILLERMO,UNIMARC,"LACTEOS, HUEVOS Y REFRIGERADOS",3090.0,0.0,3.0,"[3090.0,0.0,3.0]","[0.4487639261840759,0.0,0.4778271601074934]",0,LACTEOS Y FRESCOS
LONCOLECHE,UNIMARC,"LACTEOS, HUEVOS Y REFRIGERADOS",2350.0,0.0,3.0,"[2350.0,0.0,3.0]","[0.3412929535704137,0.0,0.4778271601074934]",0,LACTEOS Y FRESCOS
SOPROLE,UNIMARC,"LACTEOS, HUEVOS Y REFRIGERADOS",4990.0,0.0,3.0,"[4990.0,0.0,3.0]","[0.7247029099218573,0.0,0.4778271601074934]",0,LACTEOS Y FRESCOS
ECOTERRA,UNIMARC,"LACTEOS, HUEVOS Y REFRIGERADOS",13790.0,0.0,3.0,"[13790.0,0.0,3.0]","[2.0027360977600024,0.0,0.4778271601074934]",0,LACTEOS Y FRESCOS
COLUN,UNIMARC,"LACTEOS, HUEVOS Y REFRIGERADOS",640.0,0.0,3.0,"[640.0,0.0,3.0]","[0.09294786820641054,0.0,0.4778271601074934]",0,LACTEOS Y FRESCOS
ALCAFOOD,UNIMARC,"LACTEOS, HUEVOS Y REFRIGERADOS",7490.0,0.0,3.0,"[7490.0,0.0,3.0]","[1.0877805201031483,0.0,0.4778271601074934]",0,LACTEOS Y FRESCOS
COPACABANA,UNIMARC,"LACTEOS, HUEVOS Y REFRIGERADOS",1590.0,0.0,3.0,"[1590.0,0.0,3.0]","[0.2309173600753012,0.0,0.4778271601074934]",0,LACTEOS Y FRESCOS
COLUN,UNIMARC,"LACTEOS, HUEVOS Y REFRIGERADOS",630.0,0.0,3.0,"[630.0,0.0,3.0]","[0.09149555776568538,0.0,0.4778271601074934]",0,LACTEOS Y FRESCOS
AMA,UNIMARC,"LACTEOS, HUEVOS Y REFRIGERADOS",1190.0,0.0,3.0,"[1190.0,0.0,3.0]","[0.1728249424462946,0.0,0.4778271601074934]",0,LACTEOS Y FRESCOS
VILAY,UNIMARC,"LACTEOS, HUEVOS Y REFRIGERADOS",2450.0,0.0,3.0,"[2450.0,0.0,3.0]","[0.35581605797766536,0.0,0.4778271601074934]",0,LACTEOS Y FRESCOS
YOGU YOGU,UNIMARC,"LACTEOS, HUEVOS Y REFRIGERADOS",2490.0,0.0,3.0,"[2490.0,0.0,3.0]","[0.361625299740566,0.0,0.4778271601074934]",0,LACTEOS Y FRESCOS
MOMENTS,UNIMARC,"LACTEOS, HUEVOS Y REFRIGERADOS",790.0,0.0,3.0,"[790.0,0.0,3.0]","[0.11473252481728802,0.0,0.4778271601074934]",0,LACTEOS Y FRESCOS
SOPROLE,UNIMARC,"LACTEOS, HUEVOS Y REFRIGERADOS",720.0,0.0,3.0,"[720.0,0.0,3.0]","[0.10456635173221186,0.0,0.4778271601074934]",0,LACTEOS Y FRESCOS
SOPROLE,UNIMARC,"LACTEOS, HUEVOS Y REFRIGERADOS",2750.0,0.0,3.0,"[2750.0,0.0,3.0]","[0.3993853711994203,0.0,0.4778271601074934]",0,LACTEOS Y FRESCOS
SOPROLE,UNIMARC,"LACTEOS, HUEVOS Y REFRIGERADOS",2090.0,0.0,3.0,"[2090.0,0.0,3.0]","[0.30353288211155943,0.0,0.4778271601074934]",0,LACTEOS Y FRESCOS
COLUN,UNIMARC,"LACTEOS, HUEVOS Y REFRIGERADOS",390.0,0.0,3.0,"[390.0,0.0,3.0]","[0.05664010718828143,0.0,0.4778271601074934]",0,LACTEOS Y FRESCOS
SOPROLE,UNIMARC,"LACTEOS, HUEVOS Y REFRIGERADOS",6450.0,0.0,3.0,"[6450.0,0.0,3.0]","[0.9367402342677312,0.0,0.4778271601074934]",0,LACTEOS Y FRESCOS
AMBAR GHEE,UNIMARC,"LACTEOS, HUEVOS Y REFRIGERADOS",6790.0,0.0,3.0,"[6790.0,0.0,3.0]","[0.9861187892523868,0.0,0.4778271601074934]",0,LACTEOS Y FRESCOS
SOPROLE,UNIMARC,"LACTEOS, HUEVOS Y REFRIGERADOS",2190.0,0.0,3.0,"[2190.0,0.0,3.0]","[0.31805598651881106,0.0,0.4778271601074934]",0,LACTEOS Y FRESCOS
NOT MILK,UNIMARC,"LACTEOS, HUEVOS Y REFRIGERADOS",2950.0,0.0,3.0,"[2950.0,0.0,3.0]","[0.4284315800139236,0.0,0.4778271601074934]",0,LACTEOS Y FRESCOS
SOPROLE,UNIMARC,"LACTEOS, HUEVOS Y REFRIGERADOS",2590.0,0.0,3.0,"[2590.0,0.0,3.0]","[0.3761484041478177,0.0,0.4778271601074934]",0,LACTEOS Y FRESCOS
VILAY,UNIMARC,"LACTEOS, HUEVOS Y REFRIGERADOS",2450.0,0.0,3.0,"[2450.0,0.0,3.0]","[0.35581605797766536,0.0,0.4778271601074934]",0,LACTEOS Y FRESCOS
COLUN,UNIMARC,"LACTEOS, HUEVOS Y REFRIGERADOS",3890.0,0.0,3.0,"[3890.0,0.0,3.0]","[0.564948761442089,0.0,0.4778271601074934]",0,LACTEOS Y FRESCOS
NOT MILK,UNIMARC,"LACTEOS, HUEVOS Y REFRIGERADOS",1690.0,0.0,3.0,"[1690.0,0.0,3.0]","[0.24544046448255286,0.0,0.4778271601074934]",0,LACTEOS Y FRESCOS
MILO,UNIMARC,"LACTEOS, HUEVOS Y REFRIGERADOS",2250.0,0.0,3.0,"[2250.0,0.0,3.0]","[0.3267698491631621,0.0,0.4778271601074934]",0,LACTEOS Y FRESCOS
COLUN,UNIMARC,"LACTEOS, HUEVOS Y REFRIGERADOS",620.0,0.0,3.0,"[620.0,0.0,3.0]","[0.09004324732496022,0.0,0.4778271601074934]",0,LACTEOS Y FRESCOS
SOPROLE,UNIMARC,"LACTEOS, HUEVOS Y REFRIGERADOS",580.0,0.0,3.0,"[580.0,0.0,3.0]","[0.08423400556205955,0.0,0.4778271601074934]",0,LACTEOS Y FRESCOS
REGIMEL,UNIMARC,"LACTEOS, HUEVOS Y REFRIGERADOS",1990.0,0.0,3.0,"[1990.0,0.0,3.0]","[0.2890097777043078,0.0,0.4778271601074934]",0,LACTEOS Y FRESCOS
SOPROLE,UNIMARC,"LACTEOS, HUEVOS Y REFRIGERADOS",760.0,0.0,3.0,"[760.0,0.0,3.0]","[0.11037559349511253,0.0,0.4778271601074934]",0,LACTEOS Y FRESCOS
SOPROLE,UNIMARC,"LACTEOS, HUEVOS Y REFRIGERADOS",740.0,0.0,3.0,"[740.0,0.0,3.0]","[0.10747097261366219,0.0,0.4778271601074934]",0,LACTEOS Y FRESCOS
CHANDELLE,UNIMARC,"LACTEOS, HUEVOS Y REFRIGERADOS",870.0,0.0,3.0,"[870.0,0.0,3.0]","[0.12635100834308932,0.0,0.4778271601074934]",0,LACTEOS Y FRESCOS
SOPROLE,UNIMARC,"LACTEOS, HUEVOS Y REFRIGERADOS",1790.0,0.0,3.0,"[1790.0,0.0,3.0]","[0.2599635688898045,0.0,0.4778271601074934]",0,LACTEOS Y FRESCOS
YEMITA,UNIMARC,"LACTEOS, HUEVOS Y REFRIGERADOS",2450.0,0.0,3.0,"[2450.0,0.0,3.0]","[0.35581605797766536,0.0,0.4778271601074934]",0,LACTEOS Y FRESCOS
QUILLAYES,UNIMARC,"LACTEOS, HUEVOS Y REFRIGERADOS",4890.0,0.0,3.0,"[4890.0,0.0,3.0]","[0.7101798055146056,0.0,0.4778271601074934]",0,LACTEOS Y FRESCOS
DANONE,UNIMARC,"LACTEOS, HUEVOS Y REFRIGERADOS",2090.0,0.0,3.0,"[2090.0,0.0,3.0]","[0.30353288211155943,0.0,0.4778271601074934]",0,LACTEOS Y FRESCOS
MOMENTS,UNIMARC,"LACTEOS, HUEVOS Y REFRIGERADOS",4690.0,0.0,3.0,"[4690.0,0.0,3.0]","[0.6811335967001023,0.0,0.4778271601074934]",0,LACTEOS Y FRESCOS
LAS PARCELAS DE VALDIVIA,UNIMARC,"LACTEOS, HUEVOS Y REFRIGERADOS",3750.0,0.0,3.0,"[3750.0,0.0,3.0]","[0.5446164152719368,0.0,0.4778271601074934]",0,LACTEOS Y FRESCOS
YEMITA,UNIMARC,"LACTEOS, HUEVOS Y REFRIGERADOS",4750.0,0.0,3.0,"[4750.0,0.0,3.0]","[0.6898474593444532,0.0,0.4778271601074934]",0,LACTEOS Y FRESCOS
NESTLE,UNIMARC,"LACTEOS, HUEVOS Y REFRIGERADOS",520.0,0.0,3.0,"[520.0,0.0,3.0]","[0.07552014291770856,0.0,0.4778271601074934]",0,LACTEOS Y FRESCOS
COLA CAO,UNIMARC,"LACTEOS, HUEVOS Y REFRIGERADOS",4890.0,0.0,3.0,"[4890.0,0.0,3.0]","[0.7101798055146056,0.0,0.4778271601074934]",0,LACTEOS Y FRESCOS
OIKOS,UNIMARC,"LACTEOS, HUEVOS Y REFRIGERADOS",1350.0,0.0,3.0,"[1350.0,0.0,3.0]","[0.19606190949789723,0.0,0.4778271601074934]",0,LACTEOS Y FRESCOS
LA HERRADURA,UNIMARC,"LACTEOS, HUEVOS Y REFRIGERADOS",10990.0,0.0,3.0,"[10990.0,0.0,3.0]","[1.596089174356956,0.0,0.4778271601074934]",0,LACTEOS Y FRESCOS
QUILLAYES,UNIMARC,"LACTEOS, HUEVOS Y REFRIGERADOS",4190.0,0.0,3.0,"[4190.0,0.0,3.0]","[0.608518074663844,0.0,0.4778271601074934]",0,LACTEOS Y FRESCOS
AMA,UNIMARC,"LACTEOS, HUEVOS Y REFRIGERADOS",1190.0,0.0,3.0,"[1190.0,0.0,3.0]","[0.1728249424462946,0.0,0.4778271601074934]",0,LACTEOS Y FRESCOS
OMEGA 3,UNIMARC,"LACTEOS, HUEVOS Y REFRIGERADOS",10950.0,0.0,3.0,"[10950.0,0.0,3.0]","[1.5902799325940553,0.0,0.4778271601074934]",0,LACTEOS Y FRESCOS
NESQUIK,UNIMARC,"LACTEOS, HUEVOS Y REFRIGERADOS",1990.0,0.0,3.0,"[1990.0,0.0,3.0]","[0.2890097777043078,0.0,0.4778271601074934]",0,LACTEOS Y FRESCOS
MOMENTS,UNIMARC,"LACTEOS, HUEVOS Y REFRIGERADOS",2890.0,0.0,3.0,"[2890.0,0.0,3.0]","[0.41971771736957264,0.0,0.4778271601074934]",0,LACTEOS Y FRESCOS
LONCOLECHE,UNIMARC,"LACTEOS, HUEVOS Y REFRIGERADOS",870.0,0.0,3.0,"[870.0,0.0,3.0]","[0.12635100834308932,0.0,0.4778271601074934]",0,LACTEOS Y FRESCOS
SOPROLE,UNIMARC,"LACTEOS, HUEVOS Y REFRIGERADOS",800.0,0.0,3.0,"[800.0,0.0,3.0]","[0.11618483525801318,0.0,0.4778271601074934]",0,LACTEOS Y FRESCOS
OMEGA 3,UNIMARC,"LACTEOS, HUEVOS Y REFRIGERADOS",4090.0,0.0,3.0,"[4090.0,0.0,3.0]","[0.5939949702565924,0.0,0.4778271601074934]",0,LACTEOS Y FRESCOS
SOPROLE,UNIMARC,"LACTEOS, HUEVOS Y REFRIGERADOS",3590.0,0.0,3.0,"[3590.0,0.0,3.0]","[0.5213794482203341,0.0,0.4778271601074934]",0,LACTEOS Y FRESCOS
SOPROLE,UNIMARC,"LACTEOS, HUEVOS Y REFRIGERADOS",380.0,0.0,3.0,"[380.0,0.0,3.0]","[0.055187796747556264,0.0,0.4778271601074934]",0,LACTEOS Y FRESCOS
LONCOLECHE,UNIMARC,"LACTEOS, HUEVOS Y REFRIGERADOS",4290.0,0.0,3.0,"[4290.0,0.0,3.0]","[0.6230411790710957,0.0,0.4778271601074934]",0,LACTEOS Y FRESCOS
SOPROLE,UNIMARC,"LACTEOS, HUEVOS Y REFRIGERADOS",730.0,0.0,3.0,"[730.0,0.0,3.0]","[0.10601866217293703,0.0,0.4778271601074934]",0,LACTEOS Y FRESCOS
SOPROLE,UNIMARC,"LACTEOS, HUEVOS Y REFRIGERADOS",810.0,0.0,3.0,"[810.0,0.0,3.0]","[0.11763714569873834,0.0,0.4778271601074934]",0,LACTEOS Y FRESCOS
DANONE,UNIMARC,"LACTEOS, HUEVOS Y REFRIGERADOS",370.0,0.0,3.0,"[370.0,0.0,3.0]","[0.053735486306831094,0.0,0.4778271601074934]",0,LACTEOS Y FRESCOS
COLA CAO,UNIMARC,"LACTEOS, HUEVOS Y REFRIGERADOS",2390.0,0.0,3.0,"[2390.0,0.0,3.0]","[0.3471021953333144,0.0,0.4778271601074934]",0,LACTEOS Y FRESCOS
ORASI,UNIMARC,"LACTEOS, HUEVOS Y REFRIGERADOS",1490.0,0.0,3.0,"[1490.0,0.0,3.0]","[0.21639425566804954,0.0,0.4778271601074934]",0,LACTEOS Y FRESCOS
LONCOLECHE,UNIMARC,"LACTEOS, HUEVOS Y REFRIGERADOS",570.0,0.0,3.0,"[570.0,0.0,3.0]","[0.08278169512133439,0.0,0.4778271601074934]",0,LACTEOS Y FRESCOS
DEYCO,UNIMARC,"LACTEOS, HUEVOS Y REFRIGERADOS",2690.0,0.0,3.0,"[2690.0,0.0,3.0]","[0.3906715085550693,0.0,0.4778271601074934]",0,LACTEOS Y FRESCOS
FUNDO RIO ALEGRE,UNIMARC,"LACTEOS, HUEVOS Y REFRIGERADOS",9350.0,0.0,3.0,"[9350.0,0.0,3.0]","[1.357910262078029,0.0,0.4778271601074934]",0,LACTEOS Y FRESCOS
ENSURE,UNIMARC,"LACTEOS, HUEVOS Y REFRIGERADOS",33890.0,0.0,3.0,"[33890.0,0.0,3.0]","[4.921880083617584,0.0,0.4778271601074934]",0,LACTEOS Y FRESCOS
LONCOLECHE,UNIMARC,"LACTEOS, HUEVOS Y REFRIGERADOS",3390.0,0.0,3.0,"[3390.0,0.0,3.0]","[0.49233323940583085,0.0,0.4778271601074934]",0,LACTEOS Y FRESCOS
SOPROLE,UNIMARC,"LACTEOS, HUEVOS Y REFRIGERADOS",3590.0,0.0,3.0,"[3590.0,0.0,3.0]","[0.5213794482203341,0.0,0.4778271601074934]",0,LACTEOS Y FRESCOS
PUCARA,UNIMARC,"LACTEOS, HUEVOS Y REFRIGERADOS",1790.0,0.0,3.0,"[1790.0,0.0,3.0]","[0.2599635688898045,0.0,0.4778271601074934]",0,LACTEOS Y FRESCOS
AMBROSOLI,UNIMARC,"LACTEOS, HUEVOS Y REFRIGERADOS",630.0,0.0,3.0,"[630.0,0.0,3.0]","[0.09149555776568538,0.0,0.4778271601074934]",0,LACTEOS Y FRESCOS
COLUN,UNIMARC,"LACTEOS, HUEVOS Y REFRIGERADOS",2290.0,0.0,3.0,"[2290.0,0.0,3.0]","[0.33257909092606275,0.0,0.4778271601074934]",0,LACTEOS Y FRESCOS
DILA,UNIMARC,"LACTEOS, HUEVOS Y REFRIGERADOS",1490.0,0.0,3.0,"[1490.0,0.0,3.0]","[0.21639425566804954,0.0,0.4778271601074934]",0,LACTEOS Y FRESCOS
SOPROLE,UNIMARC,"LACTEOS, HUEVOS Y REFRIGERADOS",2590.0,0.0,3.0,"[2590.0,0.0,3.0]","[0.3761484041478177,0.0,0.4778271601074934]",0,LACTEOS Y FRESCOS
AMA,UNIMARC,"LACTEOS, HUEVOS Y REFRIGERADOS",1190.0,0.0,3.0,"[1190.0,0.0,3.0]","[0.1728249424462946,0.0,0.4778271601074934]",0,LACTEOS Y FRESCOS
QUALY,UNIMARC,"LACTEOS, HUEVOS Y REFRIGERADOS",2790.0,0.0,3.0,"[2790.0,0.0,3.0]","[0.40519461296232095,0.0,0.4778271601074934]",0,LACTEOS Y FRESCOS
LONCOLECHE,UNIMARC,"LACTEOS, HUEVOS Y REFRIGERADOS",3250.0,0.0,3.0,"[3250.0,0.0,3.0]","[0.47200089323567856,0.0,0.4778271601074934]",0,LACTEOS Y FRESCOS
CHANDELLE,UNIMARC,"LACTEOS, HUEVOS Y REFRIGERADOS",870.0,0.0,3.0,"[870.0,0.0,3.0]","[0.12635100834308932,0.0,0.4778271601074934]",0,LACTEOS Y FRESCOS
SURLAT,UNIMARC,"LACTEOS, HUEVOS Y REFRIGERADOS",8700.0,0.0,3.0,"[8700.0,0.0,3.0]","[1.2635100834308934,0.0,0.4778271601074934]",0,LACTEOS Y FRESCOS
SOPROLE,UNIMARC,"LACTEOS, HUEVOS Y REFRIGERADOS",2750.0,0.0,3.0,"[2750.0,0.0,3.0]","[0.3993853711994203,0.0,0.4778271601074934]",0,LACTEOS Y FRESCOS
AMA,UNIMARC,"LACTEOS, HUEVOS Y REFRIGERADOS",1190.0,0.0,3.0,"[1190.0,0.0,3.0]","[0.1728249424462946,0.0,0.4778271601074934]",0,LACTEOS Y FRESCOS
AMBROSOLI,UNIMARC,"LACTEOS, HUEVOS Y REFRIGERADOS",630.0,0.0,3.0,"[630.0,0.0,3.0]","[0.09149555776568538,0.0,0.4778271601074934]",0,LACTEOS Y FRESCOS
SOPROLE,UNIMARC,"LACTEOS, HUEVOS Y REFRIGERADOS",1850.0,0.0,3.0,"[1850.0,0.0,3.0]","[0.26867743153415546,0.0,0.4778271601074934]",0,LACTEOS Y FRESCOS
VILAY,UNIMARC,"LACTEOS, HUEVOS Y REFRIGERADOS",2450.0,0.0,3.0,"[2450.0,0.0,3.0]","[0.35581605797766536,0.0,0.4778271601074934]",0,LACTEOS Y FRESCOS
COLUN,UNIMARC,"LACTEOS, HUEVOS Y REFRIGERADOS",16680.0,0.0,3.0,"[16680.0,0.0,3.0]","[2.422453815129575,0.0,0.4778271601074934]",0,LACTEOS Y FRESCOS
DANONE,UNIMARC,"LACTEOS, HUEVOS Y REFRIGERADOS",370.0,0.0,3.0,"[370.0,0.0,3.0]","[0.053735486306831094,0.0,0.4778271601074934]",0,LACTEOS Y FRESCOS
PUCARA,UNIMARC,"LACTEOS, HUEVOS Y REFRIGERADOS",1790.0,0.0,3.0,"[1790.0,0.0,3.0]","[0.2599635688898045,0.0,0.4778271601074934]",0,LACTEOS Y FRESCOS
DILA,UNIMARC,"LACTEOS, HUEVOS Y REFRIGERADOS",1490.0,0.0,3.0,"[1490.0,0.0,3.0]","[0.21639425566804954,0.0,0.4778271601074934]",0,LACTEOS Y FRESCOS
SANTA ELVIRA,UNIMARC,"LACTEOS, HUEVOS Y REFRIGERADOS",6490.0,0.0,3.0,"[6490.0,0.0,3.0]","[0.9425494760306319,0.0,0.4778271601074934]",0,LACTEOS Y FRESCOS
SOPROLE,UNIMARC,"LACTEOS, HUEVOS Y REFRIGERADOS",4990.0,0.0,3.0,"[4990.0,0.0,3.0]","[0.7247029099218573,0.0,0.4778271601074934]",0,LACTEOS Y FRESCOS
DILA,UNIMARC,"LACTEOS, HUEVOS Y REFRIGERADOS",1490.0,0.0,3.0,"[1490.0,0.0,3.0]","[0.21639425566804954,0.0,0.4778271601074934]",0,LACTEOS Y FRESCOS
MILO,UNIMARC,"LACTEOS, HUEVOS Y REFRIGERADOS",3990.0,0.0,3.0,"[3990.0,0.0,3.0]","[0.5794718658493407,0.0,0.4778271601074934]",0,LACTEOS Y FRESCOS
CINTAZUL,UNIMARC,"LACTEOS, HUEVOS Y REFRIGERADOS",4990.0,0.0,3.0,"[4990.0,0.0,3.0]","[0.7247029099218573,0.0,0.4778271601074934]",0,LACTEOS Y FRESCOS
LA GRANJA,UNIMARC,"LACTEOS, HUEVOS Y REFRIGERADOS",5390.0,0.0,3.0,"[5390.0,0.0,3.0]","[0.7827953275508638,0.0,0.4778271601074934]",0,LACTEOS Y FRESCOS
SOPROLE,UNIMARC,"LACTEOS, HUEVOS Y REFRIGERADOS",560.0,0.0,3.0,"[560.0,0.0,3.0]","[0.08132938468060923,0.0,0.4778271601074934]",0,LACTEOS Y FRESCOS
VIVO,UNIMARC,"LACTEOS, HUEVOS Y REFRIGERADOS",870.0,0.0,3.0,"[870.0,0.0,3.0]","[0.12635100834308932,0.0,0.4778271601074934]",0,LACTEOS Y FRESCOS
RAFF,UNIMARC,"LACTEOS, HUEVOS Y REFRIGERADOS",1990.0,0.0,3.0,"[1990.0,0.0,3.0]","[0.2890097777043078,0.0,0.4778271601074934]",0,LACTEOS Y FRESCOS
AMBROSOLI,UNIMARC,"LACTEOS, HUEVOS Y REFRIGERADOS",630.0,0.0,3.0,"[630.0,0.0,3.0]","[0.09149555776568538,0.0,0.4778271601074934]",0,LACTEOS Y FRESCOS
SOPROLE,UNIMARC,"LACTEOS, HUEVOS Y REFRIGERADOS",3590.0,0.0,3.0,"[3590.0,0.0,3.0]","[0.5213794482203341,0.0,0.4778271601074934]",0,LACTEOS Y FRESCOS
YEMITA,UNIMARC,"LACTEOS, HUEVOS Y REFRIGERADOS",4750.0,0.0,3.0,"[4750.0,0.0,3.0]","[0.6898474593444532,0.0,0.4778271601074934]",0,LACTEOS Y FRESCOS
COLUN,UNIMARC,"LACTEOS, HUEVOS Y REFRIGERADOS",620.0,0.0,3.0,"[620.0,0.0,3.0]","[0.09004324732496022,0.0,0.4778271601074934]",0,LACTEOS Y FRESCOS
NESQUIK,UNIMARC,"LACTEOS, HUEVOS Y REFRIGERADOS",3890.0,0.0,3.0,"[3890.0,0.0,3.0]","[0.564948761442089,0.0,0.4778271601074934]",0,LACTEOS Y FRESCOS
DILA,UNIMARC,"LACTEOS, HUEVOS Y REFRIGERADOS",990.0,0.0,3.0,"[990.0,0.0,3.0]","[0.1437787336317913,0.0,0.4778271601074934]",0,LACTEOS Y FRESCOS
SOPROLE,UNIMARC,"LACTEOS, HUEVOS Y REFRIGERADOS",620.0,0.0,3.0,"[620.0,0.0,3.0]","[0.09004324732496022,0.0,0.4778271601074934]",0,LACTEOS Y FRESCOS
SOPROLE,UNIMARC,"LACTEOS, HUEVOS Y REFRIGERADOS",2590.0,0.0,3.0,"[2590.0,0.0,3.0]","[0.3761484041478177,0.0,0.4778271601074934]",0,LACTEOS Y FRESCOS
COLUN,UNIMARC,"LACTEOS, HUEVOS Y REFRIGERADOS",16680.0,0.0,3.0,"[16680.0,0.0,3.0]","[2.422453815129575,0.0,0.4778271601074934]",0,LACTEOS Y FRESCOS
SOPROLE,UNIMARC,"LACTEOS, HUEVOS Y REFRIGERADOS",680.0,0.0,3.0,"[680.0,0.0,3.0]","[0.0987571099693112,0.0,0.4778271601074934]",0,LACTEOS Y FRESCOS
COLUN,UNIMARC,"LACTEOS, HUEVOS Y REFRIGERADOS",390.0,0.0,3.0,"[390.0,0.0,3.0]","[0.05664010718828143,0.0,0.4778271601074934]",0,LACTEOS Y FRESCOS
SOPROLE,UNIMARC,"LACTEOS, HUEVOS Y REFRIGERADOS",720.0,0.0,3.0,"[720.0,0.0,3.0]","[0.10456635173221186,0.0,0.4778271601074934]",0,LACTEOS Y FRESCOS
LONCOLECHE,UNIMARC,"LACTEOS, HUEVOS Y REFRIGERADOS",9550.0,0.0,3.0,"[9550.0,0.0,3.0]","[1.3869564708925324,0.0,0.4778271601074934]",0,LACTEOS Y FRESCOS
COLUN,UNIMARC,"LACTEOS, HUEVOS Y REFRIGERADOS",8290.0,0.0,3.0,"[8290.0,0.0,3.0]","[1.2039653553611616,0.0,0.4778271601074934]",0,LACTEOS Y FRESCOS
NESTLE,UNIMARC,"LACTEOS, HUEVOS Y REFRIGERADOS",410.0,0.0,3.0,"[410.0,0.0,3.0]","[0.05954472806973175,0.0,0.4778271601074934]",0,LACTEOS Y FRESCOS
SOPROLE,UNIMARC,"LACTEOS, HUEVOS Y REFRIGERADOS",1850.0,0.0,3.0,"[1850.0,0.0,3.0]","[0.26867743153415546,0.0,0.4778271601074934]",0,LACTEOS Y FRESCOS
LONCOLECHE,UNIMARC,"LACTEOS, HUEVOS Y REFRIGERADOS",2890.0,0.0,3.0,"[2890.0,0.0,3.0]","[0.41971771736957264,0.0,0.4778271601074934]",0,LACTEOS Y FRESCOS
AVICOLA SAN ANTONIO,UNIMARC,"LACTEOS, HUEVOS Y REFRIGERADOS",9190.0,0.0,3.0,"[9190.0,0.0,3.0]","[1.3346732950264264,0.0,0.4778271601074934]",0,LACTEOS Y FRESCOS
LONCOLECHE,UNIMARC,"LACTEOS, HUEVOS Y REFRIGERADOS",3390.0,0.0,3.0,"[3390.0,0.0,3.0]","[0.49233323940583085,0.0,0.4778271601074934]",0,LACTEOS Y FRESCOS
SOPROLE,UNIMARC,"LACTEOS, HUEVOS Y REFRIGERADOS",790.0,0.0,3.0,"[790.0,0.0,3.0]","[0.11473252481728802,0.0,0.4778271601074934]",0,LACTEOS Y FRESCOS
COLUN,UNIMARC,"LACTEOS, HUEVOS Y REFRIGERADOS",390.0,0.0,3.0,"[390.0,0.0,3.0]","[0.05664010718828143,0.0,0.4778271601074934]",0,LACTEOS Y FRESCOS
CINTAZUL,UNIMARC,"LACTEOS, HUEVOS Y REFRIGERADOS",4350.0,0.0,3.0,"[4350.0,0.0,3.0]","[0.6317550417154467,0.0,0.4778271601074934]",0,LACTEOS Y FRESCOS
CALAN,UNIMARC,"LACTEOS, HUEVOS Y REFRIGERADOS",5490.0,0.0,3.0,"[5490.0,0.0,3.0]","[0.7973184319581155,0.0,0.4778271601074934]",0,LACTEOS Y FRESCOS
AVICOLA SAN ANTONIO,UNIMARC,"LACTEOS, HUEVOS Y REFRIGERADOS",10190.0,0.0,3.0,"[10190.0,0.0,3.0]","[1.4799043390989428,0.0,0.4778271601074934]",0,LACTEOS Y FRESCOS
LONCOLECHE,UNIMARC,"LACTEOS, HUEVOS Y REFRIGERADOS",570.0,0.0,3.0,"[570.0,0.0,3.0]","[0.08278169512133439,0.0,0.4778271601074934]",0,LACTEOS Y FRESCOS
VILAY,UNIMARC,"LACTEOS, HUEVOS Y REFRIGERADOS",1390.0,0.0,3.0,"[1390.0,0.0,3.0]","[0.2018711512607979,0.0,0.4778271601074934]",0,LACTEOS Y FRESCOS
ORASI,UNIMARC,"LACTEOS, HUEVOS Y REFRIGERADOS",2350.0,0.0,3.0,"[2350.0,0.0,3.0]","[0.3412929535704137,0.0,0.4778271601074934]",0,LACTEOS Y FRESCOS
ECOTERRA,UNIMARC,"LACTEOS, HUEVOS Y REFRIGERADOS",4990.0,0.0,3.0,"[4990.0,0.0,3.0]","[0.7247029099218573,0.0,0.4778271601074934]",0,LACTEOS Y FRESCOS
COLUN,UNIMARC,"LACTEOS, HUEVOS Y REFRIGERADOS",1090.0,0.0,3.0,"[1090.0,0.0,3.0]","[0.15830183803904296,0.0,0.4778271601074934]",0,LACTEOS Y FRESCOS
OMEGA 3,UNIMARC,"LACTEOS, HUEVOS Y REFRIGERADOS",3090.0,0.0,3.0,"[3090.0,0.0,3.0]","[0.4487639261840759,0.0,0.4778271601074934]",0,LACTEOS Y FRESCOS
SOPROLE,UNIMARC,"LACTEOS, HUEVOS Y REFRIGERADOS",580.0,0.0,3.0,"[580.0,0.0,3.0]","[0.08423400556205955,0.0,0.4778271601074934]",0,LACTEOS Y FRESCOS
PRESIDENT,UNIMARC,"LACTEOS, HUEVOS Y REFRIGERADOS",2990.0,0.0,3.0,"[2990.0,0.0,3.0]","[0.43424082177682427,0.0,0.4778271601074934]",0,LACTEOS Y FRESCOS
SOPROLE,UNIMARC,"LACTEOS, HUEVOS Y REFRIGERADOS",680.0,0.0,3.0,"[680.0,0.0,3.0]","[0.0987571099693112,0.0,0.4778271601074934]",0,LACTEOS Y FRESCOS
AMA,UNIMARC,"LACTEOS, HUEVOS Y REFRIGERADOS",1190.0,0.0,3.0,"[1190.0,0.0,3.0]","[0.1728249424462946,0.0,0.4778271601074934]",0,LACTEOS Y FRESCOS
SOPROLE,UNIMARC,"LACTEOS, HUEVOS Y REFRIGERADOS",460.0,0.0,3.0,"[460.0,0.0,3.0]","[0.06680628027335758,0.0,0.4778271601074934]",0,LACTEOS Y FRESCOS
YOGU YOGU,UNIMARC,"LACTEOS, HUEVOS Y REFRIGERADOS",2490.0,0.0,3.0,"[2490.0,0.0,3.0]","[0.361625299740566,0.0,0.4778271601074934]",0,LACTEOS Y FRESCOS
VILAY,UNIMARC,"LACTEOS, HUEVOS Y REFRIGERADOS",2450.0,0.0,3.0,"[2450.0,0.0,3.0]","[0.35581605797766536,0.0,0.4778271601074934]",0,LACTEOS Y FRESCOS
QUILLAYES,UNIMARC,"LACTEOS, HUEVOS Y REFRIGERADOS",3350.0,0.0,3.0,"[3350.0,0.0,3.0]","[0.4865239976429302,0.0,0.4778271601074934]",0,LACTEOS Y FRESCOS
MILO,UNIMARC,"LACTEOS, HUEVOS Y REFRIGERADOS",680.0,0.0,3.0,"[680.0,0.0,3.0]","[0.0987571099693112,0.0,0.4778271601074934]",0,LACTEOS Y FRESCOS
TRENCITO,UNIMARC,"LACTEOS, HUEVOS Y REFRIGERADOS",3250.0,0.0,3.0,"[3250.0,0.0,3.0]","[0.47200089323567856,0.0,0.4778271601074934]",0,LACTEOS Y FRESCOS
VILAY,UNIMARC,"LACTEOS, HUEVOS Y REFRIGERADOS",2450.0,0.0,3.0,"[2450.0,0.0,3.0]","[0.35581605797766536,0.0,0.4778271601074934]",0,LACTEOS Y FRESCOS
NESTLE,UNIMARC,"LACTEOS, HUEVOS Y REFRIGERADOS",410.0,0.0,3.0,"[410.0,0.0,3.0]","[0.05954472806973175,0.0,0.4778271601074934]",0,LACTEOS Y FRESCOS
LONCOLECHE,UNIMARC,"LACTEOS, HUEVOS Y REFRIGERADOS",6390.0,0.0,3.0,"[6390.0,0.0,3.0]","[0.9280263716233803,0.0,0.4778271601074934]",0,LACTEOS Y FRESCOS
SOPROLE,UNIMARC,"LACTEOS, HUEVOS Y REFRIGERADOS",460.0,0.0,3.0,"[460.0,0.0,3.0]","[0.06680628027335758,0.0,0.4778271601074934]",0,LACTEOS Y FRESCOS
COLUN,UNIMARC,"LACTEOS, HUEVOS Y REFRIGERADOS",1190.0,0.0,3.0,"[1190.0,0.0,3.0]","[0.1728249424462946,0.0,0.4778271601074934]",0,LACTEOS Y FRESCOS
VILAY,UNIMARC,"LACTEOS, HUEVOS Y REFRIGERADOS",1550.0,0.0,3.0,"[1550.0,0.0,3.0]","[0.22510811831240055,0.0,0.4778271601074934]",0,LACTEOS Y FRESCOS
COLA CAO,UNIMARC,"LACTEOS, HUEVOS Y REFRIGERADOS",7290.0,0.0,3.0,"[7290.0,0.0,3.0]","[1.0587343112886451,0.0,0.4778271601074934]",0,LACTEOS Y FRESCOS
CALAN,UNIMARC,"LACTEOS, HUEVOS Y REFRIGERADOS",2490.0,0.0,3.0,"[2490.0,0.0,3.0]","[0.361625299740566,0.0,0.4778271601074934]",0,LACTEOS Y FRESCOS
SOPROLE,UNIMARC,"LACTEOS, HUEVOS Y REFRIGERADOS",3350.0,0.0,3.0,"[3350.0,0.0,3.0]","[0.4865239976429302,0.0,0.4778271601074934]",0,LACTEOS Y FRESCOS
CALO,UNIMARC,"LACTEOS, HUEVOS Y REFRIGERADOS",1890.0,0.0,3.0,"[1890.0,0.0,3.0]","[0.2744866732970561,0.0,0.4778271601074934]",0,LACTEOS Y FRESCOS
SURLAT,UNIMARC,"LACTEOS, HUEVOS Y REFRIGERADOS",8700.0,0.0,3.0,"[8700.0,0.0,3.0]","[1.2635100834308934,0.0,0.4778271601074934]",0,LACTEOS Y FRESCOS
NESTLE,UNIMARC,"LACTEOS, HUEVOS Y REFRIGERADOS",8890.0,0.0,3.0,"[8890.0,0.0,3.0]","[1.2911039818046715,0.0,0.4778271601074934]",0,LACTEOS Y FRESCOS
LONCOLECHE,UNIMARC,"LACTEOS, HUEVOS Y REFRIGERADOS",570.0,0.0,3.0,"[570.0,0.0,3.0]","[0.08278169512133439,0.0,0.4778271601074934]",0,LACTEOS Y FRESCOS
SOPROLE,UNIMARC,"LACTEOS, HUEVOS Y REFRIGERADOS",1850.0,0.0,3.0,"[1850.0,0.0,3.0]","[0.26867743153415546,0.0,0.4778271601074934]",0,LACTEOS Y FRESCOS
ECOTERRA,UNIMARC,"LACTEOS, HUEVOS Y REFRIGERADOS",11190.0,0.0,3.0,"[11190.0,0.0,3.0]","[1.6251353831714594,0.0,0.4778271601074934]",0,LACTEOS Y FRESCOS
PUCARA,UNIMARC,"LACTEOS, HUEVOS Y REFRIGERADOS",1790.0,0.0,3.0,"[1790.0,0.0,3.0]","[0.2599635688898045,0.0,0.4778271601074934]",0,LACTEOS Y FRESCOS
LONCOLECHE,UNIMARC,"LACTEOS, HUEVOS Y REFRIGERADOS",2890.0,0.0,3.0,"[2890.0,0.0,3.0]","[0.41971771736957264,0.0,0.4778271601074934]",0,LACTEOS Y FRESCOS
