marca,supermercado,categoria,precio,prediction
GENERICA,ACUENTA,Despensa General,3790.0,0
TUCAPEL,ACUENTA,Arroz,1000.0,1
ACUENTA,ACUENTA,Aceites,1390.0,1
ACUENTA,ACUENTA,Harinas,790.0,1
ACE,ACUENTA,Aceites,2850.0,1
NETO,ACUENTA,Aceites,1850.0,1
TUCAPEL,ACUENTA,Arroz,2150.0,1
GENERICA,ACUENTA,Despensa General,940.0,0
SELECTA,ACUENTA,Harinas,2000.0,1
GENERICA,ACUENTA,Despensa General,1750.0,0
CAROZZI,ACUENTA,Pastas,990.0,2
GENERICA,ACUENTA,Pastas,970.0,2
IANSA,ACUENTA,Azúcares,1290.0,1
NETO,ACUENTA,Conservas,1000.0,1
MIRAFLORES,ACUENTA,Arroz,2350.0,1
MIRAFLORES,ACUENTA,Aceites,2790.0,1
LIDER,ACUENTA,Azúcares,1000.0,1
ACUENTA,ACUENTA,Despensa General,1000.0,0
ACUENTA,ACUENTA,Despensa General,270.0,0
GENERICA,ACUENTA,Despensa General,1000.0,0
CAROZZI,ACUENTA,Despensa General,940.0,0
LA ROMA,ACUENTA,Arroz,1000.0,1
KRAFT,ACUENTA,Salsas,2890.0,1
GENERICA,ACUENTA,Despensa General,2350.0,0
GENERICA,ACUENTA,Despensa General,2290.0,0
NETO,ACUENTA,Despensa General,1850.0,0
GENERICA,ACUENTA,Arroz,1650.0,1
BANQUETE,ACUENTA,Arroz,2000.0,1
GENERICA,ACUENTA,Despensa General,2650.0,0
LIDER,ACUENTA,Despensa General,6490.0,0
LIDER,ACUENTA,Despensa General,1450.0,0
LIDER,ACUENTA,Azúcares,1190.0,1
GENERICA,ACUENTA,Despensa General,1550.0,0
ACUENTA,ACUENTA,Despensa General,850.0,0
CAROZZI,ACUENTA,Pastas,990.0,2
GENERICA,ACUENTA,Despensa General,770.0,0
KRAFT,ACUENTA,Despensa General,1790.0,0
GENERICA,ACUENTA,Despensa General,750.0,0
ACUENTA,ACUENTA,Despensa General,1650.0,0
CAROZZI,ACUENTA,Pastas,990.0,2
NETO,ACUENTA,Conservas,1850.0,1
LIDER,ACUENTA,Despensa General,550.0,0
GENERICA,ACUENTA,Pastas,450.0,2
LIDER,ACUENTA,Despensa General,890.0,0
CAROZZI,ACUENTA,Pastas,990.0,2
LIDER,ACUENTA,Despensa General,550.0,0
VIVO,ACUENTA,Despensa General,490.0,0
CAROZZI,ACUENTA,Pastas,990.0,2
GENERICA,ACUENTA,Harinas,14990.0,1
ACUENTA,ACUENTA,Aceites,7890.0,1
GENERICA,ACUENTA,Pastas,990.0,2
LIDER,ACUENTA,Azúcares,4490.0,1
GENERICA,ACUENTA,Legumbres,1390.0,1
NETO,ACUENTA,Legumbres,1390.0,1
GENERICA,ACUENTA,Despensa General,2650.0,0
GENERICA,ACUENTA,Harinas,1000.0,1
ACUENTA,ACUENTA,Pastas,430.0,2
ACUENTA,ACUENTA,Pastas,430.0,2
GENERICA,ACUENTA,Pastas,970.0,2
GENERICA,ACUENTA,Despensa General,1450.0,0
CAROZZI,ACUENTA,Pastas,990.0,2
ACE,ACUENTA,Aceites,2450.0,1
GENERICA,ACUENTA,Pastas,990.0,2
VIVO,ACUENTA,Despensa General,490.0,0
IANSA,ACUENTA,Despensa General,2990.0,0
GENERICA,ACUENTA,Despensa General,740.0,0
GENERICA,ACUENTA,Despensa General,1000.0,0
GENERICA,ACUENTA,Harinas,19590.0,1
NETO,ACUENTA,Despensa General,2150.0,0
ACUENTA,ACUENTA,Despensa General,390.0,0
IANSA,ACUENTA,Azúcares,1000.0,1
NETO,ACUENTA,Despensa General,1250.0,0
ACUENTA,ACUENTA,Despensa General,2350.0,0
CAROZZI,ACUENTA,Pastas,2450.0,2
ACUENTA,ACUENTA,Pastas,460.0,2
CAROZZI,ACUENTA,Pastas,1890.0,2
GENERICA,ACUENTA,Despensa General,740.0,0
NETO,ACUENTA,Conservas,700.0,1
GENERICA,ACUENTA,Despensa General,1000.0,0
ACUENTA,ACUENTA,Salsas,2190.0,1
MAGGI,ACUENTA,Despensa General,1000.0,0
LUCCHETTI,ACUENTA,Pastas,970.0,2
GENERICA,ACUENTA,Arroz,1490.0,1
LUCCHETTI,ACUENTA,Pastas,970.0,2
GENERICA,ACUENTA,Arroz,1890.0,1
GENERICA,ACUENTA,Despensa General,740.0,0
GENERICA,ACUENTA,Despensa General,1390.0,0
NETO,ACUENTA,Despensa General,1450.0,0
GENERICA,ACUENTA,Despensa General,630.0,0
IANSA,ACUENTA,Azúcares,1350.0,1
GENERICA,ACUENTA,Despensa General,770.0,0
ACUENTA,ACUENTA,Azúcares,750.0,1
IANSA,ACUENTA,Despensa General,2350.0,0
GENERICA,ACUENTA,Despensa General,590.0,0
GENERICA,ACUENTA,Despensa General,940.0,0
IANSA,ACUENTA,Azúcares,5290.0,1
MAGGI,ACUENTA,Despensa General,630.0,0
GENERICA,ACUENTA,Harinas,3890.0,1
GOURMET,ACUENTA,Despensa General,2550.0,0
GENERICA,ACUENTA,Despensa General,630.0,0
NETO,ACUENTA,Despensa General,1690.0,0
GENERICA,ACUENTA,Harinas,1190.0,1
GENERICA,ACUENTA,Legumbres,1390.0,1
ACE,ACUENTA,Aceites,2650.0,1
GENERICA,ACUENTA,Despensa General,940.0,0
ACUENTA,ACUENTA,Aceites,2390.0,1
ACUENTA,ACUENTA,Despensa General,2290.0,0
GENERICA,ACUENTA,Arroz,1190.0,1
GENERICA,ACUENTA,Pastas,450.0,2
ACUENTA,ACUENTA,Legumbres,1950.0,1
GENERICA,ACUENTA,Despensa General,560.0,0
GENERICA,ACUENTA,Harinas,1250.0,1
NETO,ACUENTA,Legumbres,1390.0,1
LIDER,ACUENTA,Legumbres,950.0,1
GENERICA,ACUENTA,Arroz,450.0,1
LOBOS,ACUENTA,Despensa General,420.0,0
GENERICA,ACUENTA,Despensa General,450.0,0
MAGGI,ACUENTA,Despensa General,630.0,0
GENERICA,ACUENTA,Despensa General,2000.0,0
GENERICA,ACUENTA,Despensa General,560.0,0
BANQUETE,ACUENTA,Legumbres,2000.0,1
GENERICA,ACUENTA,Despensa General,2150.0,0
NETO,ACUENTA,Despensa General,1490.0,0
GENERICA,ACUENTA,Pastas,2450.0,2
MAGGI,ACUENTA,Despensa General,890.0,0
SELECTA,ACUENTA,Harinas,1990.0,1
ACUENTA,ACUENTA,Arroz,850.0,1
TUCAPEL,ACUENTA,Arroz,1390.0,1
GENERICA,ACUENTA,Arroz,740.0,1
GENERICA,ACUENTA,Despensa General,1950.0,0
GENERICA,ACUENTA,Despensa General,740.0,0
GENERICA,ACUENTA,Despensa General,560.0,0
GENERICA,ACUENTA,Pastas,450.0,2
LIDER,ACUENTA,Harinas,890.0,1
NETO,ACUENTA,Despensa General,1650.0,0
GENERICA,ACUENTA,Despensa General,450.0,0
ACUENTA,ACUENTA,Pastas,430.0,2
GENERICA,ACUENTA,Despensa General,770.0,0
LIDER,ACUENTA,Aceites,1650.0,1
CAROZZI,ACUENTA,Pastas,990.0,2
NETO,ACUENTA,Aceites,1390.0,1
LIDER,ACUENTA,Legumbres,950.0,1
ACUENTA,ACUENTA,Harinas,790.0,1
GENERICA,ACUENTA,Despensa General,740.0,0
GENERICA,ACUENTA,Despensa General,560.0,0
ACUENTA,ACUENTA,Pastas,430.0,2
GENERICA,ACUENTA,Despensa General,630.0,0
GENERICA,ACUENTA,Pastas,450.0,2
LIDER,ACUENTA,Despensa General,2990.0,0
LUCCHETTI,ACUENTA,Despensa General,770.0,0
MAGGI,ACUENTA,Despensa General,1000.0,0
CAROZZI,ACUENTA,Pastas,1250.0,2
KRAFT,ACUENTA,Salsas,6590.0,1
GENERICA,ACUENTA,Despensa General,740.0,0
GENERICA,ACUENTA,Pastas,1090.0,2
GENERICA,ACUENTA,Arroz,1950.0,1
ACUENTA,ACUENTA,Harinas,3990.0,1
GENERICA,ACUENTA,Harinas,1250.0,1
LIDER,ACUENTA,Despensa General,4690.0,0
NETO,ACUENTA,Conservas,1350.0,1
LUCCHETTI,ACUENTA,Pastas,970.0,2
KRAFT,ACUENTA,Salsas,9890.0,1
NETO,ACUENTA,Aceites,1350.0,1
GENERICA,ACUENTA,Despensa General,2250.0,0
LIDER,ACUENTA,Pastas,750.0,2
ACE,ACUENTA,Aceites,8990.0,1
LIDER,ACUENTA,Harinas,890.0,1
LUCCHETTI,ACUENTA,Pastas,970.0,2
SELECTA,ACUENTA,Harinas,7090.0,1
KRAFT,ACUENTA,Salsas,4490.0,1
SELECTA,ACUENTA,Harinas,1350.0,1
LIDER,ACUENTA,Pastas,750.0,2
SELECTA,ACUENTA,Harinas,1350.0,1
LIDER,ACUENTA,Aceites,1890.0,1
LIDER,ACUENTA,Salsas,3890.0,1
LIDER,ACUENTA,Salsas,3390.0,1
ACE,ACUENTA,Aceites,8390.0,1
ACE,ACUENTA,Aceites,5190.0,1
LUCCHETTI,ACUENTA,Pastas,970.0,2
KRAFT,ACUENTA,Despensa General,2790.0,0
NETO,ACUENTA,Despensa General,1450.0,0
GENERICA,ACUENTA,Harinas,17990.0,1
CAROZZI,ACUENTA,Despensa General,1390.0,0
GENERICA,ACUENTA,Despensa General,590.0,0
GENERICA,ACUENTA,Pastas,970.0,2
NETO,ACUENTA,Despensa General,1650.0,0
GENERICA,ACUENTA,Despensa General,2690.0,0
NETO,ACUENTA,Despensa General,1750.0,0
GENERICA,ACUENTA,Despensa General,1750.0,0
LIDER,ACUENTA,Pastas,750.0,2
LIDER,ACUENTA,Pastas,750.0,2
LIDER,ACUENTA,Despensa General,1890.0,0
GENERICA,ACUENTA,Pastas,590.0,2
GENERICA,ACUENTA,Despensa General,2250.0,0
NETO,ACUENTA,Despensa General,2290.0,0
LIDER,ACUENTA,Despensa General,3490.0,0
NETO,ACUENTA,Despensa General,2290.0,0
LIDER,ACUENTA,Aceites,4690.0,1
ACE,ACUENTA,Aceites,4590.0,1
GENERICA,ACUENTA,Salsas,4790.0,1
LIDER,ACUENTA,Despensa General,2590.0,0
LIDER,ACUENTA,Despensa General,1390.0,0
LIDER,ACUENTA,Aceites,3000.0,1
GENERICA,ACUENTA,Harinas,1050.0,1
GENERICA,ACUENTA,Despensa General,2290.0,0
LIDER,ACUENTA,Harinas,2190.0,1
CAROZZI,ACUENTA,Pastas,830.0,2
GENERICA,ACUENTA,Despensa General,590.0,0
GENERICA,ACUENTA,Harinas,1690.0,1
GENERICA,ACUENTA,Despensa General,6290.0,0
CAROZZI,ACUENTA,Pastas,830.0,2
GENERICA,ACUENTA,Pastas,950.0,2
GENERICA,ACUENTA,Harinas,1050.0,1
ACUENTA,ACUENTA,Despensa General,760.0,0
LIDER,ACUENTA,Pastas,750.0,2
NETO,ACUENTA,Despensa General,2450.0,0
LIDER,ACUENTA,Despensa General,2490.0,0
LIDER,ACUENTA,Harinas,1550.0,1
GENERICA,ACUENTA,Despensa General,1790.0,0
CAROZZI,ACUENTA,Pastas,830.0,2
ACUENTA,ACUENTA,Despensa General,1450.0,0
GENERICA,ACUENTA,Despensa General,1750.0,0
SELECTA,ACUENTA,Harinas,1650.0,1
LIDER,ACUENTA,Despensa General,550.0,0
GENERICA,ACUENTA,Despensa General,1290.0,0
NETO,ACUENTA,Despensa General,2150.0,0
GOURMET,ACUENTA,Despensa General,2000.0,0
ACUENTA,ACUENTA,Despensa General,830.0,0
NETO,ACUENTA,Despensa General,2350.0,0
LIDER,ACUENTA,Despensa General,2290.0,0
GENERICA,ACUENTA,Salsas,3890.0,1
GENERICA,ACUENTA,Despensa General,490.0,0
GENERICA,ACUENTA,Despensa General,1490.0,0
LIDER,ACUENTA,Despensa General,1990.0,0
GENERICA,ACUENTA,Despensa General,1350.0,0
LIDER,ACUENTA,Salsas,3390.0,1
LIDER,ACUENTA,Legumbres,950.0,1
LIDER,ACUENTA,Pastas,750.0,2
GENERICA,ACUENTA,Despensa General,490.0,0
LIDER,ACUENTA,Despensa General,950.0,0
GENERICA,ACUENTA,Despensa General,3990.0,0
VIVO,ACUENTA,Despensa General,660.0,0
GENERICA,ACUENTA,Pastas,780.0,2
GENERICA,ACUENTA,Despensa General,1250.0,0
NETO,ACUENTA,Despensa General,3390.0,0
LIDER,ACUENTA,Pastas,750.0,2
GENERICA,ACUENTA,Despensa General,1250.0,0
NETO,ACUENTA,Despensa General,2790.0,0
GENERICA,ACUENTA,Despensa General,760.0,0
GENERICA,ACUENTA,Pastas,580.0,2
VIVO,ACUENTA,Despensa General,840.0,0
NETO,ACUENTA,Despensa General,990.0,0
CAROZZI,ACUENTA,Pastas,830.0,2
LIDER,ACUENTA,Salsas,2290.0,1
GENERICA,ACUENTA,Pastas,520.0,2
GENERICA,ACUENTA,Harinas,1350.0,1
VIVO,ACUENTA,Despensa General,840.0,0
ACUENTA,ACUENTA,Despensa General,850.0,0
GENERICA,ACUENTA,Despensa General,9590.0,0
LIDER,ACUENTA,Pastas,750.0,2
LIDER,ACUENTA,Salsas,1250.0,1
GENERICA,ACUENTA,Harinas,1090.0,1
NETO,ACUENTA,Despensa General,2990.0,0
GENERICA,ACUENTA,Pastas,780.0,2
NETO,ACUENTA,Despensa General,900.0,0
LIDER,ACUENTA,Harinas,2290.0,1
LUCCHETTI,ACUENTA,Despensa General,970.0,0
NETO,ACUENTA,Despensa General,2990.0,0
GENERICA,ACUENTA,Despensa General,450.0,0
ACUENTA,ACUENTA,Despensa General,1650.0,0
NETO,ACUENTA,Despensa General,2690.0,0
GENERICA,ACUENTA,Despensa General,2990.0,0
GENERICA,ACUENTA,Despensa General,3890.0,0
GENERICA,ACUENTA,Despensa General,3490.0,0
GENERICA,ACUENTA,Pastas,1190.0,2
NETO,ACUENTA,Despensa General,9590.0,0
GENERICA,ACUENTA,Despensa General,930.0,0
GENERICA,ACUENTA,Despensa General,930.0,0
GENERICA,ACUENTA,Despensa General,930.0,0
GENERICA,ACUENTA,Despensa General,930.0,0
GENERICA,ACUENTA,Despensa General,930.0,0
GENERICA,ACUENTA,Despensa General,440.0,0
GENERICA,ACUENTA,Despensa General,490.0,0
NETO,ACUENTA,Legumbres,610.0,1
NETO,ACUENTA,Aceites,1000.0,1
NETO,ACUENTA,Despensa General,2690.0,0
NETO,ACUENTA,Despensa General,1250.0,0
ACUENTA,ACUENTA,Despensa General,1450.0,0
GENERICA,ACUENTA,Despensa General,930.0,0
NETO,ACUENTA,Despensa General,2350.0,0
NETO,ACUENTA,Despensa General,1550.0,0
NETO,ACUENTA,Despensa General,630.0,0
NETO,ACUENTA,Legumbres,630.0,1
NETO,ACUENTA,Despensa General,1990.0,0
GENERICA,ACUENTA,Despensa General,1950.0,0
NETO,ACUENTA,Despensa General,1650.0,0
GENERICA,ACUENTA,Despensa General,1590.0,0
NETO,ACUENTA,Despensa General,2750.0,0
NETO,ACUENTA,Despensa General,1590.0,0
NETO,ACUENTA,Despensa General,2290.0,0
GENERICA,ACUENTA,Harinas,1150.0,1
NETO,ACUENTA,Despensa General,2390.0,0
SELECTA,ACUENTA,Harinas,1990.0,1
GENERICA,ACUENTA,Harinas,1850.0,1
GENERICA,ACUENTA,Harinas,1190.0,1
GENERICA,ACUENTA,Despensa General,1650.0,0
GENERICA,ACUENTA,Despensa General,1750.0,0
GENERICA,ACUENTA,Salsas,4890.0,1
NETO,ACUENTA,Despensa General,3990.0,0
GENERICA,ACUENTA,Despensa General,1390.0,0
LIDER,ACUENTA,Despensa General,550.0,0
GOURMET,ACUENTA,Despensa General,1250.0,0
GOURMET,ACUENTA,Despensa General,2590.0,0
GOURMET,ACUENTA,Despensa General,530.0,0
GENERICA,ACUENTA,Despensa General,1450.0,0
GOURMET,ACUENTA,Despensa General,1450.0,0
GENERICA,ACUENTA,Despensa General,4190.0,0
GOURMET,ACUENTA,Despensa General,1250.0,0
GOURMET,ACUENTA,Despensa General,1390.0,0
GOURMET,ACUENTA,Despensa General,1650.0,0
BANQUETE,ACUENTA,Despensa General,1950.0,0
IANSA,ACUENTA,Despensa General,2950.0,0
LIDER,ACUENTA,Despensa General,3690.0,0
GENERICA,ACUENTA,Despensa General,3190.0,0
IANSA,ACUENTA,Despensa General,3890.0,0
IANSA,ACUENTA,Legumbres,3990.0,1
GENERICA,ACUENTA,Legumbres,1750.0,1
GENERICA,ACUENTA,Despensa General,1090.0,0
GENERICA,ACUENTA,Despensa General,1090.0,0
LUCCHETTI,ACUENTA,Pastas,2190.0,2
GENERICA,ACUENTA,Pastas,2750.0,2
GENERICA,ACUENTA,Pastas,950.0,2
GENERICA,ACUENTA,Pastas,950.0,2
GENERICA,ACUENTA,Pastas,780.0,2
GENERICA,ACUENTA,Pastas,780.0,2
GENERICA,ACUENTA,Pastas,780.0,2
GENERICA,ACUENTA,Pastas,1390.0,2
GENERICA,ACUENTA,Pastas,990.0,2
GENERICA,ACUENTA,Pastas,990.0,2
GENERICA,ACUENTA,Pastas,890.0,2
GENERICA,ACUENTA,Pastas,990.0,2
GENERICA,ACUENTA,Despensa General,2250.0,0
GENERICA,ACUENTA,Pastas,890.0,2
CAROZZI,ACUENTA,Despensa General,1790.0,0
GENERICA,ACUENTA,Despensa General,850.0,0
ACE,ACUENTA,Aceites,1690.0,1
LIDER,ACUENTA,Despensa General,440.0,0
LIDER,ACUENTA,Despensa General,1390.0,0
LIDER,ACUENTA,Despensa General,370.0,0
LOBOS,ACUENTA,Despensa General,1350.0,0
MAGGI,ACUENTA,Despensa General,2690.0,0
ACE,ACUENTA,Aceites,14490.0,1
LIDER,ACUENTA,Despensa General,2450.0,0
LIDER,ACUENTA,Despensa General,460.0,0
GENERICA,ACUENTA,Pastas,1290.0,2
GENERICA,ACUENTA,Pastas,1290.0,2
GOURMET,ACUENTA,Despensa General,5290.0,0
GENERICA,ACUENTA,Despensa General,6290.0,0
GENERICA,ACUENTA,Despensa General,4590.0,0
GENERICA,ACUENTA,Despensa General,6290.0,0
GOURMET,ACUENTA,Despensa General,1850.0,0
LIDER,ACUENTA,Despensa General,740.0,0
LIDER,ACUENTA,Despensa General,770.0,0
GOURMET,ACUENTA,Despensa General,2190.0,0
GENERICA,ACUENTA,Despensa General,2850.0,0
GENERICA,ACUENTA,Despensa General,2950.0,0
LIDER,ACUENTA,Azúcares,640.0,1
LIDER,ACUENTA,Azúcares,640.0,1
LIDER,ACUENTA,Azúcares,640.0,1
GOURMET,ACUENTA,Despensa General,1250.0,0
LIDER,ACUENTA,Azúcares,640.0,1
LIDER,ACUENTA,Azúcares,640.0,1
OMO,ACUENTA,Despensa General,3390.0,0
GENERICA,ACUENTA,Legumbres,2290.0,1
GENERICA,ACUENTA,Despensa General,2290.0,0
LUCCHETTI,ACUENTA,Despensa General,990.0,0
GENERICA,ACUENTA,Azúcares,1850.0,1
GENERICA,ACUENTA,Despensa General,770.0,0
GENERICA,ACUENTA,Pastas,890.0,2
GENERICA,ACUENTA,Despensa General,3290.0,0
GENERICA,ACUENTA,Pastas,950.0,2
GENERICA,ACUENTA,Despensa General,3550.0,0
IANSA,ACUENTA,Despensa General,2650.0,0
GENERICA,ACUENTA,Despensa General,990.0,0
IANSA,ACUENTA,Despensa General,3390.0,0
IANSA,ACUENTA,Despensa General,2850.0,0
IANSA,ACUENTA,Legumbres,2990.0,1
LIDER,ACUENTA,Despensa General,320.0,0
LIDER,ACUENTA,Despensa General,430.0,0
GENERICA,ACUENTA,Despensa General,1050.0,0
GENERICA,ACUENTA,Pastas,890.0,2
LIDER,ACUENTA,Despensa General,2750.0,0
LIDER,ACUENTA,Despensa General,960.0,0
GENERICA,ACUENTA,Despensa General,1190.0,0
GENERICA,ACUENTA,Despensa General,1190.0,0
GENERICA,ACUENTA,Arroz,2650.0,1
KRAFT,ACUENTA,Salsas,3590.0,1
GENERICA,ACUENTA,Pastas,890.0,2
LIDER,ACUENTA,Azúcares,2150.0,1
GENERICA,ACUENTA,Despensa General,810.0,0
GENERICA,ACUENTA,Despensa General,810.0,0
GENERICA,ACUENTA,Despensa General,790.0,0
GENERICA,ACUENTA,Despensa General,930.0,0
GENERICA,ACUENTA,Despensa General,930.0,0
GENERICA,ACUENTA,Despensa General,660.0,0
LIDER,ACUENTA,Despensa General,950.0,0
GENERICA,ACUENTA,Despensa General,660.0,0
GENERICA,ACUENTA,Arroz,660.0,1
GENERICA,ACUENTA,Despensa General,1450.0,0
GENERICA,ACUENTA,Despensa General,660.0,0
GENERICA,ACUENTA,Pastas,490.0,2
GENERICA,ACUENTA,Pastas,450.0,2
GENERICA,ACUENTA,Pastas,1090.0,2
GENERICA,ACUENTA,Despensa General,690.0,0
LIDER,ACUENTA,Despensa General,680.0,0
LIDER,ACUENTA,Despensa General,690.0,0
GENERICA,ACUENTA,Despensa General,770.0,0
GENERICA,ACUENTA,Despensa General,2890.0,0
IANSA,ACUENTA,Despensa General,2550.0,0
CAROZZI,ACUENTA,Despensa General,1650.0,0
LIDER,ACUENTA,Despensa General,990.0,0
VIVO,ACUENTA,Despensa General,1050.0,0
LIDER,ACUENTA,Despensa General,530.0,0
GENERICA,ACUENTA,Despensa General,1450.0,0
TRAVERSO,ACUENTA,Despensa General,2050.0,0
CAROZZI,ACUENTA,Despensa General,1890.0,0
GENERICA,ACUENTA,Despensa General,5490.0,0
GENERICA,ACUENTA,Despensa General,2090.0,0
GENERICA,ACUENTA,Despensa General,250.0,0
GENERICA,ACUENTA,Despensa General,2550.0,0
GENERICA,ACUENTA,Despensa General,6290.0,0
GENERICA,ACUENTA,Despensa General,2990.0,0
GOURMET,ACUENTA,Despensa General,2750.0,0
GENERICA,ACUENTA,Despensa General,3990.0,0
GENERICA,ACUENTA,Despensa General,1050.0,0
GENERICA,ACUENTA,Despensa General,2250.0,0
GENERICA,ACUENTA,Despensa General,900.0,0
GOURMET,ACUENTA,Despensa General,910.0,0
GOURMET,ACUENTA,Despensa General,1390.0,0
GENERICA,ACUENTA,Despensa General,2990.0,0
GOURMET,ACUENTA,Despensa General,1990.0,0
GOURMET,ACUENTA,Despensa General,3890.0,0
ACUENTA,ACUENTA,Despensa General,1890.0,0
BANQUETE,ACUENTA,Despensa General,2350.0,0
LIDER,ACUENTA,Despensa General,2000.0,0
BANQUETE,ACUENTA,Despensa General,3450.0,0
LIDER,ACUENTA,Despensa General,2990.0,0
ACUENTA,ACUENTA,Despensa General,1990.0,0
GENERICA,ACUENTA,Despensa General,3690.0,0
LIDER,ACUENTA,Despensa General,3450.0,0
BANQUETE,ACUENTA,Despensa General,2990.0,0
LIDER,ACUENTA,Despensa General,2290.0,0
LIDER,ACUENTA,Despensa General,3490.0,0
BANQUETE,ACUENTA,Despensa General,3000.0,0
LIDER,ACUENTA,Legumbres,3190.0,1
BANQUETE,ACUENTA,Legumbres,3390.0,1
LIDER,ACUENTA,Legumbres,2990.0,1
BANQUETE,ACUENTA,Legumbres,2850.0,1
GENERICA,ACUENTA,Despensa General,1190.0,0
LIDER,ACUENTA,Despensa General,960.0,0
VIVO,ACUENTA,Despensa General,990.0,0
VIVO,ACUENTA,Despensa General,990.0,0
GENERICA,ACUENTA,Despensa General,930.0,0
GENERICA,ACUENTA,Despensa General,930.0,0
LIDER,ACUENTA,Despensa General,960.0,0
GENERICA,ACUENTA,Pastas,1190.0,2
GENERICA,ACUENTA,Pastas,1190.0,2
GENERICA,ACUENTA,Pastas,950.0,2
GENERICA,ACUENTA,Pastas,2450.0,2
GENERICA,ACUENTA,Pastas,950.0,2
GENERICA,ACUENTA,Pastas,1190.0,2
ACUENTA,ACUENTA,Pastas,460.0,2
ACUENTA,ACUENTA,Pastas,460.0,2
LIDER,ACUENTA,Pastas,890.0,2
LIDER,ACUENTA,Pastas,890.0,2
GENERICA,ACUENTA,Pastas,890.0,2
GENERICA,ACUENTA,Arroz,1990.0,1
GENERICA,ACUENTA,Arroz,2250.0,1
GENERICA,ACUENTA,Arroz,1850.0,1
TUCAPEL,ACUENTA,Arroz,750.0,1
TUCAPEL,ACUENTA,Arroz,750.0,1
GENERICA,ACUENTA,Despensa General,750.0,0
MAGGI,ACUENTA,Despensa General,1250.0,0
MAGGI,ACUENTA,Despensa General,1250.0,0
NETO,ACUENTA,Despensa General,1850.0,0
NETO,ACUENTA,Despensa General,1290.0,0
ACE,ACUENTA,Aceites,700.0,1
NETO,ACUENTA,Despensa General,1550.0,0
NETO,ACUENTA,Despensa General,3390.0,0
NETO,ACUENTA,Aceites,3390.0,1
NETO,ACUENTA,Aceites,1550.0,1
LIDER,ACUENTA,Despensa General,1450.0,0
LIDER,ACUENTA,Despensa General,550.0,0
LIDER,ACUENTA,Despensa General,390.0,0
LIDER,ACUENTA,Despensa General,490.0,0
LIDER,ACUENTA,Despensa General,570.0,0
LIDER,ACUENTA,Despensa General,490.0,0
LIDER,ACUENTA,Despensa General,370.0,0
LIDER,ACUENTA,Despensa General,990.0,0
LIDER,ACUENTA,Despensa General,310.0,0
LIDER,ACUENTA,Despensa General,640.0,0
LIDER,ACUENTA,Despensa General,240.0,0
LIDER,ACUENTA,Despensa General,410.0,0
LIDER,ACUENTA,Despensa General,260.0,0
LIDER,ACUENTA,Despensa General,150.0,0
LIDER,ACUENTA,Despensa General,920.0,0
LIDER,ACUENTA,Despensa General,200.0,0
LIDER,ACUENTA,Despensa General,520.0,0
LIDER,ACUENTA,Despensa General,540.0,0
LIDER,ACUENTA,Despensa General,450.0,0
LIDER,ACUENTA,Despensa General,1850.0,0
LIDER,ACUENTA,Despensa General,1390.0,0
LOBOS,ACUENTA,Despensa General,910.0,0
LOBOS,ACUENTA,Despensa General,530.0,0
LIDER,ACUENTA,Despensa General,450.0,0
LIDER,ACUENTA,Despensa General,1650.0,0
LOBOS,ACUENTA,Despensa General,570.0,0
LIDER,ACUENTA,Despensa General,1190.0,0
GOURMET,ACUENTA,Despensa General,3290.0,0
LIDER,ACUENTA,Despensa General,1350.0,0
LIDER,ACUENTA,Despensa General,1790.0,0
GENERICA,ACUENTA,Despensa General,1950.0,0
MAGGI,ACUENTA,Despensa General,1550.0,0
GENERICA,ACUENTA,Despensa General,930.0,0
GENERICA,ACUENTA,Despensa General,810.0,0
ACE,ACUENTA,Despensa General,570.0,0
GENERICA,ACUENTA,Despensa General,660.0,0
GENERICA,ACUENTA,Despensa General,930.0,0
GENERICA,ACUENTA,Despensa General,810.0,0
GENERICA,ACUENTA,Despensa General,790.0,0
GENERICA,ACUENTA,Despensa General,1450.0,0
LIDER,ACUENTA,Despensa General,950.0,0
GENERICA,ACUENTA,Despensa General,1450.0,0
GENERICA,ACUENTA,Despensa General,950.0,0
GENERICA,ACUENTA,Despensa General,950.0,0
GENERICA,ACUENTA,Despensa General,660.0,0
GENERICA,ACUENTA,Despensa General,450.0,0
GOURMET,ACUENTA,Despensa General,440.0,0
LIDER,ACUENTA,Despensa General,450.0,0
GENERICA,ACUENTA,Despensa General,450.0,0
GENERICA,ACUENTA,Despensa General,490.0,0
GENERICA,ACUENTA,Despensa General,450.0,0
GENERICA,ACUENTA,Despensa General,490.0,0
MAGGI,ACUENTA,Despensa General,420.0,0
MAGGI,ACUENTA,Despensa General,490.0,0
IANSA,ACUENTA,Azúcares,1850.0,1
IANSA,ACUENTA,Azúcares,2550.0,1
GENERICA,ACUENTA,Azúcares,1690.0,1
IANSA,ACUENTA,Azúcares,2190.0,1
LIDER,ACUENTA,Azúcares,1050.0,1
LIDER,ACUENTA,Azúcares,1090.0,1
ACE,ACUENTA,Despensa General,2890.0,0
TRAVERSO,ACUENTA,Despensa General,1650.0,0
LIDER,ACUENTA,Despensa General,4690.0,0
TRAVERSO,ACUENTA,Despensa General,1090.0,0
LIDER,ACUENTA,Despensa General,940.0,0
TRAVERSO,ACUENTA,Despensa General,1090.0,0
LIDER,ACUENTA,Despensa General,3390.0,0
LIDER,ACUENTA,Despensa General,990.0,0
LIDER,ACUENTA,Despensa General,1650.0,0
LIDER,ACUENTA,Despensa General,1650.0,0
LIDER,ACUENTA,Despensa General,1550.0,0
TRAVERSO,ACUENTA,Despensa General,1650.0,0
LIDER,ACUENTA,Despensa General,940.0,0
LIDER,ACUENTA,Despensa General,2450.0,0
LIDER,ACUENTA,Despensa General,450.0,0
LIDER,ACUENTA,Despensa General,450.0,0
GENERICA,ACUENTA,Despensa General,530.0,0
GENERICA,ACUENTA,Despensa General,530.0,0
LIDER,ACUENTA,Despensa General,420.0,0
NETO,ACUENTA,Aceites,1190.0,1
GENERICA,ACUENTA,Pastas,3390.0,2
LIDER,ACUENTA,Despensa General,3090.0,0
LIDER,ACUENTA,Despensa General,2250.0,0
LIDER,ACUENTA,Despensa General,3150.0,0
LIDER,ACUENTA,Despensa General,1690.0,0
LIDER,ACUENTA,Despensa General,1990.0,0
GOURMET,ACUENTA,Despensa General,3890.0,0
GENERICA,ACUENTA,Azúcares,1150.0,1
GENERICA,ACUENTA,Despensa General,7790.0,0
GOURMET,ACUENTA,Despensa General,1590.0,0
GOURMET,ACUENTA,Despensa General,840.0,0
GOURMET,ACUENTA,Despensa General,890.0,0
GENERICA,ACUENTA,Despensa General,2790.0,0
GOURMET,ACUENTA,Despensa General,2050.0,0
GOURMET,ACUENTA,Despensa General,3890.0,0
GENERICA,ACUENTA,Despensa General,2690.0,0
GENERICA,ACUENTA,Despensa General,2750.0,0
GENERICA,ACUENTA,Despensa General,2290.0,0
GENERICA,ACUENTA,Despensa General,850.0,0
GENERICA,ACUENTA,Despensa General,850.0,0
LIDER,ACUENTA,Despensa General,930.0,0
GENERICA,ACUENTA,Despensa General,910.0,0
GENERICA,ACUENTA,Despensa General,850.0,0
LIDER,ACUENTA,Despensa General,740.0,0
GENERICA,ACUENTA,Despensa General,850.0,0
LIDER,ACUENTA,Despensa General,740.0,0
LIDER,ACUENTA,Despensa General,740.0,0
GENERICA,ACUENTA,Despensa General,770.0,0
GENERICA,ACUENTA,Despensa General,850.0,0
GOURMET,ACUENTA,Despensa General,1990.0,0
GOURMET,ACUENTA,Despensa General,1990.0,0
GOURMET,ACUENTA,Despensa General,1990.0,0
GENERICA,ACUENTA,Despensa General,2390.0,0
GENERICA,ACUENTA,Pastas,1450.0,2
TRAVERSO,ACUENTA,Pastas,990.0,2
TRAVERSO,ACUENTA,Pastas,990.0,2
GENERICA,ACUENTA,Despensa General,690.0,0
LIDER,ACUENTA,Despensa General,850.0,0
LUCCHETTI,ACUENTA,Despensa General,1490.0,0
CAROZZI,ACUENTA,Despensa General,2450.0,0
LIDER,ACUENTA,Despensa General,1290.0,0
GENERICA,ACUENTA,Despensa General,1650.0,0
LIDER,ACUENTA,Despensa General,6890.0,0
TRAVERSO,ACUENTA,Despensa General,990.0,0
LIDER,ACUENTA,Despensa General,850.0,0
LIDER,ACUENTA,Despensa General,1750.0,0
LIDER,ACUENTA,Despensa General,2750.0,0
ACE,ACUENTA,Aceites,3690.0,1
GENERICA,ACUENTA,Despensa General,1990.0,0
LIDER,ACUENTA,Despensa General,690.0,0
GENERICA,ACUENTA,Despensa General,1390.0,0
GENERICA,ACUENTA,Despensa General,2390.0,0
GENERICA,ACUENTA,Despensa General,790.0,0
GENERICA,ACUENTA,Despensa General,2090.0,0
GENERICA,ACUENTA,Despensa General,2950.0,0
GENERICA,ACUENTA,Despensa General,3290.0,0
GOURMET,ACUENTA,Despensa General,590.0,0
GENERICA,ACUENTA,Despensa General,830.0,0
GENERICA,ACUENTA,Despensa General,2950.0,0
MAGGI,ACUENTA,Despensa General,790.0,0
GENERICA,ACUENTA,Despensa General,2750.0,0
GENERICA,ACUENTA,Despensa General,3150.0,0
NETO,ACUENTA,Despensa General,3690.0,0
MAGGI,ACUENTA,Despensa General,790.0,0
GENERICA,ACUENTA,Despensa General,2250.0,0
GENERICA,ACUENTA,Despensa General,2550.0,0
GOURMET,ACUENTA,Despensa General,770.0,0
GENERICA,ACUENTA,Despensa General,770.0,0
LIDER,ACUENTA,Despensa General,2450.0,0
LIDER,ACUENTA,Despensa General,2050.0,0
GOURMET,ACUENTA,Despensa General,2250.0,0
LIDER,ACUENTA,Despensa General,1990.0,0
GENERICA,ACUENTA,Despensa General,2750.0,0
LOBOS,ACUENTA,Despensa General,1490.0,0
ACUENTA,ACUENTA,Conservas,900.0,1
GENERICA,ACUENTA,Salsas,2990.0,1
GENERICA,ACUENTA,Salsas,2990.0,1
ACUENTA,ACUENTA,Despensa General,1790.0,0
LIDER,ACUENTA,Arroz,1000.0,1
ACUENTA,ACUENTA,Aceites,900.0,1
IANSA,ACUENTA,Azúcares,1950.0,1
GENERICA,ACUENTA,Despensa General,910.0,0
GENERICA,ACUENTA,Despensa General,1190.0,0
GENERICA,ACUENTA,Salsas,2750.0,1
ACE,ACUENTA,Aceites,1190.0,1
GENERICA,ACUENTA,Despensa General,1290.0,0
GENERICA,ACUENTA,Pastas,590.0,2
LIDER,ACUENTA,Despensa General,390.0,0
LIDER,ACUENTA,Legumbres,2950.0,1
GOURMET,ACUENTA,Despensa General,1990.0,0
TRAVERSO,ACUENTA,Despensa General,1390.0,0
LOBOS,ACUENTA,Despensa General,1390.0,0
GENERICA,ACUENTA,Despensa General,1150.0,0
GENERICA,ACUENTA,Despensa General,2990.0,0
GOURMET,ACUENTA,Despensa General,1490.0,0
GENERICA,ACUENTA,Despensa General,910.0,0
TRAVERSO,ACUENTA,Despensa General,2050.0,0
GOURMET,ACUENTA,Despensa General,2050.0,0
GENERICA,ACUENTA,Salsas,4690.0,1
LIDER,ACUENTA,Despensa General,3190.0,0
ACUENTA,ACUENTA,Despensa General,1790.0,0
GENERICA,ACUENTA,Despensa General,2890.0,0
TRAVERSO,ACUENTA,Despensa General,1390.0,0
GENERICA,ACUENTA,Despensa General,1990.0,0
GENERICA,ACUENTA,Despensa General,1790.0,0
GENERICA,ACUENTA,Despensa General,1250.0,0
GOURMET,ACUENTA,Despensa General,2890.0,0
TRAVERSO,ACUENTA,Despensa General,3990.0,0
LIDER,ACUENTA,Despensa General,520.0,0
ACE,ACUENTA,Aceites,1790.0,1
GENERICA,ACUENTA,Despensa General,6290.0,0
GENERICA,ACUENTA,Despensa General,1290.0,0
TRAVERSO,ACUENTA,Despensa General,2250.0,0
GENERICA,ACUENTA,Aseo,1000.0,1
GENERICA,ACUENTA,Limpieza,1250.0,2
GENERICA,ACUENTA,Limpieza,3000.0,2
GENERICA,ACUENTA,Aseo,2000.0,1
GENERICA,ACUENTA,Aseo,2000.0,1
GENERICA,ACUENTA,Limpieza,1000.0,2
GENERICA,ACUENTA,Aseo,10490.0,1
GENERICA,ACUENTA,Aseo,10490.0,1
GENERICA,ACUENTA,Aseo,2000.0,1
GENERICA,ACUENTA,Despensa General,3000.0,0
GENERICA,ACUENTA,Despensa General,1000.0,0
GENERICA,ACUENTA,Limpieza,1000.0,2
GENERICA,ACUENTA,Limpieza,1000.0,2
GENERICA,ACUENTA,Limpieza,1000.0,2
GENERICA,ACUENTA,Despensa General,2290.0,0
GENERICA,ACUENTA,Despensa General,1000.0,0
GENERICA,ACUENTA,Limpieza,1000.0,2
GENERICA,ACUENTA,Limpieza,1250.0,2
GENERICA,ACUENTA,Aseo,3590.0,1
GENERICA,ACUENTA,Despensa General,1150.0,0
GENERICA,ACUENTA,Aseo,1000.0,1
GENERICA,ACUENTA,Limpieza,2750.0,2
GENERICA,ACUENTA,Despensa General,1990.0,0
GENERICA,ACUENTA,Despensa General,1000.0,0
GENERICA,ACUENTA,Limpieza,1000.0,2
GENERICA,ACUENTA,Despensa General,2000.0,0
GENERICA,ACUENTA,Despensa General,610.0,0
GENERICA,ACUENTA,Despensa General,2000.0,0
GENERICA,ACUENTA,Despensa General,2000.0,0
GENERICA,ACUENTA,Aseo,4590.0,1
GENERICA,ACUENTA,Despensa General,700.0,0
GENERICA,ACUENTA,Despensa General,490.0,0
GENERICA,ACUENTA,Despensa General,2650.0,0
GENERICA,ACUENTA,Despensa General,480.0,0
OMO,ACUENTA,Limpieza,3990.0,2
VIVO,ACUENTA,Limpieza,1000.0,2
GENERICA,ACUENTA,Despensa General,1000.0,0
GENERICA,ACUENTA,Despensa General,2550.0,0
GENERICA,ACUENTA,Limpieza,1250.0,2
GENERICA,ACUENTA,Despensa General,2550.0,0
GENERICA,ACUENTA,Despensa General,1790.0,0
GENERICA,ACUENTA,Despensa General,3000.0,0
GENERICA,ACUENTA,Limpieza,1390.0,2
GENERICA,ACUENTA,Aseo,1000.0,1
GENERICA,ACUENTA,Aseo,2000.0,1
GENERICA,ACUENTA,Despensa General,3000.0,0
GENERICA,ACUENTA,Despensa General,1850.0,0
GENERICA,ACUENTA,Despensa General,3000.0,0
GENERICA,ACUENTA,Despensa General,2290.0,0
GENERICA,ACUENTA,Limpieza,1000.0,2
GENERICA,ACUENTA,Despensa General,2690.0,0
GENERICA,ACUENTA,Limpieza,2250.0,2
GENERICA,ACUENTA,Despensa General,2590.0,0
GENERICA,ACUENTA,Despensa General,1850.0,0
GENERICA,ACUENTA,Limpieza,1350.0,2
GENERICA,ACUENTA,Limpieza,1350.0,2
GENERICA,ACUENTA,Despensa General,1000.0,0
GENERICA,ACUENTA,Despensa General,2000.0,0
GENERICA,ACUENTA,Despensa General,1850.0,0
GENERICA,ACUENTA,Despensa General,2290.0,0
GENERICA,ACUENTA,Despensa General,4490.0,0
GENERICA,ACUENTA,Despensa General,2750.0,0
GENERICA,ACUENTA,Despensa General,2590.0,0
GENERICA,ACUENTA,Despensa General,2690.0,0
GENERICA,ACUENTA,Despensa General,2350.0,0
GENERICA,ACUENTA,Despensa General,2750.0,0
GENERICA,ACUENTA,Despensa General,4490.0,0
GENERICA,ACUENTA,Limpieza,1000.0,2
GENERICA,ACUENTA,Despensa General,2750.0,0
GENERICA,ACUENTA,Despensa General,4490.0,0
GENERICA,ACUENTA,Despensa General,1850.0,0
GENERICA,ACUENTA,Despensa General,3000.0,0
GENERICA,ACUENTA,Despensa General,1790.0,0
GENERICA,ACUENTA,Despensa General,1190.0,0
GENERICA,ACUENTA,Despensa General,3890.0,0
GENERICA,ACUENTA,Aseo,1350.0,1
GENERICA,ACUENTA,Aseo,9390.0,1
LIDER,ACUENTA,Aseo,8990.0,1
OMO,ACUENTA,Limpieza,12890.0,2
GENERICA,ACUENTA,Limpieza,3390.0,2
GENERICA,ACUENTA,Limpieza,1790.0,2
GENERICA,ACUENTA,Limpieza,12990.0,2
GENERICA,ACUENTA,Despensa General,950.0,0
GENERICA,ACUENTA,Limpieza,12790.0,2
GENERICA,ACUENTA,Aseo,2190.0,1
GENERICA,ACUENTA,Aseo,11690.0,1
LIDER,ACUENTA,Aseo,8990.0,1
GENERICA,ACUENTA,Aseo,2000.0,1
GENERICA,ACUENTA,Limpieza,3290.0,2
GENERICA,ACUENTA,Limpieza,7990.0,2
GENERICA,ACUENTA,Limpieza,9790.0,2
GENERICA,ACUENTA,Limpieza,9990.0,2
GENERICA,ACUENTA,Aseo,14150.0,1
LIDER,ACUENTA,Despensa General,450.0,0
GENERICA,ACUENTA,Limpieza,1500.0,2
GENERICA,ACUENTA,Despensa General,2890.0,0
GENERICA,ACUENTA,Limpieza,9990.0,2
ACUENTA,ACUENTA,Despensa General,1350.0,0
GENERICA,ACUENTA,Despensa General,790.0,0
GENERICA,ACUENTA,Limpieza,2000.0,2
GENERICA,ACUENTA,Aseo,10890.0,1
GENERICA,ACUENTA,Aseo,2590.0,1
GENERICA,ACUENTA,Despensa General,800.0,0
GENERICA,ACUENTA,Aseo,12790.0,1
GENERICA,ACUENTA,Limpieza,9990.0,2
GENERICA,ACUENTA,Limpieza,2490.0,2
GENERICA,ACUENTA,Limpieza,5190.0,2
GENERICA,ACUENTA,Limpieza,8890.0,2
GENERICA,ACUENTA,Despensa General,3690.0,0
OMO,ACUENTA,Limpieza,16890.0,2
GENERICA,ACUENTA,Limpieza,7490.0,2
GENERICA,ACUENTA,Limpieza,7490.0,2
GENERICA,ACUENTA,Limpieza,12890.0,2
GENERICA,ACUENTA,Aseo,2590.0,1
GENERICA,ACUENTA,Limpieza,3890.0,2
GENERICA,ACUENTA,Despensa General,2790.0,0
GENERICA,ACUENTA,Despensa General,1190.0,0
GENERICA,ACUENTA,Aseo,3550.0,1
GENERICA,ACUENTA,Despensa General,2790.0,0
GENERICA,ACUENTA,Despensa General,4190.0,0
GENERICA,ACUENTA,Despensa General,2790.0,0
GENERICA,ACUENTA,Aseo,1200.0,1
GENERICA,ACUENTA,Aseo,4250.0,1
GENERICA,ACUENTA,Despensa General,2000.0,0
GENERICA,ACUENTA,Aseo,950.0,1
GENERICA,ACUENTA,Limpieza,4190.0,2
GENERICA,ACUENTA,Limpieza,2490.0,2
GENERICA,ACUENTA,Limpieza,8650.0,2
GENERICA,ACUENTA,Despensa General,6090.0,0
GENERICA,ACUENTA,Aseo,8990.0,1
GENERICA,ACUENTA,Despensa General,2090.0,0
GENERICA,ACUENTA,Aseo,1850.0,1
LIDER,ACUENTA,Limpieza,1390.0,2
LIDER,ACUENTA,Despensa General,1790.0,0
LIDER,ACUENTA,Despensa General,3990.0,0
LIDER,ACUENTA,Limpieza,1390.0,2
LIDER,ACUENTA,Limpieza,1390.0,2
GENERICA,ACUENTA,Aseo,1500.0,1
LIDER,ACUENTA,Despensa General,2000.0,0
LIDER,ACUENTA,Limpieza,1390.0,2
GENERICA,ACUENTA,Aseo,2790.0,1
GENERICA,ACUENTA,Despensa General,1590.0,0
GENERICA,ACUENTA,Aseo,2950.0,1
LIDER,ACUENTA,Despensa General,2990.0,0
GENERICA,ACUENTA,Aseo,1500.0,1
LIDER,ACUENTA,Despensa General,1190.0,0
GENERICA,ACUENTA,Despensa General,2000.0,0
LIDER,ACUENTA,Despensa General,1290.0,0
GENERICA,ACUENTA,Despensa General,3090.0,0
GENERICA,ACUENTA,Despensa General,1590.0,0
LIDER,ACUENTA,Despensa General,1190.0,0
LIDER,ACUENTA,Despensa General,1000.0,0
GENERICA,ACUENTA,Despensa General,1850.0,0
GENERICA,ACUENTA,Despensa General,1000.0,0
LIDER,ACUENTA,Despensa General,1190.0,0
LIDER,ACUENTA,Limpieza,1190.0,2
LIDER,ACUENTA,Despensa General,2790.0,0
GENERICA,ACUENTA,Despensa General,1490.0,0
GENERICA,ACUENTA,Despensa General,290.0,0
GENERICA,ACUENTA,Despensa General,1190.0,0
GENERICA,ACUENTA,Despensa General,1490.0,0
GENERICA,ACUENTA,Despensa General,2000.0,0
ACUENTA,ACUENTA,Despensa General,450.0,0
GENERICA,ACUENTA,Despensa General,2000.0,0
LIDER,ACUENTA,Despensa General,2000.0,0
GENERICA,ACUENTA,Despensa General,2490.0,0
LIDER,ACUENTA,Despensa General,2000.0,0
LIDER,ACUENTA,Despensa General,2850.0,0
GENERICA,ACUENTA,Despensa General,1490.0,0
GENERICA,ACUENTA,Despensa General,2000.0,0
LIDER,ACUENTA,Despensa General,490.0,0
GENERICA,ACUENTA,Despensa General,1450.0,0
GENERICA,ACUENTA,Despensa General,3290.0,0
LIDER,ACUENTA,Despensa General,3000.0,0
LIDER,ACUENTA,Despensa General,2000.0,0
GENERICA,ACUENTA,Despensa General,1000.0,0
GENERICA,ACUENTA,Limpieza,3890.0,2
GENERICA,ACUENTA,Despensa General,2850.0,0
LIDER,ACUENTA,Despensa General,3000.0,0
LIDER,ACUENTA,Despensa General,2000.0,0
LIDER,ACUENTA,Despensa General,4390.0,0
GENERICA,ACUENTA,Despensa General,6590.0,0
GENERICA,ACUENTA,Despensa General,4850.0,0
GENERICA,ACUENTA,Despensa General,2950.0,0
GENERICA,ACUENTA,Despensa General,4350.0,0
GENERICA,ACUENTA,Despensa General,1590.0,0
GENERICA,ACUENTA,Despensa General,1590.0,0
GENERICA,ACUENTA,Despensa General,4850.0,0
GENERICA,ACUENTA,Despensa General,4050.0,0
GENERICA,ACUENTA,Despensa General,3190.0,0
GENERICA,ACUENTA,Despensa General,4000.0,0
GENERICA,ACUENTA,Despensa General,3190.0,0
GENERICA,ACUENTA,Despensa General,2250.0,0
GENERICA,ACUENTA,Despensa General,2250.0,0
GENERICA,ACUENTA,Despensa General,2990.0,0
GENERICA,ACUENTA,Despensa General,3990.0,0
GENERICA,ACUENTA,Despensa General,6690.0,0
GENERICA,ACUENTA,Despensa General,3650.0,0
GENERICA,ACUENTA,Despensa General,1790.0,0
GENERICA,ACUENTA,Despensa General,3350.0,0
GENERICA,ACUENTA,Despensa General,3250.0,0
LIDER,ACUENTA,Despensa General,2990.0,0
CLOROX,ACUENTA,Limpieza,2090.0,2
GENERICA,ACUENTA,Limpieza,2890.0,2
GENERICA,ACUENTA,Limpieza,2090.0,2
GENERICA,ACUENTA,Limpieza,1490.0,2
GENERICA,ACUENTA,Limpieza,1490.0,2
GENERICA,ACUENTA,Limpieza,2190.0,2
GENERICA,ACUENTA,Limpieza,4500.0,2
GENERICA,ACUENTA,Limpieza,11890.0,2
GENERICA,ACUENTA,Limpieza,5790.0,2
GENERICA,ACUENTA,Limpieza,7590.0,2
GENERICA,ACUENTA,Limpieza,2650.0,2
GENERICA,ACUENTA,Limpieza,2650.0,2
GENERICA,ACUENTA,Aseo,1350.0,1
GENERICA,ACUENTA,Despensa General,1000.0,0
GENERICA,ACUENTA,Despensa General,5000.0,0
ACUENTA,ACUENTA,Despensa General,2490.0,0
GENERICA,ACUENTA,Despensa General,10290.0,0
GENERICA,ACUENTA,Despensa General,2590.0,0
GENERICA,ACUENTA,Despensa General,2990.0,0
GENERICA,ACUENTA,Despensa General,3150.0,0
GENERICA,ACUENTA,Despensa General,2000.0,0
GENERICA,ACUENTA,Despensa General,7190.0,0
GENERICA,ACUENTA,Despensa General,3290.0,0
GENERICA,ACUENTA,Despensa General,3290.0,0
GENERICA,ACUENTA,Despensa General,2790.0,0
GENERICA,ACUENTA,Despensa General,2790.0,0
LIDER,ACUENTA,Despensa General,7990.0,0
GENERICA,ACUENTA,Despensa General,9490.0,0
GENERICA,ACUENTA,Despensa General,5290.0,0
GENERICA,ACUENTA,Despensa General,4790.0,0
GENERICA,ACUENTA,Limpieza,6990.0,2
GENERICA,ACUENTA,Limpieza,10590.0,2
GENERICA,ACUENTA,Despensa General,3250.0,0
GENERICA,ACUENTA,Despensa General,3190.0,0
GENERICA,ACUENTA,Despensa General,1990.0,0
GENERICA,ACUENTA,Despensa General,3990.0,0
GENERICA,ACUENTA,Despensa General,2790.0,0
GENERICA,ACUENTA,Despensa General,2990.0,0
GENERICA,ACUENTA,Despensa General,2790.0,0
GENERICA,ACUENTA,Despensa General,1350.0,0
LIDER,ACUENTA,Despensa General,5950.0,0
GENERICA,ACUENTA,Despensa General,1090.0,0
GENERICA,ACUENTA,Despensa General,3090.0,0
GENERICA,ACUENTA,Limpieza,2890.0,2
LIDER,ACUENTA,Limpieza,2190.0,2
LIDER,ACUENTA,Limpieza,2190.0,2
GENERICA,ACUENTA,Carnicería,12784.0,2
GENERICA,ACUENTA,Carnicería,11506.0,2
GENERICA,ACUENTA,Carnicería,17578.0,2
GENERICA,ACUENTA,Carnicería,14382.0,2
TIL,ACUENTA,Cerdo,9468.0,1
GENERICA,ACUENTA,Carnicería,2890.0,2
TIL,ACUENTA,Carnicería,14064.0,2
GENERICA,ACUENTA,Carnicería,13185.0,2
GENERICA,ACUENTA,Carnicería,16308.0,2
GENERICA,ACUENTA,Carnicería,3190.0,2
GENERICA,ACUENTA,Carnicería,10668.0,2
GENERICA,ACUENTA,Aves,4790.0,2
GENERICA,ACUENTA,Fiambrería,3890.0,2
TIL,ACUENTA,Cerdo,17465.0,1
CALO,ACUENTA,Carnicería,6390.0,2
GENERICA,ACUENTA,Carnicería,7290.0,2
GENERICA,ACUENTA,Carnicería,6590.0,2
GENERICA,ACUENTA,Carnicería,10308.0,2
GENERICA,ACUENTA,Aves,2790.0,2
GENERICA,ACUENTA,Aves,4790.0,2
GENERICA,ACUENTA,Carnicería,15984.0,2
GENERICA,ACUENTA,Cerdo,5890.0,1
TIL,ACUENTA,Cerdo,9468.0,1
GENERICA,ACUENTA,Aves,2980.0,2
SUPER POLLO,ACUENTA,Carnicería,3690.0,2
GENERICA,ACUENTA,Aves,4690.0,2
SUPER POLLO,ACUENTA,Aves,4590.0,2
SUPER POLLO,ACUENTA,Aves,3321.0,2
SUPER POLLO,ACUENTA,Aves,4550.0,2
GENERICA,ACUENTA,Aves,6390.0,2
SUPER POLLO,ACUENTA,Carnicería,3790.0,2
GENERICA,ACUENTA,Pescados y Mariscos,1490.0,1
ACUENTA,ACUENTA,Pescados y Mariscos,6690.0,1
GENERICA,ACUENTA,Carnicería,3690.0,2
SUPER POLLO,ACUENTA,Aves,6631.0,2
SUPER POLLO,ACUENTA,Aves,2653.0,2
GENERICA,ACUENTA,Carnicería,17626.0,2
LIDER,ACUENTA,Pescados y Mariscos,4490.0,1
GENERICA,ACUENTA,Aves,5090.0,2
SADIA,ACUENTA,Aves,5990.0,2
GENERICA,ACUENTA,Aves,3690.0,2
SUPER POLLO,ACUENTA,Aves,3550.0,2
ACUENTA,ACUENTA,Pescados y Mariscos,7390.0,1
PF,ACUENTA,Fiambrería,1000.0,2
WINTER,ACUENTA,Fiambrería,3000.0,2
GENERICA,ACUENTA,Aves,3490.0,2
LA CRIANZA,ACUENTA,Pescados y Mariscos,790.0,1
SUPER POLLO,ACUENTA,Aves,3290.0,2
GENERICA,ACUENTA,Pescados y Mariscos,7490.0,1
LIDER,ACUENTA,Otros Frescos,4890.0,2
MONTINA,ACUENTA,Fiambrería,2390.0,2
GENERICA,ACUENTA,Pescados y Mariscos,6490.0,1
SUPER POLLO,ACUENTA,Aves,3290.0,2
GENERICA,ACUENTA,Cerdo,1490.0,1
SAN JORGE,ACUENTA,Fiambrería,1290.0,2
GENERICA,ACUENTA,Pescados y Mariscos,7490.0,1
GENERICA,ACUENTA,Cerdo,4090.0,1
SAN JORGE,ACUENTA,Fiambrería,3690.0,2
GENERICA,ACUENTA,Pescados y Mariscos,2890.0,1
PF,ACUENTA,Fiambrería,4090.0,2
SAN JORGE,ACUENTA,Fiambrería,3490.0,2
GENERICA,ACUENTA,Cerdo,4190.0,1
GENERICA,ACUENTA,Fiambrería,2450.0,2
GENERICA,ACUENTA,Fiambrería,3550.0,2
WINTER,ACUENTA,Fiambrería,3000.0,2
PF,ACUENTA,Fiambrería,4190.0,2
WINTER,ACUENTA,Fiambrería,3590.0,2
SAN JORGE,ACUENTA,Fiambrería,1590.0,2
LIDER,ACUENTA,Otros Frescos,4290.0,2
GENERICA,ACUENTA,Aves,3321.0,2
GENERICA,ACUENTA,Aves,3590.0,2
SADIA,ACUENTA,Aves,6290.0,2
GENERICA,ACUENTA,Aves,5211.0,2
GENERICA,ACUENTA,Carnicería,9975.0,2
GENERICA,ACUENTA,Cerdo,4990.0,1
GENERICA,ACUENTA,Aves,4990.0,2
GENERICA,ACUENTA,Cerdo,4990.0,1
GENERICA,ACUENTA,Aves,7190.0,2
GENERICA,ACUENTA,Aves,3890.0,2
GENERICA,ACUENTA,Aves,2190.0,2
GENERICA,ACUENTA,Aves,1890.0,2
GENERICA,ACUENTA,Carnicería,3190.0,2
GENERICA,ACUENTA,Cerdo,3890.0,1
GENERICA,ACUENTA,Carnicería,2290.0,2
GENERICA,ACUENTA,Aves,1050.0,2
GENERICA,ACUENTA,Carnicería,12306.0,2
GENERICA,ACUENTA,Carnicería,13986.0,2
SUPER POLLO,ACUENTA,Carnicería,3090.0,2
GENERICA,ACUENTA,Carnicería,14985.0,2
MONTINA,ACUENTA,Fiambrería,4590.0,2
MONTINA,ACUENTA,Fiambrería,1350.0,2
MONTINA,ACUENTA,Fiambrería,4490.0,2
GENERICA,ACUENTA,Aves,6390.0,2
GENERICA,ACUENTA,Carnicería,760.0,2
GENERICA,ACUENTA,Carnicería,1590.0,2
GENERICA,ACUENTA,Fiambrería,3290.0,2
PF,ACUENTA,Fiambrería,2000.0,2
GENERICA,ACUENTA,Fiambrería,2650.0,2
GENERICA,ACUENTA,Otros Frescos,1990.0,2
GENERICA,ACUENTA,Cerdo,9190.0,1
PF,ACUENTA,Fiambrería,4090.0,2
SAN JORGE,ACUENTA,Fiambrería,3790.0,2
GENERICA,ACUENTA,Carnicería,3790.0,2
GENERICA,ACUENTA,Cerdo,3990.0,1
GENERICA,ACUENTA,Otros Frescos,5790.0,2
GENERICA,ACUENTA,Carnicería,3090.0,2
GENERICA,ACUENTA,Cerdo,6590.0,1
SADIA,ACUENTA,Aves,17178.0,2
GENERICA,ACUENTA,Aves,2990.0,2
GENERICA,ACUENTA,Fiambrería,3390.0,2
GENERICA,ACUENTA,Aves,3590.0,2
GENERICA,ACUENTA,Carnicería,3290.0,2
GENERICA,ACUENTA,Carnicería,4290.0,2
SAN JORGE,ACUENTA,Fiambrería,3890.0,2
SUPER POLLO,ACUENTA,Aves,6690.0,2
GENERICA,ACUENTA,Carnicería,21399.0,2
GENERICA,ACUENTA,Cerdo,6390.0,1
GENERICA,ACUENTA,Fiambrería,5990.0,2
GENERICA,ACUENTA,Fiambrería,4590.0,2
GENERICA,ACUENTA,Fiambrería,6090.0,2
GENERICA,ACUENTA,Otros Frescos,3290.0,2
SAN JORGE,ACUENTA,Fiambrería,3190.0,2
SAN JORGE,ACUENTA,Fiambrería,2750.0,2
PF,ACUENTA,Fiambrería,5590.0,2
GENERICA,ACUENTA,Fiambrería,4250.0,2
GENERICA,ACUENTA,Elaborados,2890.0,1
PF,ACUENTA,Otros Frescos,1850.0,2
GENERICA,ACUENTA,Pescados y Mariscos,1250.0,1
GENERICA,ACUENTA,Carnicería,4290.0,2
GENERICA,ACUENTA,Carnicería,3990.0,2
GENERICA,ACUENTA,Cerdo,7290.0,1
SAN JORGE,ACUENTA,Fiambrería,1000.0,2
GENERICA,ACUENTA,Otros Frescos,3990.0,2
LIDER,ACUENTA,Elaborados,870.0,1
GENERICA,ACUENTA,Aves,8590.0,2
GENERICA,ACUENTA,Otros Frescos,3990.0,2
LIDER,ACUENTA,Lácteos,990.0,2
CALO,ACUENTA,Lácteos,2450.0,2
LIDER,ACUENTA,Lácteos/Fiambrería,4890.0,2
LIDER,ACUENTA,Huevos,3790.0,1
SOPROLE,ACUENTA,Lácteos,1050.0,2
SOPROLE,ACUENTA,Lácteos/Fiambrería,5950.0,2
NESTLE,ACUENTA,Lácteos,1690.0,2
LIDER,ACUENTA,Lácteos/Fiambrería,2490.0,2
NESTLE,ACUENTA,Lácteos,1000.0,2
COLUN,ACUENTA,Lácteos,1250.0,2
LONCOLECHE,ACUENTA,Lácteos,1290.0,2
COLUN,ACUENTA,Lácteos,3090.0,2
GENERICA,ACUENTA,Lácteos,1390.0,2
GENERICA,ACUENTA,Lácteos,2450.0,2
LIDER,ACUENTA,Lácteos,990.0,2
ACUENTA,ACUENTA,Lácteos/Fiambrería,4350.0,2
TIL,ACUENTA,Otros Frescos,2550.0,2
COLUN,ACUENTA,Lácteos,1550.0,2
QUILLAYES,ACUENTA,Lácteos/Fiambrería,1250.0,2
COLUN,ACUENTA,Lácteos,11390.0,2
SAN JORGE,ACUENTA,Fiambrería,1490.0,2
COLUN,ACUENTA,Lácteos/Fiambrería,4990.0,2
GENERICA,ACUENTA,Lácteos,2000.0,2
GENERICA,ACUENTA,Lácteos,1350.0,2
SOPROLE,ACUENTA,Lácteos,2690.0,2
GENERICA,ACUENTA,Lácteos,1150.0,2
ACUENTA,ACUENTA,Elaborados,2800.0,1
SOPROLE,ACUENTA,Lácteos/Fiambrería,3550.0,2
GENERICA,ACUENTA,Lácteos,760.0,2
GENERICA,ACUENTA,Colaciones/Postres,760.0,1
GENERICA,ACUENTA,Lácteos,740.0,2
GENERICA,ACUENTA,Lácteos,1590.0,2
GENERICA,ACUENTA,Lácteos,1650.0,2
GENERICA,ACUENTA,Elaborados,3590.0,1
GENERICA,ACUENTA,Otros Frescos,690.0,2
COLUN,ACUENTA,Lácteos/Fiambrería,3590.0,2
GENERICA,ACUENTA,Otros Frescos,680.0,2
GENERICA,ACUENTA,Otros Frescos,270.0,2
GENERICA,ACUENTA,Otros Frescos,270.0,2
SOPROLE,ACUENTA,Lácteos,540.0,2
TIL,ACUENTA,Otros Frescos,270.0,2
GENERICA,ACUENTA,Huevos,8990.0,1
GENERICA,ACUENTA,Elaborados,3590.0,1
LIDER,ACUENTA,Lácteos,6190.0,2
TIL,ACUENTA,Otros Frescos,250.0,2
SOPROLE,ACUENTA,Lácteos,1590.0,2
COLUN,ACUENTA,Lácteos,6490.0,2
COLUN,ACUENTA,Lácteos/Fiambrería,760.0,2
GENERICA,ACUENTA,Otros Frescos,2550.0,2
GENERICA,ACUENTA,Lácteos,2790.0,2
COLUN,ACUENTA,Lácteos,1250.0,2
LIDER,ACUENTA,Fiambrería,1790.0,2
SOPROLE,ACUENTA,Otros Frescos,270.0,2
GENERICA,ACUENTA,Lácteos,3250.0,2
TIL,ACUENTA,Lácteos,3350.0,2
COLUN,ACUENTA,Lácteos/Fiambrería,1350.0,2
NESTLE,ACUENTA,Lácteos,4290.0,2
ACUENTA,ACUENTA,Lácteos,1090.0,2
GENERICA,ACUENTA,Lácteos,3550.0,2
COLUN,ACUENTA,Otros Frescos,310.0,2
ACUENTA,ACUENTA,Otros Frescos,890.0,2
GENERICA,ACUENTA,Colaciones/Postres,760.0,1
GENERICA,ACUENTA,Colaciones/Postres,540.0,1
SOPROLE,ACUENTA,Lácteos,2190.0,2
PF,ACUENTA,Fiambrería,590.0,2
ACUENTA,ACUENTA,Lácteos,2590.0,2
COLUN,ACUENTA,Lácteos,290.0,2
TIL,ACUENTA,Otros Frescos,690.0,2
SOPROLE,ACUENTA,Lácteos/Fiambrería,6290.0,2
LIDER,ACUENTA,Lácteos,990.0,2
GENERICA,ACUENTA,Lácteos,7790.0,2
GENERICA,ACUENTA,Otros Frescos,2550.0,2
TIL,ACUENTA,Lácteos,2690.0,2
GENERICA,ACUENTA,Fiambrería,2190.0,2
COLUN,ACUENTA,Colaciones/Postres,290.0,1
SAN JORGE,ACUENTA,Fiambrería,770.0,2
SOPROLE,ACUENTA,Colaciones/Postres,340.0,1
GENERICA,ACUENTA,Lácteos,2850.0,2
LIDER,ACUENTA,Otros Frescos,3590.0,2
LIDER,ACUENTA,Lácteos,1490.0,2
ACUENTA,ACUENTA,Aves,2800.0,2
LONCOLECHE,ACUENTA,Lácteos,1290.0,2
LIDER,ACUENTA,Lácteos/Fiambrería,4190.0,2
LIDER,ACUENTA,Lácteos/Fiambrería,3590.0,2
GENERICA,ACUENTA,Otros Frescos,250.0,2
GENERICA,ACUENTA,Otros Frescos,690.0,2
GENERICA,ACUENTA,Lácteos,2490.0,2
GENERICA,ACUENTA,Otros Frescos,680.0,2
SOPROLE,ACUENTA,Lácteos,2550.0,2
GENERICA,ACUENTA,Otros Frescos,250.0,2
ACUENTA,ACUENTA,Elaborados,2800.0,1
SOPROLE,ACUENTA,Colaciones/Postres,340.0,1
PF,ACUENTA,Fiambrería,590.0,2
SOPROLE,ACUENTA,Otros Frescos,270.0,2
SAN JORGE,ACUENTA,Fiambrería,2000.0,2
TIL,ACUENTA,Otros Frescos,680.0,2
COLUN,ACUENTA,Lácteos,4890.0,2
SAN JORGE,ACUENTA,Cerdo,2000.0,1
GENERICA,ACUENTA,Lácteos,2550.0,2
COLUN,ACUENTA,Lácteos,1550.0,2
GENERICA,ACUENTA,Otros Frescos,3290.0,2
PF,ACUENTA,Fiambrería,1000.0,2
COLUN,ACUENTA,Otros Frescos,3390.0,2
WINTER,ACUENTA,Otros Frescos,2000.0,2
COLUN,ACUENTA,Lácteos/Fiambrería,2250.0,2
GENERICA,ACUENTA,Lácteos,4650.0,2
TIL,ACUENTA,Lácteos,5990.0,2
SAN JORGE,ACUENTA,Fiambrería,770.0,2
GENERICA,ACUENTA,Otros Frescos,3390.0,2
SOPROLE,ACUENTA,Colaciones/Postres,360.0,1
LONCOLECHE,ACUENTA,Lácteos,1890.0,2
TIL,ACUENTA,Lácteos,4990.0,2
SOPROLE,ACUENTA,Otros Frescos,720.0,2
GENERICA,ACUENTA,Fiambrería,1190.0,2
COLUN,ACUENTA,Otros Frescos,1890.0,2
PF,ACUENTA,Fiambrería,1000.0,2
PF,ACUENTA,Fiambrería,1000.0,2
TIL,ACUENTA,Otros Frescos,370.0,2
COLUN,ACUENTA,Lácteos/Fiambrería,1750.0,2
COLUN,ACUENTA,Otros Frescos,1890.0,2
GENERICA,ACUENTA,Fiambrería,1050.0,2
GENERICA,ACUENTA,Otros Frescos,720.0,2
GENERICA,ACUENTA,Fiambrería,760.0,2
NESTLE,ACUENTA,Colaciones/Postres,360.0,1
LIDER,ACUENTA,Lácteos,1490.0,2
TIL,ACUENTA,Colaciones/Postres,330.0,1
CHAMYTO,ACUENTA,Lácteos,2690.0,2
GENERICA,ACUENTA,Otros Frescos,370.0,2
GENERICA,ACUENTA,Otros Frescos,460.0,2
COLUN,ACUENTA,Colaciones/Postres,250.0,1
GENERICA,ACUENTA,Otros Frescos,260.0,2
GENERICA,ACUENTA,Lácteos,1790.0,2
COLUN,ACUENTA,Otros Frescos,1890.0,2
QUILLAYES,ACUENTA,Otros Frescos,1290.0,2
GENERICA,ACUENTA,Lácteos,8090.0,2
LIDER,ACUENTA,Lácteos,2690.0,2
COLUN,ACUENTA,Otros Frescos,1890.0,2
GENERICA,ACUENTA,Lácteos/Fiambrería,1890.0,2
TIL,ACUENTA,Lácteos,3550.0,2
COLUN,ACUENTA,Lácteos/Fiambrería,3690.0,2
TIL,ACUENTA,Otros Frescos,670.0,2
COLUN,ACUENTA,Otros Frescos,1890.0,2
COLUN,ACUENTA,Otros Frescos,1890.0,2
SOPROLE,ACUENTA,Colaciones/Postres,340.0,1
GENERICA,ACUENTA,Colaciones/Postres,360.0,1
GENERICA,ACUENTA,Colaciones/Postres,540.0,1
GENERICA,ACUENTA,Lácteos,2050.0,2
GENERICA,ACUENTA,Otros Frescos,570.0,2
COLUN,ACUENTA,Otros Frescos,1890.0,2
COLUN,ACUENTA,Lácteos,7890.0,2
GENERICA,ACUENTA,Lácteos,3350.0,2
TIL,ACUENTA,Otros Frescos,570.0,2
SOPROLE,ACUENTA,Colaciones/Postres,320.0,1
GENERICA,ACUENTA,Fiambrería,1890.0,2
GENERICA,ACUENTA,Otros Frescos,720.0,2
TIL,ACUENTA,Otros Frescos,360.0,2
GENERICA,ACUENTA,Lácteos,8790.0,2
SOPROLE,ACUENTA,Colaciones/Postres,320.0,1
GENERICA,ACUENTA,Lácteos,8090.0,2
TIL,ACUENTA,Otros Frescos,170.0,2
GENERICA,ACUENTA,Lácteos,740.0,2
SOPROLE,ACUENTA,Lácteos,1450.0,2
GENERICA,ACUENTA,Otros Frescos,690.0,2
SOPROLE,ACUENTA,Lácteos,740.0,2
SOPRAVAL,ACUENTA,Aves,2150.0,2
GENERICA,ACUENTA,Lácteos,8790.0,2
SOPROLE,ACUENTA,Otros Frescos,2450.0,2
SOPROLE,ACUENTA,Colaciones/Postres,640.0,1
CALO,ACUENTA,Lácteos,1650.0,2
GENERICA,ACUENTA,Otros Frescos,720.0,2
COLUN,ACUENTA,Otros Frescos,2290.0,2
GENERICA,ACUENTA,Otros Frescos,360.0,2
GENERICA,ACUENTA,Lácteos,3350.0,2
COLUN,ACUENTA,Lácteos,1250.0,2
GENERICA,ACUENTA,Lácteos,2350.0,2
GENERICA,ACUENTA,Colaciones/Postres,380.0,1
GENERICA,ACUENTA,Otros Frescos,360.0,2
GENERICA,ACUENTA,Lácteos/Fiambrería,4250.0,2
GENERICA,ACUENTA,Lácteos,2150.0,2
LIDER,ACUENTA,Lácteos,1190.0,2
GENERICA,ACUENTA,Colaciones/Postres,360.0,1
TIL,ACUENTA,Lácteos,2350.0,2
SOPRAVAL,ACUENTA,Aves,2150.0,2
GENERICA,ACUENTA,Colaciones/Postres,330.0,1
QUILLAYES,ACUENTA,Fiambrería,1450.0,2
GENERICA,ACUENTA,Otros Frescos,2790.0,2
GENERICA,ACUENTA,Otros Frescos,670.0,2
LIDER,ACUENTA,Otros Frescos,1790.0,2
CALO,ACUENTA,Lácteos,6390.0,2
GENERICA,ACUENTA,Colaciones/Postres,380.0,1
GENERICA,ACUENTA,Lácteos/Fiambrería,2250.0,2
ACUENTA,ACUENTA,Otros Frescos,170.0,2
LIDER,ACUENTA,Otros Frescos,2890.0,2
GENERICA,ACUENTA,Otros Frescos,1390.0,2
TIL,ACUENTA,Otros Frescos,720.0,2
LIDER,ACUENTA,Lácteos,4590.0,2
GENERICA,ACUENTA,Otros Frescos,2390.0,2
SURLAT,ACUENTA,Lácteos/Fiambrería,4750.0,2
DANONE,ACUENTA,Otros Frescos,990.0,2
GENERICA,ACUENTA,Otros Frescos,170.0,2
GENERICA,ACUENTA,Otros Frescos,3350.0,2
GENERICA,ACUENTA,Fiambrería,2390.0,2
COLUN,ACUENTA,Otros Frescos,1890.0,2
GENERICA,ACUENTA,Lácteos/Fiambrería,1450.0,2
LONCOLECHE,ACUENTA,Lácteos,1450.0,2
GENERICA,ACUENTA,Lácteos,1690.0,2
COLUN,ACUENTA,Lácteos/Fiambrería,760.0,2
SAN JORGE,ACUENTA,Fiambrería,1590.0,2
GENERICA,ACUENTA,Otros Frescos,360.0,2
GENERICA,ACUENTA,Otros Frescos,490.0,2
GENERICA,ACUENTA,Fiambrería,1000.0,2
LONCOLECHE,ACUENTA,Lácteos,1090.0,2
GENERICA,ACUENTA,Otros Frescos,1950.0,2
LIDER,ACUENTA,Otros Frescos,240.0,2
COLUN,ACUENTA,Otros Frescos,360.0,2
PF,ACUENTA,Fiambrería,2390.0,2
LIDER,ACUENTA,Fiambrería,1790.0,2
SOPROLE,ACUENTA,Lácteos/Fiambrería,3050.0,2
LIDER,ACUENTA,Otros Frescos,240.0,2
SAN JORGE,ACUENTA,Carnicería,1190.0,2
GENERICA,ACUENTA,Fiambrería,1690.0,2
GENERICA,ACUENTA,Lácteos,1290.0,2
ACUENTA,ACUENTA,Otros Frescos,170.0,2
GENERICA,ACUENTA,Cerdo,2250.0,1
SOPROLE,ACUENTA,Lácteos,3190.0,2
LIDER,ACUENTA,Huevos,8890.0,1
PF,ACUENTA,Aves,2290.0,2
LIDER,ACUENTA,Otros Frescos,2490.0,2
GENERICA,ACUENTA,Cerdo,1890.0,1
GENERICA,ACUENTA,Lácteos,1190.0,2
LIDER,ACUENTA,Lácteos,1150.0,2
GENERICA,ACUENTA,Lácteos,5950.0,2
CHAMYTO,ACUENTA,Lácteos,6190.0,2
GENERICA,ACUENTA,Lácteos,5790.0,2
GENERICA,ACUENTA,Otros Frescos,3750.0,2
LONCOLECHE,ACUENTA,Lácteos,1450.0,2
LIDER,ACUENTA,Otros Frescos,240.0,2
GENERICA,ACUENTA,Lácteos,1750.0,2
GENERICA,ACUENTA,Fiambrería,2750.0,2
GENERICA,ACUENTA,Fiambrería,1690.0,2
SOPROLE,ACUENTA,Otros Frescos,2390.0,2
LONCOLECHE,ACUENTA,Lácteos,1450.0,2
GENERICA,ACUENTA,Lácteos,7050.0,2
LIDER,ACUENTA,Otros Frescos,240.0,2
LIDER,ACUENTA,Lácteos,1790.0,2
TIL,ACUENTA,Lácteos,2790.0,2
GENERICA,ACUENTA,Lácteos,3590.0,2
COLUN,ACUENTA,Lácteos/Fiambrería,6690.0,2
GENERICA,ACUENTA,Otros Frescos,560.0,2
SOPROLE,ACUENTA,Lácteos,1590.0,2
LIDER,ACUENTA,Otros Frescos,1790.0,2
LONCOLECHE,ACUENTA,Lácteos,1450.0,2
LIDER,ACUENTA,Otros Frescos,1790.0,2
TIL,ACUENTA,Lácteos,2350.0,2
GENERICA,ACUENTA,Otros Frescos,730.0,2
GENERICA,ACUENTA,Lácteos,10990.0,2
ACUENTA,ACUENTA,Otros Frescos,2790.0,2
GENERICA,ACUENTA,Otros Frescos,560.0,2
PF,ACUENTA,Fiambrería,1650.0,2
GENERICA,ACUENTA,Otros Frescos,670.0,2
GENERICA,ACUENTA,Otros Frescos,3890.0,2
GENERICA,ACUENTA,Lácteos,1350.0,2
GENERICA,ACUENTA,Otros Frescos,560.0,2
COLUN,ACUENTA,Lácteos,1350.0,2
GENERICA,ACUENTA,Otros Frescos,670.0,2
CALO,ACUENTA,Lácteos,11450.0,2
GENERICA,ACUENTA,Lácteos,6190.0,2
COLUN,ACUENTA,Otros Frescos,2450.0,2
GENERICA,ACUENTA,Lácteos,2450.0,2
GENERICA,ACUENTA,Lácteos,5990.0,2
GENERICA,ACUENTA,Lácteos,2450.0,2
GENERICA,ACUENTA,Lácteos,8290.0,2
COLUN,ACUENTA,Lácteos,1350.0,2
CALO,ACUENTA,Lácteos/Fiambrería,5790.0,2
SOPROLE,ACUENTA,Lácteos,1250.0,2
LONCOLECHE,ACUENTA,Lácteos,2850.0,2
GENERICA,ACUENTA,Cerdo,1790.0,1
GENERICA,ACUENTA,Lácteos,2390.0,2
COLUN,ACUENTA,Lácteos/Fiambrería,6590.0,2
LIDER,ACUENTA,Lácteos,1190.0,2
SOPROLE,ACUENTA,Lácteos,1950.0,2
LIDER,ACUENTA,Lácteos/Fiambrería,1690.0,2
GENERICA,ACUENTA,Lácteos,3150.0,2
GENERICA,ACUENTA,Lácteos,17750.0,2
CALO,ACUENTA,Lácteos,2520.0,2
LIDER,ACUENTA,Lácteos,1190.0,2
GENERICA,ACUENTA,Huevos,4190.0,1
DANONE,ACUENTA,Lácteos,2690.0,2
GENERICA,ACUENTA,Lácteos,7090.0,2
GENERICA,ACUENTA,Aves,2690.0,2
GENERICA,ACUENTA,Colaciones/Postres,1950.0,1
GENERICA,ACUENTA,Fiambrería,2350.0,2
LIDER,ACUENTA,Colaciones/Postres,250.0,1
SURLAT,ACUENTA,Otros Frescos,1190.0,2
LIDER,ACUENTA,Colaciones/Postres,250.0,1
GENERICA,ACUENTA,Lácteos,2190.0,2
GENERICA,ACUENTA,Otros Frescos,1984.0,2
GENERICA,ACUENTA,Otros Frescos,1990.0,2
GENERICA,ACUENTA,Otros Frescos,2150.0,2
SOPROLE,ACUENTA,Lácteos,1250.0,2
GENERICA,ACUENTA,Lácteos,1350.0,2
LIDER,ACUENTA,Lácteos,5790.0,2
PF,ACUENTA,Fiambrería,1790.0,2
GENERICA,ACUENTA,Lácteos,3590.0,2
GENERICA,ACUENTA,Lácteos,6490.0,2
LIDER,ACUENTA,Otros Frescos,2990.0,2
GENERICA,ACUENTA,Lácteos,5190.0,2
GENERICA,ACUENTA,Lácteos,1350.0,2
GENERICA,ACUENTA,Lácteos,11090.0,2
GENERICA,ACUENTA,Lácteos,6090.0,2
LIDER,ACUENTA,Colaciones/Postres,250.0,1
LIDER,ACUENTA,Huevos,3990.0,1
LIDER,ACUENTA,Colaciones/Postres,250.0,1
LIDER,ACUENTA,Colaciones/Postres,250.0,1
LIDER,ACUENTA,Lácteos/Fiambrería,2490.0,2
GENERICA,ACUENTA,Otros Frescos,3890.0,2
LIDER,ACUENTA,Lácteos/Fiambrería,2950.0,2
SOPROLE,ACUENTA,Lácteos/Fiambrería,2590.0,2
LIDER,ACUENTA,Lácteos/Fiambrería,5690.0,2
LIDER,ACUENTA,Lácteos/Fiambrería,1890.0,2
GENERICA,ACUENTA,Lácteos/Fiambrería,1950.0,2
LIDER,ACUENTA,Lácteos/Fiambrería,2850.0,2
LIDER,ACUENTA,Lácteos/Fiambrería,2290.0,2
QUILLAYES,ACUENTA,Lácteos/Fiambrería,3390.0,2
GENERICA,ACUENTA,Fiambrería,1550.0,2
COLUN,ACUENTA,Lácteos/Fiambrería,2890.0,2
COLUN,ACUENTA,Lácteos/Fiambrería,990.0,2
GENERICA,ACUENTA,Lácteos/Fiambrería,3850.0,2
LIDER,ACUENTA,Lácteos/Fiambrería,5890.0,2
LIDER,ACUENTA,Lácteos/Fiambrería,4490.0,2
COLUN,ACUENTA,Otros Frescos,2790.0,2
SOPROLE,ACUENTA,Lácteos/Fiambrería,4250.0,2
LIDER,ACUENTA,Lácteos/Fiambrería,3290.0,2
GENERICA,ACUENTA,Colaciones/Postres,670.0,1
PF,ACUENTA,Aves,2090.0,2
SAN JORGE,ACUENTA,Fiambrería,1550.0,2
WINTER,ACUENTA,Fiambrería,2290.0,2
GENERICA,ACUENTA,Otros Frescos,2090.0,2
SAN JORGE,ACUENTA,Fiambrería,1990.0,2
SAN JORGE,ACUENTA,Fiambrería,2250.0,2
COLUN,ACUENTA,Lácteos,1750.0,2
GENERICA,ACUENTA,Lácteos,3190.0,2
COLUN,ACUENTA,Lácteos,3690.0,2
GENERICA,ACUENTA,Aves,3390.0,2
GENERICA,ACUENTA,Otros Frescos,3390.0,2
GENERICA,ACUENTA,Cerdo,2050.0,1
GENERICA,ACUENTA,Fiambrería,990.0,2
CALO,ACUENTA,Lácteos,2350.0,2
SOPROLE,ACUENTA,Lácteos,540.0,2
GENERICA,ACUENTA,Otros Frescos,2250.0,2
PF,ACUENTA,Fiambrería,1950.0,2
GENERICA,ACUENTA,Lácteos,3390.0,2
WINTER,ACUENTA,Otros Frescos,1690.0,2
GENERICA,ACUENTA,Fiambrería,1090.0,2
GENERICA,ACUENTA,Fiambrería,1090.0,2
GENERICA,ACUENTA,Aves,1150.0,2
LIDER,ACUENTA,Huevos,1990.0,1
SOPROLE,ACUENTA,Colaciones/Postres,670.0,1
GENERICA,ACUENTA,Fiambrería,2550.0,2
LIDER,ACUENTA,Lácteos,2950.0,2
PF,ACUENTA,Otros Frescos,2750.0,2
CALO,ACUENTA,Lácteos,1750.0,2
PF,ACUENTA,Fiambrería,1350.0,2
PF,ACUENTA,Fiambrería,2590.0,2
GENERICA,ACUENTA,Colaciones/Postres,670.0,1
GENERICA,ACUENTA,Otros Frescos,4890.0,2
WINTER,ACUENTA,Fiambrería,2750.0,2
SOPROLE,ACUENTA,Lácteos/Fiambrería,3890.0,2
COLUN,ACUENTA,Colaciones/Postres,380.0,1
GENERICA,ACUENTA,Fiambrería,2650.0,2
COLUN,ACUENTA,Lácteos,3890.0,2
GENERICA,ACUENTA,Fiambrería,1690.0,2
SAN JORGE,ACUENTA,Fiambrería,1790.0,2
GENERICA,ACUENTA,Huevos,4090.0,1
PF,ACUENTA,Otros Frescos,3590.0,2
GENERICA,ACUENTA,Otros Frescos,490.0,2
GENERICA,ACUENTA,Colaciones/Postres,660.0,1
LIDER,ACUENTA,Lácteos/Fiambrería,990.0,2
PF,ACUENTA,Otros Frescos,1350.0,2
GENERICA,ACUENTA,Fiambrería,1950.0,2
LIDER,ACUENTA,Lácteos/Fiambrería,2850.0,2
GENERICA,ACUENTA,Colaciones/Postres,760.0,1
GENERICA,ACUENTA,Fiambrería,1350.0,2
COLUN,ACUENTA,Lácteos/Fiambrería,2950.0,2
GENERICA,ACUENTA,Colaciones/Postres,770.0,1
SOPROLE,ACUENTA,Colaciones/Postres,770.0,1
GENERICA,ACUENTA,Cerdo,2250.0,1
GENERICA,ACUENTA,Colaciones/Postres,680.0,1
GENERICA,ACUENTA,Fiambrería,2150.0,2
GENERICA,ACUENTA,Aves,2490.0,2
GENERICA,ACUENTA,Otros Frescos,490.0,2
LIDER,ACUENTA,Lácteos/Fiambrería,840.0,2
LIDER,ACUENTA,Lácteos/Fiambrería,990.0,2
LIDER,ACUENTA,Lácteos/Fiambrería,990.0,2
GENERICA,ACUENTA,Lácteos,2250.0,2
GENERICA,ACUENTA,Colaciones/Postres,800.0,1
LLANQUIHUE,ACUENTA,Fiambrería,2590.0,2
GENERICA,ACUENTA,Colaciones/Postres,810.0,1
GENERICA,ACUENTA,Lácteos,2890.0,2
GENERICA,ACUENTA,Lácteos/Fiambrería,7890.0,2
COLUN,ACUENTA,Lácteos/Fiambrería,2290.0,2
GENERICA,ACUENTA,Lácteos/Fiambrería,5950.0,2
QUILLAYES,ACUENTA,Lácteos/Fiambrería,6590.0,2
GENERICA,ACUENTA,Lácteos/Fiambrería,3590.0,2
QUILLAYES,ACUENTA,Lácteos/Fiambrería,3190.0,2
QUILLAYES,ACUENTA,Lácteos/Fiambrería,5890.0,2
GENERICA,ACUENTA,Colaciones/Postres,1890.0,1
TIL,ACUENTA,Otros Frescos,610.0,2
TIL,ACUENTA,Lácteos,450.0,2
COLUN,ACUENTA,Lácteos,550.0,2
COLUN,ACUENTA,Lácteos,590.0,2
GENERICA,ACUENTA,Lácteos,450.0,2
LONCOLECHE,ACUENTA,Lácteos,450.0,2
COLUN,ACUENTA,Colaciones/Postres,280.0,1
COLUN,ACUENTA,Colaciones/Postres,280.0,1
SOPROLE,ACUENTA,Lácteos,530.0,2
SOPROLE,ACUENTA,Lácteos,670.0,2
LONCOLECHE,ACUENTA,Lácteos,450.0,2
SOPROLE,ACUENTA,Lácteos,530.0,2
SOPROLE,ACUENTA,Lácteos,400.0,2
GENERICA,ACUENTA,Lácteos,570.0,2
GENERICA,ACUENTA,Lácteos,570.0,2
GENERICA,ACUENTA,Lácteos,2490.0,2
GENERICA,ACUENTA,Otros Frescos,720.0,2
GENERICA,ACUENTA,Lácteos/Fiambrería,3590.0,2
GENERICA,ACUENTA,Otros Frescos,720.0,2
GENERICA,ACUENTA,Otros Frescos,390.0,2
GENERICA,ACUENTA,Lácteos,1290.0,2
GENERICA,ACUENTA,Otros Frescos,3090.0,2
GENERICA,ACUENTA,Lácteos,990.0,2
SOPROLE,ACUENTA,Otros Frescos,3290.0,2
GENERICA,ACUENTA,Otros Frescos,4090.0,2
GENERICA,ACUENTA,Otros Frescos,680.0,2
GENERICA,ACUENTA,Otros Frescos,650.0,2
TIL,ACUENTA,Lácteos,3690.0,2
GENERICA,ACUENTA,Lácteos,2890.0,2
SOPROLE,ACUENTA,Lácteos,1650.0,2
WATTS,ACUENTA,Lácteos,3790.0,2
GENERICA,ACUENTA,Otros Frescos,2590.0,2
GENERICA,ACUENTA,Otros Frescos,620.0,2
GENERICA,ACUENTA,Otros Frescos,480.0,2
TIL,ACUENTA,Otros Frescos,1090.0,2
GENERICA,ACUENTA,Lácteos,2390.0,2
GENERICA,ACUENTA,Otros Frescos,1090.0,2
GENERICA,ACUENTA,Otros Frescos,480.0,2
GENERICA,ACUENTA,Colaciones/Postres,810.0,1
NUESTRA COCINA,UNIMARC,Despensa,1000.0,0
NUESTRA COCINA,UNIMARC,Despensa,1890.0,0
NUESTRA COCINA,UNIMARC,Despensa,1790.0,0
TUCAPEL,UNIMARC,Despensa,1090.0,0
MERKAT,UNIMARC,Despensa,1550.0,0
LUCCHETTI,UNIMARC,Despensa,21590.0,0
NUESTRA COCINA,UNIMARC,Despensa,1000.0,0
NUESTRA COCINA,UNIMARC,Despensa,690.0,0
HELLMANNS,UNIMARC,Despensa,3490.0,0
TUCAPEL,UNIMARC,Despensa,2450.0,0
NUESTRA COCINA,UNIMARC,Despensa,1250.0,0
NUESTRA COCINA,UNIMARC,Despensa,690.0,0
POMAROLA,UNIMARC,Despensa,4150.0,0
MARCO POLO,UNIMARC,Despensa,2000.0,0
MONT BLANC,UNIMARC,Despensa,1100.0,0
NUESTRA COCINA,UNIMARC,Despensa,1000.0,0
CLUB SOCIAL,UNIMARC,Despensa,33990.0,0
NUESTRA COCINA,UNIMARC,Despensa,1990.0,0
NUESTRA COCINA,UNIMARC,Despensa,1000.0,0
MERKAT,UNIMARC,Despensa,1190.0,0
MERKAT,UNIMARC,Despensa,990.0,0
LUCCHETTI,UNIMARC,Despensa,3290.0,0
LUCCHETTI,UNIMARC,Despensa,21500.0,0
NUESTRA COCINA,UNIMARC,Despensa,3000.0,0
NUESTRA COCINA,UNIMARC,Despensa,3000.0,0
ROBINSON CRUSOE,UNIMARC,Despensa,1990.0,0
CAROZZI,UNIMARC,Despensa,510.0,0
MAGGI,UNIMARC,Despensa,1390.0,0
VAN CAMPS,UNIMARC,Despensa,23000.0,0
NUESTRA COCINA,UNIMARC,Despensa,12990.0,0
CAROZZI,UNIMARC,Despensa,21490.0,0
MERKAT,UNIMARC,Despensa,8390.0,0
NUESTRA COCINA,UNIMARC,Despensa,23000.0,0
LOBOS,UNIMARC,Despensa,610.0,0
CAROZZI,UNIMARC,Despensa,21590.0,0
NUESTRA COCINA,UNIMARC,Despensa,2550.0,0
CHEF,UNIMARC,Despensa,3750.0,0
DOÑA CLARA,UNIMARC,Despensa,21000.0,0
LUCCHETTI,UNIMARC,Despensa,21590.0,0
LAYS,UNIMARC,Despensa,2000.0,0
VAN CAMPS,UNIMARC,Despensa,1990.0,0
NUESTRA COCINA,UNIMARC,Despensa,1490.0,0
LAYS,UNIMARC,Despensa,2000.0,0
NUESTRA COCINA,UNIMARC,Despensa,690.0,0
KRAFT,UNIMARC,Despensa,7290.0,0
NUESTRA COCINA,UNIMARC,Despensa,1000.0,0
NUESTRA COCINA,UNIMARC,Despensa,450.0,0
TUCAPEL,UNIMARC,Despensa,2590.0,0
CARAVELLA,UNIMARC,Despensa,6990.0,0
MONT BLANC,UNIMARC,Despensa,1390.0,0
NUESTRA COCINA,UNIMARC,Despensa,690.0,0
MERKAT,UNIMARC,Despensa,880.0,0
CAROZZI,UNIMARC,Despensa,21590.0,0
NUESTRA COCINA,UNIMARC,Despensa,1650.0,0
LAYS,UNIMARC,Despensa,2490.0,0
LAYS,UNIMARC,Despensa,1743.0,0
CHEF,UNIMARC,Despensa,7750.0,0
TRAVERSO,UNIMARC,Despensa,1000.0,0
LAYS,UNIMARC,Despensa,2490.0,0
KRYZPO,UNIMARC,Despensa,23280.0,0
LUCCHETTI,UNIMARC,Despensa,21590.0,0
LUCCHETTI,UNIMARC,Despensa,21500.0,0
LAYS,UNIMARC,Despensa,2490.0,0
MAGGI,UNIMARC,Despensa,31430.0,0
NUESTRA COCINA,UNIMARC,Despensa,4450.0,0
ANGELMO,UNIMARC,Despensa,1190.0,0
CAROZZI,UNIMARC,Despensa,21600.0,0
NUESTRA COCINA,UNIMARC,Despensa,3250.0,0
EVERCRISP,UNIMARC,Despensa,2090.0,0
LUCCHETTI,UNIMARC,Despensa,1090.0,0
NUESTRA COCINA,UNIMARC,Despensa,2690.0,0
TRATTORIA,UNIMARC,Despensa,890.0,0
LUCCHETTI,UNIMARC,Despensa,1090.0,0
KRYZPO,UNIMARC,Despensa,23280.0,0
SELZ,UNIMARC,Despensa,1190.0,0
MAGGI,UNIMARC,Despensa,21200.0,0
CAROZZI,UNIMARC,Despensa,2590.0,0
MAGGI,UNIMARC,Despensa,31550.0,0
LAYS,UNIMARC,Despensa,1900.0,0
NUESTRA COCINA,UNIMARC,Despensa,3650.0,0
NUESTRA COCINA,UNIMARC,Despensa,1000.0,0
TRATTORIA,UNIMARC,Despensa,890.0,0
MARCO POLO,UNIMARC,Despensa,2000.0,0
EVERCRISP,UNIMARC,Despensa,2090.0,0
NUESTRA COCINA,UNIMARC,Despensa,690.0,0
CAROZZI,UNIMARC,Despensa,990.0,0
MERKAT,UNIMARC,Despensa,390.0,0
CAROZZI,UNIMARC,Despensa,21590.0,0
WASIL,UNIMARC,Despensa,1790.0,0
CAROZZI,UNIMARC,Despensa,21590.0,0
MAGGI,UNIMARC,Despensa,21200.0,0
CAROZZI,UNIMARC,Despensa,21590.0,0
CAROZZI,UNIMARC,Despensa,1950.0,0
CLUB SOCIAL,UNIMARC,Despensa,22780.0,0
TRAVERSO,UNIMARC,Despensa,990.0,0
MAGGI,UNIMARC,Despensa,31510.0,0
CAROZZI,UNIMARC,Despensa,21590.0,0
KRAFT,UNIMARC,Despensa,4250.0,0
MAGGI,UNIMARC,Despensa,21200.0,0
NUESTRA COCINA,UNIMARC,Despensa,2000.0,0
HELLMANNS,UNIMARC,Despensa,5490.0,0
MAGGI,UNIMARC,Despensa,31460.0,0
MERKAT,UNIMARC,Despensa,950.0,0
RITZ,UNIMARC,Despensa,590.0,0
NUESTRA COCINA,UNIMARC,Despensa,23000.0,0
NUESTRA COCINA,UNIMARC,Despensa,700.0,0
POMAROLA,UNIMARC,Despensa,870.0,0
NUESTRA COCINA,UNIMARC,Despensa,2890.0,0
TRATTORIA,UNIMARC,Despensa,890.0,0
MAGGI,UNIMARC,Despensa,21200.0,0
LECHE SUR,UNIMARC,Despensa,22880.0,0
CHEETOS,UNIMARC,Despensa,1650.0,0
NUESTRA COCINA,UNIMARC,Despensa,23000.0,0
CLUB SOCIAL,UNIMARC,Despensa,22780.0,0
NUESTRA COCINA,UNIMARC,Despensa,5000.0,0
PANCHO VILLA,UNIMARC,Despensa,1000.0,0
MAGGI,UNIMARC,Despensa,31550.0,0
MAGGI,UNIMARC,Despensa,31460.0,0
EVERCRISP,UNIMARC,Despensa,2000.0,0
MARCO POLO,UNIMARC,Despensa,1000.0,0
CLUB SOCIAL,UNIMARC,Despensa,22780.0,0
CAROZZI,UNIMARC,Despensa,3090.0,0
MAGGI,UNIMARC,Despensa,21200.0,0
MAGGI,UNIMARC,Despensa,31510.0,0
TUCAPEL,UNIMARC,Despensa,1790.0,0
LAYS,UNIMARC,Despensa,2250.0,0
IANSA CERO K,UNIMARC,Despensa,3490.0,0
CAROZZI,UNIMARC,Despensa,1390.0,0
TUCAPEL,UNIMARC,Despensa,1290.0,0
MAGGI,UNIMARC,Despensa,31550.0,0
CARAVELLA,UNIMARC,Despensa,6990.0,0
BANQUETE,UNIMARC,Despensa,4390.0,0
NUESTRA COCINA,UNIMARC,Despensa,690.0,0
HELLMANNS,UNIMARC,Despensa,1000.0,0
BANQUETE,UNIMARC,Despensa,2750.0,0
CAROZZI,UNIMARC,Despensa,990.0,0
NATURA,UNIMARC,Despensa,2000.0,0
IANSA,UNIMARC,Despensa,1490.0,0
KARDAMILI,UNIMARC,Despensa,18890.0,0
MAGGI,UNIMARC,Despensa,31200.0,0
MERKAT,UNIMARC,Despensa,870.0,0
JB,UNIMARC,Despensa,3090.0,0
IANSA,UNIMARC,Despensa,1350.0,0
PANCHO VILLA,UNIMARC,Despensa,950.0,0
TRATTORIA,UNIMARC,Despensa,890.0,0
CAROZZI,UNIMARC,Despensa,2850.0,0
NUESTRA COCINA,UNIMARC,Despensa,23000.0,0
HELLMANNS,UNIMARC,Despensa,3000.0,0
MERKAT,UNIMARC,Despensa,880.0,0
BUKA,UNIMARC,Despensa,1000.0,0
MAGGI,UNIMARC,Despensa,31120.0,0
LUCCHETTI,UNIMARC,Despensa,980.0,0
WASIL,UNIMARC,Despensa,23000.0,0
LOS GRANOS,UNIMARC,Despensa,2300.0,0
EVERCRISP,UNIMARC,Despensa,1850.0,0
MERKAT,UNIMARC,Despensa,4150.0,0
LIVEAN,UNIMARC,Despensa,890.0,0
NUESTRA COCINA,UNIMARC,Despensa,4000.0,0
VIVO,UNIMARC,Despensa,860.0,0
NUESTRA COCINA,UNIMARC,Despensa,2150.0,0
MAGGI,UNIMARC,Despensa,31150.0,0
LUCCHETTI,UNIMARC,Despensa,43000.0,0
DAILY,UNIMARC,Despensa,4950.0,0
MAGGI,UNIMARC,Despensa,31150.0,0
LUCCHETTI,UNIMARC,Despensa,980.0,0
GOURMET,UNIMARC,Despensa,31000.0,0
PF LISTO,UNIMARC,Despensa,4190.0,0
MAGGI,UNIMARC,Despensa,31150.0,0
BANQUETE,UNIMARC,Despensa,2590.0,0
MAGGI,UNIMARC,Despensa,1290.0,0
NUESTRA COCINA,UNIMARC,Despensa,700.0,0
DORITOS,UNIMARC,Despensa,1000.0,0
DAILY,UNIMARC,Despensa,1650.0,0
MAGGI,UNIMARC,Despensa,31150.0,0
GOURMET,UNIMARC,Despensa,31090.0,0
GOURMET,UNIMARC,Despensa,31000.0,0
MAGGI,UNIMARC,Despensa,1290.0,0
IANSA,UNIMARC,Despensa,7390.0,0
GOURMET,UNIMARC,Despensa,31000.0,0
MAGGI,UNIMARC,Despensa,32200.0,0
MIRAFLORES,UNIMARC,Despensa,2990.0,0
CRACKELET,UNIMARC,Despensa,1000.0,0
PANCHO VILLA,UNIMARC,Despensa,1000.0,0
GOURMET,UNIMARC,Despensa,31090.0,0
TUCAPEL,UNIMARC,Despensa,1300.0,0
CHEF,UNIMARC,Despensa,16290.0,0
TRATTORIA,UNIMARC,Despensa,2380.0,0
NATUREZZA,UNIMARC,Despensa,31000.0,0
LAYS,UNIMARC,Despensa,1890.0,0
TRAVERSO,UNIMARC,Despensa,4150.0,0
CAROZZI,UNIMARC,Despensa,1090.0,0
SELECTA,UNIMARC,Despensa,1400.0,0
LIVEAN,UNIMARC,Despensa,890.0,0
PF LISTO,UNIMARC,Despensa,4190.0,0
NUESTRA COCINA,UNIMARC,Despensa,790.0,0
EVERCRISP,UNIMARC,Despensa,1000.0,0
NUESTRA COCINA,UNIMARC,Despensa,1690.0,0
NUESTRA COCINA,UNIMARC,Despensa,2690.0,0
CAROZZI,UNIMARC,Despensa,2590.0,0
NUESTRA COCINA,UNIMARC,Despensa,1500.0,0
NUESTRA COCINA,UNIMARC,Despensa,2000.0,0
NATURA,UNIMARC,Despensa,3590.0,0
TRAVERSO,UNIMARC,Despensa,2290.0,0
DAILY FRESH,UNIMARC,Despensa,2890.0,0
CRACKELET,UNIMARC,Despensa,1050.0,0
NUESTRA COCINA,UNIMARC,Despensa,2890.0,0
RECETA DEL ABUELO,UNIMARC,Despensa,3550.0,0
BANQUETE,UNIMARC,Despensa,9990.0,0
IANSA AGRO,UNIMARC,Despensa,1590.0,0
NUESTRA COCINA,UNIMARC,Despensa,790.0,0
MARCO POLO,UNIMARC,Despensa,1000.0,0
NUESTRA COCINA,UNIMARC,Despensa,3590.0,0
LAS DOSCIENTAS,UNIMARC,Despensa,8750.0,0
ANGELMO,UNIMARC,Despensa,1390.0,0
EVERCRISP,UNIMARC,Despensa,2000.0,0
PANCHO VILLA,UNIMARC,Despensa,2990.0,0
TENTO,UNIMARC,Despensa,2990.0,0
WASIL,UNIMARC,Despensa,2250.0,0
TENTO,UNIMARC,Despensa,2850.0,0
NUESTRA COCINA,UNIMARC,Despensa,1790.0,0
DAILY,UNIMARC,Despensa,3640.0,0
DAILY,UNIMARC,Despensa,3890.0,0
IANSA,UNIMARC,Despensa,2450.0,0
LAYS,UNIMARC,Despensa,1000.0,0
NUESTRA COCINA,UNIMARC,Despensa,2490.0,0
TENTO,UNIMARC,Despensa,1890.0,0
PF LISTO,UNIMARC,Despensa,3920.0,0
TRATTORIA,UNIMARC,Despensa,3690.0,0
POMAROLA,UNIMARC,Despensa,630.0,0
EVERCRISP,UNIMARC,Despensa,1000.0,0
PF LISTO,UNIMARC,Despensa,3920.0,0
NUESTRA COCINA,UNIMARC,Despensa,7890.0,0
HEINZ,UNIMARC,Despensa,2750.0,0
MARCO POLO,UNIMARC,Despensa,2350.0,0
TENTO,UNIMARC,Despensa,1194.0,0
DAILY,UNIMARC,Despensa,2290.0,0
SELECTA,UNIMARC,Despensa,2480.0,0
BUKA,UNIMARC,Despensa,1000.0,0
TENTO,UNIMARC,Despensa,1194.0,0
TENTO,UNIMARC,Despensa,1194.0,0
NUESTRA COCINA,UNIMARC,Despensa,1490.0,0
VIVO,UNIMARC,Despensa,860.0,0
BUKA,UNIMARC,Despensa,1000.0,0
MAGGI,UNIMARC,Despensa,1400.0,0
GOURMET,UNIMARC,Despensa,840.0,0
LAYS,UNIMARC,Despensa,2000.0,0
PF LISTO,UNIMARC,Despensa,4550.0,0
TIKA,UNIMARC,Despensa,3590.0,0
TAKIS,UNIMARC,Despensa,1090.0,0
AMBROSOLI,UNIMARC,Despensa,1350.0,0
WASIL,UNIMARC,Despensa,2650.0,0
IANSA AGRO,UNIMARC,Despensa,1590.0,0
KIKKOMAN,UNIMARC,Despensa,10990.0,0
RANA,UNIMARC,Despensa,3860.0,0
TRAVERSO,UNIMARC,Despensa,3290.0,0
NUESTRA COCINA,UNIMARC,Despensa,2490.0,0
MARCO POLO,UNIMARC,Despensa,2350.0,0
VIVO,UNIMARC,Despensa,690.0,0
LOS GRANOS,UNIMARC,Despensa,3950.0,0
BUKA,UNIMARC,Despensa,3090.0,0
CRACKELET,UNIMARC,Despensa,1050.0,0
NUESTRA COCINA,UNIMARC,Despensa,700.0,0
IANSA AGRO,UNIMARC,Despensa,1590.0,0
TRAVERSO,UNIMARC,Despensa,1290.0,0
MARCO POLO,UNIMARC,Despensa,1500.0,0
TRAVERSO,UNIMARC,Despensa,3250.0,0
GIADA,UNIMARC,Despensa,12190.0,0
PERFECT CHOICE,UNIMARC,Despensa,4290.0,0
GOURMET,UNIMARC,Despensa,840.0,0
SAN JOSE,UNIMARC,Despensa,1450.0,0
BUKA,UNIMARC,Despensa,1000.0,0
TIKA,UNIMARC,Despensa,3590.0,0
CAROZZI,UNIMARC,Despensa,1120.0,0
NUESTRA COCINA,UNIMARC,Despensa,1490.0,0
VIVO,UNIMARC,Despensa,860.0,0
MARCO POLO,UNIMARC,Despensa,1500.0,0
HELLMANNS,UNIMARC,Despensa,1000.0,0
IANSA AGRO,UNIMARC,Despensa,3000.0,0
CARAVELLA,UNIMARC,Despensa,6990.0,0
SELECTA,UNIMARC,Despensa,2590.0,0
MARCO POLO,UNIMARC,Despensa,1500.0,0
TRAVERSO,UNIMARC,Despensa,2950.0,0
NUESTRA COCINA,UNIMARC,Despensa,3590.0,0
PANCHO VILLA,UNIMARC,Despensa,2990.0,0
MARCO POLO,UNIMARC,Despensa,1000.0,0
NUESTRA COCINA,UNIMARC,Despensa,2490.0,0
EVERCRISP,UNIMARC,Despensa,1000.0,0
EVERCRISP,UNIMARC,Despensa,2000.0,0
TRAVERSO,UNIMARC,Despensa,1850.0,0
NUESTRA COCINA,UNIMARC,Despensa,690.0,0
PF LISTO,UNIMARC,Despensa,4390.0,0
MARCO POLO,UNIMARC,Despensa,2350.0,0
MARCO POLO,UNIMARC,Despensa,1500.0,0
HEINZ,UNIMARC,Despensa,5950.0,0
TRIBU,UNIMARC,Despensa,1000.0,0
AMBROSOLI,UNIMARC,Despensa,1060.0,0
RANA,UNIMARC,Despensa,5290.0,0
LOS GRANOS,UNIMARC,Despensa,2000.0,0
KIKKOMAN,UNIMARC,Despensa,5750.0,0
CARAVELLA,UNIMARC,Despensa,6990.0,0
MARCO POLO,UNIMARC,Despensa,1000.0,0
PERFECT CHOICE,UNIMARC,Despensa,3890.0,0
HELLMANNS,UNIMARC,Despensa,3790.0,0
ALUSWEET,UNIMARC,Despensa,4390.0,0
RECETA DEL ABUELO,UNIMARC,Despensa,6890.0,0
ROBINSON CRUSOE,UNIMARC,Despensa,2730.0,0
IANSA AGRO,UNIMARC,Despensa,3000.0,0
DAILY FRESH,UNIMARC,Despensa,2890.0,0
IANSA AGRO,UNIMARC,Despensa,3000.0,0
STOLLENWERK,UNIMARC,Despensa,3060.0,0
WASIL,UNIMARC,Despensa,2490.0,0
MARCO POLO,UNIMARC,Despensa,1640.0,0
PF LISTO,UNIMARC,Despensa,2990.0,0
PERFECT CHOICE,UNIMARC,Despensa,4390.0,0
TRIBU,UNIMARC,Despensa,1000.0,0
GOURMET,UNIMARC,Despensa,6690.0,0
CAROZZI,UNIMARC,Despensa,2600.0,0
MERKAT,UNIMARC,Despensa,480.0,0
DAILY FRESH,UNIMARC,Despensa,2750.0,0
BARILLA,UNIMARC,Despensa,3950.0,0
KRYZPO,UNIMARC,Despensa,1000.0,0
PF LISTO,UNIMARC,Despensa,4390.0,0
GOURMET,UNIMARC,Despensa,750.0,0
MARCO POLO,UNIMARC,Despensa,1000.0,0
TIKA,UNIMARC,Despensa,3590.0,0
PERFECT CHOICE,UNIMARC,Despensa,3830.0,0
PF LISTO,UNIMARC,Despensa,4390.0,0
ROBINSON CRUSOE,UNIMARC,Despensa,2730.0,0
NUCETE,UNIMARC,Despensa,1850.0,0
NUESTRA COCINA,UNIMARC,Despensa,690.0,0
RANA,UNIMARC,Despensa,3860.0,0
RANA,UNIMARC,Despensa,5890.0,0
NUESTRA COCINA,UNIMARC,Despensa,690.0,0
GOURMET,UNIMARC,Despensa,750.0,0
WASIL,UNIMARC,Despensa,2650.0,0
SAF INSTANT,UNIMARC,Despensa,2890.0,0
PERFECT CHOICE,UNIMARC,Despensa,3160.0,0
PERFECT CHOICE,UNIMARC,Despensa,3830.0,0
PERFECT CHOICE,UNIMARC,Despensa,3520.0,0
RANA,UNIMARC,Despensa,5890.0,0
PERFECT CHOICE,UNIMARC,Despensa,2520.0,0
PERFECT CHOICE,UNIMARC,Despensa,5050.0,0
NUESTRA COCINA,UNIMARC,Despensa,3450.0,0
WASIL,UNIMARC,Despensa,1690.0,0
HELLMANNS,UNIMARC,Despensa,3490.0,0
SELECTA,UNIMARC,Despensa,2240.0,0
NUESTRA COCINA,UNIMARC,Despensa,690.0,0
NUESTRA COCINA,UNIMARC,Despensa,1690.0,0
NUESTRA COCINA,UNIMARC,Despensa,1390.0,0
HELLMANNS,UNIMARC,Despensa,3390.0,0
TRAVERSO,UNIMARC,Despensa,2250.0,0
NUESTRA COCINA,UNIMARC,Despensa,1690.0,0
VALLE DEL NORTE,UNIMARC,Despensa,2650.0,0
RANA,UNIMARC,Despensa,3780.0,0
EVERCRISP,UNIMARC,Despensa,2990.0,0
WASIL,UNIMARC,Despensa,2790.0,0
EVERCRISP,UNIMARC,Despensa,2300.0,0
GOURMET,UNIMARC,Despensa,1350.0,0
LOBOS,UNIMARC,Despensa,1790.0,0
ALUSWEET,UNIMARC,Despensa,6990.0,0
RANA,UNIMARC,Despensa,5890.0,0
VALLE DEL NORTE,UNIMARC,Despensa,2650.0,0
TRAVERSO,UNIMARC,Despensa,2350.0,0
VALLE DEL NORTE,UNIMARC,Despensa,2650.0,0
GOURMET,UNIMARC,Despensa,6690.0,0
SELECTA,UNIMARC,Despensa,2250.0,0
RANA,UNIMARC,Despensa,5290.0,0
IANSA AGRO,UNIMARC,Despensa,3000.0,0
PF LISTO,UNIMARC,Despensa,2990.0,0
DAILY FRESH,UNIMARC,Despensa,2750.0,0
VALLE DEL NORTE,UNIMARC,Despensa,2650.0,0
SELECTA,UNIMARC,Despensa,2280.0,0
WASIL,UNIMARC,Despensa,2490.0,0
LAS DOSCIENTAS,UNIMARC,Despensa,8990.0,0
MERKAT,UNIMARC,Despensa,8350.0,0
WASIL,UNIMARC,Despensa,2490.0,0
NUESTRA COCINA,UNIMARC,Despensa,560.0,0
NUESTRA COCINA,UNIMARC,Despensa,1390.0,0
WASIL,UNIMARC,Despensa,2390.0,0
HELLMANNS,UNIMARC,Despensa,4190.0,0
VALLE DEL NORTE,UNIMARC,Despensa,2260.0,0
GOURMET,UNIMARC,Despensa,6000.0,0
TALLIANI,UNIMARC,Despensa,1250.0,0
IANSA AGRO,UNIMARC,Despensa,2490.0,0
ROBINSON CRUSOE,UNIMARC,Despensa,22500.0,0
MIRAFLORES,UNIMARC,Despensa,2590.0,0
NUESTRA COCINA,UNIMARC,Despensa,2490.0,0
NUESTRA COCINA,UNIMARC,Despensa,920.0,0
SELECTA,UNIMARC,Despensa,7190.0,0
VALLE DEL NORTE,UNIMARC,Despensa,2420.0,0
COSTA,UNIMARC,Despensa,1350.0,0
WAITROSE,UNIMARC,Despensa,2690.0,0
NUESTRA COCINA,UNIMARC,Despensa,560.0,0
MERKAT,UNIMARC,Despensa,700.0,0
CAROZZI,UNIMARC,Despensa,850.0,0
MERKAT,UNIMARC,Despensa,480.0,0
HUASCO,UNIMARC,Despensa,16290.0,0
ESMERALDA,UNIMARC,Despensa,890.0,0
AMBROSOLI,UNIMARC,Despensa,4990.0,0
PAN,UNIMARC,Despensa,1950.0,0
TUCAPEL,UNIMARC,Despensa,3250.0,0
EVERCRISP,UNIMARC,Despensa,2850.0,0
EVERCRISP,UNIMARC,Despensa,2390.0,0
CAROZZI,UNIMARC,Despensa,1250.0,0
HUASCO,UNIMARC,Despensa,7490.0,0
MERKAT,UNIMARC,Despensa,1450.0,0
BANQUETE,UNIMARC,Despensa,4650.0,0
TALLIANI,UNIMARC,Despensa,1350.0,0
CAROZZI,UNIMARC,Despensa,1150.0,0
MI TIERRA,UNIMARC,Despensa,9590.0,0
NUESTRA COCINA,UNIMARC,Despensa,2690.0,0
TALLIANI,UNIMARC,Despensa,1350.0,0
POMAROLA,UNIMARC,Despensa,780.0,0
TALLIANI,UNIMARC,Despensa,5190.0,0
GOURMET,UNIMARC,Despensa,3390.0,0
DON JUAN,UNIMARC,Despensa,2290.0,0
WASIL,UNIMARC,Despensa,1650.0,0
MARCO POLO,UNIMARC,Despensa,1390.0,0
NUESTRA COCINA,UNIMARC,Despensa,2590.0,0
GOURMET,UNIMARC,Despensa,1190.0,0
EVERCRISP,UNIMARC,Despensa,2390.0,0
NUESTRA COCINA,UNIMARC,Despensa,3590.0,0
KRAFT,UNIMARC,Despensa,3390.0,0
NUESTRA COCINA,UNIMARC,Despensa,450.0,0
NUESTRA COCINA,UNIMARC,Despensa,1850.0,0
MARCO POLO,UNIMARC,Despensa,1090.0,0
GOURMET,UNIMARC,Despensa,2200.0,0
GOURMET,UNIMARC,Despensa,1850.0,0
GRILL,UNIMARC,Despensa,1750.0,0
GOURMET,UNIMARC,Despensa,1250.0,0
NUESTRA COCINA,UNIMARC,Despensa,920.0,0
DON JUAN,UNIMARC,Despensa,2450.0,0
KRAFT,UNIMARC,Despensa,7750.0,0
NUESTRA COCINA,UNIMARC,Despensa,2890.0,0
EVERCRISP,UNIMARC,Despensa,2390.0,0
SAN JOSE,UNIMARC,Despensa,2790.0,0
SELZ,UNIMARC,Despensa,550.0,0
GOURMET,UNIMARC,Despensa,720.0,0
IANSA CERO K,UNIMARC,Despensa,4090.0,0
NUESTRA COCINA,UNIMARC,Despensa,1250.0,0
VITTA,UNIMARC,Despensa,6490.0,0
NUESTRA COCINA,UNIMARC,Despensa,3190.0,0
EVERCRISP,UNIMARC,Despensa,3900.0,0
NUESTRA COCINA,UNIMARC,Despensa,2250.0,0
DEYCO,UNIMARC,Despensa,1290.0,0
HEINZ,UNIMARC,Despensa,2750.0,0
MAGGI,UNIMARC,Despensa,840.0,0
IMPERIAL,UNIMARC,Despensa,2650.0,0
CAROZZI,UNIMARC,Despensa,970.0,0
CAROZZI,UNIMARC,Despensa,850.0,0
CAROZZI,UNIMARC,Despensa,2190.0,0
NUESTRA COCINA,UNIMARC,Despensa,2190.0,0
SELECTA,UNIMARC,Despensa,2190.0,0
TRAVERSO,UNIMARC,Despensa,2290.0,0
TALLIANI,UNIMARC,Despensa,1350.0,0
ROBINSON CRUSOE,UNIMARC,Despensa,2090.0,0
TOSTITOS,UNIMARC,Despensa,3090.0,0
LOBOS,UNIMARC,Despensa,2290.0,0
MARTINI,UNIMARC,Despensa,1850.0,0
HELLMANNS,UNIMARC,Despensa,3850.0,0
NUESTRA COCINA,UNIMARC,Despensa,1290.0,0
GOURMET,UNIMARC,Despensa,3190.0,0
NUESTRA COCINA,UNIMARC,Despensa,46150.0,0
ROBINSON CRUSOE,UNIMARC,Despensa,4490.0,0
MALLOA,UNIMARC,Despensa,3390.0,0
MOCCAGATTA,UNIMARC,Despensa,1190.0,0
GOURMET,UNIMARC,Despensa,2990.0,0
DON JUAN,UNIMARC,Despensa,1190.0,0
CAROZZI,UNIMARC,Despensa,3150.0,0
GOURMET,UNIMARC,Despensa,840.0,0
COLLICO,UNIMARC,Despensa,2250.0,0
NUESTRA COCINA,UNIMARC,Despensa,960.0,0
SAN JOSE,UNIMARC,Despensa,1450.0,0
BELMONT,UNIMARC,Despensa,3990.0,0
TRAVERSO,UNIMARC,Despensa,1990.0,0
KRAFT,UNIMARC,Despensa,1350.0,0
MERKAT,UNIMARC,Despensa,480.0,0
TRAVERSO,UNIMARC,Despensa,2590.0,0
RECETA DEL ABUELO,UNIMARC,Despensa,6890.0,0
MAIZENA,UNIMARC,Despensa,6990.0,0
CHILENAZA,UNIMARC,Despensa,3890.0,0
MERKAT,UNIMARC,Despensa,700.0,0
TALLIANI,UNIMARC,Despensa,2090.0,0
FRUTAS Y VERDURAS,UNIMARC,Despensa,2088.0,0
GOURMET,UNIMARC,Despensa,4490.0,0
CHEF,UNIMARC,Despensa,5290.0,0
EVERCRISP,UNIMARC,Despensa,3090.0,0
NISSIN,UNIMARC,Despensa,750.0,0
COLLICO,UNIMARC,Despensa,1690.0,0
COSTA,UNIMARC,Despensa,480.0,0
GOURMET,UNIMARC,Despensa,350.0,0
SELZ,UNIMARC,Despensa,550.0,0
DON JUAN,UNIMARC,Despensa,1790.0,0
NUESTRA COCINA,UNIMARC,Despensa,1890.0,0
NUESTRA COCINA,UNIMARC,Despensa,2790.0,0
ADLER,UNIMARC,Despensa,4690.0,0
GIADA,UNIMARC,Despensa,7290.0,0
ROBINSON CRUSOE,UNIMARC,Despensa,3500.0,0
MERKAT,UNIMARC,Despensa,1450.0,0
ESMERALDA,UNIMARC,Despensa,3490.0,0
JB,UNIMARC,Despensa,1650.0,0
SELECTA,UNIMARC,Despensa,13450.0,0
NUESTRA COCINA,UNIMARC,Despensa,1190.0,0
NUESTRA COCINA,UNIMARC,Despensa,2190.0,0
GOURMET,UNIMARC,Despensa,840.0,0
LEFERSA,UNIMARC,Despensa,300.0,0
LUCCHETTI,UNIMARC,Despensa,2190.0,0
THAI HERITAGE,UNIMARC,Despensa,4490.0,0
LUCCHETTI,UNIMARC,Despensa,1890.0,0
FRUTISA,UNIMARC,Despensa,7750.0,0
MARCO POLO,UNIMARC,Despensa,1990.0,0
NUESTRA COCINA,UNIMARC,Despensa,1090.0,0
TWISTOS,UNIMARC,Despensa,1390.0,0
MARCO POLO,UNIMARC,Despensa,1990.0,0
COLLICO,UNIMARC,Despensa,270.0,0
MERKAT,UNIMARC,Despensa,480.0,0
CHEF,UNIMARC,Despensa,7190.0,0
TUCAPEL,UNIMARC,Despensa,5850.0,0
HEINZ,UNIMARC,Despensa,4290.0,0
MARUCHAN,UNIMARC,Despensa,1350.0,0
ESMERALDA,UNIMARC,Despensa,2350.0,0
WASIL,UNIMARC,Despensa,22600.0,0
TRAVERSO,UNIMARC,Despensa,2290.0,0
COLLICO,UNIMARC,Despensa,1650.0,0
MANADA,UNIMARC,Despensa,5490.0,0
ROYAL,UNIMARC,Despensa,1150.0,0
GOURMET,UNIMARC,Despensa,840.0,0
IMPERATORE,UNIMARC,Despensa,3150.0,0
REAL THAI,UNIMARC,Despensa,2950.0,0
EVERCRISP,UNIMARC,Despensa,2590.0,0
NUESTRA COCINA,UNIMARC,Despensa,2390.0,0
ALUSWEET,UNIMARC,Despensa,2990.0,0
BANQUETE,UNIMARC,Despensa,2790.0,0
KA,UNIMARC,Despensa,3150.0,0
CAROZZI,UNIMARC,Despensa,1650.0,0
TRAVERSO,UNIMARC,Despensa,1290.0,0
TENTO,UNIMARC,Despensa,4650.0,0
MI TIERRA,UNIMARC,Despensa,2890.0,0
NESTLE,UNIMARC,Despensa,1850.0,0
NUESTRA COCINA,UNIMARC,Despensa,1350.0,0
TUCAPEL,UNIMARC,Despensa,2390.0,0
HENGSTENBERG,UNIMARC,Despensa,7550.0,0
NUESTRA COCINA,UNIMARC,Despensa,590.0,0
NUESTRA COCINA,UNIMARC,Despensa,960.0,0
MIRAFLORES,UNIMARC,Despensa,1190.0,0
NATURA,UNIMARC,Despensa,6390.0,0
PURISNACKS,UNIMARC,Despensa,660.0,0
PURISNACKS,UNIMARC,Despensa,3350.0,0
WASIL,UNIMARC,Despensa,930.0,0
MAGGI,UNIMARC,Despensa,8290.0,0
GOURMET,UNIMARC,Despensa,3190.0,0
AMBROSOLI,UNIMARC,Despensa,830.0,0
COLLE PIETRA,UNIMARC,Despensa,7290.0,0
NISSIN,UNIMARC,Despensa,750.0,0
CAROZZI,UNIMARC,Despensa,850.0,0
NUESTRA COCINA,UNIMARC,Despensa,490.0,0
MARUCHAN,UNIMARC,Despensa,740.0,0
EVERCRISP,UNIMARC,Despensa,2150.0,0
VIVO,UNIMARC,Despensa,2550.0,0
MIRAFLORES,UNIMARC,Despensa,1190.0,0
HEINZ,UNIMARC,Despensa,3990.0,0
PURISNACKS,UNIMARC,Despensa,3090.0,0
LOBOS,UNIMARC,Despensa,600.0,0
NUESTRA COCINA,UNIMARC,Despensa,500.0,0
TIKA,UNIMARC,Despensa,2490.0,0
NUESTRA COCINA,UNIMARC,Despensa,3190.0,0
GOURMET,UNIMARC,Despensa,2650.0,0
GOURMET,UNIMARC,Despensa,1190.0,0
MERKAT,UNIMARC,Despensa,480.0,0
NUESTRA COCINA,UNIMARC,Despensa,3590.0,0
GOURMET,UNIMARC,Despensa,2990.0,0
EVERCRISP,UNIMARC,Despensa,2390.0,0
LOBOS,UNIMARC,Despensa,590.0,0
VIVO,UNIMARC,Despensa,3690.0,0
MAGGI,UNIMARC,Despensa,6250.0,0
MERKAT,UNIMARC,Despensa,480.0,0
PURIPOP,UNIMARC,Despensa,660.0,0
BUKA,UNIMARC,Despensa,1890.0,0
GOURMET,UNIMARC,Despensa,870.0,0
SAN JOSE,UNIMARC,Despensa,1490.0,0
KRAFT,UNIMARC,Despensa,3990.0,0
HOFFMANN,UNIMARC,Despensa,2290.0,0
MARCO POLO,UNIMARC,Despensa,4290.0,0
BANQUETE,UNIMARC,Despensa,3490.0,0
LOBOS,UNIMARC,Despensa,2390.0,0
EVERCRISP,UNIMARC,Despensa,3900.0,0
VAN COOK,UNIMARC,Despensa,940.0,0
MONT BLANC,UNIMARC,Despensa,7290.0,0
GOURMET,UNIMARC,Despensa,1890.0,0
TAKIS,UNIMARC,Despensa,1740.0,0
MOCCAGATTA,UNIMARC,Despensa,1190.0,0
DEYCO,UNIMARC,Despensa,3490.0,0
WASIL,UNIMARC,Despensa,2350.0,0
MIRAFLORES,UNIMARC,Despensa,1190.0,0
MARTINI,UNIMARC,Despensa,2250.0,0
NUESTRA COCINA,UNIMARC,Despensa,1990.0,0
OSO,UNIMARC,Despensa,1390.0,0
HELLMANNS,UNIMARC,Despensa,2550.0,0
MAIZENA,UNIMARC,Despensa,1990.0,0
NUESTRA COCINA,UNIMARC,Despensa,1550.0,0
NUESTRA COCINA,UNIMARC,Despensa,2990.0,0
GOURMET,UNIMARC,Despensa,670.0,0
ESMERALDA,UNIMARC,Despensa,1890.0,0
SELECTA,UNIMARC,Despensa,2090.0,0
GOURMET,UNIMARC,Despensa,4390.0,0
NUESTRA COCINA,UNIMARC,Despensa,990.0,0
ANGELMO,UNIMARC,Despensa,2690.0,0
ESMERALDA,UNIMARC,Despensa,1990.0,0
HELLMANNS,UNIMARC,Despensa,2090.0,0
COSECHA JUSTA,UNIMARC,Despensa,2490.0,0
MONT BLANC,UNIMARC,Despensa,3400.0,0
MARCO POLO,UNIMARC,Despensa,1990.0,0
NUESTRA COCINA,UNIMARC,Despensa,990.0,0
KA,UNIMARC,Despensa,1590.0,0
PRODUCTOS IPA,UNIMARC,Despensa,1790.0,0
ESMERALDA,UNIMARC,Despensa,2390.0,0
SELECTA,UNIMARC,Despensa,2390.0,0
NUESTRA COCINA,UNIMARC,Despensa,3250.0,0
GOURMET,UNIMARC,Despensa,550.0,0
IANSA CERO K,UNIMARC,Despensa,4090.0,0
HENGSTENBERG,UNIMARC,Despensa,10990.0,0
NOGLUT,UNIMARC,Despensa,4690.0,0
MIRAFLORES,UNIMARC,Despensa,1950.0,0
DON VITTORIO,UNIMARC,Despensa,7790.0,0
BANQUETE,UNIMARC,Despensa,18990.0,0
LEE KUM KEE,UNIMARC,Despensa,4850.0,0
BANQUETE,UNIMARC,Despensa,3650.0,0
ROBINSON CRUSOE,UNIMARC,Despensa,1490.0,0
KRAFT,UNIMARC,Despensa,2490.0,0
GENIAL,UNIMARC,Despensa,4150.0,0
DON JUAN,UNIMARC,Despensa,1990.0,0
PAN,UNIMARC,Despensa,2090.0,0
BANQUETE,UNIMARC,Despensa,3290.0,0
KRAFT,UNIMARC,Despensa,6250.0,0
NUESTRA COCINA,UNIMARC,Despensa,530.0,0
TENTO,UNIMARC,Despensa,2490.0,0
CAROZZI,UNIMARC,Despensa,990.0,0
COLLICO,UNIMARC,Despensa,2250.0,0
MERKAT,UNIMARC,Despensa,2550.0,0
GOURMET,UNIMARC,Despensa,380.0,0
NUESTRA COCINA,UNIMARC,Despensa,3790.0,0
GOURMET,UNIMARC,Despensa,990.0,0
DAILY FRESH,UNIMARC,Despensa,2750.0,0
VIVO,UNIMARC,Despensa,1250.0,0
TAKIS,UNIMARC,Despensa,1740.0,0
GENIAL,UNIMARC,Despensa,4150.0,0
KRAFT,UNIMARC,Despensa,3000.0,0
AMBROSOLI,UNIMARC,Despensa,830.0,0
IANSA CERO K,UNIMARC,Despensa,3690.0,0
SPES,UNIMARC,Despensa,3490.0,0
TIKA,UNIMARC,Despensa,2500.0,0
GOURMET,UNIMARC,Despensa,840.0,0
GOURMET,UNIMARC,Despensa,550.0,0
GOURMET,UNIMARC,Despensa,2500.0,0
NUESTRA COCINA,UNIMARC,Despensa,1490.0,0
IANSA CERO K,UNIMARC,Despensa,4890.0,0
MARUCHAN,UNIMARC,Despensa,1390.0,0
GOURMET,UNIMARC,Despensa,31850.0,0
KRYZPO,UNIMARC,Despensa,870.0,0
PURIPOP,UNIMARC,Despensa,660.0,0
LUCCHETTI,UNIMARC,Despensa,820.0,0
JB,UNIMARC,Despensa,1890.0,0
PURISNACKS,UNIMARC,Despensa,660.0,0
GOURMET,UNIMARC,Despensa,4890.0,0
LA SALTEÑA,UNIMARC,Despensa,3990.0,0
NUESTRA COCINA,UNIMARC,Despensa,1490.0,0
MI TIERRA,UNIMARC,Despensa,2150.0,0
SENZO,UNIMARC,Despensa,5890.0,0
GOURMET,UNIMARC,Despensa,510.0,0
MARTINI,UNIMARC,Despensa,1590.0,0
CAROZZI,UNIMARC,Despensa,880.0,0
LOBOS,UNIMARC,Despensa,1550.0,0
MAGGI,UNIMARC,Despensa,880.0,0
ROLAND,UNIMARC,Despensa,3590.0,0
NUESTRA COCINA,UNIMARC,Despensa,1790.0,0
MAGGI,UNIMARC,Despensa,880.0,0
GOURMET,UNIMARC,Despensa,970.0,0
BUKA,UNIMARC,Despensa,2490.0,0
NUESTRA COCINA,UNIMARC,Despensa,2190.0,0
CAROZZI,UNIMARC,Despensa,1390.0,0
MILLANTU,UNIMARC,Despensa,3850.0,0
NUESTRA COCINA,UNIMARC,Despensa,3750.0,0
HUERTO DEL SUR,UNIMARC,Despensa,3450.0,0
NESTLE,UNIMARC,Despensa,2440.0,0
TUCAPEL,UNIMARC,Despensa,3490.0,0
TUCAPEL,UNIMARC,Despensa,2090.0,0
NUESTRA COCINA,UNIMARC,Despensa,4950.0,0
ROBINSON CRUSOE,UNIMARC,Despensa,27850.0,0
BUKA,UNIMARC,Despensa,500.0,0
MILLANTU,UNIMARC,Despensa,1990.0,0
NUESTRA COCINA,UNIMARC,Despensa,3690.0,0
NUESTRA COCINA,UNIMARC,Despensa,1490.0,0
VAN COOK,UNIMARC,Despensa,770.0,0
CHIQUILIN,UNIMARC,Despensa,5450.0,0
NUESTRA COCINA,UNIMARC,Despensa,280.0,0
NATURA,UNIMARC,Despensa,1990.0,0
MARUCHAN,UNIMARC,Despensa,740.0,0
BANQUETE,UNIMARC,Despensa,3550.0,0
ROBINSON CRUSOE,UNIMARC,Despensa,3790.0,0
NESTLE,UNIMARC,Despensa,1450.0,0
ESMERALDA,UNIMARC,Despensa,2590.0,0
GALLINA BLANCA,UNIMARC,Despensa,3850.0,0
TAKIS,UNIMARC,Despensa,1740.0,0
MARCO POLO,UNIMARC,Despensa,1990.0,0
LEE KUM KEE,UNIMARC,Despensa,8390.0,0
LUCCHETTI,UNIMARC,Despensa,1150.0,0
GOURMET,UNIMARC,Despensa,2000.0,0
QUAKER,UNIMARC,Despensa,3190.0,0
TRAVERSO,UNIMARC,Despensa,1290.0,0
TRIBU,UNIMARC,Despensa,800.0,0
MAGGI,UNIMARC,Despensa,1090.0,0
NUESTRA COCINA,UNIMARC,Despensa,660.0,0
SCOTTI,UNIMARC,Despensa,5790.0,0
GOURMET,UNIMARC,Despensa,620.0,0
SUK,UNIMARC,Despensa,5590.0,0
GOURMET,UNIMARC,Despensa,4250.0,0
NUESTRA COCINA,UNIMARC,Despensa,990.0,0
NUESTRA COCINA,UNIMARC,Despensa,2990.0,0
WAITROSE,UNIMARC,Despensa,2650.0,0
BELMONT,UNIMARC,Despensa,4950.0,0
ACT II,UNIMARC,Despensa,1550.0,0
COCO LOPEZ,UNIMARC,Despensa,6650.0,0
GOURMET,UNIMARC,Despensa,650.0,0
MAIZENA,UNIMARC,Despensa,3650.0,0
COLLICO,UNIMARC,Despensa,510.0,0
NUESTRA COCINA,UNIMARC,Despensa,1190.0,0
SEMBRASOL,UNIMARC,Despensa,3490.0,0
HELLMANNS,UNIMARC,Despensa,2700.0,0
ACT II,UNIMARC,Despensa,1550.0,0
TENTO,UNIMARC,Despensa,5790.0,0
ROBINSON CRUSOE,UNIMARC,Despensa,1490.0,0
TRAVERSO,UNIMARC,Despensa,4550.0,0
CIRIO,UNIMARC,Despensa,3190.0,0
BANQUETE,UNIMARC,Despensa,2190.0,0
ESMERALDA,UNIMARC,Despensa,1990.0,0
TRATTORIA,UNIMARC,Despensa,2600.0,0
ANGELMO,UNIMARC,Despensa,2690.0,0
CAMPO FERNANDEZ,UNIMARC,Despensa,4450.0,0
SUK,UNIMARC,Despensa,3550.0,0
LOS GRANOS,UNIMARC,Despensa,3090.0,0
AMBROSOLI,UNIMARC,Despensa,830.0,0
GOURMET,UNIMARC,Despensa,3550.0,0
ROBINSON CRUSOE,UNIMARC,Despensa,4490.0,0
BY MARIA,UNIMARC,Despensa,6190.0,0
WINKLER SPECIA,UNIMARC,Despensa,1390.0,0
NUESTRA COCINA,UNIMARC,Despensa,2690.0,0
IANSA,UNIMARC,Despensa,1850.0,0
TENTO,UNIMARC,Despensa,3590.0,0
TWISTOS,UNIMARC,Despensa,1390.0,0
NUESTRA COCINA,UNIMARC,Despensa,1290.0,0
BAVARIA,UNIMARC,Despensa,3390.0,0
ACT II,UNIMARC,Despensa,1550.0,0
LA COSTEÑA,UNIMARC,Despensa,1990.0,0
LUCCHETTI,UNIMARC,Despensa,790.0,0
PANCHO VILLA,UNIMARC,Despensa,1450.0,0
DON JUAN,UNIMARC,Despensa,2540.0,0
GOURMET,UNIMARC,Despensa,1650.0,0
OSO,UNIMARC,Despensa,1490.0,0
GALLINA BLANCA,UNIMARC,Despensa,3850.0,0
ANGELMO,UNIMARC,Despensa,1390.0,0
MARCO POLO,UNIMARC,Despensa,1250.0,0
GRILL,UNIMARC,Despensa,1750.0,0
MAILLE,UNIMARC,Despensa,4690.0,0
GOURMET,UNIMARC,Despensa,840.0,0
DON JUAN,UNIMARC,Despensa,1450.0,0
NUESTRA COCINA,UNIMARC,Despensa,540.0,0
BAVARIA,UNIMARC,Despensa,3390.0,0
BARILLA,UNIMARC,Despensa,2650.0,0
TABASCO,UNIMARC,Despensa,4950.0,0
BUKA,UNIMARC,Despensa,500.0,0
MI TIERRA,UNIMARC,Despensa,2890.0,0
PANCHO VILLA,UNIMARC,Despensa,2200.0,0
DON JUAN,UNIMARC,Despensa,1190.0,0
TUCAPEL,UNIMARC,Despensa,2290.0,0
NUESTRA COCINA,UNIMARC,Despensa,2990.0,0
LOBOS,UNIMARC,Despensa,1790.0,0
GOURMET,UNIMARC,Despensa,1350.0,0
HOFFMANN,UNIMARC,Despensa,8590.0,0
ESMERALDA,UNIMARC,Despensa,2690.0,0
KRAFT,UNIMARC,Despensa,4890.0,0
GOURMET,UNIMARC,Despensa,1490.0,0
GOURMET,UNIMARC,Despensa,220.0,0
MIRAFLORES,UNIMARC,Despensa,1190.0,0
KIKKOMAN,UNIMARC,Despensa,7990.0,0
LA SALTEÑA,UNIMARC,Despensa,3990.0,0
DON JUAN,UNIMARC,Despensa,3190.0,0
NUESTRA COCINA,UNIMARC,Despensa,2190.0,0
HEINZ,UNIMARC,Despensa,4790.0,0
TENTO,UNIMARC,Despensa,1190.0,0
CHEF,UNIMARC,Despensa,6190.0,0
SELZ,UNIMARC,Despensa,550.0,0
BANQUETE,UNIMARC,Despensa,5890.0,0
GOURMET,UNIMARC,Despensa,510.0,0
TENTO,UNIMARC,Despensa,2790.0,0
P&M FOODS,UNIMARC,Despensa,3350.0,0
NUESTRA COCINA,UNIMARC,Despensa,3950.0,0
SOUTH WIND,UNIMARC,Despensa,8890.0,0
NUESTRA COCINA,UNIMARC,Despensa,1290.0,0
TALLIANI,UNIMARC,Despensa,2750.0,0
OSO,UNIMARC,Despensa,1350.0,0
NOT MAYO,UNIMARC,Despensa,4990.0,0
LEFERSA,UNIMARC,Despensa,2450.0,0
ESMERALDA,UNIMARC,Despensa,3890.0,0
HEINZ,UNIMARC,Despensa,5350.0,0
CHEETOS,UNIMARC,Despensa,1990.0,0
LA SALTEÑA,UNIMARC,Despensa,3990.0,0
GOURMET,UNIMARC,Despensa,2650.0,0
NUESTRA COCINA,UNIMARC,Despensa,3790.0,0
GOURMET,UNIMARC,Despensa,1490.0,0
TENTO,UNIMARC,Despensa,2190.0,0
NUESTRA COCINA,UNIMARC,Despensa,960.0,0
LUCCHETTI,UNIMARC,Despensa,2290.0,0
ESMERALDA,UNIMARC,Despensa,3350.0,0
BUKA,UNIMARC,Despensa,2890.0,0
MARCO POLO,UNIMARC,Despensa,4150.0,0
OSO,UNIMARC,Despensa,1090.0,0
CHEETOS,UNIMARC,Despensa,1850.0,0
SUK,UNIMARC,Despensa,3350.0,0
SUK,UNIMARC,Despensa,2800.0,0
LA SALTEÑA,UNIMARC,Despensa,3990.0,0
CAROZZI,UNIMARC,Despensa,3990.0,0
MANARE,UNIMARC,Despensa,10790.0,0
PRINGLES,UNIMARC,Despensa,2350.0,0
HELLMANNS,UNIMARC,Despensa,4290.0,0
SELECTA,UNIMARC,Despensa,2090.0,0
NUESTRA COCINA,UNIMARC,Despensa,6150.0,0
IANSA,UNIMARC,Despensa,2390.0,0
TRAVERSO,UNIMARC,Despensa,2090.0,0
TIKA,UNIMARC,Despensa,2790.0,0
PF LISTO,UNIMARC,Despensa,3690.0,0
RANA,UNIMARC,Despensa,4590.0,0
GOURMET,UNIMARC,Despensa,2650.0,0
BUKA,UNIMARC,Despensa,500.0,0
LA CASONA MONTECLARO,UNIMARC,Despensa,6390.0,0
MAGGI,UNIMARC,Despensa,1090.0,0
KARDAMILI,UNIMARC,Despensa,10390.0,0
NUESTRA COCINA,UNIMARC,Despensa,520.0,0
DON JUAN,UNIMARC,Despensa,1690.0,0
ESMERALDA,UNIMARC,Despensa,2950.0,0
MOCCAGATTA,UNIMARC,Despensa,1190.0,0
JB,UNIMARC,Despensa,1890.0,0
AMBROSOLI,UNIMARC,Despensa,970.0,0
NUESTRA COCINA,UNIMARC,Despensa,3790.0,0
GOURMET,UNIMARC,Despensa,840.0,0
AMBROSOLI,UNIMARC,Despensa,1350.0,0
NUESTRA COCINA,UNIMARC,Despensa,1790.0,0
PURIPOP,UNIMARC,Despensa,660.0,0
MAGGI,UNIMARC,Despensa,1250.0,0
MARCO POLO,UNIMARC,Despensa,1990.0,0
VIVO,UNIMARC,Despensa,3690.0,0
MI TIERRA,UNIMARC,Despensa,1450.0,0
BORNIER,UNIMARC,Despensa,6390.0,0
MOCCAGATTA,UNIMARC,Despensa,1190.0,0
NUESTRA COCINA,UNIMARC,Despensa,960.0,0
NUESTRA COCINA,UNIMARC,Despensa,690.0,0
HELLMANNS,UNIMARC,Despensa,3790.0,0
BIOSAL,UNIMARC,Despensa,4290.0,0
DON JUAN,UNIMARC,Despensa,1790.0,0
KRAFT,UNIMARC,Despensa,2450.0,0
MARUCHAN,UNIMARC,Despensa,1390.0,0
IANSA,UNIMARC,Despensa,1990.0,0
GOURMET,UNIMARC,Despensa,1750.0,0
CAROZZI,UNIMARC,Despensa,2090.0,0
NUESTRA COCINA,UNIMARC,Despensa,380.0,0
MAGGI,UNIMARC,Despensa,880.0,0
PURIPOP,UNIMARC,Despensa,3090.0,0
ROBINSON CRUSOE,UNIMARC,Despensa,3890.0,0
TENTO,UNIMARC,Despensa,2150.0,0
MARCO POLO,UNIMARC,Despensa,1500.0,0
LOBOS,UNIMARC,Despensa,1850.0,0
ANGELMO,UNIMARC,Despensa,2790.0,0
MIRAFLORES,UNIMARC,Despensa,1950.0,0
MARCO POLO,UNIMARC,Despensa,1990.0,0
KRAFT,UNIMARC,Despensa,3990.0,0
BUKA,UNIMARC,Despensa,2090.0,0
CAROZZI,UNIMARC,Despensa,1390.0,0
BUKA,UNIMARC,Despensa,2850.0,0
DIMME,UNIMARC,Despensa,1550.0,0
LOBOS,UNIMARC,Despensa,1690.0,0
HEINZ,UNIMARC,Despensa,2490.0,0
LUCCHETTI,UNIMARC,Despensa,1350.0,0
DORITOS,UNIMARC,Despensa,2090.0,0
NUESTRA COCINA,UNIMARC,Despensa,3790.0,0
HELLMANNS,UNIMARC,Despensa,1550.0,0
LUCCHETTI,UNIMARC,Despensa,1150.0,0
REGIMEL,UNIMARC,Despensa,22360.0,0
LAYS,UNIMARC,Despensa,2350.0,0
GOURMET,UNIMARC,Despensa,31850.0,0
GOURMET,UNIMARC,Despensa,2190.0,0
IANSA,UNIMARC,Despensa,5350.0,0
GOURMET,UNIMARC,Despensa,2990.0,0
BUKA,UNIMARC,Despensa,2490.0,0
GOURMET,UNIMARC,Despensa,1650.0,0
NATURALIST,UNIMARC,Despensa,6590.0,0
MARCO POLO,UNIMARC,Despensa,2390.0,0
KIKKOMAN,UNIMARC,Despensa,3000.0,0
NUESTRA COCINA,UNIMARC,Despensa,1390.0,0
ESMERALDA,UNIMARC,Despensa,2890.0,0
NUESTRA COCINA,UNIMARC,Despensa,950.0,0
LA FERMENTISTA,UNIMARC,Despensa,6290.0,0
NUESTRA COCINA,UNIMARC,Despensa,2950.0,0
NUESTRA COCINA,UNIMARC,Despensa,3790.0,0
CHEF,UNIMARC,Despensa,14650.0,0
NATURALIST,UNIMARC,Despensa,4390.0,0
NATUREZZA,UNIMARC,Despensa,1250.0,0
FRUTISA,UNIMARC,Despensa,7750.0,0
TENTO,UNIMARC,Despensa,1250.0,0
NUESTRA COCINA,UNIMARC,Despensa,3790.0,0
LA ESPAÑOLA,UNIMARC,Despensa,3990.0,0
BUKA,UNIMARC,Despensa,500.0,0
TRAVERSO,UNIMARC,Despensa,1490.0,0
TOSTANI,UNIMARC,Despensa,3790.0,0
NUESTRA COCINA,UNIMARC,Despensa,2150.0,0
GOURMET,UNIMARC,Despensa,610.0,0
MARCO POLO,UNIMARC,Despensa,2850.0,0
GOURMET,UNIMARC,Despensa,330.0,0
KA,UNIMARC,Despensa,3150.0,0
LUCCHETTI,UNIMARC,Despensa,820.0,0
GOURMET,UNIMARC,Despensa,660.0,0
VIVO,UNIMARC,Despensa,1150.0,0
WASIL,UNIMARC,Despensa,1550.0,0
LAYS,UNIMARC,Despensa,2690.0,0
ROBINSON CRUSOE,UNIMARC,Despensa,1990.0,0
PURISNACKS,UNIMARC,Despensa,2990.0,0
BAVARIA,UNIMARC,Despensa,3790.0,0
TIKA,UNIMARC,Despensa,2890.0,0
TRIBU,UNIMARC,Despensa,4790.0,0
TENTO,UNIMARC,Despensa,2090.0,0
TRIBU,UNIMARC,Despensa,800.0,0
AMBROSOLI,UNIMARC,Despensa,1250.0,0
MARCO POLO,UNIMARC,Despensa,2090.0,0
GOURMET,UNIMARC,Despensa,2790.0,0
SOUTH WIND,UNIMARC,Despensa,9590.0,0
GOURMET,UNIMARC,Despensa,1950.0,0
GOURMET,UNIMARC,Despensa,690.0,0
BIOSAL,UNIMARC,Despensa,1490.0,0
COSECHA JUSTA,UNIMARC,Despensa,2490.0,0
INFERNO,UNIMARC,Despensa,2690.0,0
MAGGI,UNIMARC,Despensa,1250.0,0
NUESTRA COCINA,UNIMARC,Despensa,500.0,0
LONCOLECHE,UNIMARC,Despensa,21690.0,0
TENTO,UNIMARC,Despensa,3290.0,0
WASIL,UNIMARC,Despensa,1650.0,0
GOURMET,UNIMARC,Despensa,740.0,0
MARCO POLO,UNIMARC,Despensa,1290.0,0
HUERTO DEL SUR,UNIMARC,Despensa,2590.0,0
ROBINSON CRUSOE,UNIMARC,Despensa,2790.0,0
LAYS,UNIMARC,Despensa,2690.0,0
GOURMET,UNIMARC,Despensa,440.0,0
PF LISTO,UNIMARC,Despensa,3690.0,0
P&M FOODS,UNIMARC,Despensa,3350.0,0
LEE KUM KEE,UNIMARC,Despensa,4890.0,0
WAITROSE,UNIMARC,Despensa,2090.0,0
LA FERMENTISTA,UNIMARC,Despensa,6290.0,0
LOVE CO,UNIMARC,Despensa,4790.0,0
GOURMET,UNIMARC,Despensa,4990.0,0
NUESTRA COCINA,UNIMARC,Despensa,500.0,0
BUKA,UNIMARC,Despensa,2090.0,0
MOMS,UNIMARC,Despensa,1450.0,0
LUCCHETTI,UNIMARC,Despensa,790.0,0
SEMBRASOL,UNIMARC,Despensa,3990.0,0
BE ORGANICS,UNIMARC,Despensa,5650.0,0
MAGGI,UNIMARC,Despensa,1250.0,0
MANARE,UNIMARC,Despensa,3990.0,0
ALUSWEET,UNIMARC,Despensa,3790.0,0
NUESTRA COCINA,UNIMARC,Despensa,500.0,0
BADIA,UNIMARC,Despensa,5350.0,0
MARCO POLO,UNIMARC,Despensa,2450.0,0
MARCO POLO,UNIMARC,Despensa,4350.0,0
KRAFT,UNIMARC,Despensa,7550.0,0
NAT,UNIMARC,Despensa,4120.0,0
TIKA,UNIMARC,Despensa,3150.0,0
GOURMET,UNIMARC,Despensa,2090.0,0
LAYS,UNIMARC,Despensa,2350.0,0
TENTO,UNIMARC,Despensa,2490.0,0
NUESTRA COCINA,UNIMARC,Despensa,2390.0,0
NUESTRA COCINA,UNIMARC,Despensa,1190.0,0
GOURMET,UNIMARC,Despensa,2090.0,0
GOURMET,UNIMARC,Despensa,2250.0,0
DON JUAN,UNIMARC,Despensa,2940.0,0
GOURMET,UNIMARC,Despensa,2090.0,0
WINKLER SPECIA,UNIMARC,Despensa,5250.0,0
BUKA,UNIMARC,Despensa,3390.0,0
MAGGI,UNIMARC,Despensa,880.0,0
ROBINSON CRUSOE,UNIMARC,Despensa,2890.0,0
GENIAL,UNIMARC,Despensa,4890.0,0
NUESTRA COCINA,UNIMARC,Despensa,260.0,0
LEFERSA,UNIMARC,Despensa,2690.0,0
GOURMET,UNIMARC,Despensa,5190.0,0
SAMAI,UNIMARC,Despensa,940.0,0
DON JUAN,UNIMARC,Despensa,3550.0,0
MI TIERRA,UNIMARC,Despensa,5750.0,0
IANSA,UNIMARC,Despensa,1990.0,0
BUKA,UNIMARC,Despensa,3390.0,0
TENTO,UNIMARC,Despensa,3590.0,0
FRUTOS SECOS GRANEL,UNIMARC,Despensa,832.0,0
TENTO,UNIMARC,Despensa,3420.0,0
ESMERALDA,UNIMARC,Despensa,1350.0,0
ROBINSON CRUSOE,UNIMARC,Despensa,4690.0,0
DORITOS,UNIMARC,Despensa,990.0,0
TENTO,UNIMARC,Despensa,1850.0,0
LAYS,UNIMARC,Despensa,1090.0,0
LA CASONA MONTECLARO,UNIMARC,Despensa,6390.0,0
DON JUAN,UNIMARC,Despensa,2540.0,0
GOURMET,UNIMARC,Despensa,630.0,0
MARCO POLO,UNIMARC,Despensa,1450.0,0
IANSA,UNIMARC,Despensa,1990.0,0
ETRE BIEN,UNIMARC,Despensa,4990.0,0
GOURMET,UNIMARC,Despensa,1790.0,0
GOURMET,UNIMARC,Despensa,2750.0,0
CARICIA,UNIMARC,Despensa,830.0,0
HEINZ,UNIMARC,Despensa,4090.0,0
SEMBRASOL,UNIMARC,Despensa,3990.0,0
NUESTRA COCINA,UNIMARC,Despensa,370.0,0
MAGGI,UNIMARC,Despensa,880.0,0
BADIA,UNIMARC,Despensa,6190.0,0
COSTA,UNIMARC,Despensa,1290.0,0
BIOSAL,UNIMARC,Despensa,3690.0,0
NUESTRA COCINA,UNIMARC,Despensa,730.0,0
GOURMET,UNIMARC,Despensa,490.0,0
EVERCRISP,UNIMARC,Despensa,1990.0,0
GENIAL,UNIMARC,Despensa,4150.0,0
TENTO,UNIMARC,Despensa,1250.0,0
GOURMET,UNIMARC,Despensa,660.0,0
PF LISTO,UNIMARC,Despensa,4290.0,0
PURISNACKS,UNIMARC,Despensa,2790.0,0
WASIL,UNIMARC,Despensa,3190.0,0
TIKA,UNIMARC,Despensa,2590.0,0
MAGGI,UNIMARC,Despensa,880.0,0
GOURMET,UNIMARC,Despensa,4190.0,0
GOURMET,UNIMARC,Despensa,2750.0,0
MAILLE,UNIMARC,Despensa,4650.0,0
MARCO POLO,UNIMARC,Despensa,2090.0,0
OTRA,CUGAT,Harinas Levaduras y Grasas,899.0,1
TUCAPEL,CUGAT,"Arroz, Legumbres y Semillas",1190.0,1
OTRA,CUGAT,Despensa,18990.0,2
OTRA,CUGAT,Despensa,1590.0,2
OTRA,CUGAT,Conservas y Enlatados,1590.0,1
ARUNA,CUGAT,Conservas y Enlatados,1090.0,1
OTRA,CUGAT,Huevos,7790.0,1
LOS GRANOS,CUGAT,"Arroz, Legumbres y Semillas",2590.0,1
LOS GRANOS,CUGAT,"Arroz, Legumbres y Semillas",3790.0,1
MAGGI,CUGAT,Despensa,699.0,2
DON JUAN,CUGAT,Aderezos y Condimentos,1390.0,2
DON JUAN,CUGAT,Aderezos y Condimentos,1390.0,2
DON JUAN,CUGAT,Aderezos y Condimentos,2290.0,2
TRAVERSO,CUGAT,Aderezos y Condimentos,2990.0,2
MAGGI,CUGAT,Despensa,699.0,2
LOS GRANOS,CUGAT,"Arroz, Legumbres y Semillas",2090.0,1
MAGGI,CUGAT,Despensa,699.0,2
LOS GRANOS,CUGAT,"Arroz, Legumbres y Semillas",1690.0,1
LOS GRANOS,CUGAT,"Arroz, Legumbres y Semillas",1990.0,1
LOS GRANOS,CUGAT,"Arroz, Legumbres y Semillas",2490.0,1
OTRA,CUGAT,Despensa,990.0,2
ARUNA,CUGAT,Conservas y Enlatados,1490.0,1
ARUNA,CUGAT,Conservas y Enlatados,1290.0,1
LOS GRANOS,CUGAT,"Arroz, Legumbres y Semillas",890.0,1
OTRA,CUGAT,Despensa,1890.0,2
BONANZA,CUGAT,"Arroz, Legumbres y Semillas",890.0,1
MIRAFLORES,CUGAT,"Arroz, Legumbres y Semillas",2290.0,1
LOBOS,CUGAT,Aderezos y Condimentos,729.0,2
OTRA,CUGAT,Conservas y Enlatados,1390.0,1
OTRA,CUGAT,Conservas y Enlatados,1390.0,1
OTRA,CUGAT,Conservas y Enlatados,1390.0,1
OTRA,CUGAT,Conservas y Enlatados,1390.0,1
LOS GRANOS,CUGAT,"Arroz, Legumbres y Semillas",1990.0,1
TRAVERSO,CUGAT,Aderezos y Condimentos,1190.0,2
TRAVERSO,CUGAT,Aderezos y Condimentos,2990.0,2
LOS GRANOS,CUGAT,"Arroz, Legumbres y Semillas",2490.0,1
TRAVERSO,CUGAT,Aderezos y Condimentos,2490.0,2
TRAVERSO,CUGAT,Aderezos y Condimentos,1490.0,2
TRAVERSO,CUGAT,Aderezos y Condimentos,2390.0,2
OTRA,CUGAT,Aderezos y Condimentos,1990.0,2
TRAVERSO,CUGAT,Aderezos y Condimentos,2290.0,2
BONANZA,CUGAT,Aceites,1690.0,1
OTRA,CUGAT,Aceites,1590.0,1
MIRAFLORES,CUGAT,Aceites,2390.0,1
MIRAFLORES,CUGAT,Aceites,2490.0,1
OTRA,CUGAT,Productos y Artículos Importados,1890.0,1
OTRA,CUGAT,Despensa,290.0,2
OTRA,CUGAT,Despensa,598.0,2
OTRA,CUGAT,Despensa,598.0,2
OTRA,CUGAT,Despensa,598.0,2
OTRA,CUGAT,Despensa,598.0,2
OTRA,CUGAT,Despensa,598.0,2
OTRA,CUGAT,Despensa,598.0,2
OTRA,CUGAT,Productos y Artículos Importados,4990.0,1
OTRA,CUGAT,Productos y Artículos Importados,2290.0,1
OTRA,CUGAT,Despensa,790.0,2
OTRA,CUGAT,Productos y Artículos Importados,1590.0,1
OTRA,CUGAT,Conservas y Enlatados,1590.0,1
ARUNA,CUGAT,Conservas y Enlatados,1390.0,1
OTRA,CUGAT,Huevos,4590.0,1
TALLIANI,CUGAT,Despensa,2390.0,2
TALLIANI,CUGAT,Despensa,2390.0,2
OTRA,CUGAT,Conservas y Enlatados,1590.0,1
LUCCHETTI,CUGAT,Despensa,998.0,2
LUCCHETTI,CUGAT,Despensa,998.0,2
LUCCHETTI,CUGAT,Despensa,998.0,2
OTRA,CUGAT,Despensa,899.0,2
OTRA,CUGAT,Despensa,5990.0,2
ARUNA,CUGAT,Conservas y Enlatados,1490.0,1
OTRA,CUGAT,Despensa,499.0,2
OTRA,CUGAT,Despensa,479.0,2
OTRA,CUGAT,Despensa,479.0,2
OTRA,CUGAT,Despensa,479.0,2
OTRA,CUGAT,Despensa,479.0,2
TALLIANI,CUGAT,Despensa,1190.0,2
TALLIANI,CUGAT,Despensa,1490.0,2
TALLIANI,CUGAT,Despensa,1190.0,2
LUCCHETTI,CUGAT,Despensa,3990.0,2
TALLIANI,CUGAT,Despensa,1190.0,2
TALLIANI,CUGAT,Despensa,1190.0,2
TALLIANI,CUGAT,Despensa,1190.0,2
TALLIANI,CUGAT,Despensa,1190.0,2
TALLIANI,CUGAT,Despensa,1190.0,2
TALLIANI,CUGAT,Despensa,1190.0,2
TALLIANI,CUGAT,Despensa,1190.0,2
OTRA,CUGAT,Conservas y Enlatados,1990.0,1
SANTO TOMAS,CUGAT,"Arroz, Legumbres y Semillas",2390.0,1
LUCCHETTI,CUGAT,Despensa,849.0,2
LUCCHETTI,CUGAT,Despensa,849.0,2
LUCCHETTI,CUGAT,Despensa,849.0,2
LUCCHETTI,CUGAT,Despensa,849.0,2
LUCCHETTI,CUGAT,Despensa,849.0,2
LUCCHETTI,CUGAT,Despensa,849.0,2
LUCCHETTI,CUGAT,Despensa,849.0,2
LUCCHETTI,CUGAT,Despensa,849.0,2
LUCCHETTI,CUGAT,Despensa,849.0,2
LUCCHETTI,CUGAT,Despensa,849.0,2
OTRA,CUGAT,Despensa,1090.0,2
MAGGI,CUGAT,Despensa,798.0,2
MAGGI,CUGAT,Despensa,890.0,2
MAGGI,CUGAT,Despensa,890.0,2
OTRA,CUGAT,Productos y Artículos Importados,2990.0,1
OTRA,CUGAT,Pastas Fideos y Salsas,1000.0,1
OTRA,CUGAT,Despensa,499.0,2
OTRA,CUGAT,Despensa,499.0,2
OTRA,CUGAT,Despensa,499.0,2
OTRA,CUGAT,Despensa,890.0,2
DON JUAN,CUGAT,Aderezos y Condimentos,790.0,2
BANQUETE,CUGAT,"Arroz, Legumbres y Semillas",3990.0,1
OTRA,CUGAT,Conservas y Enlatados,2490.0,1
KRAFT,CUGAT,Aderezos y Condimentos,7990.0,2
OTRA,CUGAT,Aderezos y Condimentos,4390.0,2
OTRA,CUGAT,Despensa,1190.0,2
OTRA,CUGAT,Despensa,17990.0,2
OTRA,CUGAT,Pastas Fideos y Salsas,690.0,1
OTRA,CUGAT,Conservas y Enlatados,2190.0,1
GOURMET,CUGAT,Despensa,859.0,2
GOURMET,CUGAT,Despensa,859.0,2
GOURMET,CUGAT,Despensa,859.0,2
OTRA,CUGAT,Conservas y Enlatados,1590.0,1
OTRA,CUGAT,Conservas y Enlatados,1590.0,1
OTRA,CUGAT,"Arroz, Legumbres y Semillas",1190.0,1
TRAVERSO,CUGAT,Aderezos y Condimentos,2090.0,2
ABRIL,CUGAT,Aceites,8990.0,1
OTRA,CUGAT,Despensa,2490.0,2
OTRA,CUGAT,Despensa,799.0,2
OTRA,CUGAT,Despensa,1890.0,2
OTRA,CUGAT,Despensa,1990.0,2
PAP,CUGAT,Despensa,2390.0,2
OTRA,CUGAT,Despensa,1690.0,2
PAP,CUGAT,Despensa,1790.0,2
OTRA,CUGAT,Conservas y Enlatados,1590.0,1
OTRA,CUGAT,Conservas y Enlatados,2190.0,1
TRAVERSO,CUGAT,Aderezos y Condimentos,1090.0,2
TRAVERSO,CUGAT,Aderezos y Condimentos,1990.0,2
TRAVERSO,CUGAT,Aderezos y Condimentos,3490.0,2
TRAVERSO,CUGAT,Aderezos y Condimentos,1090.0,2
TALLIANI,CUGAT,Despensa,1190.0,2
CAROZZI,CUGAT,Despensa,859.0,2
TRAVERSO,CUGAT,Aderezos y Condimentos,1290.0,2
TRAVERSO,CUGAT,Aderezos y Condimentos,1990.0,2
DON JUAN,CUGAT,Aderezos y Condimentos,990.0,2
DON JUAN,CUGAT,Aderezos y Condimentos,649.0,2
TRAVERSO,CUGAT,Aderezos y Condimentos,1690.0,2
TALLIANI,CUGAT,Despensa,1190.0,2
LUCCHETTI,CUGAT,Despensa,849.0,2
OTRA,CUGAT,Despensa,1090.0,2
CAROZZI,CUGAT,Despensa,859.0,2
MAGGI,CUGAT,Despensa,798.0,2
MAGGI,CUGAT,Despensa,798.0,2
MAGGI,CUGAT,Despensa,798.0,2
MAGGI,CUGAT,Despensa,798.0,2
CAROZZI,CUGAT,Despensa,998.0,2
GOURMET,CUGAT,Aderezos y Condimentos,2990.0,2
OTRA,CUGAT,Despensa,469.0,2
OTRA,CUGAT,Despensa,749.0,2
GOURMET,CUGAT,Aderezos y Condimentos,2190.0,2
OTRA,CUGAT,Conservas y Enlatados,3490.0,1
MAGGI,CUGAT,Despensa,1090.0,2
GOURMET,CUGAT,Aderezos y Condimentos,2890.0,2
LOBOS,CUGAT,Aderezos y Condimentos,1990.0,2
LOBOS,CUGAT,Aderezos y Condimentos,1369.0,2
LOBOS,CUGAT,Aderezos y Condimentos,2090.0,2
CAROZZI,CUGAT,Despensa,2990.0,2
CAROZZI,CUGAT,"Arroz, Legumbres y Semillas",2190.0,1
BANQUETE,CUGAT,"Arroz, Legumbres y Semillas",3490.0,1
GOURMET,CUGAT,Despensa,4890.0,2
GOURMET,CUGAT,Despensa,3390.0,2
GOURMET,CUGAT,Despensa,2990.0,2
OTRA,CUGAT,Despensa,3290.0,2
OTRA,CUGAT,Despensa,2490.0,2
GOURMET,CUGAT,Despensa,3390.0,2
OTRA,CUGAT,Despensa,2490.0,2
OTRA,CUGAT,Despensa,2790.0,2
OTRA,CUGAT,Conservas y Enlatados,1590.0,1
OTRA,CUGAT,Conservas y Enlatados,1590.0,1
BANQUETE,CUGAT,"Arroz, Legumbres y Semillas",4990.0,1
BANQUETE,CUGAT,"Arroz, Legumbres y Semillas",4690.0,1
BONANZA,CUGAT,"Arroz, Legumbres y Semillas",3690.0,1
OTRA,CUGAT,Despensa,2590.0,2
OTRA,CUGAT,Despensa,389.0,2
GOURMET,CUGAT,Despensa,998.0,2
OTRA,CUGAT,Conservas y Enlatados,2190.0,1
OTRA,CUGAT,Conservas y Enlatados,2190.0,1
BONANZA,CUGAT,Conservas y Enlatados,1990.0,1
OTRA,CUGAT,Conservas y Enlatados,2190.0,1
LUCCHETTI,CUGAT,Despensa,4290.0,2
OTRA,CUGAT,Despensa,4690.0,2
OTRA,CUGAT,Conservas y Enlatados,1990.0,1
GOURMET,CUGAT,Aderezos y Condimentos,1290.0,2
GOURMET,CUGAT,Aderezos y Condimentos,689.0,2
EDRA,CUGAT,Aderezos y Condimentos,829.0,2
JB,CUGAT,Aderezos y Condimentos,1090.0,2
OTRA,CUGAT,Aderezos y Condimentos,1390.0,2
DON JUAN,CUGAT,Aderezos y Condimentos,1490.0,2
NATURA,CUGAT,Aderezos y Condimentos,2390.0,2
HELLMANNS,CUGAT,Aderezos y Condimentos,3990.0,2
DON JUAN,CUGAT,Aderezos y Condimentos,2190.0,2
CAROZZI,CUGAT,Despensa,690.0,2
OTRA,CUGAT,Despensa,4990.0,2
OTRA,CUGAT,Despensa,3990.0,2
OTRA,CUGAT,Despensa,2790.0,2
OTRA,CUGAT,Despensa,4590.0,2
OTRA,CUGAT,Despensa,2390.0,2
OTRA,CUGAT,Despensa,2590.0,2
OTRA,CUGAT,Despensa,2890.0,2
BANQUETE,CUGAT,"Arroz, Legumbres y Semillas",4690.0,1
BANQUETE,CUGAT,"Arroz, Legumbres y Semillas",4690.0,1
BANQUETE,CUGAT,"Arroz, Legumbres y Semillas",3990.0,1
OTRA,CUGAT,Despensa,2290.0,2
OTRA,CUGAT,Despensa,2390.0,2
TALLIANI,CUGAT,Despensa,2590.0,2
LUCCHETTI,CUGAT,Despensa,1690.0,2
LUCCHETTI,CUGAT,Despensa,998.0,2
TRAVERSO,CUGAT,Aderezos y Condimentos,2690.0,2
OTRA,CUGAT,Aderezos y Condimentos,2990.0,2
DON JUAN,CUGAT,Aderezos y Condimentos,2190.0,2
DON JUAN,CUGAT,Aderezos y Condimentos,3290.0,2
NATURA,CUGAT,Conservas y Enlatados,2090.0,1
NATURA,CUGAT,Conservas y Enlatados,2690.0,1
OTRA,CUGAT,Despensa,1690.0,2
OTRA,CUGAT,Despensa,1690.0,2
GOURMET,CUGAT,Despensa,1790.0,2
VIVO,CUGAT,Despensa,969.0,2
OTRA,CUGAT,Despensa,899.0,2
OTRA,CUGAT,Despensa,899.0,2
OTRA,CUGAT,Despensa,899.0,2
OTRA,CUGAT,Despensa,899.0,2
OTRA,CUGAT,Despensa,899.0,2
VIVO,CUGAT,Despensa,969.0,2
BANQUETE,CUGAT,"Arroz, Legumbres y Semillas",4890.0,1
LUCCHETTI,CUGAT,Despensa,849.0,2
GOURMET,CUGAT,Despensa,1590.0,2
OTRA,CUGAT,Conservas y Enlatados,2290.0,1
OTRA,CUGAT,Conservas y Enlatados,1990.0,1
OTRA,CUGAT,Conservas y Enlatados,1990.0,1
OTRA,CUGAT,Conservas y Enlatados,2390.0,1
OTRA,CUGAT,Conservas y Enlatados,1790.0,1
GOURMET,CUGAT,Despensa,1069.0,2
MAGGI,CUGAT,Despensa,890.0,2
GOURMET,CUGAT,Despensa,1099.0,2
CAROZZI,CUGAT,Despensa,859.0,2
GOURMET,CUGAT,Aderezos y Condimentos,2490.0,2
OTRA,CUGAT,Conservas y Enlatados,3290.0,1
OTRA,CUGAT,Conservas y Enlatados,1990.0,1
OTRA,CUGAT,Conservas y Enlatados,1990.0,1
NATURA,CUGAT,Conservas y Enlatados,2990.0,1
NATURA,CUGAT,Conservas y Enlatados,1990.0,1
OTRA,CUGAT,Conservas y Enlatados,2990.0,1
OTRA,CUGAT,Conservas y Enlatados,1990.0,1
LUCCHETTI,CUGAT,Despensa,849.0,2
GOURMET,CUGAT,Aderezos y Condimentos,1290.0,2
MAGGI,CUGAT,Despensa,1190.0,2
MAGGI,CUGAT,Despensa,1690.0,2
MAGGI,CUGAT,Despensa,1190.0,2
MAGGI,CUGAT,Despensa,1190.0,2
MAGGI,CUGAT,Despensa,1690.0,2
BIOSAL,CUGAT,Aderezos y Condimentos,4890.0,2
GOURMET,CUGAT,Despensa,890.0,2
MAGGI,CUGAT,Despensa,1090.0,2
OTRA,CUGAT,Conservas y Enlatados,1490.0,1
OTRA,CUGAT,Conservas y Enlatados,1490.0,1
TUCAPEL,CUGAT,"Arroz, Legumbres y Semillas",1790.0,1
MIRAFLORES,CUGAT,"Arroz, Legumbres y Semillas",2490.0,1
TUCAPEL,CUGAT,"Arroz, Legumbres y Semillas",1790.0,1
TUCAPEL,CUGAT,"Arroz, Legumbres y Semillas",1990.0,1
TUCAPEL,CUGAT,"Arroz, Legumbres y Semillas",1590.0,1
GOURMET,CUGAT,Aderezos y Condimentos,379.0,2
JB,CUGAT,Aderezos y Condimentos,1590.0,2
DON JUAN,CUGAT,Aderezos y Condimentos,1490.0,2
DON JUAN,CUGAT,Aderezos y Condimentos,1490.0,2
JB,CUGAT,Aderezos y Condimentos,1590.0,2
TALLIANI,CUGAT,Aderezos y Condimentos,5590.0,2
CHEF,CUGAT,Aceites,10990.0,1
BANQUETE,CUGAT,Aceites,8990.0,1
CHEF,CUGAT,Aceites,3490.0,1
ARUNA,CUGAT,Aceites,2190.0,1
NATURA,CUGAT,"Arroz, Legumbres y Semillas",3190.0,1
NATURA,CUGAT,Aceites,2990.0,1
SUPER CERDO,CUGAT,Carnicería,8990.0,2
OTRA,CUGAT,Carnicería,3490.0,2
SUPER CERDO,CUGAT,Carnicería,10990.0,2
SUPER CERDO,CUGAT,Carnicería,5490.0,2
SUPER CERDO,CUGAT,Carnicería,13490.0,2
OTRA,CUGAT,Carnicería,5690.0,2
OTRA,CUGAT,Carnicería,6290.0,2
OTRA,CUGAT,Carnicería,6490.0,2
SUPER CERDO,CUGAT,Carnicería,5290.0,2
OTRA,CUGAT,Carnicería,3290.0,2
OTRA,CUGAT,Carnicería,3290.0,2
OTRA,CUGAT,Carnicería,5290.0,2
SUPER CERDO,CUGAT,Carnicería,7990.0,2
OTRA,CUGAT,Carnicería,7690.0,2
OTRA,CUGAT,Carnicería,9290.0,2
OTRA,CUGAT,Carnicería,8490.0,2
OTRA,CUGAT,Carnicería,13990.0,2
OTRA,CUGAT,Carnicería,7990.0,2
OTRA,CUGAT,Carnicería,8990.0,2
OTRA,CUGAT,Carnicería,7990.0,2
OTRA,CUGAT,Carnicería,2990.0,2
OTRA,CUGAT,Carnicería,14990.0,2
OTRA,CUGAT,Carnicería,10000.0,2
OTRA,CUGAT,Carnicería,12990.0,2
SUPER POLLO,CUGAT,Carnicería,7990.0,2
OTRA,CUGAT,Carnicería,6490.0,2
OTRA,CUGAT,Carnicería,7490.0,2
OTRA,CUGAT,Carnicería,13490.0,2
OTRA,CUGAT,Carnicería,12990.0,2
OTRA,CUGAT,Carnicería,14990.0,2
OTRA,CUGAT,Carnicería,12990.0,2
OTRA,CUGAT,Carnicería,16990.0,2
OTRA,CUGAT,Carnicería,18290.0,2
OTRA,CUGAT,Carnicería,14990.0,2
OTRA,CUGAT,Quesos,1990.0,1
KRAFT,CUGAT,Quesos,2590.0,1
KRAFT,CUGAT,Quesos,1190.0,1
NATURA,CUGAT,Quesos,1990.0,1
KRAFT,CUGAT,Quesos,2990.0,1
KRAFT,CUGAT,Quesos,2990.0,1
OTRA,CUGAT,Quesos,1998.0,1
OTRA,CUGAT,Quesos,1990.0,1
OTRA,CUGAT,Quesos,890.0,1
NATURA,CUGAT,Quesos,890.0,1
KRAFT,CUGAT,Quesos,3290.0,1
OTRA,CUGAT,Quesos,3590.0,1
OTRA,CUGAT,Quesos,3490.0,1
OTRA,CUGAT,Quesos,3990.0,1
OTRA,CUGAT,Quesos,4990.0,1
OTRA,CUGAT,Quesos,4790.0,1
OTRA,CUGAT,Quesos,3590.0,1
OTRA,CUGAT,Quesos,3490.0,1
SAN JORGE,CUGAT,Fiambrería Embutidos y Quesos,5990.0,2
OTRA,CUGAT,Fiambrería Y Embutidos,5990.0,1
SAN JORGE,CUGAT,Fiambrería Embutidos y Quesos,1799.0,2
SAN JORGE,CUGAT,Fiambrería Embutidos y Quesos,4890.0,2
SOPROLE,CUGAT,Quesos,2090.0,1
PF,CUGAT,Fiambrería Embutidos y Quesos,2290.0,2
PF,CUGAT,Fiambrería Embutidos y Quesos,2290.0,2
OTRA,CUGAT,Fiambrería Embutidos y Quesos,4490.0,2
OTRA,CUGAT,Fiambrería Embutidos y Quesos,3190.0,2
WINTER,CUGAT,Fiambrería Embutidos y Quesos,2999.0,2
WINTER,CUGAT,Fiambrería Embutidos y Quesos,4290.0,2
PF,CUGAT,Fiambrería Embutidos y Quesos,890.0,2
PF,CUGAT,Fiambrería Embutidos y Quesos,890.0,2
PF,CUGAT,Fiambrería Embutidos y Quesos,890.0,2
OTRA,CUGAT,Fiambrería Embutidos y Quesos,2190.0,2
OTRA,CUGAT,Fiambrería Embutidos y Quesos,2190.0,2
OTRA,CUGAT,Fiambrería Embutidos y Quesos,3990.0,2
SAN JORGE,CUGAT,Fiambrería Embutidos y Quesos,1990.0,2
SAN JORGE,CUGAT,Fiambrería Embutidos y Quesos,1990.0,2
SAN JORGE,CUGAT,Fiambrería Embutidos y Quesos,2399.0,2
OTRA,CUGAT,Fiambrería Embutidos y Quesos,2749.0,2
WINTER,CUGAT,Fiambrería Embutidos y Quesos,3990.0,2
WINTER,CUGAT,Fiambrería Embutidos y Quesos,3990.0,2
SAN JORGE,CUGAT,Fiambrería Embutidos y Quesos,890.0,2
OTRA,CUGAT,Fiambrería Embutidos y Quesos,1490.0,2
OTRA,CUGAT,Fiambrería Embutidos y Quesos,1190.0,2
OTRA,CUGAT,Fiambrería Embutidos y Quesos,1290.0,2
OTRA,CUGAT,Fiambrería Embutidos y Quesos,1190.0,2
OTRA,CUGAT,Fiambrería Embutidos y Quesos,1290.0,2
OTRA,CUGAT,Fiambrería Embutidos y Quesos,4490.0,2
MONTINA,CUGAT,Fiambrería Embutidos y Quesos,1590.0,2
WINTER,CUGAT,Fiambrería Embutidos y Quesos,1749.0,2
LA PREFERIDA,CUGAT,Fiambrería Embutidos y Quesos,4690.0,2
LA PREFERIDA,CUGAT,Fiambrería Embutidos y Quesos,2490.0,2
SAN JORGE,CUGAT,Fiambrería Embutidos y Quesos,3990.0,2
SAN JORGE,CUGAT,Fiambrería Embutidos y Quesos,3990.0,2
LA PREFERIDA,CUGAT,Fiambrería Embutidos y Quesos,2290.0,2
SAN JORGE,CUGAT,Fiambrería Embutidos y Quesos,890.0,2
SAN JORGE,CUGAT,Fiambrería Embutidos y Quesos,890.0,2
SAN JORGE,CUGAT,Fiambrería Embutidos y Quesos,2090.0,2
SAN JORGE,CUGAT,Fiambrería Embutidos y Quesos,1990.0,2
SAN JORGE,CUGAT,Fiambrería Embutidos y Quesos,1799.0,2
SAN JORGE,CUGAT,Fiambrería Embutidos y Quesos,1749.0,2
LA PREFERIDA,CUGAT,Fiambrería Embutidos y Quesos,1290.0,2
LA PREFERIDA,CUGAT,Fiambrería Embutidos y Quesos,1290.0,2
LA PREFERIDA,CUGAT,Fiambrería Embutidos y Quesos,1290.0,2
LA PREFERIDA,CUGAT,Fiambrería Embutidos y Quesos,4490.0,2
SAN JORGE,CUGAT,Fiambrería Embutidos y Quesos,1299.0,2
SAN JORGE,CUGAT,Fiambrería Embutidos y Quesos,2390.0,2
LA PREFERIDA,CUGAT,Fiambrería Embutidos y Quesos,2590.0,2
SAN JORGE,CUGAT,Fiambrería Embutidos y Quesos,2399.0,2
PF,CUGAT,Fiambrería Embutidos y Quesos,4690.0,2
OTRA,CUGAT,Fiambrería Embutidos y Quesos,4890.0,2
OTRA,CUGAT,Fiambrería Embutidos y Quesos,4990.0,2
COLUN,CUGAT,Fiambrería Embutidos y Quesos,5890.0,2
OTRA,CUGAT,Fiambrería Embutidos y Quesos,5890.0,2
SAN JORGE,CUGAT,Fiambrería Embutidos y Quesos,1799.0,2
PF,CUGAT,Fiambrería Embutidos y Quesos,3499.0,2
PF,CUGAT,Fiambrería Embutidos y Quesos,3499.0,2
PF,CUGAT,Fiambrería Embutidos y Quesos,2399.0,2
PF,CUGAT,Fiambrería Embutidos y Quesos,2349.0,2
PF,CUGAT,Fiambrería Embutidos y Quesos,2699.0,2
PF,CUGAT,Fiambrería Embutidos y Quesos,2699.0,2
OTRA,CUGAT,Fiambrería Embutidos y Quesos,7596.0,2
PF,CUGAT,Fiambrería Embutidos y Quesos,1999.0,2
PF,CUGAT,Fiambrería Embutidos y Quesos,3499.0,2
SAN JORGE,CUGAT,Fiambrería Embutidos y Quesos,4590.0,2
SUPER CERDO,CUGAT,Fiambrería Embutidos y Quesos,2099.0,2
PF,CUGAT,Fiambrería Embutidos y Quesos,3099.0,2
COLUN,CUGAT,Fiambrería Embutidos y Quesos,2390.0,2
OTRA,CUGAT,Fiambrería Embutidos y Quesos,2990.0,2
OTRA,CUGAT,Fiambrería Embutidos y Quesos,3690.0,2
PF,CUGAT,Fiambrería Embutidos y Quesos,2999.0,2
PF,CUGAT,Fiambrería Embutidos y Quesos,2499.0,2
SAN JORGE,CUGAT,Fiambrería Embutidos y Quesos,1390.0,2
SAN JORGE,CUGAT,Fiambrería Embutidos y Quesos,1490.0,2
COLUN,CUGAT,Fiambrería Embutidos y Quesos,1890.0,2
CALO,CUGAT,Fiambrería Embutidos y Quesos,5990.0,2
MONTINA,CUGAT,Fiambrería Embutidos y Quesos,4990.0,2
PF,CUGAT,Fiambrería Embutidos y Quesos,4990.0,2
LA PREFERIDA,CUGAT,Fiambrería Embutidos y Quesos,5990.0,2
SAN JORGE,CUGAT,Fiambrería Embutidos y Quesos,4290.0,2
OTRA,CUGAT,Fiambrería Embutidos y Quesos,2749.0,2
OTRA,CUGAT,Mantequillas y Margarinas,2990.0,1
OTRA,CUGAT,Leches Líquidas y Cremas,1990.0,1
OTRA,CUGAT,Mantequillas y Margarinas,1690.0,1
PF,CUGAT,Yoghurt y Postres,640.0,1
PF,CUGAT,Yoghurt y Postres,640.0,1
PF,CUGAT,Yoghurt y Postres,640.0,1
PF,CUGAT,Yoghurt y Postres,640.0,1
PF,CUGAT,Yoghurt y Postres,640.0,1
OTRA,CUGAT,Leche en Polvo,17990.0,1
OTRA,CUGAT,Leches Líquidas y Cremas,3990.0,1
OTRA,CUGAT,Leches Líquidas y Cremas,3990.0,1
COLUN,CUGAT,Leches Líquidas y Cremas,1590.0,1
COLUN,CUGAT,Leches Líquidas y Cremas,1590.0,1
LONCOLECHE,CUGAT,Lácteos,1890.0,2
CALO,CUGAT,Lácteos,8490.0,2
CALO,CUGAT,Lácteos,8490.0,2
LONCOLECHE,CUGAT,Lácteos,1890.0,2
LONCOLECHE,CUGAT,Bebidas Lácteas y Vegetales,1890.0,1
LONCOLECHE,CUGAT,Lácteos,1890.0,2
OTRA,CUGAT,Lácteos,2190.0,2
OTRA,CUGAT,Lácteos,6990.0,2
OTRA,CUGAT,Lácteos,1290.0,2
COLUN,CUGAT,Lácteos,1790.0,2
SOPROLE,CUGAT,Lácteos,790.0,2
SOPROLE,CUGAT,Lácteos,790.0,2
COLUN,CUGAT,Lácteos,4490.0,2
LONCOLECHE,CUGAT,Lácteos,3590.0,2
LONCOLECHE,CUGAT,Lácteos,3590.0,2
LONCOLECHE,CUGAT,Lácteos,3590.0,2
LONCOLECHE,CUGAT,Lácteos,3590.0,2
LONCOLECHE,CUGAT,Lácteos,3590.0,2
PAP,CUGAT,Lácteos,690.0,2
OTRA,CUGAT,Lácteos,798.0,2
COLUN,CUGAT,Lácteos,2690.0,2
SOPROLE,CUGAT,Lácteos,849.0,2
SOPROLE,CUGAT,Lácteos,849.0,2
LIVEAN,CUGAT,Lácteos,2690.0,2
OTRA,CUGAT,Lácteos,690.0,2
OTRA,CUGAT,Lácteos,690.0,2
OTRA,CUGAT,Lácteos,690.0,2
OTRA,CUGAT,Lácteos,690.0,2
OTRA,CUGAT,Lácteos,690.0,2
OTRA,CUGAT,Lácteos,690.0,2
LIVEAN,CUGAT,Lácteos,459.0,2
LIVEAN,CUGAT,Lácteos,459.0,2
LIVEAN,CUGAT,Lácteos,459.0,2
CALO,CUGAT,Lácteos,5390.0,2
LIVEAN,CUGAT,Lácteos,459.0,2
LONCOLECHE,CUGAT,Lácteos,629.0,2
LONCOLECHE,CUGAT,Lácteos,629.0,2
LONCOLECHE,CUGAT,Lácteos,629.0,2
OTRA,CUGAT,Lácteos,629.0,2
OTRA,CUGAT,Lácteos,629.0,2
OTRA,CUGAT,Lácteos,629.0,2
LONCOLECHE,CUGAT,Lácteos,629.0,2
CALO,CUGAT,Lácteos,2590.0,2
CALO,CUGAT,Lácteos,2590.0,2
OTRA,CUGAT,Lácteos,3990.0,2
OTRA,CUGAT,Lácteos,1490.0,2
OTRA,CUGAT,Lácteos,990.0,2
OTRA,CUGAT,Lácteos,990.0,2
OTRA,CUGAT,Lácteos,990.0,2
OTRA,CUGAT,Lácteos,2790.0,2
OTRA,CUGAT,Lácteos,1890.0,2
OTRA,CUGAT,Lácteos,1890.0,2
OTRA,CUGAT,Lácteos,1890.0,2
OTRA,CUGAT,Lácteos,1890.0,2
OTRA,CUGAT,Lácteos,1890.0,2
OTRA,CUGAT,Lácteos,1890.0,2
OTRA,CUGAT,Lácteos,1890.0,2
SOPROLE,CUGAT,Lácteos,299.0,2
NATURA,CUGAT,Lácteos,849.0,2
SOPROLE,CUGAT,Lácteos,4990.0,2
SOPROLE,CUGAT,Lácteos,3990.0,2
OTRA,CUGAT,Lácteos,2790.0,2
SOPROLE,CUGAT,Lácteos,3290.0,2
SOPROLE,CUGAT,Lácteos,790.0,2
LONCOLECHE,CUGAT,Lácteos,1590.0,2
COLUN,CUGAT,Lácteos,1190.0,2
SOPROLE,CUGAT,Lácteos,1090.0,2
SURLAT,CUGAT,Lácteos,1290.0,2
SOPROLE,CUGAT,Lácteos,1090.0,2
COLUN,CUGAT,Lácteos,9990.0,2
CALO,CUGAT,Lácteos,6990.0,2
COLUN,CUGAT,Lácteos,1190.0,2
SOPROLE,CUGAT,Lácteos,749.0,2
SOPROLE,CUGAT,Lácteos,4990.0,2
SOPROLE,CUGAT,Lácteos,1390.0,2
OTRA,CUGAT,Lácteos,1590.0,2
COLUN,CUGAT,Lácteos,5290.0,2
COLUN,CUGAT,Lácteos,1990.0,2
SOPROLE,CUGAT,Lácteos,299.0,2
SOPROLE,CUGAT,Lácteos,299.0,2
SOPROLE,CUGAT,Lácteos,299.0,2
SOPROLE,CUGAT,Lácteos,890.0,2
COLUN,CUGAT,Lácteos,319.0,2
COLUN,CUGAT,Lácteos,319.0,2
COLUN,CUGAT,Lácteos,319.0,2
SOPROLE,CUGAT,Lácteos,299.0,2
OTRA,CUGAT,Lácteos,3990.0,2
COLUN,CUGAT,Lácteos,3990.0,2
OTRA,CUGAT,Lácteos,869.0,2
SOPROLE,CUGAT,Lácteos,3990.0,2
OTRA,CUGAT,Lácteos,3990.0,2
OTRA,CUGAT,Lácteos,6490.0,2
OTRA,CUGAT,Lácteos,3390.0,2
SOPROLE,CUGAT,Lácteos,2990.0,2
SOPROLE,CUGAT,Lácteos,3290.0,2
SOPROLE,CUGAT,Lácteos,1590.0,2
COLUN,CUGAT,Lácteos,3590.0,2
QUILLAYES,CUGAT,Lácteos,3490.0,2
CALO,CUGAT,Lácteos,2990.0,2
OTRA,CUGAT,Lácteos,2690.0,2
COLUN,CUGAT,Lácteos,3290.0,2
SOPROLE,CUGAT,Lácteos,2090.0,2
NATURA,CUGAT,Lácteos,1190.0,2
COLUN,CUGAT,Lácteos,14990.0,2
COLUN,CUGAT,Lácteos,8990.0,2
SOPROLE,CUGAT,Lácteos,2690.0,2
SOPROLE,CUGAT,Lácteos,2790.0,2
SOPROLE,CUGAT,Lácteos,2790.0,2
SOPROLE,CUGAT,Lácteos,2690.0,2
OTRA,CUGAT,Lácteos,3590.0,2
SOPROLE,CUGAT,Lácteos,1490.0,2
SOPROLE,CUGAT,Lácteos,349.0,2
OTRA,CUGAT,Lácteos,479.0,2
SOPROLE,CUGAT,Lácteos,349.0,2
OTRA,CUGAT,Lácteos,479.0,2
OTRA,CUGAT,Lácteos,479.0,2
OTRA,CUGAT,Lácteos,479.0,2
OTRA,CUGAT,Lácteos,489.0,2
OTRA,CUGAT,Lácteos,489.0,2
OTRA,CUGAT,Lácteos,489.0,2
OTRA,CUGAT,Lácteos,1490.0,2
COLUN,CUGAT,Lácteos,1290.0,2
SOPROLE,CUGAT,Lácteos,4290.0,2
OTRA,CUGAT,Lácteos,5790.0,2
NATURA,CUGAT,Lácteos,598.0,2
CASA OLIVA,CUGAT,Agua sin Gas,1390.0,1
OTRA,CUGAT,Bebidas Jugos y Aguas,2290.0,2
OTRA,CUGAT,Bebidas Jugos y Aguas,2290.0,2
PAP,CUGAT,Bebidas Jugos y Aguas,4290.0,2
PEPSI,CUGAT,Bebidas Jugos y Aguas,4290.0,2
PEPSI,CUGAT,Bebidas Jugos y Aguas,4290.0,2
CRUSH,CUGAT,Bebidas,4290.0,2
CANADA DRY,CUGAT,Bebidas Jugos y Aguas,4290.0,2
KEM,CUGAT,Bebidas,4290.0,2
KEM,CUGAT,Bebidas,4290.0,2
CANADA DRY,CUGAT,Bebidas Jugos y Aguas,4290.0,2
CANADA DRY,CUGAT,Bebidas Jugos y Aguas,4290.0,2
BILZ,CUGAT,Bebidas Jugos y Aguas,4290.0,2
SPRITE,CUGAT,Bebidas Jugos y Aguas,2690.0,2
OTRA,CUGAT,Bebidas Jugos y Aguas,2690.0,2
FANTA,CUGAT,Bebidas Jugos y Aguas,2690.0,2
COCA COLA,CUGAT,Bebidas Jugos y Aguas,2690.0,2
COCA COLA,CUGAT,Bebidas Jugos y Aguas,2690.0,2
ANDINA,CUGAT,Bebidas Jugos y Aguas,1590.0,2
ANDINA,CUGAT,Bebidas Jugos y Aguas,1590.0,2
ANDINA,CUGAT,Bebidas Jugos y Aguas,1590.0,2
ANDINA,CUGAT,Bebidas Jugos y Aguas,1590.0,2
ANDINA,CUGAT,Bebidas Jugos y Aguas,1590.0,2
OTRA,CUGAT,Bebidas Jugos y Aguas,1990.0,2
OTRA,CUGAT,Bebidas Jugos y Aguas,1990.0,2
OTRA,CUGAT,Bebidas Jugos y Aguas,1990.0,2
OTRA,CUGAT,Bebidas Jugos y Aguas,1990.0,2
OTRA,CUGAT,Bebidas Jugos y Aguas,1990.0,2
OTRA,CUGAT,Bebidas Jugos y Aguas,1990.0,2
SPRITE,CUGAT,Bebidas,2379.0,2
PAP,CUGAT,Bebidas,629.0,2
CASA OLIVA,CUGAT,Bebidas,629.0,2
CASA OLIVA,CUGAT,Bebidas,629.0,2
OTRA,CUGAT,Bebidas Jugos y Aguas,1590.0,2
OTRA,CUGAT,Bebidas Jugos y Aguas,1590.0,2
OTRA,CUGAT,Bebidas Jugos y Aguas,2190.0,2
OTRA,CUGAT,Bebidas Jugos y Aguas,2190.0,2
OTRA,CUGAT,Bebidas Jugos y Aguas,2190.0,2
OTRA,CUGAT,Bebidas Jugos y Aguas,2190.0,2
OTRA,CUGAT,Bebidas Jugos y Aguas,2190.0,2
OTRA,CUGAT,Bebidas Jugos y Aguas,2190.0,2
OTRA,CUGAT,Bebidas Jugos y Aguas,2190.0,2
SEVEN UP,CUGAT,Bebidas,2490.0,2
SEVEN UP,CUGAT,Bebidas,2490.0,2
PAP,CUGAT,Bebidas,2690.0,2
PAP,CUGAT,Bebidas,2690.0,2
CRUSH,CUGAT,Bebidas,2490.0,2
CRUSH,CUGAT,Bebidas,2490.0,2
CANADA DRY,CUGAT,Bebidas,2690.0,2
CANADA DRY,CUGAT,Bebidas,2690.0,2
KEM,CUGAT,Bebidas,2690.0,2
KEM,CUGAT,Bebidas,2690.0,2
CANADA DRY,CUGAT,Bebidas,2690.0,2
BILZ,CUGAT,Bebidas,2690.0,2
CANADA DRY,CUGAT,Bebidas,2690.0,2
BILZ,CUGAT,Bebidas,2690.0,2
ZUKO,CUGAT,Bebidas Jugos y Aguas,990.0,2
ZUKO,CUGAT,Bebidas Jugos y Aguas,990.0,2
ZUKO,CUGAT,Bebidas Jugos y Aguas,990.0,2
ZUKO,CUGAT,Bebidas Jugos y Aguas,990.0,2
ZUKO,CUGAT,Bebidas Jugos y Aguas,990.0,2
VIVO,CUGAT,Bebidas Jugos y Aguas,269.0,2
VIVO,CUGAT,Bebidas Jugos y Aguas,269.0,2
VIVO,CUGAT,Bebidas Jugos y Aguas,269.0,2
VIVO,CUGAT,Bebidas Jugos y Aguas,269.0,2
VIVO,CUGAT,Bebidas Jugos y Aguas,269.0,2
VIVO,CUGAT,Bebidas Jugos y Aguas,269.0,2
VIVO,CUGAT,Bebidas Jugos y Aguas,269.0,2
VIVO,CUGAT,Bebidas Jugos y Aguas,269.0,2
CANADA DRY,CUGAT,Bebidas,2169.0,2
OTRA,CUGAT,Bebidas Jugos y Aguas,1690.0,2
OTRA,CUGAT,Bebidas Jugos y Aguas,1690.0,2
ZUKO,CUGAT,Bebidas Jugos y Aguas,990.0,2
ZUKO,CUGAT,Bebidas Jugos y Aguas,990.0,2
OTRA,CUGAT,Agua sin Gas,1290.0,1
OTRA,CUGAT,Agua sin Gas,1290.0,1
OTRA,CUGAT,Agua sin Gas,1290.0,1
PEPSI,CUGAT,Bebidas,8900.0,2
CRUSH,CUGAT,Bebidas,8990.0,2
PEPSI,CUGAT,Bebidas,2490.0,2
LIVEAN,CUGAT,Bebidas Jugos y Aguas,2590.0,2
LIVEAN,CUGAT,Bebidas Jugos y Aguas,2590.0,2
LIVEAN,CUGAT,Bebidas Jugos y Aguas,2590.0,2
LIVEAN,CUGAT,Bebidas Jugos y Aguas,2590.0,2
LIVEAN,CUGAT,Bebidas Jugos y Aguas,2590.0,2
SEVEN UP,CUGAT,Bebidas,2169.0,2
PAP,CUGAT,Bebidas,2169.0,2
PAP,CUGAT,Bebidas,2169.0,2
CANADA DRY,CUGAT,Bebidas,2169.0,2
CANADA DRY,CUGAT,Bebidas,2169.0,2
KEM,CUGAT,Bebidas,2169.0,2
KEM,CUGAT,Bebidas,1790.0,2
KEM,CUGAT,Bebidas,2169.0,2
CANADA DRY,CUGAT,Bebidas,1790.0,2
CANADA DRY,CUGAT,Bebidas,1790.0,2
CANADA DRY,CUGAT,Bebidas,1790.0,2
CRUSH,CUGAT,Bebidas,2169.0,2
CRUSH,CUGAT,Bebidas,2169.0,2
BILZ,CUGAT,Bebidas,2169.0,2
BILZ,CUGAT,Bebidas,2169.0,2
CANADA DRY,CUGAT,Bebidas,1790.0,2
ZUKO,CUGAT,Bebidas Jugos y Aguas,990.0,2
LIVEAN,CUGAT,Bebidas Jugos y Aguas,990.0,2
LIVEAN,CUGAT,Bebidas Jugos y Aguas,990.0,2
LIVEAN,CUGAT,Bebidas Jugos y Aguas,990.0,2
LIVEAN,CUGAT,Bebidas Jugos y Aguas,990.0,2
LIVEAN,CUGAT,Bebidas Jugos y Aguas,990.0,2
LIVEAN,CUGAT,Bebidas Jugos y Aguas,990.0,2
LIVEAN,CUGAT,Bebidas Jugos y Aguas,990.0,2
LIVEAN,CUGAT,Bebidas Jugos y Aguas,990.0,2
PEPSI,CUGAT,Bebidas,2090.0,2
PEPSI,CUGAT,Bebidas,2090.0,2
OTRA,CUGAT,Bebidas Jugos y Aguas,1690.0,2
OTRA,CUGAT,Bebidas Jugos y Aguas,1690.0,2
OTRA,CUGAT,Bebidas Jugos y Aguas,1690.0,2
OTRA,CUGAT,Bebidas Jugos y Aguas,1690.0,2
OTRA,CUGAT,Bebidas Jugos y Aguas,1690.0,2
OTRA,CUGAT,Bebidas Jugos y Aguas,1690.0,2
ANDINA,CUGAT,Bebidas Jugos y Aguas,1590.0,2
ANDINA,CUGAT,Bebidas Jugos y Aguas,1590.0,2
ANDINA,CUGAT,Bebidas Jugos y Aguas,1590.0,2
ANDINA,CUGAT,Bebidas Jugos y Aguas,1590.0,2
COCA COLA,CUGAT,Bebidas,2690.0,2
PURE LIFE,CUGAT,Agua sin Gas,1990.0,1
OTRA,CUGAT,Agua con Gas,1090.0,1
OTRA,CUGAT,Agua con Gas,1090.0,1
PEPSI,CUGAT,Bebidas,2490.0,2
OTRA,CUGAT,Bebidas Jugos y Aguas,1690.0,2
OTRA,CUGAT,Bebidas Jugos y Aguas,1690.0,2
OTRA,CUGAT,Bebidas Jugos y Aguas,1690.0,2
OTRA,CUGAT,Bebidas Jugos y Aguas,1690.0,2
OTRA,CUGAT,Bebidas Jugos y Aguas,1090.0,2
OTRA,CUGAT,Bebidas Jugos y Aguas,1690.0,2
OTRA,CUGAT,Bebidas Jugos y Aguas,1690.0,2
OTRA,CUGAT,Agua sin Gas,1290.0,1
OTRA,CUGAT,Agua sin Gas,1290.0,1
OTRA,CUGAT,Agua sin Gas,1290.0,1
OTRA,CUGAT,Bebidas Jugos y Aguas,1190.0,2
PEPSI,CUGAT,Bebidas,8990.0,2
FANTA,CUGAT,Bebidas,7790.0,2
SPRITE,CUGAT,Bebidas,7790.0,2
OTRA,CUGAT,Bebidas Jugos y Aguas,1790.0,2
OTRA,CUGAT,Bebidas Jugos y Aguas,5990.0,2
OTRA,CUGAT,Bebidas Jugos y Aguas,1890.0,2
OTRA,CUGAT,Bebidas Jugos y Aguas,1890.0,2
OTRA,CUGAT,Bebidas Jugos y Aguas,1890.0,2
VIVO,CUGAT,Bebidas Jugos y Aguas,269.0,2
VIVO,CUGAT,Bebidas Jugos y Aguas,269.0,2
VIVO,CUGAT,Bebidas Jugos y Aguas,269.0,2
LIVEAN,CUGAT,Bebidas Jugos y Aguas,990.0,2
LIVEAN,CUGAT,Bebidas Jugos y Aguas,990.0,2
LIVEAN,CUGAT,Bebidas Jugos y Aguas,990.0,2
LIVEAN,CUGAT,Bebidas Jugos y Aguas,990.0,2
LIVEAN,CUGAT,Bebidas Jugos y Aguas,990.0,2
OTRA,CUGAT,Bebidas Jugos y Aguas,1490.0,2
OTRA,CUGAT,Bebidas Jugos y Aguas,1490.0,2
OTRA,CUGAT,Bebidas Jugos y Aguas,1490.0,2
COCA COLA,CUGAT,Bebidas,2090.0,2
COCA COLA,CUGAT,Bebidas,2379.0,2
COCA COLA,CUGAT,Bebidas,2379.0,2
OTRA,CUGAT,Bebidas Jugos y Aguas,2590.0,2
BENEDICTINOS,CUGAT,Agua con Gas,1290.0,1
GENERICA,ACUENTA,Despensa General,700.0,0
GENERICA,ACUENTA,Limpieza,1790.0,2
GENERICA,ACUENTA,Limpieza,2890.0,2
LIDER,ACUENTA,Limpieza,3690.0,2
GENERICA,ACUENTA,Lácteos,3990.0,2
KRYZPO,UNIMARC,Despensa,23000.0,0
IANSA,UNIMARC,Despensa,1490.0,0
BELMONT,UNIMARC,Despensa,3250.0,0
LAYS,UNIMARC,Despensa,1900.0,0
NUESTRA COCINA,UNIMARC,Despensa,690.0,0
DAILY,UNIMARC,Despensa,3890.0,0
BANQUETE,UNIMARC,Despensa,4090.0,0
MAGGI,UNIMARC,Despensa,31510.0,0
MALLOA,UNIMARC,Despensa,3000.0,0
MAGGI,UNIMARC,Despensa,1290.0,0
LAYS,UNIMARC,Despensa,1900.0,0
SOPROLE,UNIMARC,Despensa,23000.0,0
ROBINSON CRUSOE,UNIMARC,Despensa,1990.0,0
MAGGI,UNIMARC,Despensa,31460.0,0
IDEAL,UNIMARC,Despensa,23180.0,0
GOURMET,UNIMARC,Despensa,31000.0,0
NUESTRA COCINA,UNIMARC,Despensa,2250.0,0
CRACKELET,UNIMARC,Despensa,1000.0,0
GOURMET,UNIMARC,Despensa,31000.0,0
MAGGI,UNIMARC,Despensa,32550.0,0
NATUREZZA,UNIMARC,Despensa,31000.0,0
IANSA AGRO,UNIMARC,Despensa,1350.0,0
TRATTORIA,UNIMARC,Despensa,930.0,0
CAROZZI,UNIMARC,Despensa,1490.0,0
TALLIANI,UNIMARC,Despensa,1350.0,0
CRACKELET,UNIMARC,Despensa,1000.0,0
KRAFT,UNIMARC,Despensa,10690.0,0
DAILY,UNIMARC,Despensa,2490.0,0
DE LA HUERTA,UNIMARC,Despensa,1590.0,0
DAILY,UNIMARC,Despensa,2490.0,0
BARILLA,UNIMARC,Despensa,6390.0,0
TRAVERSO,UNIMARC,Despensa,1290.0,0
MARCO POLO,UNIMARC,Despensa,2350.0,0
WASIL,UNIMARC,Despensa,2490.0,0
MARCO POLO,UNIMARC,Despensa,1510.0,0
RANA,UNIMARC,Despensa,3860.0,0
TAKIS,UNIMARC,Despensa,1090.0,0
NUESTRA COCINA,UNIMARC,Despensa,4190.0,0
NUESTRA COCINA,UNIMARC,Despensa,3790.0,0
PF LISTO,UNIMARC,Despensa,2690.0,0
MI TIERRA,UNIMARC,Despensa,4150.0,0
DON JUAN,UNIMARC,Despensa,1550.0,0
AMBROSOLI,UNIMARC,Despensa,7990.0,0
ALUSWEET,UNIMARC,Despensa,4190.0,0
EVERCRISP,UNIMARC,Despensa,1750.0,0
NUESTRA COCINA,UNIMARC,Despensa,3750.0,0
TOSTANI,UNIMARC,Despensa,4290.0,0
DON JUAN,UNIMARC,Despensa,2090.0,0
ROBINSON CRUSOE,UNIMARC,Despensa,3790.0,0
NUESTRA COCINA,UNIMARC,Despensa,1090.0,0
MERKAT,UNIMARC,Despensa,4190.0,0
TENTO,UNIMARC,Despensa,2090.0,0
GOURMET,UNIMARC,Despensa,2450.0,0
NUESTRA COCINA,UNIMARC,Despensa,530.0,0
NUESTRA COCINA,UNIMARC,Despensa,1890.0,0
WINKLER SPECIA,UNIMARC,Despensa,1390.0,0
NUESTRA COCINA,UNIMARC,Despensa,3090.0,0
MAGGI,UNIMARC,Despensa,1250.0,0
KRAFT,UNIMARC,Despensa,5190.0,0
MARCO POLO,UNIMARC,Despensa,1990.0,0
WASIL,UNIMARC,Despensa,990.0,0
DON JUAN,UNIMARC,Despensa,3090.0,0
HELLMANNS,UNIMARC,Despensa,2990.0,0
NUESTRA COCINA,UNIMARC,Despensa,1390.0,0
RITZ,UNIMARC,Despensa,940.0,0
HELLMANNS,UNIMARC,Despensa,2950.0,0
COLLICO,UNIMARC,Despensa,4690.0,0
TAKIS,UNIMARC,Despensa,1740.0,0
ANGELMO,UNIMARC,Despensa,1190.0,0
TIKA,UNIMARC,Despensa,2500.0,0
NUESTRA COCINA,UNIMARC,Despensa,950.0,0
GOURMET,UNIMARC,Despensa,1690.0,0
GOURMET,UNIMARC,Despensa,2290.0,0
LAYS,UNIMARC,Despensa,990.0,0
TENTO,UNIMARC,Despensa,1790.0,0
NESTLE,UNIMARC,Despensa,23140.0,0
MIRAFLORES,UNIMARC,Despensa,2990.0,0
NUESTRA COCINA,UNIMARC,Despensa,1000.0,0
CAROZZI,UNIMARC,Despensa,21590.0,0
MERKAT,UNIMARC,Despensa,15990.0,0
CAROZZI,UNIMARC,Despensa,21590.0,0
MIRAFLORES,UNIMARC,Despensa,2690.0,0
HELLMANNS,UNIMARC,Despensa,3000.0,0
LAYS,UNIMARC,Despensa,1750.0,0
WASIL,UNIMARC,Despensa,22600.0,0
WASIL,UNIMARC,Despensa,22600.0,0
EVERCRISP,UNIMARC,Despensa,4180.0,0
MARCO POLO,UNIMARC,Despensa,2350.0,0
MAGGI,UNIMARC,Despensa,2000.0,0
CAROZZI,UNIMARC,Despensa,21590.0,0
NUESTRA COCINA,UNIMARC,Despensa,1590.0,0
MAGGI,UNIMARC,Despensa,31580.0,0
LAYS,UNIMARC,Despensa,2490.0,0
SELECTA,UNIMARC,Despensa,2490.0,0
VIVO,UNIMARC,Despensa,1090.0,0
U MAS AHORRO,UNIMARC,Despensa,1190.0,0
NATUREZZA,UNIMARC,Despensa,21490.0,0
NATUREZZA,UNIMARC,Despensa,21490.0,0
WASIL,UNIMARC,Despensa,2590.0,0
MAGGI,UNIMARC,Despensa,1290.0,0
LUCCHETTI,UNIMARC,Despensa,1090.0,0
EVERCRISP,UNIMARC,Despensa,3190.0,0
SELECTA,UNIMARC,Despensa,1330.0,0
PANCHO VILLA,UNIMARC,Despensa,1350.0,0
TENTO,UNIMARC,Despensa,2650.0,0
MARCO POLO,UNIMARC,Despensa,2080.0,0
GOURMET,UNIMARC,Despensa,1000.0,0
TRAVERSO,UNIMARC,Despensa,2550.0,0
GOURMET,UNIMARC,Despensa,1000.0,0
SELECTA,UNIMARC,Despensa,4550.0,0
KRAFT,UNIMARC,Despensa,1000.0,0
NUESTRA COCINA,UNIMARC,Despensa,1790.0,0
MARCO POLO,UNIMARC,Despensa,2790.0,0
EVERCRISP,UNIMARC,Despensa,2300.0,0
MARCO POLO,UNIMARC,Despensa,2790.0,0
NOT MAYO,UNIMARC,Despensa,2990.0,0
GOURMET,UNIMARC,Despensa,1000.0,0
COSTA,UNIMARC,Despensa,1770.0,0
KRAFT,UNIMARC,Despensa,4950.0,0
MILLANTU,UNIMARC,Despensa,650.0,0
KAZAI,UNIMARC,Despensa,1120.0,0
PANCHO VILLA,UNIMARC,Despensa,3290.0,0
TRAVERSO,UNIMARC,Despensa,2550.0,0
BARILLA,UNIMARC,Despensa,2850.0,0
ROBINSON CRUSOE,UNIMARC,Despensa,2730.0,0
KAZAI,UNIMARC,Despensa,1120.0,0
IANSA,UNIMARC,Despensa,2000.0,0
WASIL,UNIMARC,Despensa,3590.0,0
BANQUETE,UNIMARC,Despensa,3750.0,0
NUESTRA COCINA,UNIMARC,Despensa,1290.0,0
IANSA CERO K,UNIMARC,Despensa,3520.0,0
FRUTISA,UNIMARC,Despensa,5950.0,0
MILLANTU,UNIMARC,Despensa,2740.0,0
KAZAI,UNIMARC,Despensa,1120.0,0
BARILLA,UNIMARC,Despensa,2850.0,0
ETRE BIEN,UNIMARC,Despensa,4990.0,0
MILLANTU,UNIMARC,Despensa,690.0,0
WASIL,UNIMARC,Despensa,1250.0,0
HEINZ,UNIMARC,Despensa,5290.0,0
HELLMANNS,UNIMARC,Despensa,3490.0,0
PF LISTO,UNIMARC,Despensa,3690.0,0
MARCO POLO,UNIMARC,Despensa,2350.0,0
PF LISTO,UNIMARC,Despensa,3690.0,0
PRINGLES,UNIMARC,Despensa,1870.0,0
HELLMANNS,UNIMARC,Despensa,3490.0,0
CARICIA,UNIMARC,Despensa,830.0,0
MILLANTU,UNIMARC,Despensa,690.0,0
SEMBRASOL,UNIMARC,Despensa,3300.0,0
WASIL,UNIMARC,Despensa,4900.0,0
MILLANTU,UNIMARC,Despensa,690.0,0
NAT,UNIMARC,Despensa,4120.0,0
MILLANTU,UNIMARC,Despensa,730.0,0
MARCO POLO,UNIMARC,Despensa,2350.0,0
SUK,UNIMARC,Despensa,5250.0,0
LIVEAN,UNIMARC,Despensa,890.0,0
COSTA,UNIMARC,Despensa,1770.0,0
NUESTRA COCINA,UNIMARC,Despensa,990.0,0
MILLANTU,UNIMARC,Despensa,1230.0,0
ALWADI,UNIMARC,Despensa,9500.0,0
SELECTA,UNIMARC,Despensa,2390.0,0
EVERCRISP,UNIMARC,Despensa,2000.0,0
PEARL RIVER BRIDGE,UNIMARC,Despensa,3490.0,0
HOFFMANN,UNIMARC,Despensa,1490.0,0
NUESTRA COCINA,UNIMARC,Despensa,560.0,0
NUESTRA COCINA,UNIMARC,Despensa,2990.0,0
NUESTRA COCINA,UNIMARC,Despensa,3990.0,0
ESMERALDA,UNIMARC,Despensa,890.0,0
STOLLENWERK,UNIMARC,Despensa,5390.0,0
BUKA,UNIMARC,Despensa,500.0,0
ESMERALDA,UNIMARC,Despensa,2250.0,0
TAKIS,UNIMARC,Despensa,1090.0,0
ESMERALDA,UNIMARC,Despensa,3490.0,0
LA FUENTE NATURAL,UNIMARC,Despensa,2390.0,0
ESMERALDA,UNIMARC,Despensa,1990.0,0
ESMERALDA,UNIMARC,Despensa,2390.0,0
TRAVERSO,UNIMARC,Despensa,1190.0,0
NUESTRA COCINA,UNIMARC,Despensa,1190.0,0
NUESTRA COCINA,UNIMARC,Despensa,1390.0,0
MANADA,UNIMARC,Despensa,3490.0,0
ESMERALDA,UNIMARC,Despensa,2250.0,0
KARDAMILI,UNIMARC,Despensa,4690.0,0
ESMERALDA,UNIMARC,Despensa,1990.0,0
KAZAI,UNIMARC,Despensa,4750.0,0
SEMBRASOL,UNIMARC,Despensa,4190.0,0
GOURMET,UNIMARC,Despensa,3750.0,0
WASIL,UNIMARC,Despensa,1650.0,0
LOBOS,UNIMARC,Despensa,3790.0,0
EVERCRISP,UNIMARC,Despensa,1290.0,0
HUASCO,UNIMARC,Despensa,26850.0,0
LA FUENTE NATURAL,UNIMARC,Despensa,3590.0,0
OSO,UNIMARC,Despensa,1490.0,0
ESMERALDA,UNIMARC,Despensa,2690.0,0
IANSA AGRO,UNIMARC,Despensa,1690.0,0
LUCCHETTI,UNIMARC,Despensa,1350.0,0
VIVO,UNIMARC,Despensa,1150.0,0
GIADA,UNIMARC,Despensa,6950.0,0
PURISNACKS,UNIMARC,Despensa,2990.0,0
STOLLENWERK,UNIMARC,Despensa,6550.0,0
ESMERALDA,UNIMARC,Despensa,2950.0,0
FRUTISA,UNIMARC,Despensa,1590.0,0
NUESTRA COCINA,UNIMARC,Despensa,1650.0,0
ESMERALDA,UNIMARC,Despensa,2790.0,0
KRYZPO,UNIMARC,Despensa,2290.0,0
PERELLO,UNIMARC,Despensa,2990.0,0
BANQUETE,UNIMARC,Despensa,3190.0,0
MARUCHAN,UNIMARC,Despensa,1390.0,0
EVERCRISP,UNIMARC,Despensa,1590.0,0
BELMONT,UNIMARC,Despensa,16290.0,0
TRAVERSO,UNIMARC,Despensa,1190.0,0
NUESTRA COCINA,UNIMARC,Despensa,690.0,0
LA FERMENTISTA,UNIMARC,Despensa,6290.0,0
BROTA,UNIMARC,Despensa,6990.0,0
EVERCRISP,UNIMARC,Despensa,590.0,0
DIMME,UNIMARC,Despensa,2690.0,0
ESMERALDA,UNIMARC,Despensa,1350.0,0
MALLOA,UNIMARC,Despensa,890.0,0
FRUTOS SECOS GRANEL,UNIMARC,Despensa,2728.0,0
NUCETE,UNIMARC,Despensa,3450.0,0
PURISNACKS,UNIMARC,Despensa,2650.0,0
MIRAFLORES,UNIMARC,Despensa,1190.0,0
NUESTRA COCINA,UNIMARC,Despensa,1250.0,0
MAGGI,UNIMARC,Despensa,1090.0,0
NUESTRA COCINA,UNIMARC,Despensa,1550.0,0
OTRA,CUGAT,Aceites,2990.0,1
OTRA,CUGAT,Aceites,1698.0,1
LONCOLECHE,CUGAT,Lácteos,1890.0,2
CALO,CUGAT,Lácteos,8490.0,2
CALO,CUGAT,Lácteos,8490.0,2
LONCOLECHE,CUGAT,Lácteos,1890.0,2
LONCOLECHE,CUGAT,Lácteos,1890.0,2
LONCOLECHE,CUGAT,Lácteos,1890.0,2
OTRA,CUGAT,Lácteos,7190.0,2
COLUN,CUGAT,Lácteos,1990.0,2
SOPROLE,CUGAT,Lácteos,690.0,2
SOPROLE,CUGAT,Lácteos,690.0,2
COLUN,CUGAT,Lácteos,4490.0,2
LONCOLECHE,CUGAT,Lácteos,3590.0,2
LONCOLECHE,CUGAT,Lácteos,3590.0,2
LONCOLECHE,CUGAT,Lácteos,3590.0,2
LONCOLECHE,CUGAT,Lácteos,3590.0,2
LONCOLECHE,CUGAT,Lácteos,3590.0,2
PAP,CUGAT,Lácteos,690.0,2
SOPROLE,CUGAT,Lácteos,869.0,2
COLUN,CUGAT,Lácteos,3290.0,2
SOPROLE,CUGAT,Lácteos,890.0,2
SOPROLE,CUGAT,Lácteos,890.0,2
LIVEAN,CUGAT,Lácteos,2690.0,2
OTRA,CUGAT,Lácteos,690.0,2
OTRA,CUGAT,Lácteos,690.0,2
OTRA,CUGAT,Lácteos,690.0,2
OTRA,CUGAT,Lácteos,690.0,2
OTRA,CUGAT,Lácteos,690.0,2
OTRA,CUGAT,Lácteos,690.0,2
LIVEAN,CUGAT,Lácteos,639.0,2
LIVEAN,CUGAT,Lácteos,639.0,2
LIVEAN,CUGAT,Lácteos,639.0,2
CALO,CUGAT,Lácteos,5390.0,2
LIVEAN,CUGAT,Lácteos,639.0,2
LONCOLECHE,CUGAT,Lácteos,629.0,2
LONCOLECHE,CUGAT,Lácteos,629.0,2
LONCOLECHE,CUGAT,Lácteos,629.0,2
CUISINE & CO,SANTA ISABEL,Despensa,608.0,0
CUISINE & CO,SANTA ISABEL,Despensa,3890.0,0
MAXIMA,SANTA ISABEL,Despensa,770.0,0
LIPTON,SANTA ISABEL,Despensa,2990.0,0
CUISINE & CO,SANTA ISABEL,Despensa,2650.0,0
CUISINE & CO,SANTA ISABEL,Despensa,1890.0,0
WASIL,SANTA ISABEL,Despensa,2550.0,0
KRAFT,SANTA ISABEL,Despensa,2290.0,0
GOURMET,SANTA ISABEL,Despensa,1610.0,0
CUISINE & CO,SANTA ISABEL,Despensa,7500.0,0
DON JUAN,SANTA ISABEL,Despensa,1350.0,0
VIVO,SANTA ISABEL,Despensa,3530.0,0
TRAVERSO,SANTA ISABEL,Despensa,630.0,0
HEINZ,SANTA ISABEL,Despensa,4050.0,0
CUISINE & CO,SANTA ISABEL,Despensa,1990.0,0
MARUCHAN,SANTA ISABEL,Lacteos y Congelados,720.0,0
CUISINE & CO,SANTA ISABEL,Despensa,260.0,0
TARAGUI,SANTA ISABEL,Despensa,3530.0,0
EN LINEA,SANTA ISABEL,Despensa,1790.0,0
CUISINE & CO,SANTA ISABEL,Despensa,3990.0,0
CUISINE & CO,SANTA ISABEL,Despensa,4030.0,0
GOURMET,SANTA ISABEL,Despensa,840.0,0
MILO,SANTA ISABEL,Despensa,640.0,0
IANSA AGRO,SANTA ISABEL,Despensa,2290.0,0
AMERICAN CLASSIC,SANTA ISABEL,Despensa,2590.0,0
KRUGER,SANTA ISABEL,Despensa,4790.0,0
CUISINE & CO,SANTA ISABEL,Despensa,830.0,0
NOGLUT,SANTA ISABEL,Despensa,1970.0,0
TAJIN,SANTA ISABEL,Despensa,4690.0,0
ALCAFOOD,SANTA ISABEL,Despensa,2130.0,0
LIVEAN,SANTA ISABEL,Despensa,820.0,0
NESTLE,SANTA ISABEL,Despensa,3110.0,0
COSTA,SANTA ISABEL,Despensa,3940.0,0
NO+GLUTEN,SANTA ISABEL,Despensa,6960.0,0
NATUREZZA,SANTA ISABEL,Despensa,1170.0,0
MAGGI,SANTA ISABEL,Despensa,600.0,0
QUAKER,SANTA ISABEL,Despensa,3730.0,0
EXOTIC FOOD,SANTA ISABEL,Despensa,1043.0,0
CUISINE & CO,SANTA ISABEL,Despensa,1990.0,0
CARMENCITA,SANTA ISABEL,Despensa,1890.0,0
AMBROSOLI,SANTA ISABEL,Lacteos y Congelados,950.0,0
VIVO,SANTA ISABEL,Lacteos y Congelados,870.0,0
AMBROSOLI,SANTA ISABEL,Lacteos y Congelados,950.0,0
CUISINE & CO,SANTA ISABEL,Lacteos y Congelados,1110.0,0
VIVO,SANTA ISABEL,Lacteos y Congelados,870.0,0
CUISINE & CO,SANTA ISABEL,Despensa,970.0,0
AMBROSOLI,SANTA ISABEL,Despensa,1280.0,0
THE WILD FOODS,SANTA ISABEL,Despensa,4990.0,0
SOPROLE,SANTA ISABEL,Despensa,4840.0,0
SAN JOSE,SANTA ISABEL,Despensa,1970.0,0
CUISINE & CO,SANTA ISABEL,Despensa,3430.0,0
OLAVE,SANTA ISABEL,Despensa,15890.0,0
CUISINE & CO,SANTA ISABEL,Despensa,1360.0,0
ANGELMO,SANTA ISABEL,Despensa,2120.0,0
MONT BLANC,SANTA ISABEL,Despensa,6630.0,0
CUISINE & CO,SANTA ISABEL,Despensa,540.0,0
CUISINE & CO,SANTA ISABEL,Despensa,1490.0,0
CAROZZI,SANTA ISABEL,Despensa,790.0,0
GOURMET,SANTA ISABEL,Despensa,750.0,0
CUISINE & CO,SANTA ISABEL,Despensa,1520.0,0
GOURMET,SANTA ISABEL,Despensa,2130.0,0
TRAVERSO,SANTA ISABEL,Despensa,4290.0,0
CUISINE & CO,SANTA ISABEL,Despensa,790.0,0
CUISINE & CO,SANTA ISABEL,Despensa,410.0,0
MI TIERRA,SANTA ISABEL,Despensa,1390.0,0
VIVO,SANTA ISABEL,Despensa,2850.0,0
LA MOLISANA,SANTA ISABEL,Despensa,1294.0,0
JB,SANTA ISABEL,Despensa,1610.0,0
CAROZZI,SANTA ISABEL,Despensa,1190.0,0
NESCAFE,SANTA ISABEL,Despensa,1790.0,0
CUISINE & CO,SANTA ISABEL,Despensa,540.0,0
ROBINSON CRUSOE,SANTA ISABEL,Despensa,3690.0,0
GOURMET,SANTA ISABEL,Despensa,860.0,0
CUISINE & CO,SANTA ISABEL,Despensa,4950.0,0
CUISINE & CO,SANTA ISABEL,Despensa,2180.0,0
DOS CABALLOS,SANTA ISABEL,Despensa,2550.0,0
THE WILD FOODS,SANTA ISABEL,Despensa,4990.0,0
GOURMET,SANTA ISABEL,Despensa,700.0,0
MARTINI,SANTA ISABEL,Despensa,1240.0,0
DON JUAN,SANTA ISABEL,Despensa,2070.0,0
MILO,SANTA ISABEL,Despensa,3490.0,0
CHOCAPIC,SANTA ISABEL,Despensa,3490.0,0
IANSA AGRO,SANTA ISABEL,Despensa,1450.0,0
CUISINE & CO,SANTA ISABEL,Despensa,3290.0,0
KRUGER,SANTA ISABEL,Despensa,3890.0,0
GOURMET,SANTA ISABEL,Lacteos y Congelados,830.0,0
GOURMET,SANTA ISABEL,Lacteos y Congelados,830.0,0
MAGGI,SANTA ISABEL,Lacteos y Congelados,1490.0,0
GOURMET,SANTA ISABEL,Lacteos y Congelados,830.0,0
MAGGI,SANTA ISABEL,Lacteos y Congelados,900.0,0
CUISINE & CO,SANTA ISABEL,Despensa,970.0,0
TRAVERSO,SANTA ISABEL,Despensa,4150.0,0
KRAFT,SANTA ISABEL,Despensa,12490.0,0
MIRAFLORES,SANTA ISABEL,Despensa,1150.0,0
GOURMET,SANTA ISABEL,Despensa,320.0,0
MAGGI,SANTA ISABEL,Despensa,860.0,0
LONCOLECHE,SANTA ISABEL,Despensa,2000.0,0
HELLMANNS,SANTA ISABEL,Despensa,3490.0,0
MARTINI,SANTA ISABEL,Despensa,1860.0,0
SOPROLE,SANTA ISABEL,Despensa,1860.0,0
ESMERALDA,SANTA ISABEL,Despensa,2190.0,0
CUISINE & CO,SANTA ISABEL,Despensa,2590.0,0
LOBOS,SANTA ISABEL,Despensa,2280.0,0
DAILY,SANTA ISABEL,Despensa,2232.0,0
JUAN VALDEZ,SANTA ISABEL,Despensa,20270.0,0
KRAFT,SANTA ISABEL,Despensa,1000.0,0
WASIL,SANTA ISABEL,Despensa,1990.0,0
MAGGI,SANTA ISABEL,Despensa,5690.0,0
SUPREMO,SANTA ISABEL,Despensa,5710.0,0
BARILLA,SANTA ISABEL,Despensa,4670.0,0
MAGGI,SANTA ISABEL,Despensa,970.0,0
MI TIERRA,SANTA ISABEL,Despensa,1570.0,0
CLUB,SANTA ISABEL,Despensa,2350.0,0
VIOLA,SANTA ISABEL,Despensa,5290.0,0
GOURMET,SANTA ISABEL,Despensa,750.0,0
GOURMET,SANTA ISABEL,Despensa,2690.0,0
CUISINE & CO,SANTA ISABEL,Despensa,540.0,0
CAROZZI,SANTA ISABEL,Despensa,690.0,0
CUISINE & CO,SANTA ISABEL,Despensa,7850.0,0
LOBOS,SANTA ISABEL,Despensa,1720.0,0
WASIL,SANTA ISABEL,Despensa,1820.0,0
VIVO,SANTA ISABEL,Despensa,870.0,0
GOURMET,SANTA ISABEL,Despensa,840.0,0
DAILY SWEET,SANTA ISABEL,Despensa,3072.0,0
CUISINE & CO,SANTA ISABEL,Despensa,1460.0,0
TIA LIA,SANTA ISABEL,Despensa,950.0,0
TIA LIA,SANTA ISABEL,Despensa,830.0,0
OLITALIA,SANTA ISABEL,Despensa,7990.0,0
GOURMET,SANTA ISABEL,Despensa,860.0,0
CUISINE & CO,SANTA ISABEL,Despensa,540.0,0
LA MOLISANA,SANTA ISABEL,Despensa,1684.0,0
DAILY,SANTA ISABEL,Despensa,3840.0,0
CUISINE & CO,SANTA ISABEL,Despensa,3490.0,0
CUISINE & CO,SANTA ISABEL,Despensa,1490.0,0
PILLOWS,SANTA ISABEL,Despensa,2890.0,0
NOTCO,SANTA ISABEL,Despensa,1990.0,0
LOS BOLDOS,SANTA ISABEL,Despensa,3800.0,0
GOURMET,SANTA ISABEL,Despensa,840.0,0
LA ESPAÑOLA,SANTA ISABEL,Despensa,3990.0,0
CUISINE & CO,SANTA ISABEL,Despensa,1080.0,0
CUISINE & CO,SANTA ISABEL,Despensa,790.0,0
OLITALIA,SANTA ISABEL,Despensa,4690.0,0
WASIL,SANTA ISABEL,Despensa,2690.0,0
GOURMET,SANTA ISABEL,Despensa,2380.0,0
ROBINSON CRUSOE,SANTA ISABEL,Despensa,2890.0,0
QUAKER,SANTA ISABEL,Despensa,2130.0,0
DILMAH,SANTA ISABEL,Despensa,2550.0,0
OSO,SANTA ISABEL,Despensa,1300.0,0
GOURMET,SANTA ISABEL,Despensa,750.0,0
OSO,SANTA ISABEL,Despensa,1470.0,0
ROBINSON CRUSOE,SANTA ISABEL,Despensa,4360.0,0
LUCCHETTI,SANTA ISABEL,Despensa,2340.0,0
MAILEMU,SANTA ISABEL,Despensa,3900.0,0
EN LINEA,SANTA ISABEL,Despensa,2890.0,0
CUISINE & CO,SANTA ISABEL,Despensa,970.0,0
TRAPENSE,SANTA ISABEL,Despensa,2690.0,0
ACONCAGUA,SANTA ISABEL,Despensa,2690.0,0
TRAVERSO,SANTA ISABEL,Despensa,2190.0,0
CUISINE & CO,SANTA ISABEL,Despensa,1080.0,0
CUISINE & CO,SANTA ISABEL,Despensa,1750.0,0
YOUR GOAL,SANTA ISABEL,Despensa,6990.0,0
CUISINE & CO,SANTA ISABEL,Despensa,2990.0,0
AMBROSOLI,SANTA ISABEL,Despensa,1260.0,0
WASIL,SANTA ISABEL,Despensa,1190.0,0
QUAKER,SANTA ISABEL,Lacteos y Congelados,2080.0,0
HEINZ,SANTA ISABEL,Despensa,4050.0,0
VITTA,SANTA ISABEL,Despensa,6230.0,0
TUCAPEL,SANTA ISABEL,Despensa,2340.0,0
MAGGI,SANTA ISABEL,Despensa,1090.0,0
SOPROLE,SANTA ISABEL,Despensa,5950.0,0
CAROZZI,SANTA ISABEL,Lacteos y Congelados,1690.0,0
GOURMET,SANTA ISABEL,Lacteos y Congelados,2760.0,0
BANQUETE,SANTA ISABEL,Lacteos y Congelados,2650.0,0
MI TIERRA,SANTA ISABEL,Lacteos y Congelados,2860.0,0
MI TIERRA,SANTA ISABEL,Despensa,6090.0,0
BARILLA,SANTA ISABEL,Despensa,5610.0,0
NATURA,SANTA ISABEL,Despensa,5710.0,0
IANSA AGRO,SANTA ISABEL,Despensa,2890.0,0
ROBINSON CRUSOE,SANTA ISABEL,Despensa,4360.0,0
NESCAFE,SANTA ISABEL,Despensa,6290.0,0
GOURMET,SANTA ISABEL,Despensa,2650.0,0
OSO,SANTA ISABEL,Despensa,850.0,0
SOPROLE,SANTA ISABEL,Despensa,8520.0,0
TALLIANI,SANTA ISABEL,Despensa,1000.0,0
MAGGI,SANTA ISABEL,Despensa,530.0,0
GOURMET,SANTA ISABEL,Despensa,1250.0,0
GOURMET,SANTA ISABEL,Despensa,690.0,0
FERRERO,SANTA ISABEL,Despensa,4460.0,0
DOS CABALLOS,SANTA ISABEL,Despensa,3250.0,0
ZUCOSOS,SANTA ISABEL,Despensa,6130.0,0
KRAFT,SANTA ISABEL,Despensa,4990.0,0
LUCCHETTI,SANTA ISABEL,Despensa,1130.0,0
PLAYADITO,SANTA ISABEL,Despensa,3493.0,0
CUISINE & CO,SANTA ISABEL,Despensa,4590.0,0
JUAN VALDEZ,SANTA ISABEL,Despensa,13930.0,0
CAROZZI,SANTA ISABEL,Despensa,1340.0,0
GOURMET,SANTA ISABEL,Despensa,6850.0,0
SAMUI,SANTA ISABEL,Despensa,1832.0,0
SUPREMO,SANTA ISABEL,Despensa,4190.0,0
CUISINE & CO,SANTA ISABEL,Despensa,3310.0,0
COCALAN,SANTA ISABEL,Despensa,6960.0,0
MIRAFLORES,SANTA ISABEL,Despensa,2280.0,0
WASIL,SANTA ISABEL,Despensa,3320.0,0
COSTA,SANTA ISABEL,Despensa,1690.0,0
CUISINE & CO,SANTA ISABEL,Despensa,1750.0,0
NESTLE,SANTA ISABEL,Despensa,2590.0,0
NESCAFE,SANTA ISABEL,Despensa,9350.0,0
DEYCO,SANTA ISABEL,Despensa,1690.0,0
CUISINE & CO,SANTA ISABEL,Despensa,1790.0,0
MAGGI,SANTA ISABEL,Despensa,970.0,0
KUNSTMANN,SANTA ISABEL,Despensa,1240.0,0
CUISINE & CO,SANTA ISABEL,Despensa,4250.0,0
CAROZZI,SANTA ISABEL,Despensa,1190.0,0
CUISINE & CO,SANTA ISABEL,Despensa,2190.0,0
CARMENCITA,SANTA ISABEL,Despensa,1690.0,0
LOBOS,SANTA ISABEL,Despensa,990.0,0
MALLOA,SANTA ISABEL,Lacteos y Congelados,4290.0,0
POMAROLA,SANTA ISABEL,Lacteos y Congelados,3190.0,0
LUCCHETTI,SANTA ISABEL,Lacteos y Congelados,3830.0,0
CUISINE & CO,SANTA ISABEL,Lacteos y Congelados,2490.0,0
CAROZZI,SANTA ISABEL,Lacteos y Congelados,960.0,0
CUISINE & CO,SANTA ISABEL,Despensa,4590.0,0
LIPTON,SANTA ISABEL,Despensa,1720.0,0
SUPREMO,SANTA ISABEL,Despensa,3390.0,0
GOURMET,SANTA ISABEL,Despensa,3210.0,0
SAN JOSE,SANTA ISABEL,Despensa,1860.0,0
JB,SANTA ISABEL,Despensa,1730.0,0
MANI KING,SANTA ISABEL,Despensa,2190.0,0
TAJIN,SANTA ISABEL,Despensa,6590.0,0
MAGGI,SANTA ISABEL,Despensa,1090.0,0
CUISINE & CO,SANTA ISABEL,Despensa,1990.0,0
LA VIEJA FABRICA,SANTA ISABEL,Despensa,2990.0,0
MAGGI,SANTA ISABEL,Despensa,530.0,0
KUHNE,SANTA ISABEL,Despensa,3490.0,0
MARUCHAN,SANTA ISABEL,Despensa,1330.0,0
CUISINE & CO,SANTA ISABEL,Despensa,3340.0,0
ROBINSON CRUSOE,SANTA ISABEL,Despensa,2090.0,0
BIOSAL,SANTA ISABEL,Despensa,1450.0,0
LUCCHETTI,SANTA ISABEL,Despensa,1610.0,0
VIOLA,SANTA ISABEL,Despensa,5290.0,0
MAGGI,SANTA ISABEL,Despensa,850.0,0
IMPORTADO JUMBO,SANTA ISABEL,Despensa,12490.0,0
CUISINE & CO,SANTA ISABEL,Despensa,540.0,0
TUCAPEL,SANTA ISABEL,Despensa,1750.0,0
MAGGI,SANTA ISABEL,Despensa,1190.0,0
TRAVERSO,SANTA ISABEL,Despensa,1790.0,0
GOURMET,SANTA ISABEL,Despensa,830.0,0
TRAVERSO,SANTA ISABEL,Despensa,630.0,0
TRAVERSO,SANTA ISABEL,Despensa,3150.0,0
MAGGI,SANTA ISABEL,Despensa,1090.0,0
GOURMET,SANTA ISABEL,Despensa,4360.0,0
TRIX,SANTA ISABEL,Despensa,6130.0,0
WASIL,SANTA ISABEL,Despensa,3530.0,0
CUISINE & CO,SANTA ISABEL,Despensa,970.0,0
WATTS,SANTA ISABEL,Despensa,3790.0,0
AMBROSOLI,SANTA ISABEL,Despensa,1230.0,0
MAMMA MIA,SANTA ISABEL,Despensa,950.0,0
GOURMET,SANTA ISABEL,Despensa,3530.0,0
IANSA CERO K,SANTA ISABEL,Despensa,4000.0,0
CUISINE & CO,SANTA ISABEL,Despensa,1864.0,0
HELLMANNS,SANTA ISABEL,Despensa,670.0,0
KRAFT,SANTA ISABEL,Lacteos y Congelados,6990.0,0
NESCAFE DOLCE GUSTO,SANTA ISABEL,Lacteos y Congelados,4790.0,0
NESCAFE DOLCE GUSTO,SANTA ISABEL,Lacteos y Congelados,4790.0,0
NESCAFE DOLCE GUSTO,SANTA ISABEL,Lacteos y Congelados,4790.0,0
NESCAFE DOLCE GUSTO,SANTA ISABEL,Lacteos y Congelados,4790.0,0
CUISINE & CO,SANTA ISABEL,Lacteos y Congelados,4590.0,0
CUISINE & CO,SANTA ISABEL,Despensa,1750.0,0
LOBOS,SANTA ISABEL,Despensa,1650.0,0
ESMERALDA,SANTA ISABEL,Despensa,3190.0,0
ROBINSON CRUSOE,SANTA ISABEL,Despensa,1490.0,0
MONT BLANC,SANTA ISABEL,Despensa,2130.0,0
TRAVERSO,SANTA ISABEL,Despensa,2490.0,0
CUISINE & CO,SANTA ISABEL,Despensa,1080.0,0
TUCAPEL,SANTA ISABEL,Despensa,1990.0,0
GOURMET,SANTA ISABEL,Despensa,670.0,0
GOURMET,SANTA ISABEL,Despensa,4880.0,0
TRAVERSO,SANTA ISABEL,Despensa,3650.0,0
KRUGER,SANTA ISABEL,Despensa,2490.0,0
LIVEAN,SANTA ISABEL,Despensa,560.0,0
TRAVERSO,SANTA ISABEL,Despensa,1820.0,0
WASIL,SANTA ISABEL,Despensa,2440.0,0
GOURMET,SANTA ISABEL,Despensa,1450.0,0
DON JUAN,SANTA ISABEL,Despensa,1450.0,0
TRIX,SANTA ISABEL,Despensa,3490.0,0
AMBROSOLI,SANTA ISABEL,Despensa,590.0,0
GOURMET,SANTA ISABEL,Despensa,440.0,0
DAILY,SANTA ISABEL,Despensa,2380.0,0
ANGELMO,SANTA ISABEL,Despensa,2152.0,0
MAGGI,SANTA ISABEL,Despensa,530.0,0
GOURMET,SANTA ISABEL,Despensa,330.0,0
CUISINE & CO,SANTA ISABEL,Despensa,870.0,0
GOURMET,SANTA ISABEL,Despensa,1820.0,0
HELLMANNS,SANTA ISABEL,Despensa,3690.0,0
GOURMET,SANTA ISABEL,Despensa,3790.0,0
ROBINSON CRUSOE,SANTA ISABEL,Despensa,1690.0,0
CUISINE & CO,SANTA ISABEL,Despensa,3990.0,0
GOURMET,SANTA ISABEL,Despensa,1950.0,0
LIPTON,SANTA ISABEL,Despensa,2990.0,0
LA MOLISANA,SANTA ISABEL,Despensa,1294.0,0
KRUGER,SANTA ISABEL,Despensa,2490.0,0
LA VIEJA FABRICA,SANTA ISABEL,Despensa,2990.0,0
VIVO,SANTA ISABEL,Despensa,2990.0,0
MAGGI,SANTA ISABEL,Despensa,1090.0,0
CHOCAPIC,SANTA ISABEL,Despensa,560.0,0
IANSA AGRO,SANTA ISABEL,Despensa,3420.0,0
CUISINE & CO,SANTA ISABEL,Despensa,4590.0,0
LECHE SUR,SANTA ISABEL,Lacteos y Congelados,1650.0,0
NESTLE,SANTA ISABEL,Lacteos y Congelados,2030.0,0
GLORIA,SANTA ISABEL,Lacteos y Congelados,1860.0,0
NESTLE,SANTA ISABEL,Lacteos y Congelados,1970.0,0
NESTLE,SANTA ISABEL,Lacteos y Congelados,1390.0,0
HELLMANNS,SANTA ISABEL,Despensa,970.0,0
GOURMET,SANTA ISABEL,Despensa,2550.0,0
PASSAGE FOODS,SANTA ISABEL,Despensa,2490.0,0
GOURMET,SANTA ISABEL,Despensa,750.0,0
ACONCAGUA,SANTA ISABEL,Despensa,2290.0,0
IANSA AGRO,SANTA ISABEL,Despensa,1570.0,0
KRUGER,SANTA ISABEL,Despensa,2490.0,0
CUISINE & CO,SANTA ISABEL,Despensa,1190.0,0
SELECTA,SANTA ISABEL,Despensa,2070.0,0
ACONCAGUA,SANTA ISABEL,Despensa,1290.0,0
CUISINE & CO,SANTA ISABEL,Despensa,1890.0,0
ESMERALDA,SANTA ISABEL,Despensa,2860.0,0
NESTLE,SANTA ISABEL,Despensa,4980.0,0
JB,SANTA ISABEL,Despensa,1610.0,0
GOURMET,SANTA ISABEL,Despensa,2690.0,0
CUISINE & CO,SANTA ISABEL,Despensa,4250.0,0
CUISINE & CO,SANTA ISABEL,Despensa,590.0,0
REGIMEL,SANTA ISABEL,Despensa,1550.0,0
TIA LIA,SANTA ISABEL,Despensa,920.0,0
VIGILANTE,SANTA ISABEL,Despensa,2290.0,0
LONCOLECHE,SANTA ISABEL,Despensa,1580.0,0
QUAKER,SANTA ISABEL,Despensa,2130.0,0
GOURMET,SANTA ISABEL,Despensa,2900.0,0
HELLMANNS,SANTA ISABEL,Despensa,3070.0,0
GOURMET,SANTA ISABEL,Despensa,2240.0,0
MUTTI,SANTA ISABEL,Despensa,2018.0,0
ALUSWEET,SANTA ISABEL,Despensa,4360.0,0
GOURMET,SANTA ISABEL,Despensa,2960.0,0
LA MERCED,SANTA ISABEL,Despensa,5440.0,0
GOURMET,SANTA ISABEL,Despensa,2380.0,0
BANQUETE,SANTA ISABEL,Despensa,3190.0,0
MARUCHAN,SANTA ISABEL,Despensa,1340.0,0
VILAY,SANTA ISABEL,Despensa,1510.0,0
LA COSTEÑA,SANTA ISABEL,Despensa,2070.0,0
MELITTA,SANTA ISABEL,Despensa,1660.0,0
JUAN VALDEZ,SANTA ISABEL,Despensa,13930.0,0
ECKART,SANTA ISABEL,Despensa,2590.0,0
COLUN,SANTA ISABEL,Despensa,5990.0,0
TRAVERSO,SANTA ISABEL,Despensa,1450.0,0
LUCCHETTI,SANTA ISABEL,Despensa,1130.0,0
LIVEAN,SANTA ISABEL,Despensa,560.0,0
JB,SANTA ISABEL,Lacteos y Congelados,2390.0,0
HELLMANNS,SANTA ISABEL,Lacteos y Congelados,3450.0,0
JB,SANTA ISABEL,Lacteos y Congelados,1830.0,0
HEINZ,SANTA ISABEL,Lacteos y Congelados,4050.0,0
KRAFT,SANTA ISABEL,Lacteos y Congelados,3390.0,0
KRUGER,SANTA ISABEL,Despensa,2490.0,0
GOURMET,SANTA ISABEL,Despensa,680.0,0
TARAGUI,SANTA ISABEL,Despensa,4880.0,0
SOUL BAR,SANTA ISABEL,Despensa,2990.0,0
GOURMET,SANTA ISABEL,Despensa,670.0,0
SUK,SANTA ISABEL,Despensa,3010.0,0
GOURMET,SANTA ISABEL,Despensa,2230.0,0
GOURMET,SANTA ISABEL,Despensa,3490.0,0
MAGGI,SANTA ISABEL,Despensa,850.0,0
CUISINE & CO,SANTA ISABEL,Despensa,1360.0,0
MAGGI,SANTA ISABEL,Despensa,850.0,0
GOURMET,SANTA ISABEL,Despensa,830.0,0
ROBINSON CRUSOE,SANTA ISABEL,Despensa,2030.0,0
CUISINE & CO,SANTA ISABEL,Despensa,570.0,0
MARLEY COFFEE,SANTA ISABEL,Despensa,4890.0,0
CUISINE & CO,SANTA ISABEL,Despensa,3890.0,0
DOLCEZZE,SANTA ISABEL,Despensa,5990.0,0
EN LINEA,SANTA ISABEL,Despensa,3010.0,0
GOURMET,SANTA ISABEL,Despensa,2650.0,0
NO+GLUTEN,SANTA ISABEL,Despensa,4570.0,0
CUISINE & CO,SANTA ISABEL,Despensa,1350.0,0
GOURMET,SANTA ISABEL,Despensa,2690.0,0
CUISINE & CO,SANTA ISABEL,Despensa,1790.0,0
TABASCO,SANTA ISABEL,Despensa,4590.0,0
NESTLE,SANTA ISABEL,Despensa,3940.0,0
MARLEY COFFEE,SANTA ISABEL,Despensa,12470.0,0
TARAGUI,SANTA ISABEL,Despensa,1860.0,0
COLA CAO,SANTA ISABEL,Despensa,2890.0,0
LUCCHETTI,SANTA ISABEL,Despensa,1610.0,0
TUCAPEL,SANTA ISABEL,Despensa,1750.0,0
AMBROSOLI,SANTA ISABEL,Despensa,3840.0,0
COLA CAO,SANTA ISABEL,Despensa,2450.0,0
STARBUCKS BY NESPRESSO,SANTA ISABEL,Despensa,6650.0,0
IANSA AGRO,SANTA ISABEL,Despensa,4770.0,0
CUISINE & CO,SANTA ISABEL,Lacteos y Congelados,480.0,0
YOUR GOAL,SANTA ISABEL,Despensa,9660.0,0
GOURMET,SANTA ISABEL,Despensa,2650.0,0
CUISINE & CO,SANTA ISABEL,Despensa,4590.0,0
COLLICO,SANTA ISABEL,Despensa,4460.0,0
KRUGER,SANTA ISABEL,Despensa,2490.0,0
GOURMET,SANTA ISABEL,Despensa,6490.0,0
NESCAFE,SANTA ISABEL,Lacteos y Congelados,3290.0,0
NESCAFE,SANTA ISABEL,Lacteos y Congelados,3290.0,0
NESCAFE,SANTA ISABEL,Lacteos y Congelados,3290.0,0
MONTERREY,SANTA ISABEL,Lacteos y Congelados,4290.0,0
GOLD,SANTA ISABEL,Lacteos y Congelados,2990.0,0
FITNESS,SANTA ISABEL,Despensa,650.0,0
GOURMET,SANTA ISABEL,Despensa,3940.0,0
CUISINE & CO,SANTA ISABEL,Despensa,3430.0,0
WASIL,SANTA ISABEL,Despensa,4250.0,0
KIKKOMAN,SANTA ISABEL,Despensa,7750.0,0
GOURMET,SANTA ISABEL,Despensa,3330.0,0
CUISINE & CO,SANTA ISABEL,Despensa,640.0,0
PANCHO VILLA,SANTA ISABEL,Despensa,1400.0,0
THE WILD FOODS,SANTA ISABEL,Despensa,5090.0,0
NOTCO,SANTA ISABEL,Despensa,6650.0,0
CUISINE & CO,SANTA ISABEL,Despensa,2350.0,0
CIRIO,SANTA ISABEL,Despensa,4190.0,0
CUISINE & CO,SANTA ISABEL,Despensa,1890.0,0
LA COMADRE,SANTA ISABEL,Despensa,3990.0,0
POMAROLA,SANTA ISABEL,Despensa,2860.0,0
EXOTIC FOOD,SANTA ISABEL,Despensa,1533.0,0
OSO,SANTA ISABEL,Despensa,2860.0,0
THAI,SANTA ISABEL,Despensa,4050.0,0
GOURMET,SANTA ISABEL,Despensa,2550.0,0
GOURMET,SANTA ISABEL,Despensa,4350.0,0
CUISINE & CO,SANTA ISABEL,Despensa,2990.0,0
CUISINE & CO,SANTA ISABEL,Despensa,2170.0,0
ZUCOSOS,SANTA ISABEL,Despensa,3490.0,0
HEINZ,SANTA ISABEL,Despensa,5990.0,0
GOURMET,SANTA ISABEL,Despensa,610.0,0
NATUREZZA,SANTA ISABEL,Despensa,980.0,0
TRIX,SANTA ISABEL,Despensa,3900.0,0
GOURMET,SANTA ISABEL,Despensa,1760.0,0
GOURMET,SANTA ISABEL,Despensa,2590.0,0
GOURMET,SANTA ISABEL,Despensa,1450.0,0
ALACENA,SANTA ISABEL,Despensa,5400.0,0
GOURMET,SANTA ISABEL,Despensa,860.0,0
TRAVERSO,SANTA ISABEL,Despensa,2490.0,0
CUISINE & CO,SANTA ISABEL,Despensa,2350.0,0
WASIL,SANTA ISABEL,Despensa,2440.0,0
MARLEY COFFEE,SANTA ISABEL,Despensa,14650.0,0
DON JUAN,SANTA ISABEL,Despensa,1430.0,0
GOURMET,SANTA ISABEL,Despensa,650.0,0
JUAN VALDEZ,SANTA ISABEL,Despensa,21730.0,0
MAGGI,SANTA ISABEL,Despensa,860.0,0
CHOCAPIC,SANTA ISABEL,Lacteos y Congelados,4990.0,0
CHOCAPIC,SANTA ISABEL,Lacteos y Congelados,2690.0,0
ZUCOSOS,SANTA ISABEL,Lacteos y Congelados,2690.0,0
COSTA,SANTA ISABEL,Lacteos y Congelados,3490.0,0
MILO,SANTA ISABEL,Lacteos y Congelados,4990.0,0
MAGGI,SANTA ISABEL,Despensa,770.0,0
GOURMET,SANTA ISABEL,Despensa,2170.0,0
SELECTA,SANTA ISABEL,Despensa,2350.0,0
MAVESA,SANTA ISABEL,Despensa,4690.0,0
MARUCHAN,SANTA ISABEL,Despensa,1840.0,0
NUTELLA,SANTA ISABEL,Despensa,6390.0,0
SPECIA,SANTA ISABEL,Despensa,7270.0,0
CUISINE & CO,SANTA ISABEL,Despensa,2790.0,0
CUISINE & CO,SANTA ISABEL,Despensa,3490.0,0
WASIL,SANTA ISABEL,Despensa,5400.0,0
CUISINE & CO,SANTA ISABEL,Despensa,2890.0,0
NATURALIST,SANTA ISABEL,Despensa,3486.0,0
GOURMET,SANTA ISABEL,Despensa,610.0,0
CUISINE & CO,SANTA ISABEL,Despensa,1330.0,0
HELLMANNS,SANTA ISABEL,Despensa,2820.0,0
CUISINE & CO,SANTA ISABEL,Despensa,6390.0,0
LUCCHETTI,SANTA ISABEL,Despensa,2490.0,0
HEINZ,SANTA ISABEL,Despensa,5890.0,0
BETTY CROCKER,SANTA ISABEL,Despensa,4830.0,0
IANSA AGRO,SANTA ISABEL,Despensa,3420.0,0
IANSA AGRO,SANTA ISABEL,Despensa,3420.0,0
ALACENA,SANTA ISABEL,Despensa,7580.0,0
YOUR GOAL,SANTA ISABEL,Despensa,7370.0,0
CUISINE & CO,SANTA ISABEL,Despensa,1490.0,0
CUISINE & CO,SANTA ISABEL,Despensa,1790.0,0
IANSA CERO K,SANTA ISABEL,Despensa,5050.0,0
CRUZEIRO,SANTA ISABEL,Despensa,3190.0,0
MUTTI,SANTA ISABEL,Despensa,2168.0,0
GOURMET,SANTA ISABEL,Despensa,2130.0,0
HELLMANNS,SANTA ISABEL,Despensa,3010.0,0
CHINO,SANTA ISABEL,Lacteos y Congelados,6440.0,0
IANSA AGRO,SANTA ISABEL,Despensa,2530.0,0
CUISINE & CO,SANTA ISABEL,Despensa,4230.0,0
MAXIMA,SANTA ISABEL,Despensa,6520.0,0
LOS BOLDOS,SANTA ISABEL,Despensa,3800.0,0
KIKKOMAN,SANTA ISABEL,Despensa,6550.0,0
MOTHERS MAID,SANTA ISABEL,Despensa,4590.0,0
SAN JOSE,SANTA ISABEL,Despensa,1860.0,0
TIA LIA,SANTA ISABEL,Despensa,950.0,0
CUISINE & CO,SANTA ISABEL,Despensa,2990.0,0
MAGGI,SANTA ISABEL,Lacteos y Congelados,630.0,0
MAGGI,SANTA ISABEL,Lacteos y Congelados,680.0,0
MAGGI,SANTA ISABEL,Lacteos y Congelados,630.0,0
MAGGI,SANTA ISABEL,Lacteos y Congelados,630.0,0
MAGGI,SANTA ISABEL,Lacteos y Congelados,680.0,0
IANSA CERO K,SANTA ISABEL,Despensa,3390.0,0
CARMENCITA,SANTA ISABEL,Despensa,1690.0,0
GOURMET,SANTA ISABEL,Despensa,610.0,0
TRAVERSO,SANTA ISABEL,Despensa,1790.0,0
CLUB,SANTA ISABEL,Despensa,4360.0,0
IMPERATORE,SANTA ISABEL,Despensa,3070.0,0
GOLD,SANTA ISABEL,Despensa,4490.0,0
GOURMET,SANTA ISABEL,Despensa,2130.0,0
GOURMET,SANTA ISABEL,Despensa,610.0,0
GOURMET,SANTA ISABEL,Despensa,1450.0,0
PERFECT CHOICE,SANTA ISABEL,Despensa,2860.0,0
CUISINE & CO,SANTA ISABEL,Despensa,1790.0,0
HELLMANNS,SANTA ISABEL,Despensa,1860.0,0
WAKAS,SANTA ISABEL,Despensa,2490.0,0
GOURMET,SANTA ISABEL,Despensa,2130.0,0
JUAN VALDEZ,SANTA ISABEL,Despensa,13930.0,0
CUISINE & CO,SANTA ISABEL,Despensa,990.0,0
KELLOGGS,SANTA ISABEL,Despensa,2080.0,0
NESCAFE,SANTA ISABEL,Despensa,1790.0,0
COLUN,SANTA ISABEL,Despensa,6840.0,0
ACONCAGUA,SANTA ISABEL,Despensa,1290.0,0
GOURMET,SANTA ISABEL,Despensa,4990.0,0
KRAFT,SANTA ISABEL,Despensa,2690.0,0
GOURMET,SANTA ISABEL,Despensa,1250.0,0
NESTLE,SANTA ISABEL,Despensa,2070.0,0
TWININGS,SANTA ISABEL,Despensa,3320.0,0
ROBINSON CRUSOE,SANTA ISABEL,Despensa,2990.0,0
GOURMET,SANTA ISABEL,Despensa,1300.0,0
SUPREMO,SANTA ISABEL,Despensa,3390.0,0
CUISINE & CO,SANTA ISABEL,Despensa,3650.0,0
NOTCO,SANTA ISABEL,Despensa,6540.0,0
DEL FONCE,SANTA ISABEL,Despensa,3290.0,0
EN LINEA,SANTA ISABEL,Despensa,3110.0,0
THE WILD FOODS,SANTA ISABEL,Despensa,5090.0,0
ROBINSON CRUSOE,SANTA ISABEL,Despensa,1950.0,0
CLUB,SANTA ISABEL,Despensa,3210.0,0
GOURMET,SANTA ISABEL,Despensa,2900.0,0
LIVEAN,SANTA ISABEL,Despensa,560.0,0
TALLIANI,SANTA ISABEL,Despensa,5090.0,0
CUISINE & CO,SANTA ISABEL,Despensa,1330.0,0
IANSA CERO K,SANTA ISABEL,Lacteos y Congelados,3850.0,0
DAILY,SANTA ISABEL,Lacteos y Congelados,3640.0,0
ALUSWEET,SANTA ISABEL,Lacteos y Congelados,3890.0,0
IANSA CERO K,SANTA ISABEL,Lacteos y Congelados,3790.0,0
IANSA CERO K,SANTA ISABEL,Lacteos y Congelados,3790.0,0
NUTELLA,SANTA ISABEL,Despensa,12490.0,0
GOURMET,SANTA ISABEL,Despensa,1300.0,0
TWININGS,SANTA ISABEL,Despensa,3320.0,0
DEYCO,SANTA ISABEL,Despensa,3320.0,0
MCCORMICK,SANTA ISABEL,Despensa,3190.0,0
ROBINSON CRUSOE,SANTA ISABEL,Despensa,2890.0,0
TAJIN,SANTA ISABEL,Despensa,7590.0,0
TABASCO,SANTA ISABEL,Despensa,7490.0,0
CHOVI,SANTA ISABEL,Despensa,7390.0,0
HELLMANNS,SANTA ISABEL,Despensa,3490.0,0
BICENTURY,SANTA ISABEL,Despensa,4390.0,0
PERFECT CHOICE,SANTA ISABEL,Despensa,4890.0,0
ACONCAGUA,SANTA ISABEL,Despensa,2250.0,0
TWININGS,SANTA ISABEL,Despensa,3320.0,0
IANSA CERO K,SANTA ISABEL,Despensa,2650.0,0
GOURMET,SANTA ISABEL,Despensa,1450.0,0
CUISINE & CO,SANTA ISABEL,Despensa,4060.0,0
CUISINE & CO,SANTA ISABEL,Despensa,3840.0,0
SPLENDA,SANTA ISABEL,Despensa,4590.0,0
STARBUCKS BY NESPRESSO,SANTA ISABEL,Despensa,6650.0,0
GOURMET,SANTA ISABEL,Despensa,3530.0,0
IANSA CERO K,SANTA ISABEL,Despensa,4050.0,0
GOURMET,SANTA ISABEL,Despensa,500.0,0
GOLD,SANTA ISABEL,Despensa,4490.0,0
BABY RAYS,SANTA ISABEL,Despensa,3190.0,0
QUILLAYES,SANTA ISABEL,Despensa,2990.0,0
COLA CAO,SANTA ISABEL,Despensa,3840.0,0
COLMENARES VILLA ALEMANA,SANTA ISABEL,Despensa,10600.0,0
COLUN,SANTA ISABEL,Despensa,7140.0,0
LIPTON,SANTA ISABEL,Despensa,2490.0,0
TRAVERSO,SANTA ISABEL,Despensa,2290.0,0
CUISINE & CO,SANTA ISABEL,Despensa,928.0,0
GOURMET,SANTA ISABEL,Despensa,1240.0,0
BEAR,SANTA ISABEL,Despensa,5810.0,0
GOURMET,SANTA ISABEL,Despensa,2650.0,0
MARUCHAN,SANTA ISABEL,Despensa,2230.0,0
CUISINE & CO,SANTA ISABEL,Despensa,2590.0,0
NESTLE,SANTA ISABEL,Despensa,4320.0,0
ALUSWEET,SANTA ISABEL,Despensa,8000.0,0
CUISINE & CO,SANTA ISABEL,Lacteos y Congelados,2990.0,0
CUISINE & CO,SANTA ISABEL,Lacteos y Congelados,3290.0,0
NUTELLA,SANTA ISABEL,Lacteos y Congelados,6790.0,0
AMERICAN CLASSIC,SANTA ISABEL,Lacteos y Congelados,2590.0,0
LA FUENTE NATURAL,SANTA ISABEL,Despensa,1950.0,0
GOURMET,SANTA ISABEL,Despensa,220.0,0
TRAVERSO,SANTA ISABEL,Despensa,1450.0,0
MCCORMICK,SANTA ISABEL,Despensa,7990.0,0
COLA CAO,SANTA ISABEL,Despensa,2450.0,0
ESMERALDA,SANTA ISABEL,Despensa,3210.0,0
WAKAS,SANTA ISABEL,Despensa,2490.0,0
TRAVERSO,SANTA ISABEL,Despensa,2490.0,0
NOTCO,SANTA ISABEL,Despensa,6590.0,0
DOS CABALLOS,SANTA ISABEL,Despensa,2550.0,0
GOURMET,SANTA ISABEL,Despensa,1760.0,0
GOURMET,SANTA ISABEL,Despensa,500.0,0
BABY RAYS,SANTA ISABEL,Despensa,3190.0,0
GOURMET,SANTA ISABEL,Despensa,500.0,0
PERFECT CHOICE,SANTA ISABEL,Despensa,3840.0,0
CUISINE & CO,SANTA ISABEL,Despensa,3490.0,0
TRAVERSO,SANTA ISABEL,Despensa,2190.0,0
CUISINE & CO,SANTA ISABEL,Despensa,990.0,0
MCCORMICK,SANTA ISABEL,Despensa,3990.0,0
GOURMET,SANTA ISABEL,Despensa,1290.0,0
EXOTIC FOOD,SANTA ISABEL,Despensa,1533.0,0
GOURMET,SANTA ISABEL,Despensa,2190.0,0
CARMENCITA,SANTA ISABEL,Despensa,1690.0,0
HEINZ,SANTA ISABEL,Despensa,7250.0,0
GOURMET,SANTA ISABEL,Despensa,2690.0,0
GOURMET,SANTA ISABEL,Despensa,710.0,0
AMBROSOLI,SANTA ISABEL,Despensa,3590.0,0
CHOVI,SANTA ISABEL,Despensa,3290.0,0
CUISINE & CO,SANTA ISABEL,Despensa,1190.0,0
BICENTURY,SANTA ISABEL,Despensa,4290.0,0
CUISINE & CO,SANTA ISABEL,Despensa,1330.0,0
HELLMANNS,SANTA ISABEL,Despensa,1510.0,0
TRAVERSO,SANTA ISABEL,Despensa,2170.0,0
CUISINE & CO,SANTA ISABEL,Despensa,3790.0,0
TWININGS,SANTA ISABEL,Despensa,3320.0,0
LA CRIOLLA,SANTA ISABEL,Despensa,3990.0,0
MARLEY COFFEE,SANTA ISABEL,Despensa,4890.0,0
NATUREZZA,SANTA ISABEL,Despensa,290.0,0
ST DALFOUR,SANTA ISABEL,Despensa,4980.0,0
CRUZEIRO,SANTA ISABEL,Despensa,3190.0,0
CUISINE & CO,SANTA ISABEL,Lacteos y Congelados,880.0,0
GOURMET,SANTA ISABEL,Lacteos y Congelados,1090.0,0
CUISINE & CO,SANTA ISABEL,Lacteos y Congelados,1350.0,0
GOURMET,SANTA ISABEL,Lacteos y Congelados,500.0,0
GOURMET,SANTA ISABEL,Lacteos y Congelados,1760.0,0
IANSA AGRO,SANTA ISABEL,Despensa,3420.0,0
CUISINE & CO,SANTA ISABEL,Despensa,3870.0,0
THE WILD FOODS,SANTA ISABEL,Despensa,1490.0,0
COLUN,SANTA ISABEL,Despensa,500.0,0
EN LINEA,SANTA ISABEL,Despensa,3110.0,0
CAROZZI,SANTA ISABEL,Despensa,2490.0,0
CHOCAPIC,SANTA ISABEL,Despensa,3420.0,0
LA COSTEÑA,SANTA ISABEL,Despensa,3010.0,0
CUISINE & CO,SANTA ISABEL,Despensa,3340.0,0
ROBINSON CRUSOE,SANTA ISABEL,Despensa,1950.0,0
SUPREMO,SANTA ISABEL,Despensa,3390.0,0
DAILY,SANTA ISABEL,Despensa,2530.0,0
DEYCO,SANTA ISABEL,Despensa,2690.0,0
CUISINE & CO,SANTA ISABEL,Despensa,3870.0,0
MONTECRISTO,SANTA ISABEL,Despensa,5490.0,0
ORGRAN,SANTA ISABEL,Despensa,4690.0,0
CUISINE & CO,SANTA ISABEL,Despensa,928.0,0
NATURALIST,SANTA ISABEL,Despensa,1684.0,0
NOTCO,SANTA ISABEL,Despensa,5190.0,0
PROVENZAL,SANTA ISABEL,Despensa,3070.0,0
LA COSTEÑA,SANTA ISABEL,Despensa,1820.0,0
CUISINE & CO,SANTA ISABEL,Despensa,928.0,0
EN LINEA,SANTA ISABEL,Despensa,2990.0,0
IANSA CERO K,SANTA ISABEL,Despensa,6230.0,0
CUISINE & CO,SANTA ISABEL,Despensa,3870.0,0
EXOTIC FOOD,SANTA ISABEL,Despensa,1533.0,0
LA FUENTE NATURAL,SANTA ISABEL,Despensa,2830.0,0
GOURMET,SANTA ISABEL,Despensa,700.0,0
DE CAMACHO,SANTA ISABEL,Despensa,2380.0,0
GOLD,SANTA ISABEL,Despensa,6928.0,0
CUISINE & CO,SANTA ISABEL,Despensa,4170.0,0
GOURMET,SANTA ISABEL,Despensa,3110.0,0
CUISINE & CO,SANTA ISABEL,Despensa,4050.0,0
SATURNO,SANTA ISABEL,Despensa,12490.0,0
COSTA,SANTA ISABEL,Despensa,3940.0,0
GOLD,SANTA ISABEL,Despensa,4490.0,0
GOURMET,SANTA ISABEL,Despensa,1760.0,0
CUISINE & CO,SANTA ISABEL,Despensa,3490.0,0
TRAVERSO,SANTA ISABEL,Despensa,3130.0,0
LA COSTEÑA,SANTA ISABEL,Despensa,3010.0,0
WASIL,SANTA ISABEL,Lacteos y Congelados,1490.0,0
WASIL,SANTA ISABEL,Lacteos y Congelados,1450.0,0
WASIL,SANTA ISABEL,Lacteos y Congelados,1450.0,0
WASIL,SANTA ISABEL,Lacteos y Congelados,2860.0,0
WASIL,SANTA ISABEL,Lacteos y Congelados,2860.0,0
CUISINE & CO,SANTA ISABEL,Despensa,3790.0,0
CARMENCITA,SANTA ISABEL,Despensa,3290.0,0
LOCOS X EL ASADO,SANTA ISABEL,Despensa,2730.0,0
CUISINE & CO,SANTA ISABEL,Despensa,1790.0,0
PANCHO VILLA,SANTA ISABEL,Despensa,3840.0,0
ACONCAGUA,SANTA ISABEL,Despensa,1150.0,0
IANSA CERO K,SANTA ISABEL,Despensa,4290.0,0
GOURMET,SANTA ISABEL,Despensa,2150.0,0
CUISINE & CO,SANTA ISABEL,Despensa,3240.0,0
ACONCAGUA,SANTA ISABEL,Despensa,1290.0,0
TRAVERSO,SANTA ISABEL,Despensa,3550.0,0
MILO,SANTA ISABEL,Despensa,3940.0,0
THE WILD FOODS,SANTA ISABEL,Despensa,17490.0,0
MAGGI,SANTA ISABEL,Despensa,1090.0,0
CUISINE & CO,SANTA ISABEL,Despensa,3690.0,0
HEINZ,SANTA ISABEL,Despensa,3840.0,0
GOURMET,SANTA ISABEL,Despensa,2550.0,0
CUISINE & CO,SANTA ISABEL,Despensa,3490.0,0
BEAR,SANTA ISABEL,Despensa,5590.0,0
GOURMET,SANTA ISABEL,Despensa,4770.0,0
KIKKOMAN,SANTA ISABEL,Despensa,4350.0,0
ORGRAN,SANTA ISABEL,Despensa,4290.0,0
DOS CABALLOS,SANTA ISABEL,Despensa,1790.0,0
CUISINE & CO,SANTA ISABEL,Despensa,990.0,0
ST DALFOUR,SANTA ISABEL,Despensa,4980.0,0
LA COSTEÑA,SANTA ISABEL,Despensa,1690.0,0
ACONCAGUA,SANTA ISABEL,Despensa,1200.0,0
LOS BOLDOS,SANTA ISABEL,Despensa,3790.0,0
TRAVERSO,SANTA ISABEL,Despensa,3890.0,0
NESCAFE DOLCE GUSTO,SANTA ISABEL,Despensa,5990.0,0
CRE-MOS,SANTA ISABEL,Despensa,1450.0,0
SPECIA,SANTA ISABEL,Despensa,6020.0,0
MAGGI,SANTA ISABEL,Despensa,950.0,0
THE WILD FOODS,SANTA ISABEL,Despensa,1490.0,0
IANSA AGRO,SANTA ISABEL,Despensa,2090.0,0
GOURMET,SANTA ISABEL,Despensa,2690.0,0
CUISINE & CO,SANTA ISABEL,Despensa,4170.0,0
CUISINE & CO,SANTA ISABEL,Despensa,3830.0,0
ALCAFOOD,SANTA ISABEL,Despensa,6850.0,0
MAGGI,SANTA ISABEL,Despensa,680.0,0
ALACENA,SANTA ISABEL,Despensa,7160.0,0
PASSAGE FOODS,SANTA ISABEL,Despensa,2490.0,0
DON JUAN,SANTA ISABEL,Despensa,1820.0,0
NOTCO,SANTA ISABEL,Despensa,3650.0,0
NOTCO,SANTA ISABEL,Despensa,3650.0,0
ACONCAGUA,SANTA ISABEL,Despensa,1290.0,0
TALLIANI,SANTA ISABEL,Despensa,2290.0,0
MCCORMICK,SANTA ISABEL,Despensa,3990.0,0
CUISINE & CO,SANTA ISABEL,Despensa,3640.0,0
UNDERWOOD,SANTA ISABEL,Despensa,4570.0,0
GOURMET,SANTA ISABEL,Despensa,4570.0,0
INFERNO,SANTA ISABEL,Despensa,2390.0,0
KIKKOMAN,SANTA ISABEL,Despensa,4790.0,0
ALACENA,SANTA ISABEL,Despensa,1000.0,0
LA COSTEÑA,SANTA ISABEL,Despensa,2960.0,0
CHOLULA,SANTA ISABEL,Despensa,3090.0,0
CUISINE & CO,SANTA ISABEL,Despensa,3790.0,0
INFERNO,SANTA ISABEL,Despensa,2440.0,0
INFERNO,SANTA ISABEL,Despensa,2440.0,0
GOURMET,SANTA ISABEL,Despensa,2290.0,0
LA COSTEÑA,SANTA ISABEL,Despensa,1820.0,0
QUILLAYES,SANTA ISABEL,Despensa,2990.0,0
CUISINE & CO,SANTA ISABEL,Despensa,3870.0,0
MI PLANTA MORRON,SANTA ISABEL,Despensa,2880.0,0
MI PLANTA MORRON,SANTA ISABEL,Despensa,2830.0,0
GOURMET,SANTA ISABEL,Despensa,4990.0,0
LA COSTEÑA,SANTA ISABEL,Despensa,1690.0,0
HEINZ,SANTA ISABEL,Despensa,3290.0,0
LA COSTEÑA,SANTA ISABEL,Despensa,2850.0,0
ACONCAGUA,SANTA ISABEL,Despensa,1200.0,0
NAKD,SANTA ISABEL,Despensa,5090.0,0
CUISINE & CO,SANTA ISABEL,Despensa,3790.0,0
ACONCAGUA,SANTA ISABEL,Despensa,1200.0,0
GOURMET,SANTA ISABEL,Despensa,4460.0,0
VIVO,SANTA ISABEL,Despensa,900.0,0
CUISINE & CO,SANTA ISABEL,Despensa,1790.0,0
SANTA ISABEL,SANTA ISABEL,Despensa,2250.0,0
LA COSTEÑA,SANTA ISABEL,Despensa,1990.0,0
CUISINE & CO,SANTA ISABEL,Despensa,3640.0,0
GOURMET,SANTA ISABEL,Despensa,2960.0,0
EXOTIC FOOD,SANTA ISABEL,Despensa,1533.0,0
MAXIMA,SANTA ISABEL,Despensa,1570.0,0
MCCORMICK,SANTA ISABEL,Despensa,1490.0,0
LOBOS,SANTA ISABEL,Despensa,2340.0,0
MILO,SANTA ISABEL,Despensa,3890.0,0
GOURMET,SANTA ISABEL,Despensa,1990.0,0
CUISINE & CO,SANTA ISABEL,Despensa,1790.0,0
CRE-MOS,SANTA ISABEL,Despensa,1450.0,0
MI PLANTA MORRON,SANTA ISABEL,Despensa,2830.0,0
CUISINE & CO,SANTA ISABEL,Despensa,1790.0,0
COSTA,SANTA ISABEL,Despensa,1350.0,0
CUISINE & CO,SANTA ISABEL,Despensa,4230.0,0
COSTA,SANTA ISABEL,Despensa,1350.0,0
GOURMET,SANTA ISABEL,Despensa,740.0,0
CUISINE & CO,SANTA ISABEL,Despensa,2390.0,0
COSTA,SANTA ISABEL,Despensa,1350.0,0
VIVO,SANTA ISABEL,Despensa,940.0,0
NAKD,SANTA ISABEL,Despensa,5290.0,0
GOURMET,SANTA ISABEL,Despensa,4550.0,0
CUISINE & CO,SANTA ISABEL,Despensa,3490.0,0
COLUN,SANTA ISABEL,Despensa,71880.0,0
GOURMET,SANTA ISABEL,Despensa,4730.0,0
ST DALFOUR,SANTA ISABEL,Despensa,4980.0,0
GOURMET,SANTA ISABEL,Despensa,4790.0,0
CUISINE & CO,SANTA ISABEL,Despensa,3190.0,0
GOURMET,SANTA ISABEL,Despensa,4670.0,0
KRAFT,SANTA ISABEL,Despensa,4090.0,0
LOCOS X EL ASADO,SANTA ISABEL,Despensa,2730.0,0
INFERNO,SANTA ISABEL,Despensa,2390.0,0
CUISINE & CO,SANTA ISABEL,Despensa,2390.0,0
LA COSTEÑA,SANTA ISABEL,Despensa,2850.0,0
CRE-MOS,SANTA ISABEL,Despensa,1450.0,0
NOTCO,SANTA ISABEL,Despensa,4190.0,0
MONT BLANC,SANTA ISABEL,Despensa,2130.0,0
NOTCO,SANTA ISABEL,Despensa,4190.0,0
CUISINE & CO,SANTA ISABEL,Despensa,1790.0,0
CUISINE & CO,SANTA ISABEL,Despensa,2390.0,0
GOURMET,SANTA ISABEL,Lacteos y Congelados,3220.0,0
CUISINE & CO,SANTA ISABEL,Lacteos y Congelados,2790.0,0
GOURMET,SANTA ISABEL,Lacteos y Congelados,3530.0,0
PEARL RIVER BRIDGE,SANTA ISABEL,Lacteos y Congelados,3190.0,0
DON JUAN,SANTA ISABEL,Lacteos y Congelados,1130.0,0
SAN JOSE,SANTA ISABEL,Lacteos y Congelados,1490.0,0
SAN JOSE,SANTA ISABEL,Lacteos y Congelados,1450.0,0
SAN JOSE,SANTA ISABEL,Lacteos y Congelados,1450.0,0
SAN JOSE,SANTA ISABEL,Lacteos y Congelados,1450.0,0
NESCAFE,SANTA ISABEL,Lacteos y Congelados,8790.0,0
CUISINE & CO,SANTA ISABEL,Lacteos y Congelados,990.0,0
MAXIMA,SANTA ISABEL,Lacteos y Congelados,1490.0,0
NESCAFE,SANTA ISABEL,Lacteos y Congelados,12990.0,0
SAN JOSE,SANTA ISABEL,Lacteos y Congelados,2190.0,0
CUISINE & CO,SANTA ISABEL,Lacteos y Congelados,970.0,0
IANSA,SANTA ISABEL,Lacteos y Congelados,990.0,0
CUISINE & CO,SANTA ISABEL,Lacteos y Congelados,2430.0,0
CHEF,SANTA ISABEL,Lacteos y Congelados,3560.0,0
BANQUETE,SANTA ISABEL,Lacteos y Congelados,1690.0,0
CAROZZI,SANTA ISABEL,Lacteos y Congelados,790.0,0
MIRAFLORES,SANTA ISABEL,Lacteos y Congelados,2000.0,0
CUISINE & CO,SANTA ISABEL,Lacteos y Congelados,1260.0,0
LUCCHETTI,SANTA ISABEL,Lacteos y Congelados,1050.0,0
TUCAPEL,SANTA ISABEL,Lacteos y Congelados,2350.0,0
TUCAPEL,SANTA ISABEL,Lacteos y Congelados,2000.0,0
CUISINE & CO,SANTA ISABEL,Lacteos y Congelados,1790.0,0
MONT BLANC,SANTA ISABEL,Lacteos y Congelados,1090.0,0
MAXIMA,SANTA ISABEL,Lacteos y Congelados,950.0,0
NESTLE,SANTA ISABEL,Lacteos y Congelados,1000.0,0
CAROZZI,SANTA ISABEL,Lacteos y Congelados,790.0,0
IANSA,SANTA ISABEL,Lacteos y Congelados,1420.0,0
MAXIMA,SANTA ISABEL,Lacteos y Congelados,950.0,0
CUISINE & CO,SANTA ISABEL,Lacteos y Congelados,840.0,0
LUCCHETTI,SANTA ISABEL,Lacteos y Congelados,1050.0,0
MAXIMA,SANTA ISABEL,Lacteos y Congelados,870.0,0
CHEF,SANTA ISABEL,Lacteos y Congelados,8990.0,0
MILDRED TEA,SANTA ISABEL,Lacteos y Congelados,2390.0,0
SUPREMO,SANTA ISABEL,Lacteos y Congelados,4890.0,0
CUISINE & CO,SANTA ISABEL,Lacteos y Congelados,840.0,0
NESTLE,SANTA ISABEL,Lacteos y Congelados,1290.0,0
CHEF,SANTA ISABEL,Lacteos y Congelados,14880.0,0
MONT BLANC,SANTA ISABEL,Lacteos y Congelados,1090.0,0
CUISINE & CO,SANTA ISABEL,Lacteos y Congelados,840.0,0
ROBINSON CRUSOE,SANTA ISABEL,Lacteos y Congelados,1490.0,0
MAXIMA,SANTA ISABEL,Lacteos y Congelados,890.0,0
VIVO,SANTA ISABEL,Lacteos y Congelados,1990.0,0
BELMONT,SANTA ISABEL,Lacteos y Congelados,2590.0,0
CUISINE & CO,SANTA ISABEL,Lacteos y Congelados,3650.0,0
SUPREMO,SANTA ISABEL,Lacteos y Congelados,2990.0,0
TALLIANI,SANTA ISABEL,Lacteos y Congelados,1000.0,0
LOBOS,SANTA ISABEL,Lacteos y Congelados,530.0,0
KRAFT,SANTA ISABEL,Lacteos y Congelados,7030.0,0
HELLMANNS,SANTA ISABEL,Lacteos y Congelados,3190.0,0
CAROZZI,SANTA ISABEL,Lacteos y Congelados,790.0,0
SUPREMO,SANTA ISABEL,Lacteos y Congelados,890.0,0
CUISINE & CO,SANTA ISABEL,Lacteos y Congelados,840.0,0
GOLD,SANTA ISABEL,Lacteos y Congelados,5450.0,0
CUISINE & CO,SANTA ISABEL,Lacteos y Congelados,1870.0,0
CAROZZI,SANTA ISABEL,Lacteos y Congelados,790.0,0
CUISINE & CO,SANTA ISABEL,Lacteos y Congelados,4490.0,0
CAROZZI,SANTA ISABEL,Lacteos y Congelados,2030.0,0
MAXIMA,SANTA ISABEL,Lacteos y Congelados,480.0,0
MIRAFLORES,SANTA ISABEL,Lacteos y Congelados,1990.0,0
LUCCHETTI,SANTA ISABEL,Lacteos y Congelados,1050.0,0
CUISINE & CO,SANTA ISABEL,Lacteos y Congelados,2490.0,0
CUISINE & CO,SANTA ISABEL,Lacteos y Congelados,670.0,0
CAROZZI,SANTA ISABEL,Lacteos y Congelados,790.0,0
DE REYES,SANTA ISABEL,Lacteos y Congelados,1190.0,0
VAN CAMPS,SANTA ISABEL,Lacteos y Congelados,1950.0,0
CUISINE & CO,SANTA ISABEL,Lacteos y Congelados,2450.0,0
MAXIMA,SANTA ISABEL,Lacteos y Congelados,480.0,0
CUISINE & CO,SANTA ISABEL,Lacteos y Congelados,1000.0,0
IANSA,SANTA ISABEL,Lacteos y Congelados,1400.0,0
KRAFT,SANTA ISABEL,Lacteos y Congelados,3990.0,0
CAROZZI,SANTA ISABEL,Lacteos y Congelados,790.0,0
HUASCO,SANTA ISABEL,Lacteos y Congelados,14990.0,0
CUISINE & CO,SANTA ISABEL,Lacteos y Congelados,670.0,0
GOLD,SANTA ISABEL,Lacteos y Congelados,7490.0,0
TALLIANI,SANTA ISABEL,Lacteos y Congelados,1000.0,0
HELLMANNS,SANTA ISABEL,Lacteos y Congelados,5190.0,0
TUCAPEL,SANTA ISABEL,Lacteos y Congelados,1150.0,0
LUCCHETTI,SANTA ISABEL,Lacteos y Congelados,1050.0,0
NATURA,SANTA ISABEL,Lacteos y Congelados,3490.0,0
LONCOLECHE,SANTA ISABEL,Lacteos y Congelados,1370.0,0
VIVO,SANTA ISABEL,Lacteos y Congelados,520.0,0
MIRAFLORES,SANTA ISABEL,Lacteos y Congelados,1990.0,0
CUISINE & CO,SANTA ISABEL,Lacteos y Congelados,890.0,0
VAN CAMPS,SANTA ISABEL,Lacteos y Congelados,1950.0,0
NESCAFE,SANTA ISABEL,Lacteos y Congelados,8310.0,0
CAROZZI,SANTA ISABEL,Lacteos y Congelados,790.0,0
CUISINE & CO,SANTA ISABEL,Lacteos y Congelados,1000.0,0
LUCCHETTI,SANTA ISABEL,Lacteos y Congelados,1050.0,0
MAXIMA,SANTA ISABEL,Lacteos y Congelados,8590.0,0
MILO,SANTA ISABEL,Lacteos y Congelados,2690.0,0
WATTS,SANTA ISABEL,Lacteos y Congelados,1230.0,0
COLUN,SANTA ISABEL,Lacteos y Congelados,1190.0,0
HELLMANNS,SANTA ISABEL,Lacteos y Congelados,2890.0,0
NESCAFE,SANTA ISABEL,Lacteos y Congelados,5150.0,0
QUAKER,SANTA ISABEL,Lacteos y Congelados,2500.0,0
CAROZZI,SANTA ISABEL,Lacteos y Congelados,1170.0,0
POMAROLA,SANTA ISABEL,Lacteos y Congelados,850.0,0
CUISINE & CO,SANTA ISABEL,Lacteos y Congelados,950.0,0
CAROZZI,SANTA ISABEL,Lacteos y Congelados,790.0,0
MAXIMA,SANTA ISABEL,Lacteos y Congelados,480.0,0
CAROZZI,SANTA ISABEL,Lacteos y Congelados,790.0,0
MAXIMA,SANTA ISABEL,Lacteos y Congelados,1450.0,0
GOURMET,SANTA ISABEL,Lacteos y Congelados,980.0,0
TRIX,SANTA ISABEL,Lacteos y Congelados,2690.0,0
WATTS,SANTA ISABEL,Lacteos y Congelados,1210.0,0
MAGGI,SANTA ISABEL,Lacteos y Congelados,1650.0,0
SOPROLE,SANTA ISABEL,Lacteos y Congelados,4990.0,0
MAXIMA,SANTA ISABEL,Lacteos y Congelados,720.0,0
CUISINE & CO,SANTA ISABEL,Lacteos y Congelados,3190.0,0
SUPERIOR,SANTA ISABEL,Lacteos y Congelados,3420.0,0
GIADA,SANTA ISABEL,Lacteos y Congelados,11190.0,0
MARTINI,SANTA ISABEL,Lacteos y Congelados,1820.0,0
SOPROLE,SANTA ISABEL,Lacteos y Congelados,1290.0,0
HELLMANNS,SANTA ISABEL,Lacteos y Congelados,2490.0,0
SUPREMO,SANTA ISABEL,Lacteos y Congelados,2890.0,0
KRAFT,SANTA ISABEL,Lacteos y Congelados,9890.0,0
KRAFT,SANTA ISABEL,Lacteos y Congelados,4690.0,0
MIRAFLORES,SANTA ISABEL,Lacteos y Congelados,2190.0,0
TRATTORIA,SANTA ISABEL,Lacteos y Congelados,1190.0,0
CUISINE & CO,SANTA ISABEL,Lacteos y Congelados,970.0,0
TRATTORIA,SANTA ISABEL,Lacteos y Congelados,1190.0,0
TALLIANI,SANTA ISABEL,Lacteos y Congelados,1000.0,0
VIVO,SANTA ISABEL,Lacteos y Congelados,520.0,0
MAXIMA,SANTA ISABEL,Lacteos y Congelados,480.0,0
MILDRED TEA,SANTA ISABEL,Lacteos y Congelados,2390.0,0
COSTA,SANTA ISABEL,Lacteos y Congelados,3490.0,0
NATUR,SANTA ISABEL,Lacteos y Congelados,440.0,0
SUPREMO,SANTA ISABEL,Lacteos y Congelados,1390.0,0
COLLICO,SANTA ISABEL,Lacteos y Congelados,250.0,0
HELLMANNS,SANTA ISABEL,Lacteos y Congelados,3420.0,0
NATUR,SANTA ISABEL,Lacteos y Congelados,440.0,0
SURLAT,SANTA ISABEL,Lacteos y Congelados,1340.0,0
NESCAFE,SANTA ISABEL,Lacteos y Congelados,5500.0,0
CUISINE & CO,SANTA ISABEL,Lacteos y Congelados,950.0,0
CUISINE & CO,SANTA ISABEL,Lacteos y Congelados,930.0,0
CAROZZI,SANTA ISABEL,Lacteos y Congelados,2290.0,0
BANQUETE,SANTA ISABEL,Lacteos y Congelados,17360.0,0
SAN JOSE,SANTA ISABEL,Lacteos y Congelados,1940.0,0
CUISINE & CO,SANTA ISABEL,Lacteos y Congelados,460.0,0
WATTS,SANTA ISABEL,Lacteos y Congelados,1530.0,0
NESCAFE,SANTA ISABEL,Lacteos y Congelados,2990.0,0
WASIL,SANTA ISABEL,Lacteos y Congelados,1720.0,0
SUPREMO,SANTA ISABEL,Lacteos y Congelados,2390.0,0
VIVO,SANTA ISABEL,Lacteos y Congelados,520.0,0
HUASCO,SANTA ISABEL,Lacteos y Congelados,7990.0,0
COSTA,SANTA ISABEL,Lacteos y Congelados,1920.0,0
SUPREMO,SANTA ISABEL,Lacteos y Congelados,1200.0,0
CUISINE & CO,SANTA ISABEL,Lacteos y Congelados,2450.0,0
CUISINE & CO,SANTA ISABEL,Lacteos y Congelados,3420.0,0
CAROZZI,SANTA ISABEL,Lacteos y Congelados,1590.0,0
CUISINE & CO,SANTA ISABEL,Lacteos y Congelados,10590.0,0
CUISINE & CO,SANTA ISABEL,Lacteos y Congelados,1890.0,0
MAXIMA,SANTA ISABEL,Lacteos y Congelados,1450.0,0
LUCCHETTI,SANTA ISABEL,Lacteos y Congelados,1050.0,0
MAXIMA,SANTA ISABEL,Lacteos y Congelados,1430.0,0
BANQUETE,SANTA ISABEL,Lacteos y Congelados,3490.0,0
WATTS,SANTA ISABEL,Lacteos y Congelados,1530.0,0
LUCCHETTI,SANTA ISABEL,Lacteos y Congelados,1050.0,0
CRUZEIRO,SANTA ISABEL,Lacteos y Congelados,8590.0,0
CUISINE & CO,SANTA ISABEL,Lacteos y Congelados,1520.0,0
WATTS,SANTA ISABEL,Lacteos y Congelados,490.0,0
LUCCHETTI,SANTA ISABEL,Lacteos y Congelados,770.0,0
CAROZZI,SANTA ISABEL,Lacteos y Congelados,950.0,0
WATTS,SANTA ISABEL,Lacteos y Congelados,1210.0,0
CUISINE & CO,SANTA ISABEL,Lacteos y Congelados,1490.0,0
TALLIANI,SANTA ISABEL,Lacteos y Congelados,1000.0,0
LUCCHETTI,SANTA ISABEL,Lacteos y Congelados,1090.0,0
MAXIMA,SANTA ISABEL,Lacteos y Congelados,2890.0,0
VIVO,SANTA ISABEL,Lacteos y Congelados,2190.0,0
IANSA,SANTA ISABEL,Lacteos y Congelados,990.0,0
CUISINE & CO,SANTA ISABEL,Lacteos y Congelados,550.0,0
VIVO,SANTA ISABEL,Lacteos y Congelados,520.0,0
CUISINE & CO,SANTA ISABEL,Lacteos y Congelados,470.0,0
MARLEY COFFEE,SANTA ISABEL,Lacteos y Congelados,7590.0,0
COSTA,SANTA ISABEL,Lacteos y Congelados,1920.0,0
CUISINE & CO,SANTA ISABEL,Lacteos y Congelados,2610.0,0
CUISINE & CO,SANTA ISABEL,Lacteos y Congelados,4440.0,0
ECCO,SANTA ISABEL,Lacteos y Congelados,3630.0,0
LIPTON,SANTA ISABEL,Lacteos y Congelados,7440.0,0
TALLIANI,SANTA ISABEL,Lacteos y Congelados,1000.0,0
LUCCHETTI,SANTA ISABEL,Lacteos y Congelados,1050.0,0
MIRAFLORES,SANTA ISABEL,Lacteos y Congelados,3150.0,0
MONTECRISTO,SANTA ISABEL,Lacteos y Congelados,6390.0,0
HUASCO,SANTA ISABEL,Lacteos y Congelados,25990.0,0
HELLMANNS,SANTA ISABEL,Lacteos y Congelados,3890.0,0
CUISINE & CO,SANTA ISABEL,Lacteos y Congelados,580.0,0
CUISINE & CO,SANTA ISABEL,Lacteos y Congelados,1080.0,0
HEINZ,SANTA ISABEL,Lacteos y Congelados,3390.0,0
CUISINE & CO,SANTA ISABEL,Lacteos y Congelados,790.0,0
VIVO,SANTA ISABEL,Lacteos y Congelados,3290.0,0
CAROZZI,SANTA ISABEL,Lacteos y Congelados,1170.0,0
HOFFMANN,SANTA ISABEL,Lacteos y Congelados,1990.0,0
COLLICO,SANTA ISABEL,Lacteos y Congelados,2280.0,0
ROBINSON CRUSOE,SANTA ISABEL,Lacteos y Congelados,3590.0,0
GOLD,SANTA ISABEL,Lacteos y Congelados,5450.0,0
CUISINE & CO,SANTA ISABEL,Lacteos y Congelados,1690.0,0
WATTS,SANTA ISABEL,Lacteos y Congelados,490.0,0
TRATTORIA,SANTA ISABEL,Lacteos y Congelados,1190.0,0
CAROZZI,SANTA ISABEL,Lacteos y Congelados,790.0,0
NESCAFE,SANTA ISABEL,Lacteos y Congelados,8490.0,0
OLIVO DE PLATA,SANTA ISABEL,Lacteos y Congelados,16490.0,0
TRAVERSO,SANTA ISABEL,Lacteos y Congelados,1200.0,0
MONTERREY,SANTA ISABEL,Lacteos y Congelados,4490.0,0
POMAROLA,SANTA ISABEL,Lacteos y Congelados,960.0,0
CARICIA,SANTA ISABEL,Lacteos y Congelados,880.0,0
CUISINE & CO,SANTA ISABEL,Lacteos y Congelados,470.0,0
MAXIMA,SANTA ISABEL,Lacteos y Congelados,580.0,0
IMPERIAL,SANTA ISABEL,Lacteos y Congelados,890.0,0
GOLD,SANTA ISABEL,Lacteos y Congelados,6890.0,0
PILLOWS,SANTA ISABEL,Lacteos y Congelados,2890.0,0
ROBINSON CRUSOE,SANTA ISABEL,Lacteos y Congelados,1690.0,0
QUAKER,SANTA ISABEL,Lacteos y Congelados,2590.0,0
HEINZ,SANTA ISABEL,Lacteos y Congelados,920.0,0
ESMERALDA,SANTA ISABEL,Lacteos y Congelados,750.0,0
CUISINE & CO,SANTA ISABEL,Lacteos y Congelados,470.0,0
CUISINE & CO,SANTA ISABEL,Lacteos y Congelados,490.0,0
CAROZZI,SANTA ISABEL,Lacteos y Congelados,1630.0,0
CAROZZI,SANTA ISABEL,Lacteos y Congelados,960.0,0
CUISINE & CO,SANTA ISABEL,Lacteos y Congelados,580.0,0
MAXIMA,SANTA ISABEL,Lacteos y Congelados,580.0,0
MAGGI,SANTA ISABEL,Lacteos y Congelados,720.0,0
CUISINE & CO,SANTA ISABEL,Lacteos y Congelados,260.0,0
NATUR,SANTA ISABEL,Lacteos y Congelados,440.0,0
THE WILD FOODS,SANTA ISABEL,Lacteos y Congelados,4990.0,0
ANGELMO,SANTA ISABEL,Lacteos y Congelados,1550.0,0
LIPTON,SANTA ISABEL,Lacteos y Congelados,4790.0,0
CUISINE & CO,SANTA ISABEL,Lacteos y Congelados,1990.0,0
CUISINE & CO,SANTA ISABEL,Lacteos y Congelados,990.0,0
TALLIANI,SANTA ISABEL,Lacteos y Congelados,1000.0,0
JB,SANTA ISABEL,Lacteos y Congelados,1920.0,0
IANSA AGRO,SANTA ISABEL,Lacteos y Congelados,2890.0,0
KELLOGGS,SANTA ISABEL,Lacteos y Congelados,4670.0,0
CUISINE & CO,SANTA ISABEL,Lacteos y Congelados,1590.0,0
TALLIANI,SANTA ISABEL,Lacteos y Congelados,14390.0,0
CUISINE & CO,SANTA ISABEL,Lacteos y Congelados,1690.0,0
VIVO,SANTA ISABEL,Lacteos y Congelados,2190.0,0
COLA CAO,SANTA ISABEL,Lacteos y Congelados,5690.0,0
MAXIMA,SANTA ISABEL,Lacteos y Congelados,580.0,0
MAGGI,SANTA ISABEL,Lacteos y Congelados,720.0,0
MUTTI,SANTA ISABEL,Lacteos y Congelados,3143.0,0
CHOCAPIC,SANTA ISABEL,Lacteos y Congelados,3690.0,0
DILMAH,SANTA ISABEL,Lacteos y Congelados,5990.0,0
TUCAPEL,SANTA ISABEL,Lacteos y Congelados,2490.0,0
EN LINEA,SANTA ISABEL,Lacteos y Congelados,1790.0,0
CUISINE & CO,SANTA ISABEL,Lacteos y Congelados,1890.0,0
MONTERREY,SANTA ISABEL,Lacteos y Congelados,4490.0,0
COSTA,SANTA ISABEL,Lacteos y Congelados,1920.0,0
HEINZ,SANTA ISABEL,Lacteos y Congelados,1820.0,0
MAXIMA,SANTA ISABEL,Lacteos y Congelados,1430.0,0
CUISINE & CO,SANTA ISABEL,Lacteos y Congelados,950.0,0
CUISINE & CO,SANTA ISABEL,Lacteos y Congelados,2360.0,0
HAITI,SANTA ISABEL,Lacteos y Congelados,5400.0,0
DAROMA,SANTA ISABEL,Lacteos y Congelados,5610.0,0
NESCAFE,SANTA ISABEL,Lacteos y Congelados,16110.0,0
QUAKER,SANTA ISABEL,Lacteos y Congelados,2630.0,0
WATTS,SANTA ISABEL,Lacteos y Congelados,490.0,0
CUISINE & CO,SANTA ISABEL,Lacteos y Congelados,4190.0,0
NESTLE,SANTA ISABEL,Lacteos y Congelados,1450.0,0
CUISINE & CO,SANTA ISABEL,Lacteos y Congelados,840.0,0
CUISINE & CO,SANTA ISABEL,Lacteos y Congelados,14990.0,0
CUISINE & CO,SANTA ISABEL,Lacteos y Congelados,1750.0,0
CAROZZI,SANTA ISABEL,Lacteos y Congelados,2290.0,0
CUISINE & CO,SANTA ISABEL,Lacteos y Congelados,820.0,0
SUPREMO,SANTA ISABEL,Lacteos y Congelados,3290.0,0
THE WILD FOODS,SANTA ISABEL,Lacteos y Congelados,4990.0,0
LA MOLISANA,SANTA ISABEL,Lacteos y Congelados,2890.0,0
WATTS,SANTA ISABEL,Lacteos y Congelados,1210.0,0
TALLIANI,SANTA ISABEL,Lacteos y Congelados,2030.0,0
HEINZ,SANTA ISABEL,Lacteos y Congelados,1150.0,0
MUTTI,SANTA ISABEL,Lacteos y Congelados,2093.0,0
TE CLUB,SANTA ISABEL,Lacteos y Congelados,2550.0,0
MAIZENA,SANTA ISABEL,Lacteos y Congelados,3420.0,0
LUCCHETTI,SANTA ISABEL,Lacteos y Congelados,1050.0,0
CUISINE & CO,SANTA ISABEL,Lacteos y Congelados,4790.0,0
GOURMET,SANTA ISABEL,Lacteos y Congelados,550.0,0
PARMALAT,SANTA ISABEL,Lacteos y Congelados,1000.0,0
SUPREMO,SANTA ISABEL,Lacteos y Congelados,1190.0,0
SUPREMO,SANTA ISABEL,Lacteos y Congelados,1390.0,0
CUISINE & CO,SANTA ISABEL,Lacteos y Congelados,1790.0,0
MALLOA,SANTA ISABEL,Lacteos y Congelados,890.0,0
CUISINE & CO,SANTA ISABEL,Lacteos y Congelados,2930.0,0
MAGGI,SANTA ISABEL,Lacteos y Congelados,1490.0,0
VIVO,SANTA ISABEL,Lacteos y Congelados,3290.0,0
COLLICO,SANTA ISABEL,Lacteos y Congelados,1510.0,0
WATTS,SANTA ISABEL,Lacteos y Congelados,1530.0,0
SUPREMO,SANTA ISABEL,Lacteos y Congelados,1790.0,0
ESMERALDA,SANTA ISABEL,Lacteos y Congelados,750.0,0
POMAROLA,SANTA ISABEL,Lacteos y Congelados,850.0,0
MAGGI,SANTA ISABEL,Lacteos y Congelados,680.0,0
CUISINE & CO,SANTA ISABEL,Lacteos y Congelados,1490.0,0
LUCCHETTI,SANTA ISABEL,Lacteos y Congelados,1130.0,0
CUISINE & CO,SANTA ISABEL,Lacteos y Congelados,530.0,0
TUCAPEL,SANTA ISABEL,Lacteos y Congelados,5610.0,0
VIVO,SANTA ISABEL,Lacteos y Congelados,2830.0,0
CUISINE & CO,SANTA ISABEL,Lacteos y Congelados,3490.0,0
CHEF,SANTA ISABEL,Lacteos y Congelados,8410.0,0
BANQUETE,SANTA ISABEL,Lacteos y Congelados,3110.0,0
MAXIMA,SANTA ISABEL,Lacteos y Congelados,1520.0,0
DAILY,SANTA ISABEL,Lacteos y Congelados,1550.0,0
EXOTIC FOOD,SANTA ISABEL,Lacteos y Congelados,1043.0,0
CUISINE & CO,SANTA ISABEL,Lacteos y Congelados,608.0,0
WATTS,SANTA ISABEL,Lacteos y Congelados,790.0,0
SAN JOSE,SANTA ISABEL,Lacteos y Congelados,1360.0,0
CUISINE & CO,SANTA ISABEL,Lacteos y Congelados,2370.0,0
WATTS,SANTA ISABEL,Lacteos y Congelados,490.0,0
NESTLE,SANTA ISABEL,Lacteos y Congelados,1990.0,0
CAROZZI,SANTA ISABEL,Lacteos y Congelados,870.0,0
VIVO,SANTA ISABEL,Lacteos y Congelados,700.0,0
CUISINE & CO,SANTA ISABEL,Lacteos y Congelados,1890.0,0
CUISINE & CO,SANTA ISABEL,Lacteos y Congelados,14190.0,0
WATTS,SANTA ISABEL,Lacteos y Congelados,1210.0,0
TRAVERSO,SANTA ISABEL,Lacteos y Congelados,1200.0,0
MAGGI,SANTA ISABEL,Lacteos y Congelados,720.0,0
CORN FLAKES,SANTA ISABEL,Lacteos y Congelados,4150.0,0
CUISINE & CO,SANTA ISABEL,Lacteos y Congelados,2000.0,0
CUISINE & CO,SANTA ISABEL,Lacteos y Congelados,632.0,0
EN LINEA,SANTA ISABEL,Lacteos y Congelados,2590.0,0
CUISINE & CO,SANTA ISABEL,Lacteos y Congelados,1750.0,0
ESMERALDA,SANTA ISABEL,Lacteos y Congelados,2190.0,0
COSTA,SANTA ISABEL,Lacteos y Congelados,1690.0,0
MAGGI,SANTA ISABEL,Lacteos y Congelados,5970.0,0
MAGGI,SANTA ISABEL,Lacteos y Congelados,720.0,0
MAGGI,SANTA ISABEL,Lacteos y Congelados,630.0,0
QUAKER,SANTA ISABEL,Lacteos y Congelados,3490.0,0
HELLMANNS,SANTA ISABEL,Lacteos y Congelados,2990.0,0
EN LINEA,SANTA ISABEL,Lacteos y Congelados,2650.0,0
CUISINE & CO,SANTA ISABEL,Lacteos y Congelados,9790.0,0
CUISINE & CO,SANTA ISABEL,Lacteos y Congelados,1890.0,0
CAROZZI,SANTA ISABEL,Lacteos y Congelados,690.0,0
BANQUETE,SANTA ISABEL,Lacteos y Congelados,3990.0,0
MAGGI,SANTA ISABEL,Lacteos y Congelados,900.0,0
MAGGI,SANTA ISABEL,Lacteos y Congelados,1490.0,0
VIVO,SANTA ISABEL,Lacteos y Congelados,1190.0,0
IANSA,SANTA ISABEL,Lacteos y Congelados,2390.0,0
TALLIANI,SANTA ISABEL,Lacteos y Congelados,1000.0,0
GOLD,SANTA ISABEL,Lacteos y Congelados,6590.0,0
CUISINE & CO,SANTA ISABEL,Lacteos y Congelados,1990.0,0
MARUCHAN,SANTA ISABEL,Lacteos y Congelados,740.0,0
CLUB,SANTA ISABEL,Lacteos y Congelados,3550.0,0
IMPERIAL,SANTA ISABEL,Lacteos y Congelados,2650.0,0
CUISINE & CO,SANTA ISABEL,Lacteos y Congelados,570.0,0
LOBOS,SANTA ISABEL,Lacteos y Congelados,670.0,0
EN LINEA,SANTA ISABEL,Lacteos y Congelados,1340.0,0
CUISINE & CO,SANTA ISABEL,Lacteos y Congelados,680.0,0
MARUCHAN,SANTA ISABEL,Lacteos y Congelados,720.0,0
CUISINE & CO,SANTA ISABEL,Lacteos y Congelados,530.0,0
CUISINE & CO,SANTA ISABEL,Lacteos y Congelados,410.0,0
MAGGI,SANTA ISABEL,Lacteos y Congelados,1890.0,0
CUISINE & CO,SANTA ISABEL,Lacteos y Congelados,1190.0,0
KRAFT,SANTA ISABEL,Lacteos y Congelados,4880.0,0
HELLMANNS,SANTA ISABEL,Lacteos y Congelados,4250.0,0
CUISINE & CO,SANTA ISABEL,Lacteos y Congelados,510.0,0
IANSA,SANTA ISABEL,Lacteos y Congelados,7350.0,0
CUISINE & CO,SANTA ISABEL,Lacteos y Congelados,3590.0,0
NESCAFE DOLCE GUSTO,SANTA ISABEL,Lacteos y Congelados,4790.0,0
BANQUETE,SANTA ISABEL,Lacteos y Congelados,2650.0,0
NATUREZZA,SANTA ISABEL,Lacteos y Congelados,510.0,0
VIVO,SANTA ISABEL,Lacteos y Congelados,1190.0,0
NATUR,SANTA ISABEL,Lacteos y Congelados,1330.0,0
CUISINE & CO,SANTA ISABEL,Lacteos y Congelados,970.0,0
MAGGI,SANTA ISABEL,Lacteos y Congelados,900.0,0
MARTINI,SANTA ISABEL,Lacteos y Congelados,2230.0,0
IANSA AGRO,SANTA ISABEL,Lacteos y Congelados,3190.0,0
ALUSWEET,SANTA ISABEL,Lacteos y Congelados,3730.0,0
CUISINE & CO,SANTA ISABEL,Lacteos y Congelados,950.0,0
SUPREMO,SANTA ISABEL,Lacteos y Congelados,2340.0,0
MILDRED TEA,SANTA ISABEL,Lacteos y Congelados,800.0,0
WASIL,SANTA ISABEL,Lacteos y Congelados,1450.0,0
CRUZEIRO,SANTA ISABEL,Lacteos y Congelados,3320.0,0
CUISINE & CO,SANTA ISABEL,Lacteos y Congelados,2710.0,0
LUCCHETTI,SANTA ISABEL,Lacteos y Congelados,810.0,0
LEFERSA,SANTA ISABEL,Lacteos y Congelados,2380.0,0
ROBINSON CRUSOE,SANTA ISABEL,Lacteos y Congelados,3590.0,0
LOBOS,SANTA ISABEL,Lacteos y Congelados,2090.0,0
WASIL,SANTA ISABEL,Lacteos y Congelados,2170.0,0
CUISINE & CO,SANTA ISABEL,Lacteos y Congelados,1790.0,0
LOBOS,SANTA ISABEL,Lacteos y Congelados,1510.0,0
REGIMEL,SANTA ISABEL,Lacteos y Congelados,1400.0,0
CUISINE & CO,SANTA ISABEL,Lacteos y Congelados,950.0,0
GOURMET,SANTA ISABEL,Lacteos y Congelados,830.0,0
THE WILD FOODS,SANTA ISABEL,Lacteos y Congelados,5610.0,0
IANSA AGRO,SANTA ISABEL,Lacteos y Congelados,2890.0,0
CUISINE & CO,SANTA ISABEL,Lacteos y Congelados,1990.0,0
MARUCHAN,SANTA ISABEL,Lacteos y Congelados,1340.0,0
MARUCHAN,SANTA ISABEL,Lacteos y Congelados,1340.0,0
SUPREMO,SANTA ISABEL,Lacteos y Congelados,3290.0,0
SUPREMO,SANTA ISABEL,Lacteos y Congelados,1190.0,0
CUISINE & CO,SANTA ISABEL,Lacteos y Congelados,8850.0,0
HAITI,SANTA ISABEL,Lacteos y Congelados,5400.0,0
NATURA,SANTA ISABEL,Lacteos y Congelados,2790.0,0
NESTLE,SANTA ISABEL,Lacteos y Congelados,6000.0,0
EN LINEA,SANTA ISABEL,Lacteos y Congelados,1790.0,0
NATUREZZA,SANTA ISABEL,Lacteos y Congelados,510.0,0
CUISINE & CO,SANTA ISABEL,Lacteos y Congelados,608.0,0
GOURMET,SANTA ISABEL,Lacteos y Congelados,1860.0,0
GOURMET,SANTA ISABEL,Lacteos y Congelados,830.0,0
NATUR,SANTA ISABEL,Lacteos y Congelados,1330.0,0
MAGGI,SANTA ISABEL,Lacteos y Congelados,900.0,0
CARICIA,SANTA ISABEL,Lacteos y Congelados,880.0,0
EN LINEA,SANTA ISABEL,Lacteos y Congelados,1340.0,0
IANSA AGRO,SANTA ISABEL,Lacteos y Congelados,1570.0,0
VIVO,SANTA ISABEL,Lacteos y Congelados,900.0,0
GOURMET,SANTA ISABEL,Lacteos y Congelados,320.0,0
VIVO,SANTA ISABEL,Lacteos y Congelados,1190.0,0
GOURMET,SANTA ISABEL,Lacteos y Congelados,1090.0,0
EMBLEM,SANTA ISABEL,Lacteos y Congelados,2290.0,0
CHOCAPIC,SANTA ISABEL,Lacteos y Congelados,5950.0,0
SELECTA,SANTA ISABEL,Lacteos y Congelados,1650.0,0
GOLD,SANTA ISABEL,Lacteos y Congelados,4990.0,0
NATUR,SANTA ISABEL,Lacteos y Congelados,2650.0,0
MAGGI,SANTA ISABEL,Lacteos y Congelados,1490.0,0
GOLD,SANTA ISABEL,Lacteos y Congelados,2990.0,0
CUISINE & CO,SANTA ISABEL,Lacteos y Congelados,1750.0,0
MAGGI,SANTA ISABEL,Lacteos y Congelados,700.0,0
TRAVERSO,SANTA ISABEL,Lacteos y Congelados,2250.0,0
CUISINE & CO,SANTA ISABEL,Lacteos y Congelados,1490.0,0
MAXIMA,SANTA ISABEL,Lacteos y Congelados,580.0,0
HEINZ,SANTA ISABEL,Lacteos y Congelados,3420.0,0
CAROZZI,SANTA ISABEL,Lacteos y Congelados,3370.0,0
TRAVERSO,SANTA ISABEL,Lacteos y Congelados,1240.0,0
GOURMET,SANTA ISABEL,Lacteos y Congelados,500.0,0
IANSA CERO K,SANTA ISABEL,Lacteos y Congelados,2090.0,0
SUPREMO,SANTA ISABEL,Lacteos y Congelados,1820.0,0
CHINO,SANTA ISABEL,Lacteos y Congelados,1400.0,0
SUPREMO,SANTA ISABEL,Lacteos y Congelados,1850.0,0
CUISINE & CO,SANTA ISABEL,Lacteos y Congelados,2290.0,0
CUISINE & CO,SANTA ISABEL,Lacteos y Congelados,10890.0,0
VIVO,SANTA ISABEL,Lacteos y Congelados,1190.0,0
IANSA,SANTA ISABEL,Lacteos y Congelados,1860.0,0
LONCOLECHE,SANTA ISABEL,Lacteos y Congelados,1450.0,0
MI TIERRA,SANTA ISABEL,Lacteos y Congelados,9560.0,0
SUPREMO,SANTA ISABEL,Lacteos y Congelados,1200.0,0
VIOLA,SANTA ISABEL,Lacteos y Congelados,5290.0,0
SUPREMO,SANTA ISABEL,Lacteos y Congelados,1190.0,0
VIVO,SANTA ISABEL,Lacteos y Congelados,870.0,0
COLA CAO,SANTA ISABEL,Lacteos y Congelados,3790.0,0
SUPREMO,SANTA ISABEL,Lacteos y Congelados,2890.0,0
ALUSWEET,SANTA ISABEL,Lacteos y Congelados,6890.0,0
GOURMET,SANTA ISABEL,Lacteos y Congelados,1510.0,0
KRAFT,SANTA ISABEL,Lacteos y Congelados,1930.0,0
GOURMET,SANTA ISABEL,Lacteos y Congelados,500.0,0
CUISINE & CO,SANTA ISABEL,Lacteos y Congelados,530.0,0
REGIMEL,SANTA ISABEL,Lacteos y Congelados,1550.0,0
SUPREMO,SANTA ISABEL,Lacteos y Congelados,2590.0,0
KRAFT,SANTA ISABEL,Lacteos y Congelados,2380.0,0
TERRA SANTA,SANTA ISABEL,Lacteos y Congelados,7850.0,0
TRAVERSO,SANTA ISABEL,Lacteos y Congelados,2170.0,0
SAN JOSE,SANTA ISABEL,Lacteos y Congelados,1490.0,0
TRAVERSO,SANTA ISABEL,Lacteos y Congelados,1200.0,0
CUISINE & CO,SANTA ISABEL,Lacteos y Congelados,5420.0,0
HEINZ,SANTA ISABEL,Lacteos y Congelados,2340.0,0
MIRAFLORES,SANTA ISABEL,Lacteos y Congelados,1150.0,0
VIVO,SANTA ISABEL,Lacteos y Congelados,2690.0,0
GOURMET,SANTA ISABEL,Lacteos y Congelados,830.0,0
CUISINE & CO,SANTA ISABEL,Lacteos y Congelados,950.0,0
NESCAFE,SANTA ISABEL,Lacteos y Congelados,4330.0,0
GOURMET,SANTA ISABEL,Lacteos y Congelados,700.0,0
LOBOS,SANTA ISABEL,Lacteos y Congelados,680.0,0
COFFEE MATE,SANTA ISABEL,Lacteos y Congelados,3790.0,0
CUISINE & CO,SANTA ISABEL,Lacteos y Congelados,790.0,0
CUISINE & CO,SANTA ISABEL,Lacteos y Congelados,3990.0,0
GOURMET,SANTA ISABEL,Lacteos y Congelados,840.0,0
FITNESS,SANTA ISABEL,Lacteos y Congelados,3210.0,0
EN LINEA,SANTA ISABEL,Lacteos y Congelados,2860.0,0
BANQUETE,SANTA ISABEL,Lacteos y Congelados,4670.0,0
SELECTA,SANTA ISABEL,Lacteos y Congelados,2070.0,0
VIVO,SANTA ISABEL,Lacteos y Congelados,700.0,0
CUISINE & CO,SANTA ISABEL,Lacteos y Congelados,4250.0,0
WATTS,SANTA ISABEL,Lacteos y Congelados,1490.0,0
MUTTI,SANTA ISABEL,Lacteos y Congelados,3143.0,0
ROBINSON CRUSOE,SANTA ISABEL,Lacteos y Congelados,3690.0,0
CUISINE & CO,SANTA ISABEL,Lacteos y Congelados,2330.0,0
TRIX,SANTA ISABEL,Lacteos y Congelados,640.0,0
ROBINSON CRUSOE,SANTA ISABEL,Lacteos y Congelados,1490.0,0
JB,SANTA ISABEL,Lacteos y Congelados,1530.0,0
WASIL,SANTA ISABEL,Lacteos y Congelados,1450.0,0
LA VIEJA FABRICA,SANTA ISABEL,Lacteos y Congelados,2390.0,0
GOURMET,SANTA ISABEL,Lacteos y Congelados,580.0,0
MAGGI,SANTA ISABEL,Lacteos y Congelados,500.0,0
EXOTIC FOOD,SANTA ISABEL,Lacteos y Congelados,1533.0,0
CAROZZI,SANTA ISABEL,Lacteos y Congelados,1170.0,0
CUISINE & CO,SANTA ISABEL,Lacteos y Congelados,1490.0,0
KRAFT,SANTA ISABEL,Lacteos y Congelados,2430.0,0
COSTA,SANTA ISABEL,Lacteos y Congelados,1970.0,0
NESCAFE,SANTA ISABEL,Lacteos y Congelados,6550.0,0
CUISINE & CO,SANTA ISABEL,Lacteos y Congelados,4590.0,0
CUISINE & CO,SANTA ISABEL,Lacteos y Congelados,2220.0,0
GOLD,SANTA ISABEL,Lacteos y Congelados,5490.0,0
BRAVO,SANTA ISABEL,Lacteos y Congelados,5660.0,0
MAGGI,SANTA ISABEL,Lacteos y Congelados,900.0,0
WASIL,SANTA ISABEL,Lacteos y Congelados,1650.0,0
CAROZZI,SANTA ISABEL,Lacteos y Congelados,690.0,0
CUISINE & CO,SANTA ISABEL,Lacteos y Congelados,1590.0,0
CUISINE & CO,SANTA ISABEL,Lacteos y Congelados,9790.0,0
KRAFT,SANTA ISABEL,Lacteos y Congelados,4770.0,0
IANSA,SANTA ISABEL,Lacteos y Congelados,2090.0,0
GOURMET,SANTA ISABEL,Lacteos y Congelados,2860.0,0
ROBINSON CRUSOE,SANTA ISABEL,Lacteos y Congelados,1690.0,0
DAILY,SANTA ISABEL,Lacteos y Congelados,2488.0,0
CUISINE & CO,SANTA ISABEL,Lacteos y Congelados,1890.0,0
LIVEAN,SANTA ISABEL,Lacteos y Congelados,820.0,0
EN LINEA,SANTA ISABEL,Lacteos y Congelados,1340.0,0
THE WILD FOODS,SANTA ISABEL,Lacteos y Congelados,15990.0,0
EXOTIC FOOD,SANTA ISABEL,Lacteos y Congelados,903.0,0
CARICIA,SANTA ISABEL,Lacteos y Congelados,880.0,0
DON JUAN,SANTA ISABEL,Lacteos y Congelados,1450.0,0
LUCCHETTI,SANTA ISABEL,Lacteos y Congelados,1130.0,0
HELLMANNS,SANTA ISABEL,Lacteos y Congelados,3490.0,0
TRAVERSO,SANTA ISABEL,Lacteos y Congelados,2170.0,0
MIRAFLORES,SANTA ISABEL,Lacteos y Congelados,1150.0,0
NESCAFE,SANTA ISABEL,Lacteos y Congelados,10080.0,0
SUPREMO,SANTA ISABEL,Lacteos y Congelados,5990.0,0
VIOLA,SANTA ISABEL,Lacteos y Congelados,6390.0,0
TRAVERSO,SANTA ISABEL,Lacteos y Congelados,950.0,0
GOURMET,SANTA ISABEL,Lacteos y Congelados,450.0,0
MAGGI,SANTA ISABEL,Lacteos y Congelados,630.0,0
CUISINE & CO,SANTA ISABEL,Lacteos y Congelados,2490.0,0
DAROMA,SANTA ISABEL,Lacteos y Congelados,5920.0,0
WASIL,SANTA ISABEL,Lacteos y Congelados,1990.0,0
CUISINE & CO,SANTA ISABEL,Lacteos y Congelados,790.0,0
AMBROSOLI,SANTA ISABEL,Lacteos y Congelados,1280.0,0
GIADA,SANTA ISABEL,Lacteos y Congelados,6690.0,0
VIVO,SANTA ISABEL,Lacteos y Congelados,1190.0,0
BANQUETE,SANTA ISABEL,Lacteos y Congelados,4250.0,0
CUISINE & CO,SANTA ISABEL,Lacteos y Congelados,250.0,0
ALCAFOOD,SANTA ISABEL,Lacteos y Congelados,6620.0,0
LUCCHETTI,SANTA ISABEL,Lacteos y Congelados,1920.0,0
COLLICO,SANTA ISABEL,Lacteos y Congelados,1610.0,0
TUCAPEL,SANTA ISABEL,Lacteos y Congelados,1240.0,0
SUPREMO,SANTA ISABEL,Lacteos y Congelados,2760.0,0
NATUR,SANTA ISABEL,Lacteos y Congelados,2660.0,0
SELLO ROJO,SANTA ISABEL,Lacteos y Congelados,5990.0,0
CUISINE & CO,SANTA ISABEL,Lacteos y Congelados,950.0,0
CUISINE & CO,SANTA ISABEL,Lacteos y Congelados,3640.0,0
HELLMANNS,SANTA ISABEL,Lacteos y Congelados,1970.0,0
BANQUETE,SANTA ISABEL,Lacteos y Congelados,9990.0,0
DELICIOSA,SANTA ISABEL,Lacteos y Congelados,2590.0,0
IANSA CERO K,SANTA ISABEL,Lacteos y Congelados,3490.0,0
TUCAPEL,SANTA ISABEL,Lacteos y Congelados,970.0,0
VIVO,SANTA ISABEL,Lacteos y Congelados,1190.0,0
MARTINI,SANTA ISABEL,Lacteos y Congelados,1320.0,0
CUISINE & CO,SANTA ISABEL,Lacteos y Congelados,3090.0,0
VIVO,SANTA ISABEL,Lacteos y Congelados,2830.0,0
CAROZZI,SANTA ISABEL,Lacteos y Congelados,3110.0,0
NESCAFE,SANTA ISABEL,Lacteos y Congelados,9790.0,0
REGIMEL,SANTA ISABEL,Lacteos y Congelados,1550.0,0
AMBROSOLI,SANTA ISABEL,Lacteos y Congelados,419.0,0
GOURMET,SANTA ISABEL,Lacteos y Congelados,1650.0,0
CUISINE & CO,SANTA ISABEL,Lacteos y Congelados,5420.0,0
CUISINE & CO,SANTA ISABEL,Lacteos y Congelados,1330.0,0
CUISINE & CO,SANTA ISABEL,Lacteos y Congelados,680.0,0
GOURMET,SANTA ISABEL,Lacteos y Congelados,2130.0,0
GOURMET,SANTA ISABEL,Lacteos y Congelados,1200.0,0
SELECTA,SANTA ISABEL,Lacteos y Congelados,1650.0,0
CUISINE & CO,SANTA ISABEL,Lacteos y Congelados,608.0,0
CAROZZI,SANTA ISABEL,Lacteos y Congelados,950.0,0
MARLEY COFFEE,SANTA ISABEL,Lacteos y Congelados,11950.0,0
MARTINI,SANTA ISABEL,Lacteos y Congelados,1240.0,0
LA MOLISANA,SANTA ISABEL,Lacteos y Congelados,1294.0,0
CUISINE & CO,SANTA ISABEL,Lacteos y Congelados,3260.0,0
GOURMET,SANTA ISABEL,Lacteos y Congelados,670.0,0
COLA CAO,SANTA ISABEL,Lacteos y Congelados,2890.0,0
CUISINE & CO,SANTA ISABEL,Lacteos y Congelados,632.0,0
CUISINE & CO,SANTA ISABEL,Lacteos y Congelados,1750.0,0
NATUREZZA,SANTA ISABEL,Lacteos y Congelados,510.0,0
LA VIEJA FABRICA,SANTA ISABEL,Lacteos y Congelados,2990.0,0
LOBOS,SANTA ISABEL,Lacteos y Congelados,1650.0,0
ANGELMO,SANTA ISABEL,Lacteos y Congelados,1550.0,0
GOURMET,SANTA ISABEL,Lacteos y Congelados,2800.0,0
WATTS,SANTA ISABEL,Lacteos y Congelados,1530.0,0
PANCHO VILLA,SANTA ISABEL,Lacteos y Congelados,1300.0,0
SUPREMO,SANTA ISABEL,Lacteos y Congelados,1650.0,0
SUPREMO,SANTA ISABEL,Lacteos y Congelados,1200.0,0
ORJAS,SANTA ISABEL,Lacteos y Congelados,1390.0,0
QUAKER,SANTA ISABEL,Lacteos y Congelados,3730.0,0
GOURMET,SANTA ISABEL,Lacteos y Congelados,500.0,0
MIRAFLORES,SANTA ISABEL,Lacteos y Congelados,1150.0,0
MIRAFLORES,SANTA ISABEL,Lacteos y Congelados,3070.0,0
WATTS,SANTA ISABEL,Lacteos y Congelados,1530.0,0
CUISINE & CO,SANTA ISABEL,Lacteos y Congelados,5990.0,0
VIVO,SANTA ISABEL,Lacteos y Congelados,900.0,0
CRUZEIRO,SANTA ISABEL,Lacteos y Congelados,9870.0,0
NATUR,SANTA ISABEL,Lacteos y Congelados,1330.0,0
CUISINE & CO,SANTA ISABEL,Lacteos y Congelados,1990.0,0
CUISINE & CO,SANTA ISABEL,Lacteos y Congelados,790.0,0
NATUR,SANTA ISABEL,Lacteos y Congelados,2650.0,0
GOURMET,SANTA ISABEL,Lacteos y Congelados,4770.0,0
KELLOGGS,SANTA ISABEL,Lacteos y Congelados,2290.0,0
VIVO,SANTA ISABEL,Lacteos y Congelados,1200.0,0
CUISINE & CO,SANTA ISABEL,Lacteos y Congelados,1080.0,0
CHEF,SANTA ISABEL,Lacteos y Congelados,16630.0,0
WATTS,SANTA ISABEL,Lacteos y Congelados,1530.0,0
VIVO,SANTA ISABEL,Lacteos y Congelados,950.0,0
VIVO,SANTA ISABEL,Lacteos y Congelados,2990.0,0
MILO,SANTA ISABEL,Lacteos y Congelados,6020.0,0
VIVO,SANTA ISABEL,Lacteos y Congelados,900.0,0
LONCOLECHE,SANTA ISABEL,Lacteos y Congelados,3110.0,0
SOUL BAR,SANTA ISABEL,Lacteos y Congelados,2990.0,0
CUISINE & CO,SANTA ISABEL,Lacteos y Congelados,1860.0,0
CUISINE & CO,SANTA ISABEL,Lacteos y Congelados,830.0,0
MAZZETTI,SANTA ISABEL,Lacteos y Congelados,2690.0,0
GOURMET,SANTA ISABEL,Lacteos y Congelados,540.0,0
GOLD,SANTA ISABEL,Lacteos y Congelados,2990.0,0
GOURMET,SANTA ISABEL,Lacteos y Congelados,500.0,0
MARTINI,SANTA ISABEL,Lacteos y Congelados,2800.0,0
REGIMEL,SANTA ISABEL,Lacteos y Congelados,1550.0,0
CUISINE & CO,SANTA ISABEL,Lacteos y Congelados,4590.0,0
LUCCHETTI,SANTA ISABEL,Lacteos y Congelados,810.0,0
CUISINE & CO,SANTA ISABEL,Lacteos y Congelados,3310.0,0
PAN,SANTA ISABEL,Lacteos y Congelados,1850.0,0
GOURMET,SANTA ISABEL,Lacteos y Congelados,750.0,0
CUISINE & CO,SANTA ISABEL,Lacteos y Congelados,2930.0,0
AMBROSOLI,SANTA ISABEL,Lacteos y Congelados,2550.0,0
BANQUETE,SANTA ISABEL,Lacteos y Congelados,4570.0,0
COLUN,SANTA ISABEL,Lacteos y Congelados,1000.0,0
WATTS,SANTA ISABEL,Lacteos y Congelados,1230.0,0
EN LINEA,SANTA ISABEL,Lacteos y Congelados,1240.0,0
CHOCAPIC,SANTA ISABEL,Lacteos y Congelados,640.0,0
CUISINE & CO,SANTA ISABEL,Lacteos y Congelados,820.0,0
TUCAPEL,SANTA ISABEL,Lacteos y Congelados,1990.0,0
GOURMET,SANTA ISABEL,Lacteos y Congelados,670.0,0
IANSA CERO K,SANTA ISABEL,Lacteos y Congelados,3420.0,0
CUISINE & CO,SANTA ISABEL,Lacteos y Congelados,160.0,0
GOURMET,SANTA ISABEL,Lacteos y Congelados,3110.0,0
SUPERIOR,SANTA ISABEL,Lacteos y Congelados,2030.0,0
LIVEAN,SANTA ISABEL,Lacteos y Congelados,2340.0,0
HELLMANNS,SANTA ISABEL,Lacteos y Congelados,3490.0,0
CUISINE & CO,SANTA ISABEL,Lacteos y Congelados,2450.0,0
GOURMET,SANTA ISABEL,Lacteos y Congelados,6850.0,0
DON JUAN,SANTA ISABEL,Lacteos y Congelados,2280.0,0
SELECTA,SANTA ISABEL,Lacteos y Congelados,4290.0,0
NESCAFE,SANTA ISABEL,Lacteos y Congelados,3290.0,0
CUISINE & CO,SANTA ISABEL,Lacteos y Congelados,1790.0,0
GOURMET,SANTA ISABEL,Lacteos y Congelados,630.0,0
GOURMET,SANTA ISABEL,Lacteos y Congelados,1340.0,0
BANQUETE,SANTA ISABEL,Lacteos y Congelados,2760.0,0
BIOSAL,SANTA ISABEL,Lacteos y Congelados,4250.0,0
CHOCAPIC,SANTA ISABEL,Lacteos y Congelados,6250.0,0
ACONCAGUA,SANTA ISABEL,Lacteos y Congelados,2290.0,0
TIA LIA,SANTA ISABEL,Lacteos y Congelados,920.0,0
SUPREMO,SANTA ISABEL,Lacteos y Congelados,2070.0,0
TIA LIA,SANTA ISABEL,Lacteos y Congelados,830.0,0
PEARL RIVER BRIDGE,SANTA ISABEL,Lacteos y Congelados,1950.0,0
EN LINEA,SANTA ISABEL,Lacteos y Congelados,1130.0,0
CUISINE & CO,SANTA ISABEL,Lacteos y Congelados,4120.0,0
TWININGS,SANTA ISABEL,Lacteos y Congelados,6990.0,0
GOURMET,SANTA ISABEL,Lacteos y Congelados,500.0,0
BANQUETE,SANTA ISABEL,Lacteos y Congelados,5490.0,0
SUPREMO,SANTA ISABEL,Lacteos y Congelados,2950.0,0
GOURMET,SANTA ISABEL,Lacteos y Congelados,490.0,0
CUISINE & CO,SANTA ISABEL,Lacteos y Congelados,8650.0,0
TRAVERSO,SANTA ISABEL,Lacteos y Congelados,630.0,0
GOURMET,SANTA ISABEL,Lacteos y Congelados,960.0,0
GOURMET,SANTA ISABEL,Lacteos y Congelados,610.0,0
HEINZ,SANTA ISABEL,Lacteos y Congelados,1890.0,0
SAN JOSE,SANTA ISABEL,Lacteos y Congelados,2760.0,0
CUISINE & CO,SANTA ISABEL,Lacteos y Congelados,4990.0,0
LUCCHETTI,SANTA ISABEL,Lacteos y Congelados,1130.0,0
NESTLE,SANTA ISABEL,Lacteos y Congelados,4990.0,0
THE WILD FOODS,SANTA ISABEL,Lacteos y Congelados,4990.0,0
ECKART,SANTA ISABEL,Lacteos y Congelados,3110.0,0
LIVEAN,SANTA ISABEL,Lacteos y Congelados,820.0,0
LA VIEJA FABRICA,SANTA ISABEL,Lacteos y Congelados,3490.0,0
MAGGI,SANTA ISABEL,Lacteos y Congelados,720.0,0
SOUL BAR,SANTA ISABEL,Lacteos y Congelados,2990.0,0
COSTA,SANTA ISABEL,Lacteos y Congelados,1920.0,0
EN LINEA,SANTA ISABEL,Lacteos y Congelados,5710.0,0
HOFFMANN,SANTA ISABEL,Lacteos y Congelados,8310.0,0
CUISINE & CO,SANTA ISABEL,Lacteos y Congelados,2590.0,0
KARDAMILI,SANTA ISABEL,Lacteos y Congelados,9890.0,0
IANSA,SANTA ISABEL,Lacteos y Congelados,1970.0,0
TWININGS,SANTA ISABEL,Lacteos y Congelados,6990.0,0
EN LINEA,SANTA ISABEL,Lacteos y Congelados,2650.0,0
CUISINE & CO,SANTA ISABEL,Lacteos y Congelados,1190.0,0
COLUN,SANTA ISABEL,Lacteos y Congelados,5550.0,0
CUISINE & CO,SANTA ISABEL,Lacteos y Congelados,1590.0,0
REGIMEL,SANTA ISABEL,Lacteos y Congelados,1550.0,0
ESMERALDA,SANTA ISABEL,Lacteos y Congelados,3790.0,0
GOURMET,SANTA ISABEL,Lacteos y Congelados,500.0,0
GOURMET,SANTA ISABEL,Lacteos y Congelados,860.0,0
ORJAS,SANTA ISABEL,Lacteos y Congelados,1390.0,0
CASTILLO,SANTA ISABEL,Lacteos y Congelados,1630.0,0
CUISINE & CO,SANTA ISABEL,Lacteos y Congelados,1080.0,0
FITNESS,SANTA ISABEL,Lacteos y Congelados,3630.0,0
GOURMET,SANTA ISABEL,Lacteos y Congelados,1300.0,0
KRAFT,SANTA ISABEL,Lacteos y Congelados,6190.0,0
ESMERALDA,SANTA ISABEL,Lacteos y Congelados,2780.0,0
SUPREMO,SANTA ISABEL,Lacteos y Congelados,2950.0,0
CUISINE & CO,SANTA ISABEL,Lacteos y Congelados,2890.0,0
WASIL,SANTA ISABEL,Lacteos y Congelados,2690.0,0
CUISINE & CO,SANTA ISABEL,Lacteos y Congelados,680.0,0
HEINZ,SANTA ISABEL,Lacteos y Congelados,920.0,0
CUISINE & CO,SANTA ISABEL,Lacteos y Congelados,2570.0,0
LUCCHETTI,SANTA ISABEL,Lacteos y Congelados,1820.0,0
LONCOLECHE,UNIMARC,"Lácteos, Huevos y Refrigerados",1000.0,0
LOS PEUMOS,UNIMARC,"Lácteos, Huevos y Refrigerados",1000.0,0
LONCOLECHE,UNIMARC,"Lácteos, Huevos y Refrigerados",1000.0,0
COLUN,UNIMARC,"Lácteos, Huevos y Refrigerados",1250.0,0
COLUN,UNIMARC,"Lácteos, Huevos y Refrigerados",82000.0,0
COLUN,UNIMARC,"Lácteos, Huevos y Refrigerados",7590.0,0
COLUN,UNIMARC,"Lácteos, Huevos y Refrigerados",1350.0,0
SOPROLE,UNIMARC,"Lácteos, Huevos y Refrigerados",1200.0,0
LONCOLECHE,UNIMARC,"Lácteos, Huevos y Refrigerados",53000.0,0
LONCOLECHE,UNIMARC,"Lácteos, Huevos y Refrigerados",1000.0,0
LONCOLECHE,UNIMARC,"Lácteos, Huevos y Refrigerados",1300.0,0
NIDO,UNIMARC,"Lácteos, Huevos y Refrigerados",7230.0,0
COLUN,UNIMARC,"Lácteos, Huevos y Refrigerados",82000.0,0
QUILLAYES,UNIMARC,"Lácteos, Huevos y Refrigerados",4750.0,0
COLUN,UNIMARC,"Lácteos, Huevos y Refrigerados",82000.0,0
SOPROLE,UNIMARC,"Lácteos, Huevos y Refrigerados",42600.0,0
COLUN,UNIMARC,"Lácteos, Huevos y Refrigerados",630.0,0
LONCOLECHE,UNIMARC,"Lácteos, Huevos y Refrigerados",1450.0,0
COLUN,UNIMARC,"Lácteos, Huevos y Refrigerados",82000.0,0
COLUN,UNIMARC,"Lácteos, Huevos y Refrigerados",21320.0,0
MANJARATE,UNIMARC,"Lácteos, Huevos y Refrigerados",53300.0,0
LONCOLECHE,UNIMARC,"Lácteos, Huevos y Refrigerados",53000.0,0
SOPROLE,UNIMARC,"Lácteos, Huevos y Refrigerados",3590.0,0
NESTLE,UNIMARC,"Lácteos, Huevos y Refrigerados",1390.0,0
NESTLE,UNIMARC,"Lácteos, Huevos y Refrigerados",6590.0,0
LOS PEUMOS,UNIMARC,"Lácteos, Huevos y Refrigerados",1000.0,0
CALAN,UNIMARC,"Lácteos, Huevos y Refrigerados",102000.0,0
LONCOLECHE,UNIMARC,"Lácteos, Huevos y Refrigerados",1300.0,0
COLUN,UNIMARC,"Lácteos, Huevos y Refrigerados",61890.0,0
NUESTRA COCINA,UNIMARC,"Lácteos, Huevos y Refrigerados",4550.0,0
QUALY,UNIMARC,"Lácteos, Huevos y Refrigerados",2350.0,0
COLUN,UNIMARC,"Lácteos, Huevos y Refrigerados",1250.0,0
NESTLE,UNIMARC,"Lácteos, Huevos y Refrigerados",42000.0,0
LONCOLECHE,UNIMARC,"Lácteos, Huevos y Refrigerados",1300.0,0
SOPROLE,UNIMARC,"Lácteos, Huevos y Refrigerados",820.0,0
COLUN,UNIMARC,"Lácteos, Huevos y Refrigerados",400.0,0
CINTAZUL,UNIMARC,"Lácteos, Huevos y Refrigerados",7950.0,0
COLUN,UNIMARC,"Lácteos, Huevos y Refrigerados",3150.0,0
SOPROLE,UNIMARC,"Lácteos, Huevos y Refrigerados",42100.0,0
SOPROLE,UNIMARC,"Lácteos, Huevos y Refrigerados",41350.0,0
SOPROLE,UNIMARC,"Lácteos, Huevos y Refrigerados",21480.0,0
MILO,UNIMARC,"Lácteos, Huevos y Refrigerados",2950.0,0
SOPROLE,UNIMARC,"Lácteos, Huevos y Refrigerados",41350.0,0
LONCOLECHE,UNIMARC,"Lácteos, Huevos y Refrigerados",53000.0,0
NUESTRA COCINA,UNIMARC,"Lácteos, Huevos y Refrigerados",9350.0,0
COLUN,UNIMARC,"Lácteos, Huevos y Refrigerados",1750.0,0
COLUN,UNIMARC,"Lácteos, Huevos y Refrigerados",41090.0,0
CALAN,UNIMARC,"Lácteos, Huevos y Refrigerados",102000.0,0
LONCOLECHE,UNIMARC,"Lácteos, Huevos y Refrigerados",950.0,0
COLUN,UNIMARC,"Lácteos, Huevos y Refrigerados",61890.0,0
COLUN,UNIMARC,"Lácteos, Huevos y Refrigerados",1750.0,0
SOPROLE,UNIMARC,"Lácteos, Huevos y Refrigerados",21480.0,0
CALAN,UNIMARC,"Lácteos, Huevos y Refrigerados",102000.0,0
LONCOLECHE,UNIMARC,"Lácteos, Huevos y Refrigerados",21090.0,0
SOPROLE,UNIMARC,"Lácteos, Huevos y Refrigerados",2350.0,0
SOPROLE,UNIMARC,"Lácteos, Huevos y Refrigerados",2390.0,0
LONCOLECHE,UNIMARC,"Lácteos, Huevos y Refrigerados",21090.0,0
COLUN,UNIMARC,"Lácteos, Huevos y Refrigerados",21320.0,0
SOPROLE,UNIMARC,"Lácteos, Huevos y Refrigerados",42600.0,0
COLUN,UNIMARC,"Lácteos, Huevos y Refrigerados",1250.0,0
NESTLE,UNIMARC,"Lácteos, Huevos y Refrigerados",42000.0,0
SOPROLE,UNIMARC,"Lácteos, Huevos y Refrigerados",4290.0,0
COLUN,UNIMARC,"Lácteos, Huevos y Refrigerados",1750.0,0
LONCOLECHE,UNIMARC,"Lácteos, Huevos y Refrigerados",21090.0,0
SURLAT,UNIMARC,"Lácteos, Huevos y Refrigerados",65100.0,0
SOPROLE,UNIMARC,"Lácteos, Huevos y Refrigerados",340.0,0
COLUN,UNIMARC,"Lácteos, Huevos y Refrigerados",1590.0,0
NESTLE,UNIMARC,"Lácteos, Huevos y Refrigerados",81890.0,0
SOPROLE,UNIMARC,"Lácteos, Huevos y Refrigerados",41550.0,0
OIKOS,UNIMARC,"Lácteos, Huevos y Refrigerados",21320.0,0
LONCOLECHE,UNIMARC,"Lácteos, Huevos y Refrigerados",21100.0,0
SOPROLE,UNIMARC,"Lácteos, Huevos y Refrigerados",42900.0,0
COLUN,UNIMARC,"Lácteos, Huevos y Refrigerados",41090.0,0
COLUN,UNIMARC,"Lácteos, Huevos y Refrigerados",41090.0,0
SOPROLE,UNIMARC,"Lácteos, Huevos y Refrigerados",41550.0,0
NUESTRA COCINA,UNIMARC,"Lácteos, Huevos y Refrigerados",41000.0,0
NESTLE,UNIMARC,"Lácteos, Huevos y Refrigerados",21000.0,0
COLUN,UNIMARC,"Lácteos, Huevos y Refrigerados",61890.0,0
SOPROLE,UNIMARC,"Lácteos, Huevos y Refrigerados",1750.0,0
QUILLAYES,UNIMARC,"Lácteos, Huevos y Refrigerados",63000.0,0
NESTLE,UNIMARC,"Lácteos, Huevos y Refrigerados",2510.0,0
NIDO,UNIMARC,"Lácteos, Huevos y Refrigerados",7850.0,0
NESTLE,UNIMARC,"Lácteos, Huevos y Refrigerados",63400.0,0
LONCOLECHE,UNIMARC,"Lácteos, Huevos y Refrigerados",12000.0,0
SOPROLE,UNIMARC,"Lácteos, Huevos y Refrigerados",63190.0,0
NUESTRA COCINA,UNIMARC,"Lácteos, Huevos y Refrigerados",41000.0,0
NESTLE,UNIMARC,"Lácteos, Huevos y Refrigerados",21000.0,0
LONCOLECHE,UNIMARC,"Lácteos, Huevos y Refrigerados",53250.0,0
NUESTRA COCINA,UNIMARC,"Lácteos, Huevos y Refrigerados",7350.0,0
SOPROLE,UNIMARC,"Lácteos, Huevos y Refrigerados",42100.0,0
SOPROLE,UNIMARC,"Lácteos, Huevos y Refrigerados",41750.0,0
SOPROLE,UNIMARC,"Lácteos, Huevos y Refrigerados",42600.0,0
SOPROLE,UNIMARC,"Lácteos, Huevos y Refrigerados",1590.0,0
NESTLE,UNIMARC,"Lácteos, Huevos y Refrigerados",42200.0,0
NESTLE,UNIMARC,"Lácteos, Huevos y Refrigerados",81890.0,0
COLUN,UNIMARC,"Lácteos, Huevos y Refrigerados",61890.0,0
NESTLE,UNIMARC,"Lácteos, Huevos y Refrigerados",42200.0,0
VIVO,UNIMARC,"Lácteos, Huevos y Refrigerados",21590.0,0
COLUN,UNIMARC,"Lácteos, Huevos y Refrigerados",3350.0,0
SOPROLE,UNIMARC,"Lácteos, Huevos y Refrigerados",1450.0,0
NUESTRA COCINA,UNIMARC,"Lácteos, Huevos y Refrigerados",41000.0,0
COLUN,UNIMARC,"Lácteos, Huevos y Refrigerados",62000.0,0
LONCOLECHE,UNIMARC,"Lácteos, Huevos y Refrigerados",2100.0,0
LONCOLECHE,UNIMARC,"Lácteos, Huevos y Refrigerados",950.0,0
COLUN,UNIMARC,"Lácteos, Huevos y Refrigerados",61890.0,0
VIVO,UNIMARC,"Lácteos, Huevos y Refrigerados",21640.0,0
SOPROLE,UNIMARC,"Lácteos, Huevos y Refrigerados",41800.0,0
SVELTY,UNIMARC,"Lácteos, Huevos y Refrigerados",26190.0,0
VIVO,UNIMARC,"Lácteos, Huevos y Refrigerados",21640.0,0
SOPROLE,UNIMARC,"Lácteos, Huevos y Refrigerados",63190.0,0
COLUN,UNIMARC,"Lácteos, Huevos y Refrigerados",61890.0,0
SUREÑA,UNIMARC,"Lácteos, Huevos y Refrigerados",2190.0,0
LONCOLECHE,UNIMARC,"Lácteos, Huevos y Refrigerados",21250.0,0
SOPROLE,UNIMARC,"Lácteos, Huevos y Refrigerados",3790.0,0
COLUN,UNIMARC,"Lácteos, Huevos y Refrigerados",62000.0,0
NESTLE,UNIMARC,"Lácteos, Huevos y Refrigerados",21000.0,0
SURLAT,UNIMARC,"Lácteos, Huevos y Refrigerados",1190.0,0
SOPROLE,UNIMARC,"Lácteos, Huevos y Refrigerados",41750.0,0
QUILLAYES,UNIMARC,"Lácteos, Huevos y Refrigerados",63000.0,0
SOPROLE,UNIMARC,"Lácteos, Huevos y Refrigerados",21480.0,0
OIKOS,UNIMARC,"Lácteos, Huevos y Refrigerados",21320.0,0
LONCOLECHE,UNIMARC,"Lácteos, Huevos y Refrigerados",2520.0,0
VIVO,UNIMARC,"Lácteos, Huevos y Refrigerados",21640.0,0
MANJARATE,UNIMARC,"Lácteos, Huevos y Refrigerados",53300.0,0
EDRA,UNIMARC,"Lácteos, Huevos y Refrigerados",2490.0,0
SOPROLE,UNIMARC,"Lácteos, Huevos y Refrigerados",21600.0,0
LONCOLECHE,UNIMARC,"Lácteos, Huevos y Refrigerados",1190.0,0
SURLAT,UNIMARC,"Lácteos, Huevos y Refrigerados",2890.0,0
SOPROLE,UNIMARC,"Lácteos, Huevos y Refrigerados",42000.0,0
LONCOLECHE,UNIMARC,"Lácteos, Huevos y Refrigerados",2100.0,0
SOPROLE,UNIMARC,"Lácteos, Huevos y Refrigerados",3790.0,0
SOPROLE,UNIMARC,"Lácteos, Huevos y Refrigerados",1200.0,0
VIVO,UNIMARC,"Lácteos, Huevos y Refrigerados",21590.0,0
SURLAT,UNIMARC,"Lácteos, Huevos y Refrigerados",21380.0,0
SOPROLE,UNIMARC,"Lácteos, Huevos y Refrigerados",31900.0,0
COLUN,UNIMARC,"Lácteos, Huevos y Refrigerados",1950.0,0
SOPROLE,UNIMARC,"Lácteos, Huevos y Refrigerados",21600.0,0
LONCOLECHE,UNIMARC,"Lácteos, Huevos y Refrigerados",4290.0,0
SURLAT,UNIMARC,"Lácteos, Huevos y Refrigerados",21380.0,0
VIVO,UNIMARC,"Lácteos, Huevos y Refrigerados",21590.0,0
COLUN,UNIMARC,"Lácteos, Huevos y Refrigerados",1950.0,0
SOPROLE,UNIMARC,"Lácteos, Huevos y Refrigerados",31900.0,0
VIVO,UNIMARC,"Lácteos, Huevos y Refrigerados",21640.0,0
VIVO,UNIMARC,"Lácteos, Huevos y Refrigerados",21620.0,0
SURLAT,UNIMARC,"Lácteos, Huevos y Refrigerados",1190.0,0
NIDO,UNIMARC,"Lácteos, Huevos y Refrigerados",19790.0,0
SURLAT,UNIMARC,"Lácteos, Huevos y Refrigerados",2690.0,0
COLA CAO,UNIMARC,"Lácteos, Huevos y Refrigerados",6890.0,0
SOPROLE,UNIMARC,"Lácteos, Huevos y Refrigerados",340.0,0
NESTLE,UNIMARC,"Lácteos, Huevos y Refrigerados",4390.0,0
LONCOLECHE,UNIMARC,"Lácteos, Huevos y Refrigerados",1035.0,0
VIVO,UNIMARC,"Lácteos, Huevos y Refrigerados",560.0,0
SOPROLE,UNIMARC,"Lácteos, Huevos y Refrigerados",1490.0,0
CHANDELLE,UNIMARC,"Lácteos, Huevos y Refrigerados",810.0,0
VILAY,UNIMARC,"Lácteos, Huevos y Refrigerados",2000.0,0
CALO,UNIMARC,"Lácteos, Huevos y Refrigerados",4650.0,0
NESTLE,UNIMARC,"Lácteos, Huevos y Refrigerados",2110.0,0
SOPROLE,UNIMARC,"Lácteos, Huevos y Refrigerados",2790.0,0
LONCOLECHE,UNIMARC,"Lácteos, Huevos y Refrigerados",2100.0,0
NOT MILK,UNIMARC,"Lácteos, Huevos y Refrigerados",2190.0,0
NESTLE,UNIMARC,"Lácteos, Huevos y Refrigerados",3390.0,0
CRUCINA,UNIMARC,"Lácteos, Huevos y Refrigerados",3050.0,0
SOPROLE,UNIMARC,"Lácteos, Huevos y Refrigerados",300.0,0
LONCOLECHE,UNIMARC,"Lácteos, Huevos y Refrigerados",6290.0,0
COLUN,UNIMARC,"Lácteos, Huevos y Refrigerados",1750.0,0
LONCOLECHE,UNIMARC,"Lácteos, Huevos y Refrigerados",12000.0,0
COLUN,UNIMARC,"Lácteos, Huevos y Refrigerados",1750.0,0
VILAY,UNIMARC,"Lácteos, Huevos y Refrigerados",2000.0,0
NESTLE,UNIMARC,"Lácteos, Huevos y Refrigerados",2110.0,0
LONCOLECHE,UNIMARC,"Lácteos, Huevos y Refrigerados",2520.0,0
COLUN,UNIMARC,"Lácteos, Huevos y Refrigerados",1590.0,0
YOGU YOGU,UNIMARC,"Lácteos, Huevos y Refrigerados",3750.0,0
SOPROLE,UNIMARC,"Lácteos, Huevos y Refrigerados",2750.0,0
CALO,UNIMARC,"Lácteos, Huevos y Refrigerados",1850.0,0
UNO,UNIMARC,"Lácteos, Huevos y Refrigerados",3790.0,0
CALO,UNIMARC,"Lácteos, Huevos y Refrigerados",6240.0,0
WATTS,UNIMARC,"Lácteos, Huevos y Refrigerados",2690.0,0
SURLAT,UNIMARC,"Lácteos, Huevos y Refrigerados",2590.0,0
OIKOS,UNIMARC,"Lácteos, Huevos y Refrigerados",990.0,0
CALO,UNIMARC,"Lácteos, Huevos y Refrigerados",2150.0,0
COLIUMO,UNIMARC,"Lácteos, Huevos y Refrigerados",9990.0,0
QUILLAYES,UNIMARC,"Lácteos, Huevos y Refrigerados",2000.0,0
COLUN,UNIMARC,"Lácteos, Huevos y Refrigerados",1390.0,0
QUILLAYES,UNIMARC,"Lácteos, Huevos y Refrigerados",2650.0,0
SOPROLE,UNIMARC,"Lácteos, Huevos y Refrigerados",1750.0,0
NESTLE,UNIMARC,"Lácteos, Huevos y Refrigerados",870.0,0
SOPROLE,UNIMARC,"Lácteos, Huevos y Refrigerados",1590.0,0
NOT MILK,UNIMARC,"Lácteos, Huevos y Refrigerados",2190.0,0
NOT MILK,UNIMARC,"Lácteos, Huevos y Refrigerados",2190.0,0
LONCOLECHE,UNIMARC,"Lácteos, Huevos y Refrigerados",1620.0,0
SURLAT,UNIMARC,"Lácteos, Huevos y Refrigerados",2690.0,0
SOPROLE,UNIMARC,"Lácteos, Huevos y Refrigerados",2750.0,0
CALO,UNIMARC,"Lácteos, Huevos y Refrigerados",1690.0,0
SOPROLE,UNIMARC,"Lácteos, Huevos y Refrigerados",500.0,0
QUALY,UNIMARC,"Lácteos, Huevos y Refrigerados",2820.0,0
CINTAZUL,UNIMARC,"Lácteos, Huevos y Refrigerados",4790.0,0
DILA,UNIMARC,"Lácteos, Huevos y Refrigerados",1690.0,0
SOPROLE,UNIMARC,"Lácteos, Huevos y Refrigerados",3190.0,0
SOPROLE,UNIMARC,"Lácteos, Huevos y Refrigerados",3790.0,0
COLUN,UNIMARC,"Lácteos, Huevos y Refrigerados",1590.0,0
CALO,UNIMARC,"Lácteos, Huevos y Refrigerados",6240.0,0
SOPROLE,UNIMARC,"Lácteos, Huevos y Refrigerados",820.0,0
NEXT,UNIMARC,"Lácteos, Huevos y Refrigerados",2590.0,0
SOPROLE,UNIMARC,"Lácteos, Huevos y Refrigerados",300.0,0
COLA CAO,UNIMARC,"Lácteos, Huevos y Refrigerados",3590.0,0
LOS PEUMOS,UNIMARC,"Lácteos, Huevos y Refrigerados",12000.0,0
COLUN,UNIMARC,"Lácteos, Huevos y Refrigerados",3890.0,0
DOLCE ITALIA,UNIMARC,"Lácteos, Huevos y Refrigerados",1750.0,0
SVELTY,UNIMARC,"Lácteos, Huevos y Refrigerados",7290.0,0
SOPROLE,UNIMARC,"Lácteos, Huevos y Refrigerados",1590.0,0
UNO,UNIMARC,"Lácteos, Huevos y Refrigerados",4450.0,0
UNO,UNIMARC,"Lácteos, Huevos y Refrigerados",3790.0,0
NESTLE,UNIMARC,"Lácteos, Huevos y Refrigerados",3400.0,0
CALO,UNIMARC,"Lácteos, Huevos y Refrigerados",12240.0,0
CALAN,UNIMARC,"Lácteos, Huevos y Refrigerados",1590.0,0
UNO,UNIMARC,"Lácteos, Huevos y Refrigerados",2000.0,0
DOLCE ITALIA,UNIMARC,"Lácteos, Huevos y Refrigerados",1750.0,0
NIDO,UNIMARC,"Lácteos, Huevos y Refrigerados",17690.0,0
COLUN,UNIMARC,"Lácteos, Huevos y Refrigerados",15000.0,0
NIDO,UNIMARC,"Lácteos, Huevos y Refrigerados",9890.0,0
LONCOLECHE,UNIMARC,"Lácteos, Huevos y Refrigerados",2890.0,0
NESTLE,UNIMARC,"Lácteos, Huevos y Refrigerados",3390.0,0
YEMITA,UNIMARC,"Lácteos, Huevos y Refrigerados",9990.0,0
SOPROLE,UNIMARC,"Lácteos, Huevos y Refrigerados",820.0,0
SOPROLE,UNIMARC,"Lácteos, Huevos y Refrigerados",3090.0,0
WATTS,UNIMARC,"Lácteos, Huevos y Refrigerados",510.0,0
DELINE,UNIMARC,"Lácteos, Huevos y Refrigerados",1990.0,0
LOS PEUMOS,UNIMARC,"Lácteos, Huevos y Refrigerados",2790.0,0
LONCOLECHE,UNIMARC,"Lácteos, Huevos y Refrigerados",6770.0,0
SOPROLE,UNIMARC,"Lácteos, Huevos y Refrigerados",1450.0,0
SOPROLE,UNIMARC,"Lácteos, Huevos y Refrigerados",2450.0,0
SOPROLE,UNIMARC,"Lácteos, Huevos y Refrigerados",2150.0,0
COLUN,UNIMARC,"Lácteos, Huevos y Refrigerados",2250.0,0
NUESTRA COCINA,UNIMARC,"Lácteos, Huevos y Refrigerados",440.0,0
SOPROLE,UNIMARC,"Lácteos, Huevos y Refrigerados",3450.0,0
NESTLE,UNIMARC,"Lácteos, Huevos y Refrigerados",4390.0,0
SOPROLE,UNIMARC,"Lácteos, Huevos y Refrigerados",3190.0,0
SOPROLE,UNIMARC,"Lácteos, Huevos y Refrigerados",14400.0,0
QUILLAYES,UNIMARC,"Lácteos, Huevos y Refrigerados",4490.0,0
COLUN,UNIMARC,"Lácteos, Huevos y Refrigerados",15000.0,0
COLUN,UNIMARC,"Lácteos, Huevos y Refrigerados",650.0,0
COLUN,UNIMARC,"Lácteos, Huevos y Refrigerados",400.0,0
LA GRANJA,UNIMARC,"Lácteos, Huevos y Refrigerados",5890.0,0
NESTLE,UNIMARC,"Lácteos, Huevos y Refrigerados",1490.0,0
WATTS,UNIMARC,"Lácteos, Huevos y Refrigerados",2590.0,0
COLUN,UNIMARC,"Lácteos, Huevos y Refrigerados",15000.0,0
SOPROLE,UNIMARC,"Lácteos, Huevos y Refrigerados",760.0,0
SOPROLE,UNIMARC,"Lácteos, Huevos y Refrigerados",14400.0,0
EDRA,UNIMARC,"Lácteos, Huevos y Refrigerados",1590.0,0
COLUN,UNIMARC,"Lácteos, Huevos y Refrigerados",7390.0,0
CALO,UNIMARC,"Lácteos, Huevos y Refrigerados",2890.0,0
SOPROLE,UNIMARC,"Lácteos, Huevos y Refrigerados",300.0,0
OIKOS,UNIMARC,"Lácteos, Huevos y Refrigerados",1190.0,0
COLUN,UNIMARC,"Lácteos, Huevos y Refrigerados",1850.0,0
NIDO,UNIMARC,"Lácteos, Huevos y Refrigerados",17690.0,0
COLUN,UNIMARC,"Lácteos, Huevos y Refrigerados",3790.0,0
NESTLE,UNIMARC,"Lácteos, Huevos y Refrigerados",870.0,0
SOPROLE,UNIMARC,"Lácteos, Huevos y Refrigerados",2750.0,0
SOPROLE,UNIMARC,"Lácteos, Huevos y Refrigerados",2790.0,0
DECOR ART,UNIMARC,"Lácteos, Huevos y Refrigerados",5250.0,0
VIVO,UNIMARC,"Lácteos, Huevos y Refrigerados",560.0,0
WATTS,UNIMARC,"Lácteos, Huevos y Refrigerados",510.0,0
VIVO,UNIMARC,"Lácteos, Huevos y Refrigerados",560.0,0
SOPROLE,UNIMARC,"Lácteos, Huevos y Refrigerados",2790.0,0
QUILLAYES,UNIMARC,"Lácteos, Huevos y Refrigerados",2350.0,0
COPACABANA,UNIMARC,"Lácteos, Huevos y Refrigerados",2990.0,0
NIDO,UNIMARC,"Lácteos, Huevos y Refrigerados",9990.0,0
NUESTRA COCINA,UNIMARC,"Lácteos, Huevos y Refrigerados",450.0,0
MILO,UNIMARC,"Lácteos, Huevos y Refrigerados",8590.0,0
CALO,UNIMARC,"Lácteos, Huevos y Refrigerados",6790.0,0
NIDO,UNIMARC,"Lácteos, Huevos y Refrigerados",3990.0,0
WATTS,UNIMARC,"Lácteos, Huevos y Refrigerados",510.0,0
COLUN,UNIMARC,"Lácteos, Huevos y Refrigerados",1950.0,0
COLUN,UNIMARC,"Lácteos, Huevos y Refrigerados",650.0,0
NUESTRA COCINA,UNIMARC,"Lácteos, Huevos y Refrigerados",4350.0,0
SOPROLE,UNIMARC,"Lácteos, Huevos y Refrigerados",1450.0,0
NUESTRA COCINA,UNIMARC,"Lácteos, Huevos y Refrigerados",440.0,0
SOPROLE,UNIMARC,"Lácteos, Huevos y Refrigerados",2750.0,0
SOPROLE,UNIMARC,"Lácteos, Huevos y Refrigerados",820.0,0
SOPROLE,UNIMARC,"Lácteos, Huevos y Refrigerados",2090.0,0
MASTER MARTINI,UNIMARC,"Lácteos, Huevos y Refrigerados",1250.0,0
VILAY,UNIMARC,"Lácteos, Huevos y Refrigerados",2450.0,0
EN LINEA,UNIMARC,"Lácteos, Huevos y Refrigerados",15950.0,0
ASTRA,UNIMARC,"Lácteos, Huevos y Refrigerados",2350.0,0
DANONE,UNIMARC,"Lácteos, Huevos y Refrigerados",2090.0,0
NESTLE,UNIMARC,"Lácteos, Huevos y Refrigerados",370.0,0
LONCOLECHE,UNIMARC,"Lácteos, Huevos y Refrigerados",11490.0,0
COLUN,UNIMARC,"Lácteos, Huevos y Refrigerados",1090.0,0
UNO,UNIMARC,"Lácteos, Huevos y Refrigerados",6490.0,0
RANCHERITA,UNIMARC,"Lácteos, Huevos y Refrigerados",5390.0,0
AMBROSOLI,UNIMARC,"Lácteos, Huevos y Refrigerados",630.0,0
YOGU YOGU,UNIMARC,"Lácteos, Huevos y Refrigerados",3750.0,0
SANTA ELVIRA,UNIMARC,"Lácteos, Huevos y Refrigerados",10650.0,0
NESTLE,UNIMARC,"Lácteos, Huevos y Refrigerados",4390.0,0
CHANDELLE,UNIMARC,"Lácteos, Huevos y Refrigerados",810.0,0
CHANDELLE,UNIMARC,"Lácteos, Huevos y Refrigerados",810.0,0
SOPROLE,UNIMARC,"Lácteos, Huevos y Refrigerados",730.0,0
NESTLE,UNIMARC,"Lácteos, Huevos y Refrigerados",490.0,0
SOPROLE,UNIMARC,"Lácteos, Huevos y Refrigerados",380.0,0
SOPROLE,UNIMARC,"Lácteos, Huevos y Refrigerados",6990.0,0
CALAN,UNIMARC,"Lácteos, Huevos y Refrigerados",1790.0,0
NUESTRA COCINA,UNIMARC,"Lácteos, Huevos y Refrigerados",2190.0,0
SUREÑA,UNIMARC,"Lácteos, Huevos y Refrigerados",3790.0,0
COLUN,UNIMARC,"Lácteos, Huevos y Refrigerados",3850.0,0
CALAN,UNIMARC,"Lácteos, Huevos y Refrigerados",1790.0,0
NUESTRA COCINA,UNIMARC,"Lácteos, Huevos y Refrigerados",4650.0,0
OIKOS,UNIMARC,"Lácteos, Huevos y Refrigerados",780.0,0
UNO,UNIMARC,"Lácteos, Huevos y Refrigerados",2250.0,0
VIVO,UNIMARC,"Lácteos, Huevos y Refrigerados",560.0,0
SOPROLE,UNIMARC,"Lácteos, Huevos y Refrigerados",1550.0,0
SOPROLE,UNIMARC,"Lácteos, Huevos y Refrigerados",600.0,0
CALAN,UNIMARC,"Lácteos, Huevos y Refrigerados",3090.0,0
COLUN,UNIMARC,"Lácteos, Huevos y Refrigerados",13590.0,0
SOPROLE,UNIMARC,"Lácteos, Huevos y Refrigerados",620.0,0
MILO,UNIMARC,"Lácteos, Huevos y Refrigerados",6990.0,0
COLUN,UNIMARC,"Lácteos, Huevos y Refrigerados",650.0,0
SOPROLE,UNIMARC,"Lácteos, Huevos y Refrigerados",710.0,0
SOPROLE,UNIMARC,"Lácteos, Huevos y Refrigerados",620.0,0
SOPROLE,UNIMARC,"Lácteos, Huevos y Refrigerados",920.0,0
COLUN,UNIMARC,"Lácteos, Huevos y Refrigerados",3750.0,0
NESTLE,UNIMARC,"Lácteos, Huevos y Refrigerados",390.0,0
SOPROLE,UNIMARC,"Lácteos, Huevos y Refrigerados",2790.0,0
CHANDELLE,UNIMARC,"Lácteos, Huevos y Refrigerados",810.0,0
OIKOS,UNIMARC,"Lácteos, Huevos y Refrigerados",650.0,0
OIKOS,UNIMARC,"Lácteos, Huevos y Refrigerados",1190.0,0
SOPROLE,UNIMARC,"Lácteos, Huevos y Refrigerados",730.0,0
SOPROLE,UNIMARC,"Lácteos, Huevos y Refrigerados",920.0,0
VILAY,UNIMARC,"Lácteos, Huevos y Refrigerados",2450.0,0
SOPROLE,UNIMARC,"Lácteos, Huevos y Refrigerados",760.0,0
NESTLE,UNIMARC,"Lácteos, Huevos y Refrigerados",740.0,0
SOPROLE,UNIMARC,"Lácteos, Huevos y Refrigerados",6490.0,0
SOPROLE,UNIMARC,"Lácteos, Huevos y Refrigerados",1590.0,0
SOPROLE,UNIMARC,"Lácteos, Huevos y Refrigerados",790.0,0
WATTS,UNIMARC,"Lácteos, Huevos y Refrigerados",2590.0,0
QUILLAYES,UNIMARC,"Lácteos, Huevos y Refrigerados",4350.0,0
COLUN,UNIMARC,"Lácteos, Huevos y Refrigerados",3750.0,0
CALO,UNIMARC,"Lácteos, Huevos y Refrigerados",12990.0,0
NEXT,UNIMARC,"Lácteos, Huevos y Refrigerados",1590.0,0
ORASI,UNIMARC,"Lácteos, Huevos y Refrigerados",2350.0,0
SOPROLE,UNIMARC,"Lácteos, Huevos y Refrigerados",2090.0,0
OIKOS,UNIMARC,"Lácteos, Huevos y Refrigerados",650.0,0
SOPROLE,UNIMARC,"Lácteos, Huevos y Refrigerados",3150.0,0
SOPROLE,UNIMARC,"Lácteos, Huevos y Refrigerados",2090.0,0
NIDO,UNIMARC,"Lácteos, Huevos y Refrigerados",9790.0,0
YOGU YOGU,UNIMARC,"Lácteos, Huevos y Refrigerados",3750.0,0
SOPROLE,UNIMARC,"Lácteos, Huevos y Refrigerados",710.0,0
NESTLE,UNIMARC,"Lácteos, Huevos y Refrigerados",4150.0,0
WATTS,UNIMARC,"Lácteos, Huevos y Refrigerados",510.0,0
REGIMEL,UNIMARC,"Lácteos, Huevos y Refrigerados",1990.0,0
SOPROLE,UNIMARC,"Lácteos, Huevos y Refrigerados",740.0,0
NESTLE,UNIMARC,"Lácteos, Huevos y Refrigerados",390.0,0
NESQUIK,UNIMARC,"Lácteos, Huevos y Refrigerados",3890.0,0
CINTAZUL,UNIMARC,"Lácteos, Huevos y Refrigerados",10190.0,0
SOPROLE,UNIMARC,"Lácteos, Huevos y Refrigerados",3590.0,0
YEMITA,UNIMARC,"Lácteos, Huevos y Refrigerados",6890.0,0
SOPROLE,UNIMARC,"Lácteos, Huevos y Refrigerados",800.0,0
NEXT,UNIMARC,"Lácteos, Huevos y Refrigerados",2490.0,0
LONCOLECHE,UNIMARC,"Lácteos, Huevos y Refrigerados",11390.0,0
SUREÑA,UNIMARC,"Lácteos, Huevos y Refrigerados",6150.0,0
MILO,UNIMARC,"Lácteos, Huevos y Refrigerados",680.0,0
NUESTRA COCINA,UNIMARC,"Lácteos, Huevos y Refrigerados",2490.0,0
SOPROLE,UNIMARC,"Lácteos, Huevos y Refrigerados",1990.0,0
SOPROLE,UNIMARC,"Lácteos, Huevos y Refrigerados",3590.0,0
NESTLE,UNIMARC,"Lácteos, Huevos y Refrigerados",7950.0,0
LONCOLECHE,UNIMARC,"Lácteos, Huevos y Refrigerados",3390.0,0
SOPROLE,UNIMARC,"Lácteos, Huevos y Refrigerados",2590.0,0
SVELTY,UNIMARC,"Lácteos, Huevos y Refrigerados",4390.0,0
COLUN,UNIMARC,"Lácteos, Huevos y Refrigerados",1990.0,0
SOPROLE,UNIMARC,"Lácteos, Huevos y Refrigerados",1990.0,0
SOPROLE,UNIMARC,"Lácteos, Huevos y Refrigerados",380.0,0
SOPROLE,UNIMARC,"Lácteos, Huevos y Refrigerados",6790.0,0
VIVO,UNIMARC,"Lácteos, Huevos y Refrigerados",870.0,0
SOPROLE,UNIMARC,"Lácteos, Huevos y Refrigerados",2590.0,0
CINTAZUL,UNIMARC,"Lácteos, Huevos y Refrigerados",4290.0,0
SOPROLE,UNIMARC,"Lácteos, Huevos y Refrigerados",710.0,0
QUILLAYES,UNIMARC,"Lácteos, Huevos y Refrigerados",4850.0,0
COLUN,UNIMARC,"Lácteos, Huevos y Refrigerados",4090.0,0
OIKOS,UNIMARC,"Lácteos, Huevos y Refrigerados",650.0,0
SOPROLE,UNIMARC,"Lácteos, Huevos y Refrigerados",380.0,0
SOPROLE,UNIMARC,"Lácteos, Huevos y Refrigerados",1590.0,0
COLUN,UNIMARC,"Lácteos, Huevos y Refrigerados",3890.0,0
ORASI,UNIMARC,"Lácteos, Huevos y Refrigerados",3690.0,0
SOPROLE,UNIMARC,"Lácteos, Huevos y Refrigerados",6190.0,0
SOPROLE,UNIMARC,"Lácteos, Huevos y Refrigerados",600.0,0
SOPROLE,UNIMARC,"Lácteos, Huevos y Refrigerados",3890.0,0
SOPROLE,UNIMARC,"Lácteos, Huevos y Refrigerados",710.0,0
LONCOLECHE,UNIMARC,"Lácteos, Huevos y Refrigerados",3250.0,0
ORASI,UNIMARC,"Lácteos, Huevos y Refrigerados",3990.0,0
NIDO,UNIMARC,"Lácteos, Huevos y Refrigerados",3550.0,0
LOS ALERCES,UNIMARC,"Lácteos, Huevos y Refrigerados",3150.0,0
NEXT,UNIMARC,"Lácteos, Huevos y Refrigerados",2490.0,0
MY WAY,UNIMARC,"Lácteos, Huevos y Refrigerados",990.0,0
SUREÑA,UNIMARC,"Lácteos, Huevos y Refrigerados",1950.0,0
REGIMEL,UNIMARC,"Lácteos, Huevos y Refrigerados",1990.0,0
MASTER MARTINI,UNIMARC,"Lácteos, Huevos y Refrigerados",5490.0,0
DANONE,UNIMARC,"Lácteos, Huevos y Refrigerados",370.0,0
SOPROLE,UNIMARC,"Lácteos, Huevos y Refrigerados",740.0,0
SOPROLE,UNIMARC,"Lácteos, Huevos y Refrigerados",740.0,0
SOPROLE,UNIMARC,"Lácteos, Huevos y Refrigerados",380.0,0
TRENCITO,UNIMARC,"Lácteos, Huevos y Refrigerados",720.0,0
SOPROLE,UNIMARC,"Lácteos, Huevos y Refrigerados",740.0,0
OIKOS,UNIMARC,"Lácteos, Huevos y Refrigerados",780.0,0
AMBROSOLI,UNIMARC,"Lácteos, Huevos y Refrigerados",630.0,0
SOPROLE,UNIMARC,"Lácteos, Huevos y Refrigerados",2190.0,0
OIKOS,UNIMARC,"Lácteos, Huevos y Refrigerados",1350.0,0
COLUN,UNIMARC,"Lácteos, Huevos y Refrigerados",2290.0,0
NESTLE,UNIMARC,"Lácteos, Huevos y Refrigerados",520.0,0
LONCOLECHE,UNIMARC,"Lácteos, Huevos y Refrigerados",2890.0,0
MY WAY,UNIMARC,"Lácteos, Huevos y Refrigerados",990.0,0
LONCOLECHE,UNIMARC,"Lácteos, Huevos y Refrigerados",2350.0,0
SOPROLE,UNIMARC,"Lácteos, Huevos y Refrigerados",740.0,0
SOPROLE,UNIMARC,"Lácteos, Huevos y Refrigerados",3450.0,0
NESTLE,UNIMARC,"Lácteos, Huevos y Refrigerados",390.0,0
ORASI,UNIMARC,"Lácteos, Huevos y Refrigerados",3690.0,0
SOPROLE,UNIMARC,"Lácteos, Huevos y Refrigerados",1790.0,0
SOPROLE,UNIMARC,"Lácteos, Huevos y Refrigerados",790.0,0
VIVO,UNIMARC,"Lácteos, Huevos y Refrigerados",2890.0,0
LONCOLECHE,UNIMARC,"Lácteos, Huevos y Refrigerados",3390.0,0
SOPROLE,UNIMARC,"Lácteos, Huevos y Refrigerados",3850.0,0
COLUN,UNIMARC,"Lácteos, Huevos y Refrigerados",3750.0,0
NESTLE,UNIMARC,"Lácteos, Huevos y Refrigerados",740.0,0
SOPROLE,UNIMARC,"Lácteos, Huevos y Refrigerados",3390.0,0
NESTLE,UNIMARC,"Lácteos, Huevos y Refrigerados",870.0,0
LA GRANJA,UNIMARC,"Lácteos, Huevos y Refrigerados",3090.0,0
NESTLE,UNIMARC,"Lácteos, Huevos y Refrigerados",720.0,0
SOPROLE,UNIMARC,"Lácteos, Huevos y Refrigerados",760.0,0
SOPROLE,UNIMARC,"Lácteos, Huevos y Refrigerados",800.0,0
COLUN,UNIMARC,"Lácteos, Huevos y Refrigerados",700.0,0
FUNDO RIO ALEGRE,UNIMARC,"Lácteos, Huevos y Refrigerados",7490.0,0
VILAY,UNIMARC,"Lácteos, Huevos y Refrigerados",2450.0,0
SOPROLE,UNIMARC,"Lácteos, Huevos y Refrigerados",8290.0,0
DON GUILLERMO,UNIMARC,"Lácteos, Huevos y Refrigerados",3090.0,0
LONCOLECHE,UNIMARC,"Lácteos, Huevos y Refrigerados",2350.0,0
SOPROLE,UNIMARC,"Lácteos, Huevos y Refrigerados",4990.0,0
ECOTERRA,UNIMARC,"Lácteos, Huevos y Refrigerados",13790.0,0
COLUN,UNIMARC,"Lácteos, Huevos y Refrigerados",640.0,0
ALCAFOOD,UNIMARC,"Lácteos, Huevos y Refrigerados",7490.0,0
COPACABANA,UNIMARC,"Lácteos, Huevos y Refrigerados",1590.0,0
COLUN,UNIMARC,"Lácteos, Huevos y Refrigerados",630.0,0
AMA,UNIMARC,"Lácteos, Huevos y Refrigerados",1190.0,0
VILAY,UNIMARC,"Lácteos, Huevos y Refrigerados",2450.0,0
YOGU YOGU,UNIMARC,"Lácteos, Huevos y Refrigerados",2490.0,0
MOMENTS,UNIMARC,"Lácteos, Huevos y Refrigerados",790.0,0
SOPROLE,UNIMARC,"Lácteos, Huevos y Refrigerados",720.0,0
SOPROLE,UNIMARC,"Lácteos, Huevos y Refrigerados",2750.0,0
SOPROLE,UNIMARC,"Lácteos, Huevos y Refrigerados",2090.0,0
COLUN,UNIMARC,"Lácteos, Huevos y Refrigerados",390.0,0
SOPROLE,UNIMARC,"Lácteos, Huevos y Refrigerados",6450.0,0
AMBAR GHEE,UNIMARC,"Lácteos, Huevos y Refrigerados",6790.0,0
SOPROLE,UNIMARC,"Lácteos, Huevos y Refrigerados",2190.0,0
NOT MILK,UNIMARC,"Lácteos, Huevos y Refrigerados",2950.0,0
SOPROLE,UNIMARC,"Lácteos, Huevos y Refrigerados",2590.0,0
VILAY,UNIMARC,"Lácteos, Huevos y Refrigerados",2450.0,0
COLUN,UNIMARC,"Lácteos, Huevos y Refrigerados",3890.0,0
NOT MILK,UNIMARC,"Lácteos, Huevos y Refrigerados",1690.0,0
MILO,UNIMARC,"Lácteos, Huevos y Refrigerados",2250.0,0
COLUN,UNIMARC,"Lácteos, Huevos y Refrigerados",620.0,0
SOPROLE,UNIMARC,"Lácteos, Huevos y Refrigerados",580.0,0
REGIMEL,UNIMARC,"Lácteos, Huevos y Refrigerados",1990.0,0
SOPROLE,UNIMARC,"Lácteos, Huevos y Refrigerados",760.0,0
SOPROLE,UNIMARC,"Lácteos, Huevos y Refrigerados",740.0,0
CHANDELLE,UNIMARC,"Lácteos, Huevos y Refrigerados",870.0,0
SOPROLE,UNIMARC,"Lácteos, Huevos y Refrigerados",1790.0,0
YEMITA,UNIMARC,"Lácteos, Huevos y Refrigerados",2450.0,0
QUILLAYES,UNIMARC,"Lácteos, Huevos y Refrigerados",4890.0,0
DANONE,UNIMARC,"Lácteos, Huevos y Refrigerados",2090.0,0
MOMENTS,UNIMARC,"Lácteos, Huevos y Refrigerados",4690.0,0
LAS PARCELAS DE VALDIVIA,UNIMARC,"Lácteos, Huevos y Refrigerados",3750.0,0
YEMITA,UNIMARC,"Lácteos, Huevos y Refrigerados",4750.0,0
NESTLE,UNIMARC,"Lácteos, Huevos y Refrigerados",520.0,0
COLA CAO,UNIMARC,"Lácteos, Huevos y Refrigerados",4890.0,0
OIKOS,UNIMARC,"Lácteos, Huevos y Refrigerados",1350.0,0
LA HERRADURA,UNIMARC,"Lácteos, Huevos y Refrigerados",10990.0,0
QUILLAYES,UNIMARC,"Lácteos, Huevos y Refrigerados",4190.0,0
AMA,UNIMARC,"Lácteos, Huevos y Refrigerados",1190.0,0
OMEGA 3,UNIMARC,"Lácteos, Huevos y Refrigerados",10950.0,0
NESQUIK,UNIMARC,"Lácteos, Huevos y Refrigerados",1990.0,0
MOMENTS,UNIMARC,"Lácteos, Huevos y Refrigerados",2890.0,0
LONCOLECHE,UNIMARC,"Lácteos, Huevos y Refrigerados",870.0,0
SOPROLE,UNIMARC,"Lácteos, Huevos y Refrigerados",800.0,0
OMEGA 3,UNIMARC,"Lácteos, Huevos y Refrigerados",4090.0,0
SOPROLE,UNIMARC,"Lácteos, Huevos y Refrigerados",3590.0,0
SOPROLE,UNIMARC,"Lácteos, Huevos y Refrigerados",380.0,0
LONCOLECHE,UNIMARC,"Lácteos, Huevos y Refrigerados",4290.0,0
SOPROLE,UNIMARC,"Lácteos, Huevos y Refrigerados",730.0,0
SOPROLE,UNIMARC,"Lácteos, Huevos y Refrigerados",810.0,0
DANONE,UNIMARC,"Lácteos, Huevos y Refrigerados",370.0,0
COLA CAO,UNIMARC,"Lácteos, Huevos y Refrigerados",2390.0,0
ORASI,UNIMARC,"Lácteos, Huevos y Refrigerados",1490.0,0
LONCOLECHE,UNIMARC,"Lácteos, Huevos y Refrigerados",570.0,0
DEYCO,UNIMARC,"Lácteos, Huevos y Refrigerados",2690.0,0
FUNDO RIO ALEGRE,UNIMARC,"Lácteos, Huevos y Refrigerados",9350.0,0
ENSURE,UNIMARC,"Lácteos, Huevos y Refrigerados",33890.0,0
LONCOLECHE,UNIMARC,"Lácteos, Huevos y Refrigerados",3390.0,0
SOPROLE,UNIMARC,"Lácteos, Huevos y Refrigerados",3590.0,0
PUCARA,UNIMARC,"Lácteos, Huevos y Refrigerados",1790.0,0
AMBROSOLI,UNIMARC,"Lácteos, Huevos y Refrigerados",630.0,0
COLUN,UNIMARC,"Lácteos, Huevos y Refrigerados",2290.0,0
DILA,UNIMARC,"Lácteos, Huevos y Refrigerados",1490.0,0
SOPROLE,UNIMARC,"Lácteos, Huevos y Refrigerados",2590.0,0
AMA,UNIMARC,"Lácteos, Huevos y Refrigerados",1190.0,0
QUALY,UNIMARC,"Lácteos, Huevos y Refrigerados",2790.0,0
LONCOLECHE,UNIMARC,"Lácteos, Huevos y Refrigerados",3250.0,0
CHANDELLE,UNIMARC,"Lácteos, Huevos y Refrigerados",870.0,0
SURLAT,UNIMARC,"Lácteos, Huevos y Refrigerados",8700.0,0
SOPROLE,UNIMARC,"Lácteos, Huevos y Refrigerados",2750.0,0
AMA,UNIMARC,"Lácteos, Huevos y Refrigerados",1190.0,0
AMBROSOLI,UNIMARC,"Lácteos, Huevos y Refrigerados",630.0,0
SOPROLE,UNIMARC,"Lácteos, Huevos y Refrigerados",1850.0,0
VILAY,UNIMARC,"Lácteos, Huevos y Refrigerados",2450.0,0
COLUN,UNIMARC,"Lácteos, Huevos y Refrigerados",16680.0,0
DANONE,UNIMARC,"Lácteos, Huevos y Refrigerados",370.0,0
PUCARA,UNIMARC,"Lácteos, Huevos y Refrigerados",1790.0,0
DILA,UNIMARC,"Lácteos, Huevos y Refrigerados",1490.0,0
SANTA ELVIRA,UNIMARC,"Lácteos, Huevos y Refrigerados",6490.0,0
SOPROLE,UNIMARC,"Lácteos, Huevos y Refrigerados",4990.0,0
DILA,UNIMARC,"Lácteos, Huevos y Refrigerados",1490.0,0
MILO,UNIMARC,"Lácteos, Huevos y Refrigerados",3990.0,0
CINTAZUL,UNIMARC,"Lácteos, Huevos y Refrigerados",4990.0,0
LA GRANJA,UNIMARC,"Lácteos, Huevos y Refrigerados",5390.0,0
SOPROLE,UNIMARC,"Lácteos, Huevos y Refrigerados",560.0,0
VIVO,UNIMARC,"Lácteos, Huevos y Refrigerados",870.0,0
RAFF,UNIMARC,"Lácteos, Huevos y Refrigerados",1990.0,0
AMBROSOLI,UNIMARC,"Lácteos, Huevos y Refrigerados",630.0,0
SOPROLE,UNIMARC,"Lácteos, Huevos y Refrigerados",3590.0,0
YEMITA,UNIMARC,"Lácteos, Huevos y Refrigerados",4750.0,0
COLUN,UNIMARC,"Lácteos, Huevos y Refrigerados",620.0,0
NESQUIK,UNIMARC,"Lácteos, Huevos y Refrigerados",3890.0,0
DILA,UNIMARC,"Lácteos, Huevos y Refrigerados",990.0,0
SOPROLE,UNIMARC,"Lácteos, Huevos y Refrigerados",620.0,0
SOPROLE,UNIMARC,"Lácteos, Huevos y Refrigerados",2590.0,0
COLUN,UNIMARC,"Lácteos, Huevos y Refrigerados",16680.0,0
SOPROLE,UNIMARC,"Lácteos, Huevos y Refrigerados",680.0,0
COLUN,UNIMARC,"Lácteos, Huevos y Refrigerados",390.0,0
SOPROLE,UNIMARC,"Lácteos, Huevos y Refrigerados",720.0,0
LONCOLECHE,UNIMARC,"Lácteos, Huevos y Refrigerados",9550.0,0
COLUN,UNIMARC,"Lácteos, Huevos y Refrigerados",8290.0,0
NESTLE,UNIMARC,"Lácteos, Huevos y Refrigerados",410.0,0
SOPROLE,UNIMARC,"Lácteos, Huevos y Refrigerados",1850.0,0
LONCOLECHE,UNIMARC,"Lácteos, Huevos y Refrigerados",2890.0,0
AVICOLA SAN ANTONIO,UNIMARC,"Lácteos, Huevos y Refrigerados",9190.0,0
LONCOLECHE,UNIMARC,"Lácteos, Huevos y Refrigerados",3390.0,0
SOPROLE,UNIMARC,"Lácteos, Huevos y Refrigerados",790.0,0
COLUN,UNIMARC,"Lácteos, Huevos y Refrigerados",390.0,0
CINTAZUL,UNIMARC,"Lácteos, Huevos y Refrigerados",4350.0,0
CALAN,UNIMARC,"Lácteos, Huevos y Refrigerados",5490.0,0
AVICOLA SAN ANTONIO,UNIMARC,"Lácteos, Huevos y Refrigerados",10190.0,0
LONCOLECHE,UNIMARC,"Lácteos, Huevos y Refrigerados",570.0,0
VILAY,UNIMARC,"Lácteos, Huevos y Refrigerados",1390.0,0
ORASI,UNIMARC,"Lácteos, Huevos y Refrigerados",2350.0,0
ECOTERRA,UNIMARC,"Lácteos, Huevos y Refrigerados",4990.0,0
COLUN,UNIMARC,"Lácteos, Huevos y Refrigerados",1090.0,0
OMEGA 3,UNIMARC,"Lácteos, Huevos y Refrigerados",3090.0,0
SOPROLE,UNIMARC,"Lácteos, Huevos y Refrigerados",580.0,0
PRESIDENT,UNIMARC,"Lácteos, Huevos y Refrigerados",2990.0,0
SOPROLE,UNIMARC,"Lácteos, Huevos y Refrigerados",680.0,0
AMA,UNIMARC,"Lácteos, Huevos y Refrigerados",1190.0,0
SOPROLE,UNIMARC,"Lácteos, Huevos y Refrigerados",460.0,0
YOGU YOGU,UNIMARC,"Lácteos, Huevos y Refrigerados",2490.0,0
VILAY,UNIMARC,"Lácteos, Huevos y Refrigerados",2450.0,0
QUILLAYES,UNIMARC,"Lácteos, Huevos y Refrigerados",3350.0,0
MILO,UNIMARC,"Lácteos, Huevos y Refrigerados",680.0,0
TRENCITO,UNIMARC,"Lácteos, Huevos y Refrigerados",3250.0,0
VILAY,UNIMARC,"Lácteos, Huevos y Refrigerados",2450.0,0
NESTLE,UNIMARC,"Lácteos, Huevos y Refrigerados",410.0,0
LONCOLECHE,UNIMARC,"Lácteos, Huevos y Refrigerados",6390.0,0
SOPROLE,UNIMARC,"Lácteos, Huevos y Refrigerados",460.0,0
COLUN,UNIMARC,"Lácteos, Huevos y Refrigerados",1190.0,0
VILAY,UNIMARC,"Lácteos, Huevos y Refrigerados",1550.0,0
COLA CAO,UNIMARC,"Lácteos, Huevos y Refrigerados",7290.0,0
CALAN,UNIMARC,"Lácteos, Huevos y Refrigerados",2490.0,0
SOPROLE,UNIMARC,"Lácteos, Huevos y Refrigerados",3350.0,0
CALO,UNIMARC,"Lácteos, Huevos y Refrigerados",1890.0,0
SURLAT,UNIMARC,"Lácteos, Huevos y Refrigerados",8700.0,0
NESTLE,UNIMARC,"Lácteos, Huevos y Refrigerados",8890.0,0
LONCOLECHE,UNIMARC,"Lácteos, Huevos y Refrigerados",570.0,0
SOPROLE,UNIMARC,"Lácteos, Huevos y Refrigerados",1850.0,0
ECOTERRA,UNIMARC,"Lácteos, Huevos y Refrigerados",11190.0,0
PUCARA,UNIMARC,"Lácteos, Huevos y Refrigerados",1790.0,0
LONCOLECHE,UNIMARC,"Lácteos, Huevos y Refrigerados",2890.0,0
GENERICA,ACUENTA,Despensa General,3790.0,0
TUCAPEL,ACUENTA,Arroz,1000.0,1
ACUENTA,ACUENTA,Aceites,1390.0,1
ACUENTA,ACUENTA,Harinas,790.0,1
ACE,ACUENTA,Aceites,2850.0,1
NETO,ACUENTA,Aceites,1850.0,1
TUCAPEL,ACUENTA,Arroz,2150.0,1
GENERICA,ACUENTA,Despensa General,940.0,0
SELECTA,ACUENTA,Harinas,2000.0,1
GENERICA,ACUENTA,Despensa General,1750.0,0
CAROZZI,ACUENTA,Pastas,990.0,2
GENERICA,ACUENTA,Pastas,970.0,2
IANSA,ACUENTA,Azúcares,1290.0,1
NETO,ACUENTA,Conservas,1000.0,1
MIRAFLORES,ACUENTA,Arroz,2350.0,1
MIRAFLORES,ACUENTA,Aceites,2790.0,1
LIDER,ACUENTA,Azúcares,1000.0,1
ACUENTA,ACUENTA,Despensa General,1000.0,0
ACUENTA,ACUENTA,Despensa General,270.0,0
GENERICA,ACUENTA,Despensa General,1000.0,0
CAROZZI,ACUENTA,Despensa General,940.0,0
LA ROMA,ACUENTA,Arroz,1000.0,1
KRAFT,ACUENTA,Salsas,2890.0,1
GENERICA,ACUENTA,Despensa General,2350.0,0
GENERICA,ACUENTA,Despensa General,2290.0,0
NETO,ACUENTA,Despensa General,1850.0,0
GENERICA,ACUENTA,Arroz,1650.0,1
BANQUETE,ACUENTA,Arroz,2000.0,1
GENERICA,ACUENTA,Despensa General,2650.0,0
LIDER,ACUENTA,Despensa General,6490.0,0
LIDER,ACUENTA,Despensa General,1450.0,0
LIDER,ACUENTA,Azúcares,1190.0,1
GENERICA,ACUENTA,Despensa General,1550.0,0
ACUENTA,ACUENTA,Despensa General,850.0,0
CAROZZI,ACUENTA,Pastas,990.0,2
GENERICA,ACUENTA,Despensa General,770.0,0
KRAFT,ACUENTA,Despensa General,1790.0,0
GENERICA,ACUENTA,Despensa General,750.0,0
ACUENTA,ACUENTA,Despensa General,1650.0,0
CAROZZI,ACUENTA,Pastas,990.0,2
NETO,ACUENTA,Conservas,1850.0,1
LIDER,ACUENTA,Despensa General,550.0,0
GENERICA,ACUENTA,Pastas,450.0,2
LIDER,ACUENTA,Despensa General,890.0,0
CAROZZI,ACUENTA,Pastas,990.0,2
LIDER,ACUENTA,Despensa General,550.0,0
VIVO,ACUENTA,Despensa General,490.0,0
CAROZZI,ACUENTA,Pastas,990.0,2
GENERICA,ACUENTA,Harinas,14990.0,1
ACUENTA,ACUENTA,Aceites,7890.0,1
GENERICA,ACUENTA,Pastas,990.0,2
LIDER,ACUENTA,Azúcares,4490.0,1
GENERICA,ACUENTA,Legumbres,1390.0,1
NETO,ACUENTA,Legumbres,1390.0,1
GENERICA,ACUENTA,Despensa General,2650.0,0
GENERICA,ACUENTA,Harinas,1000.0,1
ACUENTA,ACUENTA,Pastas,430.0,2
ACUENTA,ACUENTA,Pastas,430.0,2
GENERICA,ACUENTA,Pastas,970.0,2
GENERICA,ACUENTA,Despensa General,1450.0,0
CAROZZI,ACUENTA,Pastas,990.0,2
ACE,ACUENTA,Aceites,2450.0,1
GENERICA,ACUENTA,Pastas,990.0,2
VIVO,ACUENTA,Despensa General,490.0,0
IANSA,ACUENTA,Despensa General,2990.0,0
GENERICA,ACUENTA,Despensa General,740.0,0
GENERICA,ACUENTA,Despensa General,1000.0,0
GENERICA,ACUENTA,Harinas,19590.0,1
NETO,ACUENTA,Despensa General,2150.0,0
ACUENTA,ACUENTA,Despensa General,390.0,0
IANSA,ACUENTA,Azúcares,1000.0,1
NETO,ACUENTA,Despensa General,1250.0,0
ACUENTA,ACUENTA,Despensa General,2350.0,0
CAROZZI,ACUENTA,Pastas,2450.0,2
ACUENTA,ACUENTA,Pastas,460.0,2
CAROZZI,ACUENTA,Pastas,1890.0,2
GENERICA,ACUENTA,Despensa General,740.0,0
NETO,ACUENTA,Conservas,700.0,1
GENERICA,ACUENTA,Despensa General,1000.0,0
ACUENTA,ACUENTA,Salsas,2190.0,1
MAGGI,ACUENTA,Despensa General,1000.0,0
LUCCHETTI,ACUENTA,Pastas,970.0,2
GENERICA,ACUENTA,Arroz,1490.0,1
LUCCHETTI,ACUENTA,Pastas,970.0,2
GENERICA,ACUENTA,Arroz,1890.0,1
GENERICA,ACUENTA,Despensa General,740.0,0
GENERICA,ACUENTA,Despensa General,1390.0,0
NETO,ACUENTA,Despensa General,1450.0,0
GENERICA,ACUENTA,Despensa General,630.0,0
IANSA,ACUENTA,Azúcares,1350.0,1
GENERICA,ACUENTA,Despensa General,770.0,0
ACUENTA,ACUENTA,Azúcares,750.0,1
IANSA,ACUENTA,Despensa General,2350.0,0
GENERICA,ACUENTA,Despensa General,590.0,0
GENERICA,ACUENTA,Despensa General,940.0,0
IANSA,ACUENTA,Azúcares,5290.0,1
MAGGI,ACUENTA,Despensa General,630.0,0
GENERICA,ACUENTA,Harinas,3890.0,1
GOURMET,ACUENTA,Despensa General,2550.0,0
GENERICA,ACUENTA,Despensa General,630.0,0
NETO,ACUENTA,Despensa General,1690.0,0
GENERICA,ACUENTA,Harinas,1190.0,1
GENERICA,ACUENTA,Legumbres,1390.0,1
ACE,ACUENTA,Aceites,2650.0,1
GENERICA,ACUENTA,Despensa General,940.0,0
ACUENTA,ACUENTA,Aceites,2390.0,1
ACUENTA,ACUENTA,Despensa General,2290.0,0
GENERICA,ACUENTA,Arroz,1190.0,1
GENERICA,ACUENTA,Pastas,450.0,2
ACUENTA,ACUENTA,Legumbres,1950.0,1
GENERICA,ACUENTA,Despensa General,560.0,0
GENERICA,ACUENTA,Harinas,1250.0,1
NETO,ACUENTA,Legumbres,1390.0,1
LIDER,ACUENTA,Legumbres,950.0,1
GENERICA,ACUENTA,Arroz,450.0,1
LOBOS,ACUENTA,Despensa General,420.0,0
GENERICA,ACUENTA,Despensa General,450.0,0
MAGGI,ACUENTA,Despensa General,630.0,0
GENERICA,ACUENTA,Despensa General,2000.0,0
GENERICA,ACUENTA,Despensa General,560.0,0
BANQUETE,ACUENTA,Legumbres,2000.0,1
GENERICA,ACUENTA,Despensa General,2150.0,0
NETO,ACUENTA,Despensa General,1490.0,0
GENERICA,ACUENTA,Pastas,2450.0,2
MAGGI,ACUENTA,Despensa General,890.0,0
SELECTA,ACUENTA,Harinas,1990.0,1
ACUENTA,ACUENTA,Arroz,850.0,1
TUCAPEL,ACUENTA,Arroz,1390.0,1
GENERICA,ACUENTA,Arroz,740.0,1
GENERICA,ACUENTA,Despensa General,1950.0,0
GENERICA,ACUENTA,Despensa General,740.0,0
GENERICA,ACUENTA,Despensa General,560.0,0
GENERICA,ACUENTA,Pastas,450.0,2
LIDER,ACUENTA,Harinas,890.0,1
NETO,ACUENTA,Despensa General,1650.0,0
GENERICA,ACUENTA,Despensa General,450.0,0
ACUENTA,ACUENTA,Pastas,430.0,2
GENERICA,ACUENTA,Despensa General,770.0,0
LIDER,ACUENTA,Aceites,1650.0,1
CAROZZI,ACUENTA,Pastas,990.0,2
NETO,ACUENTA,Aceites,1390.0,1
LIDER,ACUENTA,Legumbres,950.0,1
ACUENTA,ACUENTA,Harinas,790.0,1
GENERICA,ACUENTA,Despensa General,740.0,0
GENERICA,ACUENTA,Despensa General,560.0,0
ACUENTA,ACUENTA,Pastas,430.0,2
GENERICA,ACUENTA,Despensa General,630.0,0
GENERICA,ACUENTA,Pastas,450.0,2
LIDER,ACUENTA,Despensa General,2990.0,0
LUCCHETTI,ACUENTA,Despensa General,770.0,0
MAGGI,ACUENTA,Despensa General,1000.0,0
CAROZZI,ACUENTA,Pastas,1250.0,2
KRAFT,ACUENTA,Salsas,6590.0,1
GENERICA,ACUENTA,Despensa General,740.0,0
GENERICA,ACUENTA,Pastas,1090.0,2
GENERICA,ACUENTA,Arroz,1950.0,1
ACUENTA,ACUENTA,Harinas,3990.0,1
GENERICA,ACUENTA,Harinas,1250.0,1
LIDER,ACUENTA,Despensa General,4690.0,0
NETO,ACUENTA,Conservas,1350.0,1
LUCCHETTI,ACUENTA,Pastas,970.0,2
KRAFT,ACUENTA,Salsas,9890.0,1
NETO,ACUENTA,Aceites,1350.0,1
GENERICA,ACUENTA,Despensa General,2250.0,0
LIDER,ACUENTA,Pastas,750.0,2
ACE,ACUENTA,Aceites,8990.0,1
LIDER,ACUENTA,Harinas,890.0,1
LUCCHETTI,ACUENTA,Pastas,970.0,2
SELECTA,ACUENTA,Harinas,7090.0,1
KRAFT,ACUENTA,Salsas,4490.0,1
SELECTA,ACUENTA,Harinas,1350.0,1
LIDER,ACUENTA,Pastas,750.0,2
SELECTA,ACUENTA,Harinas,1350.0,1
LIDER,ACUENTA,Aceites,1890.0,1
LIDER,ACUENTA,Salsas,3890.0,1
LIDER,ACUENTA,Salsas,3390.0,1
ACE,ACUENTA,Aceites,8390.0,1
ACE,ACUENTA,Aceites,5190.0,1
LUCCHETTI,ACUENTA,Pastas,970.0,2
KRAFT,ACUENTA,Despensa General,2790.0,0
NETO,ACUENTA,Despensa General,1450.0,0
GENERICA,ACUENTA,Harinas,17990.0,1
CAROZZI,ACUENTA,Despensa General,1390.0,0
GENERICA,ACUENTA,Despensa General,590.0,0
GENERICA,ACUENTA,Pastas,970.0,2
NETO,ACUENTA,Despensa General,1650.0,0
GENERICA,ACUENTA,Despensa General,2690.0,0
NETO,ACUENTA,Despensa General,1750.0,0
GENERICA,ACUENTA,Despensa General,1750.0,0
LIDER,ACUENTA,Pastas,750.0,2
LIDER,ACUENTA,Pastas,750.0,2
LIDER,ACUENTA,Despensa General,1890.0,0
GENERICA,ACUENTA,Pastas,590.0,2
GENERICA,ACUENTA,Despensa General,2250.0,0
NETO,ACUENTA,Despensa General,2290.0,0
LIDER,ACUENTA,Despensa General,3490.0,0
NETO,ACUENTA,Despensa General,2290.0,0
LIDER,ACUENTA,Aceites,4690.0,1
ACE,ACUENTA,Aceites,4590.0,1
GENERICA,ACUENTA,Salsas,4790.0,1
LIDER,ACUENTA,Despensa General,2590.0,0
LIDER,ACUENTA,Despensa General,1390.0,0
LIDER,ACUENTA,Aceites,3000.0,1
GENERICA,ACUENTA,Harinas,1050.0,1
GENERICA,ACUENTA,Despensa General,2290.0,0
LIDER,ACUENTA,Harinas,2190.0,1
CAROZZI,ACUENTA,Pastas,830.0,2
GENERICA,ACUENTA,Despensa General,590.0,0
GENERICA,ACUENTA,Harinas,1690.0,1
GENERICA,ACUENTA,Despensa General,6290.0,0
CAROZZI,ACUENTA,Pastas,830.0,2
GENERICA,ACUENTA,Pastas,950.0,2
GENERICA,ACUENTA,Harinas,1050.0,1
ACUENTA,ACUENTA,Despensa General,760.0,0
LIDER,ACUENTA,Pastas,750.0,2
NETO,ACUENTA,Despensa General,2450.0,0
LIDER,ACUENTA,Despensa General,2490.0,0
LIDER,ACUENTA,Harinas,1550.0,1
GENERICA,ACUENTA,Despensa General,1790.0,0
CAROZZI,ACUENTA,Pastas,830.0,2
ACUENTA,ACUENTA,Despensa General,1450.0,0
GENERICA,ACUENTA,Despensa General,1750.0,0
SELECTA,ACUENTA,Harinas,1650.0,1
LIDER,ACUENTA,Despensa General,550.0,0
GENERICA,ACUENTA,Despensa General,1290.0,0
NETO,ACUENTA,Despensa General,2150.0,0
GOURMET,ACUENTA,Despensa General,2000.0,0
ACUENTA,ACUENTA,Despensa General,830.0,0
NETO,ACUENTA,Despensa General,2350.0,0
LIDER,ACUENTA,Despensa General,2290.0,0
GENERICA,ACUENTA,Salsas,3890.0,1
GENERICA,ACUENTA,Despensa General,490.0,0
GENERICA,ACUENTA,Despensa General,1490.0,0
LIDER,ACUENTA,Despensa General,1990.0,0
GENERICA,ACUENTA,Despensa General,1350.0,0
LIDER,ACUENTA,Salsas,3390.0,1
LIDER,ACUENTA,Legumbres,950.0,1
LIDER,ACUENTA,Pastas,750.0,2
GENERICA,ACUENTA,Despensa General,490.0,0
LIDER,ACUENTA,Despensa General,950.0,0
GENERICA,ACUENTA,Despensa General,3990.0,0
VIVO,ACUENTA,Despensa General,660.0,0
GENERICA,ACUENTA,Pastas,780.0,2
GENERICA,ACUENTA,Despensa General,1250.0,0
NETO,ACUENTA,Despensa General,3390.0,0
LIDER,ACUENTA,Pastas,750.0,2
GENERICA,ACUENTA,Despensa General,1250.0,0
NETO,ACUENTA,Despensa General,2790.0,0
GENERICA,ACUENTA,Despensa General,760.0,0
GENERICA,ACUENTA,Pastas,580.0,2
VIVO,ACUENTA,Despensa General,840.0,0
NETO,ACUENTA,Despensa General,990.0,0
CAROZZI,ACUENTA,Pastas,830.0,2
LIDER,ACUENTA,Salsas,2290.0,1
GENERICA,ACUENTA,Pastas,520.0,2
GENERICA,ACUENTA,Harinas,1350.0,1
VIVO,ACUENTA,Despensa General,840.0,0
ACUENTA,ACUENTA,Despensa General,850.0,0
GENERICA,ACUENTA,Despensa General,9590.0,0
LIDER,ACUENTA,Pastas,750.0,2
LIDER,ACUENTA,Salsas,1250.0,1
GENERICA,ACUENTA,Harinas,1090.0,1
NETO,ACUENTA,Despensa General,2990.0,0
GENERICA,ACUENTA,Pastas,780.0,2
NETO,ACUENTA,Despensa General,900.0,0
LIDER,ACUENTA,Harinas,2290.0,1
LUCCHETTI,ACUENTA,Despensa General,970.0,0
NETO,ACUENTA,Despensa General,2990.0,0
GENERICA,ACUENTA,Despensa General,450.0,0
ACUENTA,ACUENTA,Despensa General,1650.0,0
NETO,ACUENTA,Despensa General,2690.0,0
GENERICA,ACUENTA,Despensa General,2990.0,0
GENERICA,ACUENTA,Despensa General,3890.0,0
GENERICA,ACUENTA,Despensa General,3490.0,0
GENERICA,ACUENTA,Pastas,1190.0,2
NETO,ACUENTA,Despensa General,9590.0,0
GENERICA,ACUENTA,Despensa General,930.0,0
GENERICA,ACUENTA,Despensa General,930.0,0
GENERICA,ACUENTA,Despensa General,930.0,0
GENERICA,ACUENTA,Despensa General,930.0,0
GENERICA,ACUENTA,Despensa General,930.0,0
GENERICA,ACUENTA,Despensa General,440.0,0
GENERICA,ACUENTA,Despensa General,490.0,0
NETO,ACUENTA,Legumbres,610.0,1
NETO,ACUENTA,Aceites,1000.0,1
NETO,ACUENTA,Despensa General,2690.0,0
NETO,ACUENTA,Despensa General,1250.0,0
ACUENTA,ACUENTA,Despensa General,1450.0,0
GENERICA,ACUENTA,Despensa General,930.0,0
NETO,ACUENTA,Despensa General,2350.0,0
NETO,ACUENTA,Despensa General,1550.0,0
NETO,ACUENTA,Despensa General,630.0,0
NETO,ACUENTA,Legumbres,630.0,1
NETO,ACUENTA,Despensa General,1990.0,0
GENERICA,ACUENTA,Despensa General,1950.0,0
NETO,ACUENTA,Despensa General,1650.0,0
GENERICA,ACUENTA,Despensa General,1590.0,0
NETO,ACUENTA,Despensa General,2750.0,0
NETO,ACUENTA,Despensa General,1590.0,0
NETO,ACUENTA,Despensa General,2290.0,0
GENERICA,ACUENTA,Harinas,1150.0,1
NETO,ACUENTA,Despensa General,2390.0,0
SELECTA,ACUENTA,Harinas,1990.0,1
GENERICA,ACUENTA,Harinas,1850.0,1
GENERICA,ACUENTA,Harinas,1190.0,1
GENERICA,ACUENTA,Despensa General,1650.0,0
GENERICA,ACUENTA,Despensa General,1750.0,0
GENERICA,ACUENTA,Salsas,4890.0,1
NETO,ACUENTA,Despensa General,3990.0,0
GENERICA,ACUENTA,Despensa General,1390.0,0
LIDER,ACUENTA,Despensa General,550.0,0
GOURMET,ACUENTA,Despensa General,1250.0,0
GOURMET,ACUENTA,Despensa General,2590.0,0
GOURMET,ACUENTA,Despensa General,530.0,0
GENERICA,ACUENTA,Despensa General,1450.0,0
GOURMET,ACUENTA,Despensa General,1450.0,0
GENERICA,ACUENTA,Despensa General,4190.0,0
GOURMET,ACUENTA,Despensa General,1250.0,0
GOURMET,ACUENTA,Despensa General,1390.0,0
GOURMET,ACUENTA,Despensa General,1650.0,0
BANQUETE,ACUENTA,Despensa General,1950.0,0
IANSA,ACUENTA,Despensa General,2950.0,0
LIDER,ACUENTA,Despensa General,3690.0,0
GENERICA,ACUENTA,Despensa General,3190.0,0
IANSA,ACUENTA,Despensa General,3890.0,0
IANSA,ACUENTA,Legumbres,3990.0,1
GENERICA,ACUENTA,Legumbres,1750.0,1
GENERICA,ACUENTA,Despensa General,1090.0,0
GENERICA,ACUENTA,Despensa General,1090.0,0
LUCCHETTI,ACUENTA,Pastas,2190.0,2
GENERICA,ACUENTA,Pastas,2750.0,2
GENERICA,ACUENTA,Pastas,950.0,2
GENERICA,ACUENTA,Pastas,950.0,2
GENERICA,ACUENTA,Pastas,780.0,2
GENERICA,ACUENTA,Pastas,780.0,2
GENERICA,ACUENTA,Pastas,780.0,2
GENERICA,ACUENTA,Pastas,1390.0,2
GENERICA,ACUENTA,Pastas,990.0,2
GENERICA,ACUENTA,Pastas,990.0,2
GENERICA,ACUENTA,Pastas,890.0,2
GENERICA,ACUENTA,Pastas,990.0,2
GENERICA,ACUENTA,Despensa General,2250.0,0
GENERICA,ACUENTA,Pastas,890.0,2
CAROZZI,ACUENTA,Despensa General,1790.0,0
GENERICA,ACUENTA,Despensa General,850.0,0
ACE,ACUENTA,Aceites,1690.0,1
LIDER,ACUENTA,Despensa General,440.0,0
LIDER,ACUENTA,Despensa General,1390.0,0
LIDER,ACUENTA,Despensa General,370.0,0
LOBOS,ACUENTA,Despensa General,1350.0,0
MAGGI,ACUENTA,Despensa General,2690.0,0
ACE,ACUENTA,Aceites,14490.0,1
LIDER,ACUENTA,Despensa General,2450.0,0
LIDER,ACUENTA,Despensa General,460.0,0
GENERICA,ACUENTA,Pastas,1290.0,2
GENERICA,ACUENTA,Pastas,1290.0,2
GOURMET,ACUENTA,Despensa General,5290.0,0
GENERICA,ACUENTA,Despensa General,6290.0,0
GENERICA,ACUENTA,Despensa General,4590.0,0
GENERICA,ACUENTA,Despensa General,6290.0,0
GOURMET,ACUENTA,Despensa General,1850.0,0
LIDER,ACUENTA,Despensa General,740.0,0
LIDER,ACUENTA,Despensa General,770.0,0
GOURMET,ACUENTA,Despensa General,2190.0,0
GENERICA,ACUENTA,Despensa General,2850.0,0
GENERICA,ACUENTA,Despensa General,2950.0,0
LIDER,ACUENTA,Azúcares,640.0,1
LIDER,ACUENTA,Azúcares,640.0,1
LIDER,ACUENTA,Azúcares,640.0,1
GOURMET,ACUENTA,Despensa General,1250.0,0
LIDER,ACUENTA,Azúcares,640.0,1
LIDER,ACUENTA,Azúcares,640.0,1
OMO,ACUENTA,Despensa General,3390.0,0
GENERICA,ACUENTA,Legumbres,2290.0,1
GENERICA,ACUENTA,Despensa General,2290.0,0
LUCCHETTI,ACUENTA,Despensa General,990.0,0
GENERICA,ACUENTA,Azúcares,1850.0,1
GENERICA,ACUENTA,Despensa General,770.0,0
GENERICA,ACUENTA,Pastas,890.0,2
GENERICA,ACUENTA,Despensa General,3290.0,0
GENERICA,ACUENTA,Pastas,950.0,2
GENERICA,ACUENTA,Despensa General,3550.0,0
IANSA,ACUENTA,Despensa General,2650.0,0
GENERICA,ACUENTA,Despensa General,990.0,0
IANSA,ACUENTA,Despensa General,3390.0,0
IANSA,ACUENTA,Despensa General,2850.0,0
IANSA,ACUENTA,Legumbres,2990.0,1
LIDER,ACUENTA,Despensa General,320.0,0
LIDER,ACUENTA,Despensa General,430.0,0
GENERICA,ACUENTA,Despensa General,1050.0,0
GENERICA,ACUENTA,Pastas,890.0,2
LIDER,ACUENTA,Despensa General,2750.0,0
LIDER,ACUENTA,Despensa General,960.0,0
GENERICA,ACUENTA,Despensa General,1190.0,0
GENERICA,ACUENTA,Despensa General,1190.0,0
GENERICA,ACUENTA,Arroz,2650.0,1
KRAFT,ACUENTA,Salsas,3590.0,1
GENERICA,ACUENTA,Pastas,890.0,2
LIDER,ACUENTA,Azúcares,2150.0,1
GENERICA,ACUENTA,Despensa General,810.0,0
GENERICA,ACUENTA,Despensa General,810.0,0
GENERICA,ACUENTA,Despensa General,790.0,0
GENERICA,ACUENTA,Despensa General,930.0,0
GENERICA,ACUENTA,Despensa General,930.0,0
GENERICA,ACUENTA,Despensa General,660.0,0
LIDER,ACUENTA,Despensa General,950.0,0
GENERICA,ACUENTA,Despensa General,660.0,0
GENERICA,ACUENTA,Arroz,660.0,1
GENERICA,ACUENTA,Despensa General,1450.0,0
GENERICA,ACUENTA,Despensa General,660.0,0
GENERICA,ACUENTA,Pastas,490.0,2
GENERICA,ACUENTA,Pastas,450.0,2
GENERICA,ACUENTA,Pastas,1090.0,2
GENERICA,ACUENTA,Despensa General,690.0,0
LIDER,ACUENTA,Despensa General,680.0,0
LIDER,ACUENTA,Despensa General,690.0,0
GENERICA,ACUENTA,Despensa General,770.0,0
GENERICA,ACUENTA,Despensa General,2890.0,0
IANSA,ACUENTA,Despensa General,2550.0,0
CAROZZI,ACUENTA,Despensa General,1650.0,0
LIDER,ACUENTA,Despensa General,990.0,0
VIVO,ACUENTA,Despensa General,1050.0,0
LIDER,ACUENTA,Despensa General,530.0,0
GENERICA,ACUENTA,Despensa General,1450.0,0
TRAVERSO,ACUENTA,Despensa General,2050.0,0
CAROZZI,ACUENTA,Despensa General,1890.0,0
GENERICA,ACUENTA,Despensa General,5490.0,0
GENERICA,ACUENTA,Despensa General,2090.0,0
GENERICA,ACUENTA,Despensa General,250.0,0
GENERICA,ACUENTA,Despensa General,2550.0,0
GENERICA,ACUENTA,Despensa General,6290.0,0
GENERICA,ACUENTA,Despensa General,2990.0,0
GOURMET,ACUENTA,Despensa General,2750.0,0
GENERICA,ACUENTA,Despensa General,3990.0,0
GENERICA,ACUENTA,Despensa General,1050.0,0
GENERICA,ACUENTA,Despensa General,2250.0,0
GENERICA,ACUENTA,Despensa General,900.0,0
GOURMET,ACUENTA,Despensa General,910.0,0
GOURMET,ACUENTA,Despensa General,1390.0,0
GENERICA,ACUENTA,Despensa General,2990.0,0
GOURMET,ACUENTA,Despensa General,1990.0,0
GOURMET,ACUENTA,Despensa General,3890.0,0
ACUENTA,ACUENTA,Despensa General,1890.0,0
BANQUETE,ACUENTA,Despensa General,2350.0,0
LIDER,ACUENTA,Despensa General,2000.0,0
BANQUETE,ACUENTA,Despensa General,3450.0,0
LIDER,ACUENTA,Despensa General,2990.0,0
ACUENTA,ACUENTA,Despensa General,1990.0,0
GENERICA,ACUENTA,Despensa General,3690.0,0
LIDER,ACUENTA,Despensa General,3450.0,0
BANQUETE,ACUENTA,Despensa General,2990.0,0
LIDER,ACUENTA,Despensa General,2290.0,0
LIDER,ACUENTA,Despensa General,3490.0,0
BANQUETE,ACUENTA,Despensa General,3000.0,0
LIDER,ACUENTA,Legumbres,3190.0,1
BANQUETE,ACUENTA,Legumbres,3390.0,1
LIDER,ACUENTA,Legumbres,2990.0,1
BANQUETE,ACUENTA,Legumbres,2850.0,1
GENERICA,ACUENTA,Despensa General,1190.0,0
LIDER,ACUENTA,Despensa General,960.0,0
VIVO,ACUENTA,Despensa General,990.0,0
VIVO,ACUENTA,Despensa General,990.0,0
GENERICA,ACUENTA,Despensa General,930.0,0
GENERICA,ACUENTA,Despensa General,930.0,0
LIDER,ACUENTA,Despensa General,960.0,0
GENERICA,ACUENTA,Pastas,1190.0,2
GENERICA,ACUENTA,Pastas,1190.0,2
GENERICA,ACUENTA,Pastas,950.0,2
GENERICA,ACUENTA,Pastas,2450.0,2
GENERICA,ACUENTA,Pastas,950.0,2
GENERICA,ACUENTA,Pastas,1190.0,2
ACUENTA,ACUENTA,Pastas,460.0,2
ACUENTA,ACUENTA,Pastas,460.0,2
LIDER,ACUENTA,Pastas,890.0,2
LIDER,ACUENTA,Pastas,890.0,2
GENERICA,ACUENTA,Pastas,890.0,2
GENERICA,ACUENTA,Arroz,1990.0,1
GENERICA,ACUENTA,Arroz,2250.0,1
GENERICA,ACUENTA,Arroz,1850.0,1
TUCAPEL,ACUENTA,Arroz,750.0,1
TUCAPEL,ACUENTA,Arroz,750.0,1
GENERICA,ACUENTA,Despensa General,750.0,0
MAGGI,ACUENTA,Despensa General,1250.0,0
MAGGI,ACUENTA,Despensa General,1250.0,0
NETO,ACUENTA,Despensa General,1850.0,0
NETO,ACUENTA,Despensa General,1290.0,0
ACE,ACUENTA,Aceites,700.0,1
NETO,ACUENTA,Despensa General,1550.0,0
NETO,ACUENTA,Despensa General,3390.0,0
NETO,ACUENTA,Aceites,3390.0,1
NETO,ACUENTA,Aceites,1550.0,1
LIDER,ACUENTA,Despensa General,1450.0,0
LIDER,ACUENTA,Despensa General,550.0,0
LIDER,ACUENTA,Despensa General,390.0,0
LIDER,ACUENTA,Despensa General,490.0,0
LIDER,ACUENTA,Despensa General,570.0,0
LIDER,ACUENTA,Despensa General,490.0,0
LIDER,ACUENTA,Despensa General,370.0,0
LIDER,ACUENTA,Despensa General,990.0,0
LIDER,ACUENTA,Despensa General,310.0,0
LIDER,ACUENTA,Despensa General,640.0,0
LIDER,ACUENTA,Despensa General,240.0,0
LIDER,ACUENTA,Despensa General,410.0,0
LIDER,ACUENTA,Despensa General,260.0,0
LIDER,ACUENTA,Despensa General,150.0,0
LIDER,ACUENTA,Despensa General,920.0,0
LIDER,ACUENTA,Despensa General,200.0,0
LIDER,ACUENTA,Despensa General,520.0,0
LIDER,ACUENTA,Despensa General,540.0,0
LIDER,ACUENTA,Despensa General,450.0,0
LIDER,ACUENTA,Despensa General,1850.0,0
LIDER,ACUENTA,Despensa General,1390.0,0
LOBOS,ACUENTA,Despensa General,910.0,0
LOBOS,ACUENTA,Despensa General,530.0,0
LIDER,ACUENTA,Despensa General,450.0,0
LIDER,ACUENTA,Despensa General,1650.0,0
LOBOS,ACUENTA,Despensa General,570.0,0
LIDER,ACUENTA,Despensa General,1190.0,0
GOURMET,ACUENTA,Despensa General,3290.0,0
LIDER,ACUENTA,Despensa General,1350.0,0
LIDER,ACUENTA,Despensa General,1790.0,0
GENERICA,ACUENTA,Despensa General,1950.0,0
MAGGI,ACUENTA,Despensa General,1550.0,0
GENERICA,ACUENTA,Despensa General,930.0,0
GENERICA,ACUENTA,Despensa General,810.0,0
ACE,ACUENTA,Despensa General,570.0,0
GENERICA,ACUENTA,Despensa General,660.0,0
GENERICA,ACUENTA,Despensa General,930.0,0
GENERICA,ACUENTA,Despensa General,810.0,0
GENERICA,ACUENTA,Despensa General,790.0,0
GENERICA,ACUENTA,Despensa General,1450.0,0
LIDER,ACUENTA,Despensa General,950.0,0
GENERICA,ACUENTA,Despensa General,1450.0,0
GENERICA,ACUENTA,Despensa General,950.0,0
GENERICA,ACUENTA,Despensa General,950.0,0
GENERICA,ACUENTA,Despensa General,660.0,0
GENERICA,ACUENTA,Despensa General,450.0,0
GOURMET,ACUENTA,Despensa General,440.0,0
LIDER,ACUENTA,Despensa General,450.0,0
GENERICA,ACUENTA,Despensa General,450.0,0
GENERICA,ACUENTA,Despensa General,490.0,0
GENERICA,ACUENTA,Despensa General,450.0,0
GENERICA,ACUENTA,Despensa General,490.0,0
MAGGI,ACUENTA,Despensa General,420.0,0
MAGGI,ACUENTA,Despensa General,490.0,0
IANSA,ACUENTA,Azúcares,1850.0,1
IANSA,ACUENTA,Azúcares,2550.0,1
GENERICA,ACUENTA,Azúcares,1690.0,1
IANSA,ACUENTA,Azúcares,2190.0,1
LIDER,ACUENTA,Azúcares,1050.0,1
LIDER,ACUENTA,Azúcares,1090.0,1
ACE,ACUENTA,Despensa General,2890.0,0
TRAVERSO,ACUENTA,Despensa General,1650.0,0
LIDER,ACUENTA,Despensa General,4690.0,0
TRAVERSO,ACUENTA,Despensa General,1090.0,0
LIDER,ACUENTA,Despensa General,940.0,0
TRAVERSO,ACUENTA,Despensa General,1090.0,0
LIDER,ACUENTA,Despensa General,3390.0,0
LIDER,ACUENTA,Despensa General,990.0,0
LIDER,ACUENTA,Despensa General,1650.0,0
LIDER,ACUENTA,Despensa General,1650.0,0
LIDER,ACUENTA,Despensa General,1550.0,0
TRAVERSO,ACUENTA,Despensa General,1650.0,0
LIDER,ACUENTA,Despensa General,940.0,0
LIDER,ACUENTA,Despensa General,2450.0,0
LIDER,ACUENTA,Despensa General,450.0,0
LIDER,ACUENTA,Despensa General,450.0,0
GENERICA,ACUENTA,Despensa General,530.0,0
GENERICA,ACUENTA,Despensa General,530.0,0
LIDER,ACUENTA,Despensa General,420.0,0
NETO,ACUENTA,Aceites,1190.0,1
GENERICA,ACUENTA,Pastas,3390.0,2
LIDER,ACUENTA,Despensa General,3090.0,0
LIDER,ACUENTA,Despensa General,2250.0,0
LIDER,ACUENTA,Despensa General,3150.0,0
LIDER,ACUENTA,Despensa General,1690.0,0
LIDER,ACUENTA,Despensa General,1990.0,0
GOURMET,ACUENTA,Despensa General,3890.0,0
GENERICA,ACUENTA,Azúcares,1150.0,1
GENERICA,ACUENTA,Despensa General,7790.0,0
GOURMET,ACUENTA,Despensa General,1590.0,0
GOURMET,ACUENTA,Despensa General,840.0,0
GOURMET,ACUENTA,Despensa General,890.0,0
GENERICA,ACUENTA,Despensa General,2790.0,0
GOURMET,ACUENTA,Despensa General,2050.0,0
GOURMET,ACUENTA,Despensa General,3890.0,0
GENERICA,ACUENTA,Despensa General,2690.0,0
GENERICA,ACUENTA,Despensa General,2750.0,0
GENERICA,ACUENTA,Despensa General,2290.0,0
GENERICA,ACUENTA,Despensa General,850.0,0
GENERICA,ACUENTA,Despensa General,850.0,0
LIDER,ACUENTA,Despensa General,930.0,0
GENERICA,ACUENTA,Despensa General,910.0,0
GENERICA,ACUENTA,Despensa General,850.0,0
LIDER,ACUENTA,Despensa General,740.0,0
GENERICA,ACUENTA,Despensa General,850.0,0
LIDER,ACUENTA,Despensa General,740.0,0
LIDER,ACUENTA,Despensa General,740.0,0
GENERICA,ACUENTA,Despensa General,770.0,0
GENERICA,ACUENTA,Despensa General,850.0,0
GOURMET,ACUENTA,Despensa General,1990.0,0
GOURMET,ACUENTA,Despensa General,1990.0,0
GOURMET,ACUENTA,Despensa General,1990.0,0
GENERICA,ACUENTA,Despensa General,2390.0,0
GENERICA,ACUENTA,Pastas,1450.0,2
TRAVERSO,ACUENTA,Pastas,990.0,2
TRAVERSO,ACUENTA,Pastas,990.0,2
GENERICA,ACUENTA,Despensa General,690.0,0
LIDER,ACUENTA,Despensa General,850.0,0
LUCCHETTI,ACUENTA,Despensa General,1490.0,0
CAROZZI,ACUENTA,Despensa General,2450.0,0
LIDER,ACUENTA,Despensa General,1290.0,0
GENERICA,ACUENTA,Despensa General,1650.0,0
LIDER,ACUENTA,Despensa General,6890.0,0
TRAVERSO,ACUENTA,Despensa General,990.0,0
LIDER,ACUENTA,Despensa General,850.0,0
LIDER,ACUENTA,Despensa General,1750.0,0
LIDER,ACUENTA,Despensa General,2750.0,0
ACE,ACUENTA,Aceites,3690.0,1
GENERICA,ACUENTA,Despensa General,1990.0,0
LIDER,ACUENTA,Despensa General,690.0,0
GENERICA,ACUENTA,Despensa General,1390.0,0
GENERICA,ACUENTA,Despensa General,2390.0,0
GENERICA,ACUENTA,Despensa General,790.0,0
GENERICA,ACUENTA,Despensa General,2090.0,0
GENERICA,ACUENTA,Despensa General,2950.0,0
GENERICA,ACUENTA,Despensa General,3290.0,0
GOURMET,ACUENTA,Despensa General,590.0,0
GENERICA,ACUENTA,Despensa General,830.0,0
GENERICA,ACUENTA,Despensa General,2950.0,0
MAGGI,ACUENTA,Despensa General,790.0,0
GENERICA,ACUENTA,Despensa General,2750.0,0
GENERICA,ACUENTA,Despensa General,3150.0,0
NETO,ACUENTA,Despensa General,3690.0,0
MAGGI,ACUENTA,Despensa General,790.0,0
GENERICA,ACUENTA,Despensa General,2250.0,0
GENERICA,ACUENTA,Despensa General,2550.0,0
GOURMET,ACUENTA,Despensa General,770.0,0
GENERICA,ACUENTA,Despensa General,770.0,0
LIDER,ACUENTA,Despensa General,2450.0,0
LIDER,ACUENTA,Despensa General,2050.0,0
GOURMET,ACUENTA,Despensa General,2250.0,0
LIDER,ACUENTA,Despensa General,1990.0,0
GENERICA,ACUENTA,Despensa General,2750.0,0
LOBOS,ACUENTA,Despensa General,1490.0,0
ACUENTA,ACUENTA,Conservas,900.0,1
GENERICA,ACUENTA,Salsas,2990.0,1
GENERICA,ACUENTA,Salsas,2990.0,1
ACUENTA,ACUENTA,Despensa General,1790.0,0
LIDER,ACUENTA,Arroz,1000.0,1
ACUENTA,ACUENTA,Aceites,900.0,1
IANSA,ACUENTA,Azúcares,1950.0,1
GENERICA,ACUENTA,Despensa General,910.0,0
GENERICA,ACUENTA,Despensa General,1190.0,0
GENERICA,ACUENTA,Salsas,2750.0,1
ACE,ACUENTA,Aceites,1190.0,1
GENERICA,ACUENTA,Despensa General,1290.0,0
GENERICA,ACUENTA,Pastas,590.0,2
LIDER,ACUENTA,Despensa General,390.0,0
LIDER,ACUENTA,Legumbres,2950.0,1
GOURMET,ACUENTA,Despensa General,1990.0,0
TRAVERSO,ACUENTA,Despensa General,1390.0,0
LOBOS,ACUENTA,Despensa General,1390.0,0
GENERICA,ACUENTA,Despensa General,1150.0,0
GENERICA,ACUENTA,Despensa General,2990.0,0
GOURMET,ACUENTA,Despensa General,1490.0,0
GENERICA,ACUENTA,Despensa General,910.0,0
TRAVERSO,ACUENTA,Despensa General,2050.0,0
GOURMET,ACUENTA,Despensa General,2050.0,0
GENERICA,ACUENTA,Salsas,4690.0,1
LIDER,ACUENTA,Despensa General,3190.0,0
ACUENTA,ACUENTA,Despensa General,1790.0,0
GENERICA,ACUENTA,Despensa General,2890.0,0
TRAVERSO,ACUENTA,Despensa General,1390.0,0
GENERICA,ACUENTA,Despensa General,1990.0,0
GENERICA,ACUENTA,Despensa General,1790.0,0
GENERICA,ACUENTA,Despensa General,1250.0,0
GOURMET,ACUENTA,Despensa General,2890.0,0
TRAVERSO,ACUENTA,Despensa General,3990.0,0
LIDER,ACUENTA,Despensa General,520.0,0
ACE,ACUENTA,Aceites,1790.0,1
GENERICA,ACUENTA,Despensa General,6290.0,0
GENERICA,ACUENTA,Despensa General,1290.0,0
TRAVERSO,ACUENTA,Despensa General,2250.0,0
GENERICA,ACUENTA,Aseo,1000.0,1
GENERICA,ACUENTA,Limpieza,1250.0,2
GENERICA,ACUENTA,Limpieza,3000.0,2
GENERICA,ACUENTA,Aseo,2000.0,1
GENERICA,ACUENTA,Aseo,2000.0,1
GENERICA,ACUENTA,Limpieza,1000.0,2
GENERICA,ACUENTA,Aseo,10490.0,1
GENERICA,ACUENTA,Aseo,10490.0,1
GENERICA,ACUENTA,Aseo,2000.0,1
GENERICA,ACUENTA,Despensa General,3000.0,0
GENERICA,ACUENTA,Despensa General,1000.0,0
GENERICA,ACUENTA,Limpieza,1000.0,2
GENERICA,ACUENTA,Limpieza,1000.0,2
GENERICA,ACUENTA,Limpieza,1000.0,2
GENERICA,ACUENTA,Despensa General,2290.0,0
GENERICA,ACUENTA,Despensa General,1000.0,0
GENERICA,ACUENTA,Limpieza,1000.0,2
GENERICA,ACUENTA,Limpieza,1250.0,2
GENERICA,ACUENTA,Aseo,3590.0,1
GENERICA,ACUENTA,Despensa General,1150.0,0
GENERICA,ACUENTA,Aseo,1000.0,1
GENERICA,ACUENTA,Limpieza,2750.0,2
GENERICA,ACUENTA,Despensa General,1990.0,0
GENERICA,ACUENTA,Despensa General,1000.0,0
GENERICA,ACUENTA,Limpieza,1000.0,2
GENERICA,ACUENTA,Despensa General,2000.0,0
GENERICA,ACUENTA,Despensa General,610.0,0
GENERICA,ACUENTA,Despensa General,2000.0,0
GENERICA,ACUENTA,Despensa General,2000.0,0
GENERICA,ACUENTA,Aseo,4590.0,1
GENERICA,ACUENTA,Despensa General,700.0,0
GENERICA,ACUENTA,Despensa General,490.0,0
GENERICA,ACUENTA,Despensa General,2650.0,0
GENERICA,ACUENTA,Despensa General,480.0,0
OMO,ACUENTA,Limpieza,3990.0,2
VIVO,ACUENTA,Limpieza,1000.0,2
GENERICA,ACUENTA,Despensa General,1000.0,0
GENERICA,ACUENTA,Despensa General,2550.0,0
GENERICA,ACUENTA,Limpieza,1250.0,2
GENERICA,ACUENTA,Despensa General,2550.0,0
GENERICA,ACUENTA,Despensa General,1790.0,0
GENERICA,ACUENTA,Despensa General,3000.0,0
GENERICA,ACUENTA,Limpieza,1390.0,2
GENERICA,ACUENTA,Aseo,1000.0,1
GENERICA,ACUENTA,Aseo,2000.0,1
GENERICA,ACUENTA,Despensa General,3000.0,0
GENERICA,ACUENTA,Despensa General,1850.0,0
GENERICA,ACUENTA,Despensa General,3000.0,0
GENERICA,ACUENTA,Despensa General,2290.0,0
GENERICA,ACUENTA,Limpieza,1000.0,2
GENERICA,ACUENTA,Despensa General,2690.0,0
GENERICA,ACUENTA,Limpieza,2250.0,2
GENERICA,ACUENTA,Despensa General,2590.0,0
GENERICA,ACUENTA,Despensa General,1850.0,0
GENERICA,ACUENTA,Limpieza,1350.0,2
GENERICA,ACUENTA,Limpieza,1350.0,2
GENERICA,ACUENTA,Despensa General,1000.0,0
GENERICA,ACUENTA,Despensa General,2000.0,0
GENERICA,ACUENTA,Despensa General,1850.0,0
GENERICA,ACUENTA,Despensa General,2290.0,0
GENERICA,ACUENTA,Despensa General,4490.0,0
GENERICA,ACUENTA,Despensa General,2750.0,0
GENERICA,ACUENTA,Despensa General,2590.0,0
GENERICA,ACUENTA,Despensa General,2690.0,0
GENERICA,ACUENTA,Despensa General,2350.0,0
GENERICA,ACUENTA,Despensa General,2750.0,0
GENERICA,ACUENTA,Despensa General,4490.0,0
GENERICA,ACUENTA,Limpieza,1000.0,2
GENERICA,ACUENTA,Despensa General,2750.0,0
GENERICA,ACUENTA,Despensa General,4490.0,0
GENERICA,ACUENTA,Despensa General,1850.0,0
GENERICA,ACUENTA,Despensa General,3000.0,0
GENERICA,ACUENTA,Despensa General,1790.0,0
GENERICA,ACUENTA,Despensa General,1190.0,0
GENERICA,ACUENTA,Despensa General,3890.0,0
GENERICA,ACUENTA,Aseo,1350.0,1
GENERICA,ACUENTA,Aseo,9390.0,1
LIDER,ACUENTA,Aseo,8990.0,1
OMO,ACUENTA,Limpieza,12890.0,2
GENERICA,ACUENTA,Limpieza,3390.0,2
GENERICA,ACUENTA,Limpieza,1790.0,2
GENERICA,ACUENTA,Limpieza,12990.0,2
GENERICA,ACUENTA,Despensa General,950.0,0
GENERICA,ACUENTA,Limpieza,12790.0,2
GENERICA,ACUENTA,Aseo,2190.0,1
GENERICA,ACUENTA,Aseo,11690.0,1
LIDER,ACUENTA,Aseo,8990.0,1
GENERICA,ACUENTA,Aseo,2000.0,1
GENERICA,ACUENTA,Limpieza,3290.0,2
GENERICA,ACUENTA,Limpieza,7990.0,2
GENERICA,ACUENTA,Limpieza,9790.0,2
GENERICA,ACUENTA,Limpieza,9990.0,2
GENERICA,ACUENTA,Aseo,14150.0,1
LIDER,ACUENTA,Despensa General,450.0,0
GENERICA,ACUENTA,Limpieza,1500.0,2
GENERICA,ACUENTA,Despensa General,2890.0,0
GENERICA,ACUENTA,Limpieza,9990.0,2
ACUENTA,ACUENTA,Despensa General,1350.0,0
GENERICA,ACUENTA,Despensa General,790.0,0
GENERICA,ACUENTA,Limpieza,2000.0,2
GENERICA,ACUENTA,Aseo,10890.0,1
GENERICA,ACUENTA,Aseo,2590.0,1
GENERICA,ACUENTA,Despensa General,800.0,0
GENERICA,ACUENTA,Aseo,12790.0,1
GENERICA,ACUENTA,Limpieza,9990.0,2
GENERICA,ACUENTA,Limpieza,2490.0,2
GENERICA,ACUENTA,Limpieza,5190.0,2
GENERICA,ACUENTA,Limpieza,8890.0,2
GENERICA,ACUENTA,Despensa General,3690.0,0
OMO,ACUENTA,Limpieza,16890.0,2
GENERICA,ACUENTA,Limpieza,7490.0,2
GENERICA,ACUENTA,Limpieza,7490.0,2
GENERICA,ACUENTA,Limpieza,12890.0,2
GENERICA,ACUENTA,Aseo,2590.0,1
GENERICA,ACUENTA,Limpieza,3890.0,2
GENERICA,ACUENTA,Despensa General,2790.0,0
GENERICA,ACUENTA,Despensa General,1190.0,0
GENERICA,ACUENTA,Aseo,3550.0,1
GENERICA,ACUENTA,Despensa General,2790.0,0
GENERICA,ACUENTA,Despensa General,4190.0,0
GENERICA,ACUENTA,Despensa General,2790.0,0
GENERICA,ACUENTA,Aseo,1200.0,1
GENERICA,ACUENTA,Aseo,4250.0,1
GENERICA,ACUENTA,Despensa General,2000.0,0
GENERICA,ACUENTA,Aseo,950.0,1
GENERICA,ACUENTA,Limpieza,4190.0,2
GENERICA,ACUENTA,Limpieza,2490.0,2
GENERICA,ACUENTA,Limpieza,8650.0,2
GENERICA,ACUENTA,Despensa General,6090.0,0
GENERICA,ACUENTA,Aseo,8990.0,1
GENERICA,ACUENTA,Despensa General,2090.0,0
GENERICA,ACUENTA,Aseo,1850.0,1
LIDER,ACUENTA,Limpieza,1390.0,2
LIDER,ACUENTA,Despensa General,1790.0,0
LIDER,ACUENTA,Despensa General,3990.0,0
LIDER,ACUENTA,Limpieza,1390.0,2
LIDER,ACUENTA,Limpieza,1390.0,2
GENERICA,ACUENTA,Aseo,1500.0,1
LIDER,ACUENTA,Despensa General,2000.0,0
LIDER,ACUENTA,Limpieza,1390.0,2
GENERICA,ACUENTA,Aseo,2790.0,1
GENERICA,ACUENTA,Despensa General,1590.0,0
GENERICA,ACUENTA,Aseo,2950.0,1
LIDER,ACUENTA,Despensa General,2990.0,0
GENERICA,ACUENTA,Aseo,1500.0,1
LIDER,ACUENTA,Despensa General,1190.0,0
GENERICA,ACUENTA,Despensa General,2000.0,0
LIDER,ACUENTA,Despensa General,1290.0,0
GENERICA,ACUENTA,Despensa General,3090.0,0
GENERICA,ACUENTA,Despensa General,1590.0,0
LIDER,ACUENTA,Despensa General,1190.0,0
LIDER,ACUENTA,Despensa General,1000.0,0
GENERICA,ACUENTA,Despensa General,1850.0,0
GENERICA,ACUENTA,Despensa General,1000.0,0
LIDER,ACUENTA,Despensa General,1190.0,0
LIDER,ACUENTA,Limpieza,1190.0,2
LIDER,ACUENTA,Despensa General,2790.0,0
GENERICA,ACUENTA,Despensa General,1490.0,0
GENERICA,ACUENTA,Despensa General,290.0,0
GENERICA,ACUENTA,Despensa General,1190.0,0
GENERICA,ACUENTA,Despensa General,1490.0,0
GENERICA,ACUENTA,Despensa General,2000.0,0
ACUENTA,ACUENTA,Despensa General,450.0,0
GENERICA,ACUENTA,Despensa General,2000.0,0
LIDER,ACUENTA,Despensa General,2000.0,0
GENERICA,ACUENTA,Despensa General,2490.0,0
LIDER,ACUENTA,Despensa General,2000.0,0
LIDER,ACUENTA,Despensa General,2850.0,0
GENERICA,ACUENTA,Despensa General,1490.0,0
GENERICA,ACUENTA,Despensa General,2000.0,0
LIDER,ACUENTA,Despensa General,490.0,0
GENERICA,ACUENTA,Despensa General,1450.0,0
GENERICA,ACUENTA,Despensa General,3290.0,0
LIDER,ACUENTA,Despensa General,3000.0,0
LIDER,ACUENTA,Despensa General,2000.0,0
GENERICA,ACUENTA,Despensa General,1000.0,0
GENERICA,ACUENTA,Limpieza,3890.0,2
GENERICA,ACUENTA,Despensa General,2850.0,0
LIDER,ACUENTA,Despensa General,3000.0,0
LIDER,ACUENTA,Despensa General,2000.0,0
LIDER,ACUENTA,Despensa General,4390.0,0
GENERICA,ACUENTA,Despensa General,6590.0,0
GENERICA,ACUENTA,Despensa General,4850.0,0
GENERICA,ACUENTA,Despensa General,2950.0,0
GENERICA,ACUENTA,Despensa General,4350.0,0
GENERICA,ACUENTA,Despensa General,1590.0,0
GENERICA,ACUENTA,Despensa General,1590.0,0
GENERICA,ACUENTA,Despensa General,4850.0,0
GENERICA,ACUENTA,Despensa General,4050.0,0
GENERICA,ACUENTA,Despensa General,3190.0,0
GENERICA,ACUENTA,Despensa General,4000.0,0
GENERICA,ACUENTA,Despensa General,3190.0,0
GENERICA,ACUENTA,Despensa General,2250.0,0
GENERICA,ACUENTA,Despensa General,2250.0,0
GENERICA,ACUENTA,Despensa General,2990.0,0
GENERICA,ACUENTA,Despensa General,3990.0,0
GENERICA,ACUENTA,Despensa General,6690.0,0
GENERICA,ACUENTA,Despensa General,3650.0,0
GENERICA,ACUENTA,Despensa General,1790.0,0
GENERICA,ACUENTA,Despensa General,3350.0,0
GENERICA,ACUENTA,Despensa General,3250.0,0
LIDER,ACUENTA,Despensa General,2990.0,0
CLOROX,ACUENTA,Limpieza,2090.0,2
GENERICA,ACUENTA,Limpieza,2890.0,2
GENERICA,ACUENTA,Limpieza,2090.0,2
GENERICA,ACUENTA,Limpieza,1490.0,2
GENERICA,ACUENTA,Limpieza,1490.0,2
GENERICA,ACUENTA,Limpieza,2190.0,2
GENERICA,ACUENTA,Limpieza,4500.0,2
GENERICA,ACUENTA,Limpieza,11890.0,2
GENERICA,ACUENTA,Limpieza,5790.0,2
GENERICA,ACUENTA,Limpieza,7590.0,2
GENERICA,ACUENTA,Limpieza,2650.0,2
GENERICA,ACUENTA,Limpieza,2650.0,2
GENERICA,ACUENTA,Aseo,1350.0,1
GENERICA,ACUENTA,Despensa General,1000.0,0
GENERICA,ACUENTA,Despensa General,5000.0,0
ACUENTA,ACUENTA,Despensa General,2490.0,0
GENERICA,ACUENTA,Despensa General,10290.0,0
GENERICA,ACUENTA,Despensa General,2590.0,0
GENERICA,ACUENTA,Despensa General,2990.0,0
GENERICA,ACUENTA,Despensa General,3150.0,0
GENERICA,ACUENTA,Despensa General,2000.0,0
GENERICA,ACUENTA,Despensa General,7190.0,0
GENERICA,ACUENTA,Despensa General,3290.0,0
GENERICA,ACUENTA,Despensa General,3290.0,0
GENERICA,ACUENTA,Despensa General,2790.0,0
GENERICA,ACUENTA,Despensa General,2790.0,0
LIDER,ACUENTA,Despensa General,7990.0,0
GENERICA,ACUENTA,Despensa General,9490.0,0
GENERICA,ACUENTA,Despensa General,5290.0,0
GENERICA,ACUENTA,Despensa General,4790.0,0
GENERICA,ACUENTA,Limpieza,6990.0,2
GENERICA,ACUENTA,Limpieza,10590.0,2
GENERICA,ACUENTA,Despensa General,3250.0,0
GENERICA,ACUENTA,Despensa General,3190.0,0
GENERICA,ACUENTA,Despensa General,1990.0,0
GENERICA,ACUENTA,Despensa General,3990.0,0
GENERICA,ACUENTA,Despensa General,2790.0,0
GENERICA,ACUENTA,Despensa General,2990.0,0
GENERICA,ACUENTA,Despensa General,2790.0,0
GENERICA,ACUENTA,Despensa General,1350.0,0
LIDER,ACUENTA,Despensa General,5950.0,0
GENERICA,ACUENTA,Despensa General,1090.0,0
GENERICA,ACUENTA,Despensa General,3090.0,0
GENERICA,ACUENTA,Limpieza,2890.0,2
LIDER,ACUENTA,Limpieza,2190.0,2
LIDER,ACUENTA,Limpieza,2190.0,2
GENERICA,ACUENTA,Carnicería,12784.0,2
GENERICA,ACUENTA,Carnicería,11506.0,2
GENERICA,ACUENTA,Carnicería,17578.0,2
GENERICA,ACUENTA,Carnicería,14382.0,2
TIL,ACUENTA,Cerdo,9468.0,1
GENERICA,ACUENTA,Carnicería,2890.0,2
TIL,ACUENTA,Carnicería,14064.0,2
GENERICA,ACUENTA,Carnicería,13185.0,2
GENERICA,ACUENTA,Carnicería,16308.0,2
GENERICA,ACUENTA,Carnicería,3190.0,2
GENERICA,ACUENTA,Carnicería,10668.0,2
GENERICA,ACUENTA,Aves,4790.0,2
GENERICA,ACUENTA,Fiambrería,3890.0,2
TIL,ACUENTA,Cerdo,17465.0,1
CALO,ACUENTA,Carnicería,6390.0,2
GENERICA,ACUENTA,Carnicería,7290.0,2
GENERICA,ACUENTA,Carnicería,6590.0,2
GENERICA,ACUENTA,Carnicería,10308.0,2
GENERICA,ACUENTA,Aves,2790.0,2
GENERICA,ACUENTA,Aves,4790.0,2
GENERICA,ACUENTA,Carnicería,15984.0,2
GENERICA,ACUENTA,Cerdo,5890.0,1
TIL,ACUENTA,Cerdo,9468.0,1
GENERICA,ACUENTA,Aves,2980.0,2
SUPER POLLO,ACUENTA,Carnicería,3690.0,2
GENERICA,ACUENTA,Aves,4690.0,2
SUPER POLLO,ACUENTA,Aves,4590.0,2
SUPER POLLO,ACUENTA,Aves,3321.0,2
SUPER POLLO,ACUENTA,Aves,4550.0,2
GENERICA,ACUENTA,Aves,6390.0,2
SUPER POLLO,ACUENTA,Carnicería,3790.0,2
GENERICA,ACUENTA,Pescados y Mariscos,1490.0,1
ACUENTA,ACUENTA,Pescados y Mariscos,6690.0,1
GENERICA,ACUENTA,Carnicería,3690.0,2
SUPER POLLO,ACUENTA,Aves,6631.0,2
SUPER POLLO,ACUENTA,Aves,2653.0,2
GENERICA,ACUENTA,Carnicería,17626.0,2
LIDER,ACUENTA,Pescados y Mariscos,4490.0,1
GENERICA,ACUENTA,Aves,5090.0,2
SADIA,ACUENTA,Aves,5990.0,2
GENERICA,ACUENTA,Aves,3690.0,2
SUPER POLLO,ACUENTA,Aves,3550.0,2
ACUENTA,ACUENTA,Pescados y Mariscos,7390.0,1
PF,ACUENTA,Fiambrería,1000.0,2
WINTER,ACUENTA,Fiambrería,3000.0,2
GENERICA,ACUENTA,Aves,3490.0,2
LA CRIANZA,ACUENTA,Pescados y Mariscos,790.0,1
SUPER POLLO,ACUENTA,Aves,3290.0,2
GENERICA,ACUENTA,Pescados y Mariscos,7490.0,1
LIDER,ACUENTA,Otros Frescos,4890.0,2
MONTINA,ACUENTA,Fiambrería,2390.0,2
GENERICA,ACUENTA,Pescados y Mariscos,6490.0,1
SUPER POLLO,ACUENTA,Aves,3290.0,2
GENERICA,ACUENTA,Cerdo,1490.0,1
SAN JORGE,ACUENTA,Fiambrería,1290.0,2
GENERICA,ACUENTA,Pescados y Mariscos,7490.0,1
GENERICA,ACUENTA,Cerdo,4090.0,1
SAN JORGE,ACUENTA,Fiambrería,3690.0,2
GENERICA,ACUENTA,Pescados y Mariscos,2890.0,1
PF,ACUENTA,Fiambrería,4090.0,2
SAN JORGE,ACUENTA,Fiambrería,3490.0,2
GENERICA,ACUENTA,Cerdo,4190.0,1
GENERICA,ACUENTA,Fiambrería,2450.0,2
GENERICA,ACUENTA,Fiambrería,3550.0,2
WINTER,ACUENTA,Fiambrería,3000.0,2
PF,ACUENTA,Fiambrería,4190.0,2
WINTER,ACUENTA,Fiambrería,3590.0,2
SAN JORGE,ACUENTA,Fiambrería,1590.0,2
LIDER,ACUENTA,Otros Frescos,4290.0,2
GENERICA,ACUENTA,Aves,3321.0,2
GENERICA,ACUENTA,Aves,3590.0,2
SADIA,ACUENTA,Aves,6290.0,2
GENERICA,ACUENTA,Aves,5211.0,2
GENERICA,ACUENTA,Carnicería,9975.0,2
GENERICA,ACUENTA,Cerdo,4990.0,1
GENERICA,ACUENTA,Aves,4990.0,2
GENERICA,ACUENTA,Cerdo,4990.0,1
GENERICA,ACUENTA,Aves,7190.0,2
GENERICA,ACUENTA,Aves,3890.0,2
GENERICA,ACUENTA,Aves,2190.0,2
GENERICA,ACUENTA,Aves,1890.0,2
GENERICA,ACUENTA,Carnicería,3190.0,2
GENERICA,ACUENTA,Cerdo,3890.0,1
GENERICA,ACUENTA,Carnicería,2290.0,2
GENERICA,ACUENTA,Aves,1050.0,2
GENERICA,ACUENTA,Carnicería,12306.0,2
GENERICA,ACUENTA,Carnicería,13986.0,2
SUPER POLLO,ACUENTA,Carnicería,3090.0,2
GENERICA,ACUENTA,Carnicería,14985.0,2
MONTINA,ACUENTA,Fiambrería,4590.0,2
MONTINA,ACUENTA,Fiambrería,1350.0,2
MONTINA,ACUENTA,Fiambrería,4490.0,2
GENERICA,ACUENTA,Aves,6390.0,2
GENERICA,ACUENTA,Carnicería,760.0,2
GENERICA,ACUENTA,Carnicería,1590.0,2
GENERICA,ACUENTA,Fiambrería,3290.0,2
PF,ACUENTA,Fiambrería,2000.0,2
GENERICA,ACUENTA,Fiambrería,2650.0,2
GENERICA,ACUENTA,Otros Frescos,1990.0,2
GENERICA,ACUENTA,Cerdo,9190.0,1
PF,ACUENTA,Fiambrería,4090.0,2
SAN JORGE,ACUENTA,Fiambrería,3790.0,2
GENERICA,ACUENTA,Carnicería,3790.0,2
GENERICA,ACUENTA,Cerdo,3990.0,1
GENERICA,ACUENTA,Otros Frescos,5790.0,2
GENERICA,ACUENTA,Carnicería,3090.0,2
GENERICA,ACUENTA,Cerdo,6590.0,1
SADIA,ACUENTA,Aves,17178.0,2
GENERICA,ACUENTA,Aves,2990.0,2
GENERICA,ACUENTA,Fiambrería,3390.0,2
GENERICA,ACUENTA,Aves,3590.0,2
GENERICA,ACUENTA,Carnicería,3290.0,2
GENERICA,ACUENTA,Carnicería,4290.0,2
SAN JORGE,ACUENTA,Fiambrería,3890.0,2
SUPER POLLO,ACUENTA,Aves,6690.0,2
GENERICA,ACUENTA,Carnicería,21399.0,2
GENERICA,ACUENTA,Cerdo,6390.0,1
GENERICA,ACUENTA,Fiambrería,5990.0,2
GENERICA,ACUENTA,Fiambrería,4590.0,2
GENERICA,ACUENTA,Fiambrería,6090.0,2
GENERICA,ACUENTA,Otros Frescos,3290.0,2
SAN JORGE,ACUENTA,Fiambrería,3190.0,2
SAN JORGE,ACUENTA,Fiambrería,2750.0,2
PF,ACUENTA,Fiambrería,5590.0,2
GENERICA,ACUENTA,Fiambrería,4250.0,2
GENERICA,ACUENTA,Elaborados,2890.0,1
PF,ACUENTA,Otros Frescos,1850.0,2
GENERICA,ACUENTA,Pescados y Mariscos,1250.0,1
GENERICA,ACUENTA,Carnicería,4290.0,2
GENERICA,ACUENTA,Carnicería,3990.0,2
GENERICA,ACUENTA,Cerdo,7290.0,1
SAN JORGE,ACUENTA,Fiambrería,1000.0,2
GENERICA,ACUENTA,Otros Frescos,3990.0,2
LIDER,ACUENTA,Elaborados,870.0,1
GENERICA,ACUENTA,Aves,8590.0,2
GENERICA,ACUENTA,Otros Frescos,3990.0,2
LIDER,ACUENTA,Lácteos,990.0,2
CALO,ACUENTA,Lácteos,2450.0,2
LIDER,ACUENTA,Lácteos/Fiambrería,4890.0,2
LIDER,ACUENTA,Huevos,3790.0,1
SOPROLE,ACUENTA,Lácteos,1050.0,2
SOPROLE,ACUENTA,Lácteos/Fiambrería,5950.0,2
NESTLE,ACUENTA,Lácteos,1690.0,2
LIDER,ACUENTA,Lácteos/Fiambrería,2490.0,2
NESTLE,ACUENTA,Lácteos,1000.0,2
COLUN,ACUENTA,Lácteos,1250.0,2
LONCOLECHE,ACUENTA,Lácteos,1290.0,2
COLUN,ACUENTA,Lácteos,3090.0,2
GENERICA,ACUENTA,Lácteos,1390.0,2
GENERICA,ACUENTA,Lácteos,2450.0,2
LIDER,ACUENTA,Lácteos,990.0,2
ACUENTA,ACUENTA,Lácteos/Fiambrería,4350.0,2
TIL,ACUENTA,Otros Frescos,2550.0,2
COLUN,ACUENTA,Lácteos,1550.0,2
QUILLAYES,ACUENTA,Lácteos/Fiambrería,1250.0,2
COLUN,ACUENTA,Lácteos,11390.0,2
SAN JORGE,ACUENTA,Fiambrería,1490.0,2
COLUN,ACUENTA,Lácteos/Fiambrería,4990.0,2
GENERICA,ACUENTA,Lácteos,2000.0,2
GENERICA,ACUENTA,Lácteos,1350.0,2
SOPROLE,ACUENTA,Lácteos,2690.0,2
GENERICA,ACUENTA,Lácteos,1150.0,2
ACUENTA,ACUENTA,Elaborados,2800.0,1
SOPROLE,ACUENTA,Lácteos/Fiambrería,3550.0,2
GENERICA,ACUENTA,Lácteos,760.0,2
GENERICA,ACUENTA,Colaciones/Postres,760.0,1
GENERICA,ACUENTA,Lácteos,740.0,2
GENERICA,ACUENTA,Lácteos,1590.0,2
GENERICA,ACUENTA,Lácteos,1650.0,2
GENERICA,ACUENTA,Elaborados,3590.0,1
GENERICA,ACUENTA,Otros Frescos,690.0,2
COLUN,ACUENTA,Lácteos/Fiambrería,3590.0,2
GENERICA,ACUENTA,Otros Frescos,680.0,2
GENERICA,ACUENTA,Otros Frescos,270.0,2
GENERICA,ACUENTA,Otros Frescos,270.0,2
SOPROLE,ACUENTA,Lácteos,540.0,2
TIL,ACUENTA,Otros Frescos,270.0,2
GENERICA,ACUENTA,Huevos,8990.0,1
GENERICA,ACUENTA,Elaborados,3590.0,1
LIDER,ACUENTA,Lácteos,6190.0,2
TIL,ACUENTA,Otros Frescos,250.0,2
SOPROLE,ACUENTA,Lácteos,1590.0,2
COLUN,ACUENTA,Lácteos,6490.0,2
COLUN,ACUENTA,Lácteos/Fiambrería,760.0,2
GENERICA,ACUENTA,Otros Frescos,2550.0,2
GENERICA,ACUENTA,Lácteos,2790.0,2
COLUN,ACUENTA,Lácteos,1250.0,2
LIDER,ACUENTA,Fiambrería,1790.0,2
SOPROLE,ACUENTA,Otros Frescos,270.0,2
GENERICA,ACUENTA,Lácteos,3250.0,2
TIL,ACUENTA,Lácteos,3350.0,2
COLUN,ACUENTA,Lácteos/Fiambrería,1350.0,2
NESTLE,ACUENTA,Lácteos,4290.0,2
ACUENTA,ACUENTA,Lácteos,1090.0,2
GENERICA,ACUENTA,Lácteos,3550.0,2
COLUN,ACUENTA,Otros Frescos,310.0,2
ACUENTA,ACUENTA,Otros Frescos,890.0,2
GENERICA,ACUENTA,Colaciones/Postres,760.0,1
GENERICA,ACUENTA,Colaciones/Postres,540.0,1
SOPROLE,ACUENTA,Lácteos,2190.0,2
PF,ACUENTA,Fiambrería,590.0,2
ACUENTA,ACUENTA,Lácteos,2590.0,2
COLUN,ACUENTA,Lácteos,290.0,2
TIL,ACUENTA,Otros Frescos,690.0,2
SOPROLE,ACUENTA,Lácteos/Fiambrería,6290.0,2
LIDER,ACUENTA,Lácteos,990.0,2
GENERICA,ACUENTA,Lácteos,7790.0,2
GENERICA,ACUENTA,Otros Frescos,2550.0,2
TIL,ACUENTA,Lácteos,2690.0,2
GENERICA,ACUENTA,Fiambrería,2190.0,2
COLUN,ACUENTA,Colaciones/Postres,290.0,1
SAN JORGE,ACUENTA,Fiambrería,770.0,2
SOPROLE,ACUENTA,Colaciones/Postres,340.0,1
GENERICA,ACUENTA,Lácteos,2850.0,2
LIDER,ACUENTA,Otros Frescos,3590.0,2
LIDER,ACUENTA,Lácteos,1490.0,2
ACUENTA,ACUENTA,Aves,2800.0,2
LONCOLECHE,ACUENTA,Lácteos,1290.0,2
LIDER,ACUENTA,Lácteos/Fiambrería,4190.0,2
LIDER,ACUENTA,Lácteos/Fiambrería,3590.0,2
GENERICA,ACUENTA,Otros Frescos,250.0,2
GENERICA,ACUENTA,Otros Frescos,690.0,2
GENERICA,ACUENTA,Lácteos,2490.0,2
GENERICA,ACUENTA,Otros Frescos,680.0,2
SOPROLE,ACUENTA,Lácteos,2550.0,2
GENERICA,ACUENTA,Otros Frescos,250.0,2
ACUENTA,ACUENTA,Elaborados,2800.0,1
SOPROLE,ACUENTA,Colaciones/Postres,340.0,1
PF,ACUENTA,Fiambrería,590.0,2
SOPROLE,ACUENTA,Otros Frescos,270.0,2
SAN JORGE,ACUENTA,Fiambrería,2000.0,2
TIL,ACUENTA,Otros Frescos,680.0,2
COLUN,ACUENTA,Lácteos,4890.0,2
SAN JORGE,ACUENTA,Cerdo,2000.0,1
GENERICA,ACUENTA,Lácteos,2550.0,2
COLUN,ACUENTA,Lácteos,1550.0,2
GENERICA,ACUENTA,Otros Frescos,3290.0,2
PF,ACUENTA,Fiambrería,1000.0,2
COLUN,ACUENTA,Otros Frescos,3390.0,2
WINTER,ACUENTA,Otros Frescos,2000.0,2
COLUN,ACUENTA,Lácteos/Fiambrería,2250.0,2
GENERICA,ACUENTA,Lácteos,4650.0,2
TIL,ACUENTA,Lácteos,5990.0,2
SAN JORGE,ACUENTA,Fiambrería,770.0,2
GENERICA,ACUENTA,Otros Frescos,3390.0,2
SOPROLE,ACUENTA,Colaciones/Postres,360.0,1
LONCOLECHE,ACUENTA,Lácteos,1890.0,2
TIL,ACUENTA,Lácteos,4990.0,2
SOPROLE,ACUENTA,Otros Frescos,720.0,2
GENERICA,ACUENTA,Fiambrería,1190.0,2
COLUN,ACUENTA,Otros Frescos,1890.0,2
PF,ACUENTA,Fiambrería,1000.0,2
PF,ACUENTA,Fiambrería,1000.0,2
TIL,ACUENTA,Otros Frescos,370.0,2
COLUN,ACUENTA,Lácteos/Fiambrería,1750.0,2
COLUN,ACUENTA,Otros Frescos,1890.0,2
GENERICA,ACUENTA,Fiambrería,1050.0,2
GENERICA,ACUENTA,Otros Frescos,720.0,2
GENERICA,ACUENTA,Fiambrería,760.0,2
NESTLE,ACUENTA,Colaciones/Postres,360.0,1
LIDER,ACUENTA,Lácteos,1490.0,2
TIL,ACUENTA,Colaciones/Postres,330.0,1
CHAMYTO,ACUENTA,Lácteos,2690.0,2
GENERICA,ACUENTA,Otros Frescos,370.0,2
GENERICA,ACUENTA,Otros Frescos,460.0,2
COLUN,ACUENTA,Colaciones/Postres,250.0,1
GENERICA,ACUENTA,Otros Frescos,260.0,2
GENERICA,ACUENTA,Lácteos,1790.0,2
COLUN,ACUENTA,Otros Frescos,1890.0,2
QUILLAYES,ACUENTA,Otros Frescos,1290.0,2
GENERICA,ACUENTA,Lácteos,8090.0,2
LIDER,ACUENTA,Lácteos,2690.0,2
COLUN,ACUENTA,Otros Frescos,1890.0,2
GENERICA,ACUENTA,Lácteos/Fiambrería,1890.0,2
TIL,ACUENTA,Lácteos,3550.0,2
COLUN,ACUENTA,Lácteos/Fiambrería,3690.0,2
TIL,ACUENTA,Otros Frescos,670.0,2
COLUN,ACUENTA,Otros Frescos,1890.0,2
COLUN,ACUENTA,Otros Frescos,1890.0,2
SOPROLE,ACUENTA,Colaciones/Postres,340.0,1
GENERICA,ACUENTA,Colaciones/Postres,360.0,1
GENERICA,ACUENTA,Colaciones/Postres,540.0,1
GENERICA,ACUENTA,Lácteos,2050.0,2
GENERICA,ACUENTA,Otros Frescos,570.0,2
COLUN,ACUENTA,Otros Frescos,1890.0,2
COLUN,ACUENTA,Lácteos,7890.0,2
GENERICA,ACUENTA,Lácteos,3350.0,2
TIL,ACUENTA,Otros Frescos,570.0,2
SOPROLE,ACUENTA,Colaciones/Postres,320.0,1
GENERICA,ACUENTA,Fiambrería,1890.0,2
GENERICA,ACUENTA,Otros Frescos,720.0,2
TIL,ACUENTA,Otros Frescos,360.0,2
GENERICA,ACUENTA,Lácteos,8790.0,2
SOPROLE,ACUENTA,Colaciones/Postres,320.0,1
GENERICA,ACUENTA,Lácteos,8090.0,2
TIL,ACUENTA,Otros Frescos,170.0,2
GENERICA,ACUENTA,Lácteos,740.0,2
SOPROLE,ACUENTA,Lácteos,1450.0,2
GENERICA,ACUENTA,Otros Frescos,690.0,2
SOPROLE,ACUENTA,Lácteos,740.0,2
SOPRAVAL,ACUENTA,Aves,2150.0,2
GENERICA,ACUENTA,Lácteos,8790.0,2
SOPROLE,ACUENTA,Otros Frescos,2450.0,2
SOPROLE,ACUENTA,Colaciones/Postres,640.0,1
CALO,ACUENTA,Lácteos,1650.0,2
GENERICA,ACUENTA,Otros Frescos,720.0,2
COLUN,ACUENTA,Otros Frescos,2290.0,2
GENERICA,ACUENTA,Otros Frescos,360.0,2
GENERICA,ACUENTA,Lácteos,3350.0,2
COLUN,ACUENTA,Lácteos,1250.0,2
GENERICA,ACUENTA,Lácteos,2350.0,2
GENERICA,ACUENTA,Colaciones/Postres,380.0,1
GENERICA,ACUENTA,Otros Frescos,360.0,2
GENERICA,ACUENTA,Lácteos/Fiambrería,4250.0,2
GENERICA,ACUENTA,Lácteos,2150.0,2
LIDER,ACUENTA,Lácteos,1190.0,2
GENERICA,ACUENTA,Colaciones/Postres,360.0,1
TIL,ACUENTA,Lácteos,2350.0,2
SOPRAVAL,ACUENTA,Aves,2150.0,2
GENERICA,ACUENTA,Colaciones/Postres,330.0,1
QUILLAYES,ACUENTA,Fiambrería,1450.0,2
GENERICA,ACUENTA,Otros Frescos,2790.0,2
GENERICA,ACUENTA,Otros Frescos,670.0,2
LIDER,ACUENTA,Otros Frescos,1790.0,2
CALO,ACUENTA,Lácteos,6390.0,2
GENERICA,ACUENTA,Colaciones/Postres,380.0,1
GENERICA,ACUENTA,Lácteos/Fiambrería,2250.0,2
ACUENTA,ACUENTA,Otros Frescos,170.0,2
LIDER,ACUENTA,Otros Frescos,2890.0,2
GENERICA,ACUENTA,Otros Frescos,1390.0,2
TIL,ACUENTA,Otros Frescos,720.0,2
LIDER,ACUENTA,Lácteos,4590.0,2
GENERICA,ACUENTA,Otros Frescos,2390.0,2
SURLAT,ACUENTA,Lácteos/Fiambrería,4750.0,2
DANONE,ACUENTA,Otros Frescos,990.0,2
GENERICA,ACUENTA,Otros Frescos,170.0,2
GENERICA,ACUENTA,Otros Frescos,3350.0,2
GENERICA,ACUENTA,Fiambrería,2390.0,2
COLUN,ACUENTA,Otros Frescos,1890.0,2
GENERICA,ACUENTA,Lácteos/Fiambrería,1450.0,2
LONCOLECHE,ACUENTA,Lácteos,1450.0,2
GENERICA,ACUENTA,Lácteos,1690.0,2
COLUN,ACUENTA,Lácteos/Fiambrería,760.0,2
SAN JORGE,ACUENTA,Fiambrería,1590.0,2
GENERICA,ACUENTA,Otros Frescos,360.0,2
GENERICA,ACUENTA,Otros Frescos,490.0,2
GENERICA,ACUENTA,Fiambrería,1000.0,2
LONCOLECHE,ACUENTA,Lácteos,1090.0,2
GENERICA,ACUENTA,Otros Frescos,1950.0,2
LIDER,ACUENTA,Otros Frescos,240.0,2
COLUN,ACUENTA,Otros Frescos,360.0,2
PF,ACUENTA,Fiambrería,2390.0,2
LIDER,ACUENTA,Fiambrería,1790.0,2
SOPROLE,ACUENTA,Lácteos/Fiambrería,3050.0,2
LIDER,ACUENTA,Otros Frescos,240.0,2
SAN JORGE,ACUENTA,Carnicería,1190.0,2
GENERICA,ACUENTA,Fiambrería,1690.0,2
GENERICA,ACUENTA,Lácteos,1290.0,2
ACUENTA,ACUENTA,Otros Frescos,170.0,2
GENERICA,ACUENTA,Cerdo,2250.0,1
SOPROLE,ACUENTA,Lácteos,3190.0,2
LIDER,ACUENTA,Huevos,8890.0,1
PF,ACUENTA,Aves,2290.0,2
LIDER,ACUENTA,Otros Frescos,2490.0,2
GENERICA,ACUENTA,Cerdo,1890.0,1
GENERICA,ACUENTA,Lácteos,1190.0,2
LIDER,ACUENTA,Lácteos,1150.0,2
GENERICA,ACUENTA,Lácteos,5950.0,2
CHAMYTO,ACUENTA,Lácteos,6190.0,2
GENERICA,ACUENTA,Lácteos,5790.0,2
GENERICA,ACUENTA,Otros Frescos,3750.0,2
LONCOLECHE,ACUENTA,Lácteos,1450.0,2
LIDER,ACUENTA,Otros Frescos,240.0,2
GENERICA,ACUENTA,Lácteos,1750.0,2
GENERICA,ACUENTA,Fiambrería,2750.0,2
GENERICA,ACUENTA,Fiambrería,1690.0,2
SOPROLE,ACUENTA,Otros Frescos,2390.0,2
LONCOLECHE,ACUENTA,Lácteos,1450.0,2
GENERICA,ACUENTA,Lácteos,7050.0,2
LIDER,ACUENTA,Otros Frescos,240.0,2
LIDER,ACUENTA,Lácteos,1790.0,2
TIL,ACUENTA,Lácteos,2790.0,2
GENERICA,ACUENTA,Lácteos,3590.0,2
COLUN,ACUENTA,Lácteos/Fiambrería,6690.0,2
GENERICA,ACUENTA,Otros Frescos,560.0,2
SOPROLE,ACUENTA,Lácteos,1590.0,2
LIDER,ACUENTA,Otros Frescos,1790.0,2
LONCOLECHE,ACUENTA,Lácteos,1450.0,2
LIDER,ACUENTA,Otros Frescos,1790.0,2
TIL,ACUENTA,Lácteos,2350.0,2
GENERICA,ACUENTA,Otros Frescos,730.0,2
GENERICA,ACUENTA,Lácteos,10990.0,2
ACUENTA,ACUENTA,Otros Frescos,2790.0,2
GENERICA,ACUENTA,Otros Frescos,560.0,2
PF,ACUENTA,Fiambrería,1650.0,2
GENERICA,ACUENTA,Otros Frescos,670.0,2
GENERICA,ACUENTA,Otros Frescos,3890.0,2
GENERICA,ACUENTA,Lácteos,1350.0,2
GENERICA,ACUENTA,Otros Frescos,560.0,2
COLUN,ACUENTA,Lácteos,1350.0,2
GENERICA,ACUENTA,Otros Frescos,670.0,2
CALO,ACUENTA,Lácteos,11450.0,2
GENERICA,ACUENTA,Lácteos,6190.0,2
COLUN,ACUENTA,Otros Frescos,2450.0,2
GENERICA,ACUENTA,Lácteos,2450.0,2
GENERICA,ACUENTA,Lácteos,5990.0,2
GENERICA,ACUENTA,Lácteos,2450.0,2
GENERICA,ACUENTA,Lácteos,8290.0,2
COLUN,ACUENTA,Lácteos,1350.0,2
CALO,ACUENTA,Lácteos/Fiambrería,5790.0,2
SOPROLE,ACUENTA,Lácteos,1250.0,2
LONCOLECHE,ACUENTA,Lácteos,2850.0,2
GENERICA,ACUENTA,Cerdo,1790.0,1
GENERICA,ACUENTA,Lácteos,2390.0,2
COLUN,ACUENTA,Lácteos/Fiambrería,6590.0,2
LIDER,ACUENTA,Lácteos,1190.0,2
SOPROLE,ACUENTA,Lácteos,1950.0,2
LIDER,ACUENTA,Lácteos/Fiambrería,1690.0,2
GENERICA,ACUENTA,Lácteos,3150.0,2
GENERICA,ACUENTA,Lácteos,17750.0,2
CALO,ACUENTA,Lácteos,2520.0,2
LIDER,ACUENTA,Lácteos,1190.0,2
GENERICA,ACUENTA,Huevos,4190.0,1
DANONE,ACUENTA,Lácteos,2690.0,2
GENERICA,ACUENTA,Lácteos,7090.0,2
GENERICA,ACUENTA,Aves,2690.0,2
GENERICA,ACUENTA,Colaciones/Postres,1950.0,1
GENERICA,ACUENTA,Fiambrería,2350.0,2
LIDER,ACUENTA,Colaciones/Postres,250.0,1
SURLAT,ACUENTA,Otros Frescos,1190.0,2
LIDER,ACUENTA,Colaciones/Postres,250.0,1
GENERICA,ACUENTA,Lácteos,2190.0,2
GENERICA,ACUENTA,Otros Frescos,1984.0,2
GENERICA,ACUENTA,Otros Frescos,1990.0,2
GENERICA,ACUENTA,Otros Frescos,2150.0,2
SOPROLE,ACUENTA,Lácteos,1250.0,2
GENERICA,ACUENTA,Lácteos,1350.0,2
LIDER,ACUENTA,Lácteos,5790.0,2
PF,ACUENTA,Fiambrería,1790.0,2
GENERICA,ACUENTA,Lácteos,3590.0,2
GENERICA,ACUENTA,Lácteos,6490.0,2
LIDER,ACUENTA,Otros Frescos,2990.0,2
GENERICA,ACUENTA,Lácteos,5190.0,2
GENERICA,ACUENTA,Lácteos,1350.0,2
GENERICA,ACUENTA,Lácteos,11090.0,2
GENERICA,ACUENTA,Lácteos,6090.0,2
LIDER,ACUENTA,Colaciones/Postres,250.0,1
LIDER,ACUENTA,Huevos,3990.0,1
LIDER,ACUENTA,Colaciones/Postres,250.0,1
LIDER,ACUENTA,Colaciones/Postres,250.0,1
LIDER,ACUENTA,Lácteos/Fiambrería,2490.0,2
GENERICA,ACUENTA,Otros Frescos,3890.0,2
LIDER,ACUENTA,Lácteos/Fiambrería,2950.0,2
SOPROLE,ACUENTA,Lácteos/Fiambrería,2590.0,2
LIDER,ACUENTA,Lácteos/Fiambrería,5690.0,2
LIDER,ACUENTA,Lácteos/Fiambrería,1890.0,2
GENERICA,ACUENTA,Lácteos/Fiambrería,1950.0,2
LIDER,ACUENTA,Lácteos/Fiambrería,2850.0,2
LIDER,ACUENTA,Lácteos/Fiambrería,2290.0,2
QUILLAYES,ACUENTA,Lácteos/Fiambrería,3390.0,2
GENERICA,ACUENTA,Fiambrería,1550.0,2
COLUN,ACUENTA,Lácteos/Fiambrería,2890.0,2
COLUN,ACUENTA,Lácteos/Fiambrería,990.0,2
GENERICA,ACUENTA,Lácteos/Fiambrería,3850.0,2
LIDER,ACUENTA,Lácteos/Fiambrería,5890.0,2
LIDER,ACUENTA,Lácteos/Fiambrería,4490.0,2
COLUN,ACUENTA,Otros Frescos,2790.0,2
SOPROLE,ACUENTA,Lácteos/Fiambrería,4250.0,2
LIDER,ACUENTA,Lácteos/Fiambrería,3290.0,2
GENERICA,ACUENTA,Colaciones/Postres,670.0,1
PF,ACUENTA,Aves,2090.0,2
SAN JORGE,ACUENTA,Fiambrería,1550.0,2
WINTER,ACUENTA,Fiambrería,2290.0,2
GENERICA,ACUENTA,Otros Frescos,2090.0,2
SAN JORGE,ACUENTA,Fiambrería,1990.0,2
SAN JORGE,ACUENTA,Fiambrería,2250.0,2
COLUN,ACUENTA,Lácteos,1750.0,2
GENERICA,ACUENTA,Lácteos,3190.0,2
COLUN,ACUENTA,Lácteos,3690.0,2
GENERICA,ACUENTA,Aves,3390.0,2
GENERICA,ACUENTA,Otros Frescos,3390.0,2
GENERICA,ACUENTA,Cerdo,2050.0,1
GENERICA,ACUENTA,Fiambrería,990.0,2
CALO,ACUENTA,Lácteos,2350.0,2
SOPROLE,ACUENTA,Lácteos,540.0,2
GENERICA,ACUENTA,Otros Frescos,2250.0,2
PF,ACUENTA,Fiambrería,1950.0,2
GENERICA,ACUENTA,Lácteos,3390.0,2
WINTER,ACUENTA,Otros Frescos,1690.0,2
GENERICA,ACUENTA,Fiambrería,1090.0,2
GENERICA,ACUENTA,Fiambrería,1090.0,2
GENERICA,ACUENTA,Aves,1150.0,2
LIDER,ACUENTA,Huevos,1990.0,1
SOPROLE,ACUENTA,Colaciones/Postres,670.0,1
GENERICA,ACUENTA,Fiambrería,2550.0,2
LIDER,ACUENTA,Lácteos,2950.0,2
PF,ACUENTA,Otros Frescos,2750.0,2
CALO,ACUENTA,Lácteos,1750.0,2
PF,ACUENTA,Fiambrería,1350.0,2
PF,ACUENTA,Fiambrería,2590.0,2
GENERICA,ACUENTA,Colaciones/Postres,670.0,1
GENERICA,ACUENTA,Otros Frescos,4890.0,2
WINTER,ACUENTA,Fiambrería,2750.0,2
SOPROLE,ACUENTA,Lácteos/Fiambrería,3890.0,2
COLUN,ACUENTA,Colaciones/Postres,380.0,1
GENERICA,ACUENTA,Fiambrería,2650.0,2
COLUN,ACUENTA,Lácteos,3890.0,2
GENERICA,ACUENTA,Fiambrería,1690.0,2
SAN JORGE,ACUENTA,Fiambrería,1790.0,2
GENERICA,ACUENTA,Huevos,4090.0,1
PF,ACUENTA,Otros Frescos,3590.0,2
GENERICA,ACUENTA,Otros Frescos,490.0,2
GENERICA,ACUENTA,Colaciones/Postres,660.0,1
LIDER,ACUENTA,Lácteos/Fiambrería,990.0,2
PF,ACUENTA,Otros Frescos,1350.0,2
GENERICA,ACUENTA,Fiambrería,1950.0,2
LIDER,ACUENTA,Lácteos/Fiambrería,2850.0,2
GENERICA,ACUENTA,Colaciones/Postres,760.0,1
GENERICA,ACUENTA,Fiambrería,1350.0,2
COLUN,ACUENTA,Lácteos/Fiambrería,2950.0,2
GENERICA,ACUENTA,Colaciones/Postres,770.0,1
SOPROLE,ACUENTA,Colaciones/Postres,770.0,1
GENERICA,ACUENTA,Cerdo,2250.0,1
GENERICA,ACUENTA,Colaciones/Postres,680.0,1
GENERICA,ACUENTA,Fiambrería,2150.0,2
GENERICA,ACUENTA,Aves,2490.0,2
GENERICA,ACUENTA,Otros Frescos,490.0,2
LIDER,ACUENTA,Lácteos/Fiambrería,840.0,2
LIDER,ACUENTA,Lácteos/Fiambrería,990.0,2
LIDER,ACUENTA,Lácteos/Fiambrería,990.0,2
GENERICA,ACUENTA,Lácteos,2250.0,2
GENERICA,ACUENTA,Colaciones/Postres,800.0,1
LLANQUIHUE,ACUENTA,Fiambrería,2590.0,2
GENERICA,ACUENTA,Colaciones/Postres,810.0,1
GENERICA,ACUENTA,Lácteos,2890.0,2
GENERICA,ACUENTA,Lácteos/Fiambrería,7890.0,2
COLUN,ACUENTA,Lácteos/Fiambrería,2290.0,2
GENERICA,ACUENTA,Lácteos/Fiambrería,5950.0,2
QUILLAYES,ACUENTA,Lácteos/Fiambrería,6590.0,2
GENERICA,ACUENTA,Lácteos/Fiambrería,3590.0,2
QUILLAYES,ACUENTA,Lácteos/Fiambrería,3190.0,2
QUILLAYES,ACUENTA,Lácteos/Fiambrería,5890.0,2
GENERICA,ACUENTA,Colaciones/Postres,1890.0,1
TIL,ACUENTA,Otros Frescos,610.0,2
TIL,ACUENTA,Lácteos,450.0,2
COLUN,ACUENTA,Lácteos,550.0,2
COLUN,ACUENTA,Lácteos,590.0,2
GENERICA,ACUENTA,Lácteos,450.0,2
LONCOLECHE,ACUENTA,Lácteos,450.0,2
COLUN,ACUENTA,Colaciones/Postres,280.0,1
COLUN,ACUENTA,Colaciones/Postres,280.0,1
SOPROLE,ACUENTA,Lácteos,530.0,2
SOPROLE,ACUENTA,Lácteos,670.0,2
LONCOLECHE,ACUENTA,Lácteos,450.0,2
SOPROLE,ACUENTA,Lácteos,530.0,2
SOPROLE,ACUENTA,Lácteos,400.0,2
GENERICA,ACUENTA,Lácteos,570.0,2
GENERICA,ACUENTA,Lácteos,570.0,2
GENERICA,ACUENTA,Lácteos,2490.0,2
GENERICA,ACUENTA,Otros Frescos,720.0,2
GENERICA,ACUENTA,Lácteos/Fiambrería,3590.0,2
GENERICA,ACUENTA,Otros Frescos,720.0,2
GENERICA,ACUENTA,Otros Frescos,390.0,2
GENERICA,ACUENTA,Lácteos,1290.0,2
GENERICA,ACUENTA,Otros Frescos,3090.0,2
GENERICA,ACUENTA,Lácteos,990.0,2
SOPROLE,ACUENTA,Otros Frescos,3290.0,2
GENERICA,ACUENTA,Otros Frescos,4090.0,2
GENERICA,ACUENTA,Otros Frescos,680.0,2
GENERICA,ACUENTA,Otros Frescos,650.0,2
TIL,ACUENTA,Lácteos,3690.0,2
GENERICA,ACUENTA,Lácteos,2890.0,2
SOPROLE,ACUENTA,Lácteos,1650.0,2
WATTS,ACUENTA,Lácteos,3790.0,2
GENERICA,ACUENTA,Otros Frescos,2590.0,2
GENERICA,ACUENTA,Otros Frescos,620.0,2
GENERICA,ACUENTA,Otros Frescos,480.0,2
TIL,ACUENTA,Otros Frescos,1090.0,2
GENERICA,ACUENTA,Lácteos,2390.0,2
GENERICA,ACUENTA,Otros Frescos,1090.0,2
GENERICA,ACUENTA,Otros Frescos,480.0,2
GENERICA,ACUENTA,Colaciones/Postres,810.0,1
NUESTRA COCINA,UNIMARC,Despensa,1000.0,0
NUESTRA COCINA,UNIMARC,Despensa,1890.0,0
NUESTRA COCINA,UNIMARC,Despensa,1790.0,0
TUCAPEL,UNIMARC,Despensa,1090.0,0
MERKAT,UNIMARC,Despensa,1550.0,0
LUCCHETTI,UNIMARC,Despensa,21590.0,0
NUESTRA COCINA,UNIMARC,Despensa,1000.0,0
NUESTRA COCINA,UNIMARC,Despensa,690.0,0
HELLMANNS,UNIMARC,Despensa,3490.0,0
TUCAPEL,UNIMARC,Despensa,2450.0,0
NUESTRA COCINA,UNIMARC,Despensa,1250.0,0
NUESTRA COCINA,UNIMARC,Despensa,690.0,0
POMAROLA,UNIMARC,Despensa,4150.0,0
MARCO POLO,UNIMARC,Despensa,2000.0,0
MONT BLANC,UNIMARC,Despensa,1100.0,0
NUESTRA COCINA,UNIMARC,Despensa,1000.0,0
CLUB SOCIAL,UNIMARC,Despensa,33990.0,0
NUESTRA COCINA,UNIMARC,Despensa,1990.0,0
NUESTRA COCINA,UNIMARC,Despensa,1000.0,0
MERKAT,UNIMARC,Despensa,1190.0,0
MERKAT,UNIMARC,Despensa,990.0,0
LUCCHETTI,UNIMARC,Despensa,3290.0,0
LUCCHETTI,UNIMARC,Despensa,21500.0,0
NUESTRA COCINA,UNIMARC,Despensa,3000.0,0
NUESTRA COCINA,UNIMARC,Despensa,3000.0,0
ROBINSON CRUSOE,UNIMARC,Despensa,1990.0,0
CAROZZI,UNIMARC,Despensa,510.0,0
MAGGI,UNIMARC,Despensa,1390.0,0
VAN CAMPS,UNIMARC,Despensa,23000.0,0
NUESTRA COCINA,UNIMARC,Despensa,12990.0,0
CAROZZI,UNIMARC,Despensa,21490.0,0
MERKAT,UNIMARC,Despensa,8390.0,0
NUESTRA COCINA,UNIMARC,Despensa,23000.0,0
LOBOS,UNIMARC,Despensa,610.0,0
CAROZZI,UNIMARC,Despensa,21590.0,0
NUESTRA COCINA,UNIMARC,Despensa,2550.0,0
CHEF,UNIMARC,Despensa,3750.0,0
DOÑA CLARA,UNIMARC,Despensa,21000.0,0
LUCCHETTI,UNIMARC,Despensa,21590.0,0
LAYS,UNIMARC,Despensa,2000.0,0
VAN CAMPS,UNIMARC,Despensa,1990.0,0
NUESTRA COCINA,UNIMARC,Despensa,1490.0,0
LAYS,UNIMARC,Despensa,2000.0,0
NUESTRA COCINA,UNIMARC,Despensa,690.0,0
KRAFT,UNIMARC,Despensa,7290.0,0
NUESTRA COCINA,UNIMARC,Despensa,1000.0,0
NUESTRA COCINA,UNIMARC,Despensa,450.0,0
TUCAPEL,UNIMARC,Despensa,2590.0,0
CARAVELLA,UNIMARC,Despensa,6990.0,0
MONT BLANC,UNIMARC,Despensa,1390.0,0
NUESTRA COCINA,UNIMARC,Despensa,690.0,0
MERKAT,UNIMARC,Despensa,880.0,0
CAROZZI,UNIMARC,Despensa,21590.0,0
NUESTRA COCINA,UNIMARC,Despensa,1650.0,0
LAYS,UNIMARC,Despensa,2490.0,0
LAYS,UNIMARC,Despensa,1743.0,0
CHEF,UNIMARC,Despensa,7750.0,0
TRAVERSO,UNIMARC,Despensa,1000.0,0
LAYS,UNIMARC,Despensa,2490.0,0
KRYZPO,UNIMARC,Despensa,23280.0,0
LUCCHETTI,UNIMARC,Despensa,21590.0,0
LUCCHETTI,UNIMARC,Despensa,21500.0,0
LAYS,UNIMARC,Despensa,2490.0,0
MAGGI,UNIMARC,Despensa,31430.0,0
NUESTRA COCINA,UNIMARC,Despensa,4450.0,0
ANGELMO,UNIMARC,Despensa,1190.0,0
CAROZZI,UNIMARC,Despensa,21600.0,0
NUESTRA COCINA,UNIMARC,Despensa,3250.0,0
EVERCRISP,UNIMARC,Despensa,2090.0,0
LUCCHETTI,UNIMARC,Despensa,1090.0,0
NUESTRA COCINA,UNIMARC,Despensa,2690.0,0
TRATTORIA,UNIMARC,Despensa,890.0,0
LUCCHETTI,UNIMARC,Despensa,1090.0,0
KRYZPO,UNIMARC,Despensa,23280.0,0
SELZ,UNIMARC,Despensa,1190.0,0
MAGGI,UNIMARC,Despensa,21200.0,0
CAROZZI,UNIMARC,Despensa,2590.0,0
MAGGI,UNIMARC,Despensa,31550.0,0
LAYS,UNIMARC,Despensa,1900.0,0
NUESTRA COCINA,UNIMARC,Despensa,3650.0,0
NUESTRA COCINA,UNIMARC,Despensa,1000.0,0
TRATTORIA,UNIMARC,Despensa,890.0,0
MARCO POLO,UNIMARC,Despensa,2000.0,0
EVERCRISP,UNIMARC,Despensa,2090.0,0
NUESTRA COCINA,UNIMARC,Despensa,690.0,0
CAROZZI,UNIMARC,Despensa,990.0,0
MERKAT,UNIMARC,Despensa,390.0,0
CAROZZI,UNIMARC,Despensa,21590.0,0
WASIL,UNIMARC,Despensa,1790.0,0
CAROZZI,UNIMARC,Despensa,21590.0,0
MAGGI,UNIMARC,Despensa,21200.0,0
CAROZZI,UNIMARC,Despensa,21590.0,0
CAROZZI,UNIMARC,Despensa,1950.0,0
CLUB SOCIAL,UNIMARC,Despensa,22780.0,0
TRAVERSO,UNIMARC,Despensa,990.0,0
MAGGI,UNIMARC,Despensa,31510.0,0
CAROZZI,UNIMARC,Despensa,21590.0,0
KRAFT,UNIMARC,Despensa,4250.0,0
MAGGI,UNIMARC,Despensa,21200.0,0
NUESTRA COCINA,UNIMARC,Despensa,2000.0,0
HELLMANNS,UNIMARC,Despensa,5490.0,0
MAGGI,UNIMARC,Despensa,31460.0,0
MERKAT,UNIMARC,Despensa,950.0,0
RITZ,UNIMARC,Despensa,590.0,0
NUESTRA COCINA,UNIMARC,Despensa,23000.0,0
NUESTRA COCINA,UNIMARC,Despensa,700.0,0
POMAROLA,UNIMARC,Despensa,870.0,0
NUESTRA COCINA,UNIMARC,Despensa,2890.0,0
TRATTORIA,UNIMARC,Despensa,890.0,0
MAGGI,UNIMARC,Despensa,21200.0,0
LECHE SUR,UNIMARC,Despensa,22880.0,0
CHEETOS,UNIMARC,Despensa,1650.0,0
NUESTRA COCINA,UNIMARC,Despensa,23000.0,0
CLUB SOCIAL,UNIMARC,Despensa,22780.0,0
NUESTRA COCINA,UNIMARC,Despensa,5000.0,0
PANCHO VILLA,UNIMARC,Despensa,1000.0,0
MAGGI,UNIMARC,Despensa,31550.0,0
MAGGI,UNIMARC,Despensa,31460.0,0
EVERCRISP,UNIMARC,Despensa,2000.0,0
MARCO POLO,UNIMARC,Despensa,1000.0,0
CLUB SOCIAL,UNIMARC,Despensa,22780.0,0
CAROZZI,UNIMARC,Despensa,3090.0,0
MAGGI,UNIMARC,Despensa,21200.0,0
MAGGI,UNIMARC,Despensa,31510.0,0
TUCAPEL,UNIMARC,Despensa,1790.0,0
LAYS,UNIMARC,Despensa,2250.0,0
IANSA CERO K,UNIMARC,Despensa,3490.0,0
CAROZZI,UNIMARC,Despensa,1390.0,0
TUCAPEL,UNIMARC,Despensa,1290.0,0
MAGGI,UNIMARC,Despensa,31550.0,0
CARAVELLA,UNIMARC,Despensa,6990.0,0
BANQUETE,UNIMARC,Despensa,4390.0,0
NUESTRA COCINA,UNIMARC,Despensa,690.0,0
HELLMANNS,UNIMARC,Despensa,1000.0,0
BANQUETE,UNIMARC,Despensa,2750.0,0
CAROZZI,UNIMARC,Despensa,990.0,0
NATURA,UNIMARC,Despensa,2000.0,0
IANSA,UNIMARC,Despensa,1490.0,0
KARDAMILI,UNIMARC,Despensa,18890.0,0
MAGGI,UNIMARC,Despensa,31200.0,0
MERKAT,UNIMARC,Despensa,870.0,0
JB,UNIMARC,Despensa,3090.0,0
IANSA,UNIMARC,Despensa,1350.0,0
PANCHO VILLA,UNIMARC,Despensa,950.0,0
TRATTORIA,UNIMARC,Despensa,890.0,0
CAROZZI,UNIMARC,Despensa,2850.0,0
NUESTRA COCINA,UNIMARC,Despensa,23000.0,0
HELLMANNS,UNIMARC,Despensa,3000.0,0
MERKAT,UNIMARC,Despensa,880.0,0
BUKA,UNIMARC,Despensa,1000.0,0
MAGGI,UNIMARC,Despensa,31120.0,0
LUCCHETTI,UNIMARC,Despensa,980.0,0
WASIL,UNIMARC,Despensa,23000.0,0
LOS GRANOS,UNIMARC,Despensa,2300.0,0
EVERCRISP,UNIMARC,Despensa,1850.0,0
MERKAT,UNIMARC,Despensa,4150.0,0
LIVEAN,UNIMARC,Despensa,890.0,0
NUESTRA COCINA,UNIMARC,Despensa,4000.0,0
VIVO,UNIMARC,Despensa,860.0,0
NUESTRA COCINA,UNIMARC,Despensa,2150.0,0
MAGGI,UNIMARC,Despensa,31150.0,0
LUCCHETTI,UNIMARC,Despensa,43000.0,0
DAILY,UNIMARC,Despensa,4950.0,0
MAGGI,UNIMARC,Despensa,31150.0,0
LUCCHETTI,UNIMARC,Despensa,980.0,0
GOURMET,UNIMARC,Despensa,31000.0,0
PF LISTO,UNIMARC,Despensa,4190.0,0
MAGGI,UNIMARC,Despensa,31150.0,0
BANQUETE,UNIMARC,Despensa,2590.0,0
MAGGI,UNIMARC,Despensa,1290.0,0
NUESTRA COCINA,UNIMARC,Despensa,700.0,0
DORITOS,UNIMARC,Despensa,1000.0,0
DAILY,UNIMARC,Despensa,1650.0,0
MAGGI,UNIMARC,Despensa,31150.0,0
GOURMET,UNIMARC,Despensa,31090.0,0
GOURMET,UNIMARC,Despensa,31000.0,0
MAGGI,UNIMARC,Despensa,1290.0,0
IANSA,UNIMARC,Despensa,7390.0,0
GOURMET,UNIMARC,Despensa,31000.0,0
MAGGI,UNIMARC,Despensa,32200.0,0
MIRAFLORES,UNIMARC,Despensa,2990.0,0
CRACKELET,UNIMARC,Despensa,1000.0,0
PANCHO VILLA,UNIMARC,Despensa,1000.0,0
GOURMET,UNIMARC,Despensa,31090.0,0
TUCAPEL,UNIMARC,Despensa,1300.0,0
CHEF,UNIMARC,Despensa,16290.0,0
TRATTORIA,UNIMARC,Despensa,2380.0,0
NATUREZZA,UNIMARC,Despensa,31000.0,0
LAYS,UNIMARC,Despensa,1890.0,0
TRAVERSO,UNIMARC,Despensa,4150.0,0
CAROZZI,UNIMARC,Despensa,1090.0,0
SELECTA,UNIMARC,Despensa,1400.0,0
LIVEAN,UNIMARC,Despensa,890.0,0
PF LISTO,UNIMARC,Despensa,4190.0,0
NUESTRA COCINA,UNIMARC,Despensa,790.0,0
EVERCRISP,UNIMARC,Despensa,1000.0,0
NUESTRA COCINA,UNIMARC,Despensa,1690.0,0
NUESTRA COCINA,UNIMARC,Despensa,2690.0,0
CAROZZI,UNIMARC,Despensa,2590.0,0
NUESTRA COCINA,UNIMARC,Despensa,1500.0,0
NUESTRA COCINA,UNIMARC,Despensa,2000.0,0
NATURA,UNIMARC,Despensa,3590.0,0
TRAVERSO,UNIMARC,Despensa,2290.0,0
DAILY FRESH,UNIMARC,Despensa,2890.0,0
CRACKELET,UNIMARC,Despensa,1050.0,0
NUESTRA COCINA,UNIMARC,Despensa,2890.0,0
RECETA DEL ABUELO,UNIMARC,Despensa,3550.0,0
BANQUETE,UNIMARC,Despensa,9990.0,0
IANSA AGRO,UNIMARC,Despensa,1590.0,0
NUESTRA COCINA,UNIMARC,Despensa,790.0,0
MARCO POLO,UNIMARC,Despensa,1000.0,0
NUESTRA COCINA,UNIMARC,Despensa,3590.0,0
LAS DOSCIENTAS,UNIMARC,Despensa,8750.0,0
ANGELMO,UNIMARC,Despensa,1390.0,0
EVERCRISP,UNIMARC,Despensa,2000.0,0
PANCHO VILLA,UNIMARC,Despensa,2990.0,0
TENTO,UNIMARC,Despensa,2990.0,0
WASIL,UNIMARC,Despensa,2250.0,0
TENTO,UNIMARC,Despensa,2850.0,0
NUESTRA COCINA,UNIMARC,Despensa,1790.0,0
DAILY,UNIMARC,Despensa,3640.0,0
DAILY,UNIMARC,Despensa,3890.0,0
IANSA,UNIMARC,Despensa,2450.0,0
LAYS,UNIMARC,Despensa,1000.0,0
NUESTRA COCINA,UNIMARC,Despensa,2490.0,0
TENTO,UNIMARC,Despensa,1890.0,0
PF LISTO,UNIMARC,Despensa,3920.0,0
TRATTORIA,UNIMARC,Despensa,3690.0,0
POMAROLA,UNIMARC,Despensa,630.0,0
EVERCRISP,UNIMARC,Despensa,1000.0,0
PF LISTO,UNIMARC,Despensa,3920.0,0
NUESTRA COCINA,UNIMARC,Despensa,7890.0,0
HEINZ,UNIMARC,Despensa,2750.0,0
MARCO POLO,UNIMARC,Despensa,2350.0,0
TENTO,UNIMARC,Despensa,1194.0,0
DAILY,UNIMARC,Despensa,2290.0,0
SELECTA,UNIMARC,Despensa,2480.0,0
BUKA,UNIMARC,Despensa,1000.0,0
TENTO,UNIMARC,Despensa,1194.0,0
TENTO,UNIMARC,Despensa,1194.0,0
NUESTRA COCINA,UNIMARC,Despensa,1490.0,0
VIVO,UNIMARC,Despensa,860.0,0
BUKA,UNIMARC,Despensa,1000.0,0
MAGGI,UNIMARC,Despensa,1400.0,0
GOURMET,UNIMARC,Despensa,840.0,0
LAYS,UNIMARC,Despensa,2000.0,0
PF LISTO,UNIMARC,Despensa,4550.0,0
TIKA,UNIMARC,Despensa,3590.0,0
TAKIS,UNIMARC,Despensa,1090.0,0
AMBROSOLI,UNIMARC,Despensa,1350.0,0
WASIL,UNIMARC,Despensa,2650.0,0
IANSA AGRO,UNIMARC,Despensa,1590.0,0
KIKKOMAN,UNIMARC,Despensa,10990.0,0
RANA,UNIMARC,Despensa,3860.0,0
TRAVERSO,UNIMARC,Despensa,3290.0,0
NUESTRA COCINA,UNIMARC,Despensa,2490.0,0
MARCO POLO,UNIMARC,Despensa,2350.0,0
VIVO,UNIMARC,Despensa,690.0,0
LOS GRANOS,UNIMARC,Despensa,3950.0,0
BUKA,UNIMARC,Despensa,3090.0,0
CRACKELET,UNIMARC,Despensa,1050.0,0
NUESTRA COCINA,UNIMARC,Despensa,700.0,0
IANSA AGRO,UNIMARC,Despensa,1590.0,0
TRAVERSO,UNIMARC,Despensa,1290.0,0
MARCO POLO,UNIMARC,Despensa,1500.0,0
TRAVERSO,UNIMARC,Despensa,3250.0,0
GIADA,UNIMARC,Despensa,12190.0,0
PERFECT CHOICE,UNIMARC,Despensa,4290.0,0
GOURMET,UNIMARC,Despensa,840.0,0
SAN JOSE,UNIMARC,Despensa,1450.0,0
BUKA,UNIMARC,Despensa,1000.0,0
TIKA,UNIMARC,Despensa,3590.0,0
CAROZZI,UNIMARC,Despensa,1120.0,0
NUESTRA COCINA,UNIMARC,Despensa,1490.0,0
VIVO,UNIMARC,Despensa,860.0,0
MARCO POLO,UNIMARC,Despensa,1500.0,0
HELLMANNS,UNIMARC,Despensa,1000.0,0
IANSA AGRO,UNIMARC,Despensa,3000.0,0
CARAVELLA,UNIMARC,Despensa,6990.0,0
SELECTA,UNIMARC,Despensa,2590.0,0
MARCO POLO,UNIMARC,Despensa,1500.0,0
TRAVERSO,UNIMARC,Despensa,2950.0,0
NUESTRA COCINA,UNIMARC,Despensa,3590.0,0
PANCHO VILLA,UNIMARC,Despensa,2990.0,0
MARCO POLO,UNIMARC,Despensa,1000.0,0
NUESTRA COCINA,UNIMARC,Despensa,2490.0,0
EVERCRISP,UNIMARC,Despensa,1000.0,0
EVERCRISP,UNIMARC,Despensa,2000.0,0
TRAVERSO,UNIMARC,Despensa,1850.0,0
NUESTRA COCINA,UNIMARC,Despensa,690.0,0
PF LISTO,UNIMARC,Despensa,4390.0,0
MARCO POLO,UNIMARC,Despensa,2350.0,0
MARCO POLO,UNIMARC,Despensa,1500.0,0
HEINZ,UNIMARC,Despensa,5950.0,0
TRIBU,UNIMARC,Despensa,1000.0,0
AMBROSOLI,UNIMARC,Despensa,1060.0,0
RANA,UNIMARC,Despensa,5290.0,0
LOS GRANOS,UNIMARC,Despensa,2000.0,0
KIKKOMAN,UNIMARC,Despensa,5750.0,0
CARAVELLA,UNIMARC,Despensa,6990.0,0
MARCO POLO,UNIMARC,Despensa,1000.0,0
PERFECT CHOICE,UNIMARC,Despensa,3890.0,0
HELLMANNS,UNIMARC,Despensa,3790.0,0
ALUSWEET,UNIMARC,Despensa,4390.0,0
RECETA DEL ABUELO,UNIMARC,Despensa,6890.0,0
ROBINSON CRUSOE,UNIMARC,Despensa,2730.0,0
IANSA AGRO,UNIMARC,Despensa,3000.0,0
DAILY FRESH,UNIMARC,Despensa,2890.0,0
IANSA AGRO,UNIMARC,Despensa,3000.0,0
STOLLENWERK,UNIMARC,Despensa,3060.0,0
WASIL,UNIMARC,Despensa,2490.0,0
MARCO POLO,UNIMARC,Despensa,1640.0,0
PF LISTO,UNIMARC,Despensa,2990.0,0
PERFECT CHOICE,UNIMARC,Despensa,4390.0,0
TRIBU,UNIMARC,Despensa,1000.0,0
GOURMET,UNIMARC,Despensa,6690.0,0
CAROZZI,UNIMARC,Despensa,2600.0,0
MERKAT,UNIMARC,Despensa,480.0,0
DAILY FRESH,UNIMARC,Despensa,2750.0,0
BARILLA,UNIMARC,Despensa,3950.0,0
KRYZPO,UNIMARC,Despensa,1000.0,0
PF LISTO,UNIMARC,Despensa,4390.0,0
GOURMET,UNIMARC,Despensa,750.0,0
MARCO POLO,UNIMARC,Despensa,1000.0,0
TIKA,UNIMARC,Despensa,3590.0,0
PERFECT CHOICE,UNIMARC,Despensa,3830.0,0
PF LISTO,UNIMARC,Despensa,4390.0,0
ROBINSON CRUSOE,UNIMARC,Despensa,2730.0,0
NUCETE,UNIMARC,Despensa,1850.0,0
NUESTRA COCINA,UNIMARC,Despensa,690.0,0
RANA,UNIMARC,Despensa,3860.0,0
RANA,UNIMARC,Despensa,5890.0,0
NUESTRA COCINA,UNIMARC,Despensa,690.0,0
GOURMET,UNIMARC,Despensa,750.0,0
WASIL,UNIMARC,Despensa,2650.0,0
SAF INSTANT,UNIMARC,Despensa,2890.0,0
PERFECT CHOICE,UNIMARC,Despensa,3160.0,0
PERFECT CHOICE,UNIMARC,Despensa,3830.0,0
PERFECT CHOICE,UNIMARC,Despensa,3520.0,0
RANA,UNIMARC,Despensa,5890.0,0
PERFECT CHOICE,UNIMARC,Despensa,2520.0,0
PERFECT CHOICE,UNIMARC,Despensa,5050.0,0
NUESTRA COCINA,UNIMARC,Despensa,3450.0,0
WASIL,UNIMARC,Despensa,1690.0,0
HELLMANNS,UNIMARC,Despensa,3490.0,0
SELECTA,UNIMARC,Despensa,2240.0,0
NUESTRA COCINA,UNIMARC,Despensa,690.0,0
NUESTRA COCINA,UNIMARC,Despensa,1690.0,0
NUESTRA COCINA,UNIMARC,Despensa,1390.0,0
HELLMANNS,UNIMARC,Despensa,3390.0,0
TRAVERSO,UNIMARC,Despensa,2250.0,0
NUESTRA COCINA,UNIMARC,Despensa,1690.0,0
VALLE DEL NORTE,UNIMARC,Despensa,2650.0,0
RANA,UNIMARC,Despensa,3780.0,0
EVERCRISP,UNIMARC,Despensa,2990.0,0
WASIL,UNIMARC,Despensa,2790.0,0
EVERCRISP,UNIMARC,Despensa,2300.0,0
GOURMET,UNIMARC,Despensa,1350.0,0
LOBOS,UNIMARC,Despensa,1790.0,0
ALUSWEET,UNIMARC,Despensa,6990.0,0
RANA,UNIMARC,Despensa,5890.0,0
VALLE DEL NORTE,UNIMARC,Despensa,2650.0,0
TRAVERSO,UNIMARC,Despensa,2350.0,0
VALLE DEL NORTE,UNIMARC,Despensa,2650.0,0
GOURMET,UNIMARC,Despensa,6690.0,0
SELECTA,UNIMARC,Despensa,2250.0,0
RANA,UNIMARC,Despensa,5290.0,0
IANSA AGRO,UNIMARC,Despensa,3000.0,0
PF LISTO,UNIMARC,Despensa,2990.0,0
DAILY FRESH,UNIMARC,Despensa,2750.0,0
VALLE DEL NORTE,UNIMARC,Despensa,2650.0,0
SELECTA,UNIMARC,Despensa,2280.0,0
WASIL,UNIMARC,Despensa,2490.0,0
LAS DOSCIENTAS,UNIMARC,Despensa,8990.0,0
MERKAT,UNIMARC,Despensa,8350.0,0
WASIL,UNIMARC,Despensa,2490.0,0
NUESTRA COCINA,UNIMARC,Despensa,560.0,0
NUESTRA COCINA,UNIMARC,Despensa,1390.0,0
WASIL,UNIMARC,Despensa,2390.0,0
HELLMANNS,UNIMARC,Despensa,4190.0,0
VALLE DEL NORTE,UNIMARC,Despensa,2260.0,0
GOURMET,UNIMARC,Despensa,6000.0,0
TALLIANI,UNIMARC,Despensa,1250.0,0
IANSA AGRO,UNIMARC,Despensa,2490.0,0
ROBINSON CRUSOE,UNIMARC,Despensa,22500.0,0
MIRAFLORES,UNIMARC,Despensa,2590.0,0
NUESTRA COCINA,UNIMARC,Despensa,2490.0,0
NUESTRA COCINA,UNIMARC,Despensa,920.0,0
SELECTA,UNIMARC,Despensa,7190.0,0
VALLE DEL NORTE,UNIMARC,Despensa,2420.0,0
COSTA,UNIMARC,Despensa,1350.0,0
WAITROSE,UNIMARC,Despensa,2690.0,0
NUESTRA COCINA,UNIMARC,Despensa,560.0,0
MERKAT,UNIMARC,Despensa,700.0,0
CAROZZI,UNIMARC,Despensa,850.0,0
MERKAT,UNIMARC,Despensa,480.0,0
HUASCO,UNIMARC,Despensa,16290.0,0
ESMERALDA,UNIMARC,Despensa,890.0,0
AMBROSOLI,UNIMARC,Despensa,4990.0,0
PAN,UNIMARC,Despensa,1950.0,0
TUCAPEL,UNIMARC,Despensa,3250.0,0
EVERCRISP,UNIMARC,Despensa,2850.0,0
EVERCRISP,UNIMARC,Despensa,2390.0,0
CAROZZI,UNIMARC,Despensa,1250.0,0
HUASCO,UNIMARC,Despensa,7490.0,0
MERKAT,UNIMARC,Despensa,1450.0,0
BANQUETE,UNIMARC,Despensa,4650.0,0
TALLIANI,UNIMARC,Despensa,1350.0,0
CAROZZI,UNIMARC,Despensa,1150.0,0
MI TIERRA,UNIMARC,Despensa,9590.0,0
NUESTRA COCINA,UNIMARC,Despensa,2690.0,0
TALLIANI,UNIMARC,Despensa,1350.0,0
POMAROLA,UNIMARC,Despensa,780.0,0
TALLIANI,UNIMARC,Despensa,5190.0,0
GOURMET,UNIMARC,Despensa,3390.0,0
DON JUAN,UNIMARC,Despensa,2290.0,0
WASIL,UNIMARC,Despensa,1650.0,0
MARCO POLO,UNIMARC,Despensa,1390.0,0
NUESTRA COCINA,UNIMARC,Despensa,2590.0,0
GOURMET,UNIMARC,Despensa,1190.0,0
EVERCRISP,UNIMARC,Despensa,2390.0,0
NUESTRA COCINA,UNIMARC,Despensa,3590.0,0
KRAFT,UNIMARC,Despensa,3390.0,0
NUESTRA COCINA,UNIMARC,Despensa,450.0,0
NUESTRA COCINA,UNIMARC,Despensa,1850.0,0
MARCO POLO,UNIMARC,Despensa,1090.0,0
GOURMET,UNIMARC,Despensa,2200.0,0
GOURMET,UNIMARC,Despensa,1850.0,0
GRILL,UNIMARC,Despensa,1750.0,0
GOURMET,UNIMARC,Despensa,1250.0,0
NUESTRA COCINA,UNIMARC,Despensa,920.0,0
DON JUAN,UNIMARC,Despensa,2450.0,0
KRAFT,UNIMARC,Despensa,7750.0,0
NUESTRA COCINA,UNIMARC,Despensa,2890.0,0
EVERCRISP,UNIMARC,Despensa,2390.0,0
SAN JOSE,UNIMARC,Despensa,2790.0,0
SELZ,UNIMARC,Despensa,550.0,0
GOURMET,UNIMARC,Despensa,720.0,0
IANSA CERO K,UNIMARC,Despensa,4090.0,0
NUESTRA COCINA,UNIMARC,Despensa,1250.0,0
VITTA,UNIMARC,Despensa,6490.0,0
NUESTRA COCINA,UNIMARC,Despensa,3190.0,0
EVERCRISP,UNIMARC,Despensa,3900.0,0
NUESTRA COCINA,UNIMARC,Despensa,2250.0,0
DEYCO,UNIMARC,Despensa,1290.0,0
HEINZ,UNIMARC,Despensa,2750.0,0
MAGGI,UNIMARC,Despensa,840.0,0
IMPERIAL,UNIMARC,Despensa,2650.0,0
CAROZZI,UNIMARC,Despensa,970.0,0
CAROZZI,UNIMARC,Despensa,850.0,0
CAROZZI,UNIMARC,Despensa,2190.0,0
NUESTRA COCINA,UNIMARC,Despensa,2190.0,0
SELECTA,UNIMARC,Despensa,2190.0,0
TRAVERSO,UNIMARC,Despensa,2290.0,0
TALLIANI,UNIMARC,Despensa,1350.0,0
ROBINSON CRUSOE,UNIMARC,Despensa,2090.0,0
TOSTITOS,UNIMARC,Despensa,3090.0,0
LOBOS,UNIMARC,Despensa,2290.0,0
MARTINI,UNIMARC,Despensa,1850.0,0
HELLMANNS,UNIMARC,Despensa,3850.0,0
NUESTRA COCINA,UNIMARC,Despensa,1290.0,0
GOURMET,UNIMARC,Despensa,3190.0,0
NUESTRA COCINA,UNIMARC,Despensa,46150.0,0
ROBINSON CRUSOE,UNIMARC,Despensa,4490.0,0
MALLOA,UNIMARC,Despensa,3390.0,0
MOCCAGATTA,UNIMARC,Despensa,1190.0,0
GOURMET,UNIMARC,Despensa,2990.0,0
DON JUAN,UNIMARC,Despensa,1190.0,0
CAROZZI,UNIMARC,Despensa,3150.0,0
GOURMET,UNIMARC,Despensa,840.0,0
COLLICO,UNIMARC,Despensa,2250.0,0
NUESTRA COCINA,UNIMARC,Despensa,960.0,0
SAN JOSE,UNIMARC,Despensa,1450.0,0
BELMONT,UNIMARC,Despensa,3990.0,0
TRAVERSO,UNIMARC,Despensa,1990.0,0
KRAFT,UNIMARC,Despensa,1350.0,0
MERKAT,UNIMARC,Despensa,480.0,0
TRAVERSO,UNIMARC,Despensa,2590.0,0
RECETA DEL ABUELO,UNIMARC,Despensa,6890.0,0
MAIZENA,UNIMARC,Despensa,6990.0,0
CHILENAZA,UNIMARC,Despensa,3890.0,0
MERKAT,UNIMARC,Despensa,700.0,0
TALLIANI,UNIMARC,Despensa,2090.0,0
FRUTAS Y VERDURAS,UNIMARC,Despensa,2088.0,0
GOURMET,UNIMARC,Despensa,4490.0,0
CHEF,UNIMARC,Despensa,5290.0,0
EVERCRISP,UNIMARC,Despensa,3090.0,0
NISSIN,UNIMARC,Despensa,750.0,0
COLLICO,UNIMARC,Despensa,1690.0,0
COSTA,UNIMARC,Despensa,480.0,0
GOURMET,UNIMARC,Despensa,350.0,0
SELZ,UNIMARC,Despensa,550.0,0
DON JUAN,UNIMARC,Despensa,1790.0,0
NUESTRA COCINA,UNIMARC,Despensa,1890.0,0
NUESTRA COCINA,UNIMARC,Despensa,2790.0,0
ADLER,UNIMARC,Despensa,4690.0,0
GIADA,UNIMARC,Despensa,7290.0,0
ROBINSON CRUSOE,UNIMARC,Despensa,3500.0,0
MERKAT,UNIMARC,Despensa,1450.0,0
ESMERALDA,UNIMARC,Despensa,3490.0,0
JB,UNIMARC,Despensa,1650.0,0
SELECTA,UNIMARC,Despensa,13450.0,0
NUESTRA COCINA,UNIMARC,Despensa,1190.0,0
NUESTRA COCINA,UNIMARC,Despensa,2190.0,0
GOURMET,UNIMARC,Despensa,840.0,0
LEFERSA,UNIMARC,Despensa,300.0,0
LUCCHETTI,UNIMARC,Despensa,2190.0,0
THAI HERITAGE,UNIMARC,Despensa,4490.0,0
LUCCHETTI,UNIMARC,Despensa,1890.0,0
FRUTISA,UNIMARC,Despensa,7750.0,0
MARCO POLO,UNIMARC,Despensa,1990.0,0
NUESTRA COCINA,UNIMARC,Despensa,1090.0,0
TWISTOS,UNIMARC,Despensa,1390.0,0
MARCO POLO,UNIMARC,Despensa,1990.0,0
COLLICO,UNIMARC,Despensa,270.0,0
MERKAT,UNIMARC,Despensa,480.0,0
CHEF,UNIMARC,Despensa,7190.0,0
TUCAPEL,UNIMARC,Despensa,5850.0,0
HEINZ,UNIMARC,Despensa,4290.0,0
MARUCHAN,UNIMARC,Despensa,1350.0,0
ESMERALDA,UNIMARC,Despensa,2350.0,0
WASIL,UNIMARC,Despensa,22600.0,0
TRAVERSO,UNIMARC,Despensa,2290.0,0
COLLICO,UNIMARC,Despensa,1650.0,0
MANADA,UNIMARC,Despensa,5490.0,0
ROYAL,UNIMARC,Despensa,1150.0,0
GOURMET,UNIMARC,Despensa,840.0,0
IMPERATORE,UNIMARC,Despensa,3150.0,0
REAL THAI,UNIMARC,Despensa,2950.0,0
EVERCRISP,UNIMARC,Despensa,2590.0,0
NUESTRA COCINA,UNIMARC,Despensa,2390.0,0
ALUSWEET,UNIMARC,Despensa,2990.0,0
BANQUETE,UNIMARC,Despensa,2790.0,0
KA,UNIMARC,Despensa,3150.0,0
CAROZZI,UNIMARC,Despensa,1650.0,0
TRAVERSO,UNIMARC,Despensa,1290.0,0
TENTO,UNIMARC,Despensa,4650.0,0
MI TIERRA,UNIMARC,Despensa,2890.0,0
NESTLE,UNIMARC,Despensa,1850.0,0
NUESTRA COCINA,UNIMARC,Despensa,1350.0,0
TUCAPEL,UNIMARC,Despensa,2390.0,0
HENGSTENBERG,UNIMARC,Despensa,7550.0,0
NUESTRA COCINA,UNIMARC,Despensa,590.0,0
NUESTRA COCINA,UNIMARC,Despensa,960.0,0
MIRAFLORES,UNIMARC,Despensa,1190.0,0
NATURA,UNIMARC,Despensa,6390.0,0
PURISNACKS,UNIMARC,Despensa,660.0,0
PURISNACKS,UNIMARC,Despensa,3350.0,0
WASIL,UNIMARC,Despensa,930.0,0
MAGGI,UNIMARC,Despensa,8290.0,0
GOURMET,UNIMARC,Despensa,3190.0,0
AMBROSOLI,UNIMARC,Despensa,830.0,0
COLLE PIETRA,UNIMARC,Despensa,7290.0,0
NISSIN,UNIMARC,Despensa,750.0,0
CAROZZI,UNIMARC,Despensa,850.0,0
NUESTRA COCINA,UNIMARC,Despensa,490.0,0
MARUCHAN,UNIMARC,Despensa,740.0,0
EVERCRISP,UNIMARC,Despensa,2150.0,0
VIVO,UNIMARC,Despensa,2550.0,0
MIRAFLORES,UNIMARC,Despensa,1190.0,0
HEINZ,UNIMARC,Despensa,3990.0,0
PURISNACKS,UNIMARC,Despensa,3090.0,0
LOBOS,UNIMARC,Despensa,600.0,0
NUESTRA COCINA,UNIMARC,Despensa,500.0,0
TIKA,UNIMARC,Despensa,2490.0,0
NUESTRA COCINA,UNIMARC,Despensa,3190.0,0
GOURMET,UNIMARC,Despensa,2650.0,0
GOURMET,UNIMARC,Despensa,1190.0,0
MERKAT,UNIMARC,Despensa,480.0,0
NUESTRA COCINA,UNIMARC,Despensa,3590.0,0
GOURMET,UNIMARC,Despensa,2990.0,0
EVERCRISP,UNIMARC,Despensa,2390.0,0
LOBOS,UNIMARC,Despensa,590.0,0
VIVO,UNIMARC,Despensa,3690.0,0
MAGGI,UNIMARC,Despensa,6250.0,0
MERKAT,UNIMARC,Despensa,480.0,0
PURIPOP,UNIMARC,Despensa,660.0,0
BUKA,UNIMARC,Despensa,1890.0,0
GOURMET,UNIMARC,Despensa,870.0,0
SAN JOSE,UNIMARC,Despensa,1490.0,0
KRAFT,UNIMARC,Despensa,3990.0,0
HOFFMANN,UNIMARC,Despensa,2290.0,0
MARCO POLO,UNIMARC,Despensa,4290.0,0
BANQUETE,UNIMARC,Despensa,3490.0,0
LOBOS,UNIMARC,Despensa,2390.0,0
EVERCRISP,UNIMARC,Despensa,3900.0,0
VAN COOK,UNIMARC,Despensa,940.0,0
MONT BLANC,UNIMARC,Despensa,7290.0,0
GOURMET,UNIMARC,Despensa,1890.0,0
TAKIS,UNIMARC,Despensa,1740.0,0
MOCCAGATTA,UNIMARC,Despensa,1190.0,0
DEYCO,UNIMARC,Despensa,3490.0,0
WASIL,UNIMARC,Despensa,2350.0,0
MIRAFLORES,UNIMARC,Despensa,1190.0,0
MARTINI,UNIMARC,Despensa,2250.0,0
NUESTRA COCINA,UNIMARC,Despensa,1990.0,0
OSO,UNIMARC,Despensa,1390.0,0
HELLMANNS,UNIMARC,Despensa,2550.0,0
MAIZENA,UNIMARC,Despensa,1990.0,0
NUESTRA COCINA,UNIMARC,Despensa,1550.0,0
NUESTRA COCINA,UNIMARC,Despensa,2990.0,0
GOURMET,UNIMARC,Despensa,670.0,0
ESMERALDA,UNIMARC,Despensa,1890.0,0
SELECTA,UNIMARC,Despensa,2090.0,0
GOURMET,UNIMARC,Despensa,4390.0,0
NUESTRA COCINA,UNIMARC,Despensa,990.0,0
ANGELMO,UNIMARC,Despensa,2690.0,0
ESMERALDA,UNIMARC,Despensa,1990.0,0
HELLMANNS,UNIMARC,Despensa,2090.0,0
COSECHA JUSTA,UNIMARC,Despensa,2490.0,0
MONT BLANC,UNIMARC,Despensa,3400.0,0
MARCO POLO,UNIMARC,Despensa,1990.0,0
NUESTRA COCINA,UNIMARC,Despensa,990.0,0
KA,UNIMARC,Despensa,1590.0,0
PRODUCTOS IPA,UNIMARC,Despensa,1790.0,0
ESMERALDA,UNIMARC,Despensa,2390.0,0
SELECTA,UNIMARC,Despensa,2390.0,0
NUESTRA COCINA,UNIMARC,Despensa,3250.0,0
GOURMET,UNIMARC,Despensa,550.0,0
IANSA CERO K,UNIMARC,Despensa,4090.0,0
HENGSTENBERG,UNIMARC,Despensa,10990.0,0
NOGLUT,UNIMARC,Despensa,4690.0,0
MIRAFLORES,UNIMARC,Despensa,1950.0,0
DON VITTORIO,UNIMARC,Despensa,7790.0,0
BANQUETE,UNIMARC,Despensa,18990.0,0
LEE KUM KEE,UNIMARC,Despensa,4850.0,0
BANQUETE,UNIMARC,Despensa,3650.0,0
ROBINSON CRUSOE,UNIMARC,Despensa,1490.0,0
KRAFT,UNIMARC,Despensa,2490.0,0
GENIAL,UNIMARC,Despensa,4150.0,0
DON JUAN,UNIMARC,Despensa,1990.0,0
PAN,UNIMARC,Despensa,2090.0,0
BANQUETE,UNIMARC,Despensa,3290.0,0
KRAFT,UNIMARC,Despensa,6250.0,0
NUESTRA COCINA,UNIMARC,Despensa,530.0,0
TENTO,UNIMARC,Despensa,2490.0,0
CAROZZI,UNIMARC,Despensa,990.0,0
COLLICO,UNIMARC,Despensa,2250.0,0
MERKAT,UNIMARC,Despensa,2550.0,0
GOURMET,UNIMARC,Despensa,380.0,0
NUESTRA COCINA,UNIMARC,Despensa,3790.0,0
GOURMET,UNIMARC,Despensa,990.0,0
DAILY FRESH,UNIMARC,Despensa,2750.0,0
VIVO,UNIMARC,Despensa,1250.0,0
TAKIS,UNIMARC,Despensa,1740.0,0
GENIAL,UNIMARC,Despensa,4150.0,0
KRAFT,UNIMARC,Despensa,3000.0,0
AMBROSOLI,UNIMARC,Despensa,830.0,0
IANSA CERO K,UNIMARC,Despensa,3690.0,0
SPES,UNIMARC,Despensa,3490.0,0
TIKA,UNIMARC,Despensa,2500.0,0
GOURMET,UNIMARC,Despensa,840.0,0
GOURMET,UNIMARC,Despensa,550.0,0
GOURMET,UNIMARC,Despensa,2500.0,0
NUESTRA COCINA,UNIMARC,Despensa,1490.0,0
IANSA CERO K,UNIMARC,Despensa,4890.0,0
MARUCHAN,UNIMARC,Despensa,1390.0,0
GOURMET,UNIMARC,Despensa,31850.0,0
KRYZPO,UNIMARC,Despensa,870.0,0
PURIPOP,UNIMARC,Despensa,660.0,0
LUCCHETTI,UNIMARC,Despensa,820.0,0
JB,UNIMARC,Despensa,1890.0,0
PURISNACKS,UNIMARC,Despensa,660.0,0
GOURMET,UNIMARC,Despensa,4890.0,0
LA SALTEÑA,UNIMARC,Despensa,3990.0,0
NUESTRA COCINA,UNIMARC,Despensa,1490.0,0
MI TIERRA,UNIMARC,Despensa,2150.0,0
SENZO,UNIMARC,Despensa,5890.0,0
GOURMET,UNIMARC,Despensa,510.0,0
MARTINI,UNIMARC,Despensa,1590.0,0
CAROZZI,UNIMARC,Despensa,880.0,0
LOBOS,UNIMARC,Despensa,1550.0,0
MAGGI,UNIMARC,Despensa,880.0,0
ROLAND,UNIMARC,Despensa,3590.0,0
NUESTRA COCINA,UNIMARC,Despensa,1790.0,0
MAGGI,UNIMARC,Despensa,880.0,0
GOURMET,UNIMARC,Despensa,970.0,0
BUKA,UNIMARC,Despensa,2490.0,0
NUESTRA COCINA,UNIMARC,Despensa,2190.0,0
CAROZZI,UNIMARC,Despensa,1390.0,0
MILLANTU,UNIMARC,Despensa,3850.0,0
NUESTRA COCINA,UNIMARC,Despensa,3750.0,0
HUERTO DEL SUR,UNIMARC,Despensa,3450.0,0
NESTLE,UNIMARC,Despensa,2440.0,0
TUCAPEL,UNIMARC,Despensa,3490.0,0
TUCAPEL,UNIMARC,Despensa,2090.0,0
NUESTRA COCINA,UNIMARC,Despensa,4950.0,0
ROBINSON CRUSOE,UNIMARC,Despensa,27850.0,0
BUKA,UNIMARC,Despensa,500.0,0
MILLANTU,UNIMARC,Despensa,1990.0,0
NUESTRA COCINA,UNIMARC,Despensa,3690.0,0
NUESTRA COCINA,UNIMARC,Despensa,1490.0,0
VAN COOK,UNIMARC,Despensa,770.0,0
CHIQUILIN,UNIMARC,Despensa,5450.0,0
NUESTRA COCINA,UNIMARC,Despensa,280.0,0
NATURA,UNIMARC,Despensa,1990.0,0
MARUCHAN,UNIMARC,Despensa,740.0,0
BANQUETE,UNIMARC,Despensa,3550.0,0
ROBINSON CRUSOE,UNIMARC,Despensa,3790.0,0
NESTLE,UNIMARC,Despensa,1450.0,0
ESMERALDA,UNIMARC,Despensa,2590.0,0
GALLINA BLANCA,UNIMARC,Despensa,3850.0,0
TAKIS,UNIMARC,Despensa,1740.0,0
MARCO POLO,UNIMARC,Despensa,1990.0,0
LEE KUM KEE,UNIMARC,Despensa,8390.0,0
LUCCHETTI,UNIMARC,Despensa,1150.0,0
GOURMET,UNIMARC,Despensa,2000.0,0
QUAKER,UNIMARC,Despensa,3190.0,0
TRAVERSO,UNIMARC,Despensa,1290.0,0
TRIBU,UNIMARC,Despensa,800.0,0
MAGGI,UNIMARC,Despensa,1090.0,0
NUESTRA COCINA,UNIMARC,Despensa,660.0,0
SCOTTI,UNIMARC,Despensa,5790.0,0
GOURMET,UNIMARC,Despensa,620.0,0
SUK,UNIMARC,Despensa,5590.0,0
GOURMET,UNIMARC,Despensa,4250.0,0
NUESTRA COCINA,UNIMARC,Despensa,990.0,0
NUESTRA COCINA,UNIMARC,Despensa,2990.0,0
WAITROSE,UNIMARC,Despensa,2650.0,0
BELMONT,UNIMARC,Despensa,4950.0,0
ACT II,UNIMARC,Despensa,1550.0,0
COCO LOPEZ,UNIMARC,Despensa,6650.0,0
GOURMET,UNIMARC,Despensa,650.0,0
MAIZENA,UNIMARC,Despensa,3650.0,0
COLLICO,UNIMARC,Despensa,510.0,0
NUESTRA COCINA,UNIMARC,Despensa,1190.0,0
SEMBRASOL,UNIMARC,Despensa,3490.0,0
HELLMANNS,UNIMARC,Despensa,2700.0,0
ACT II,UNIMARC,Despensa,1550.0,0
TENTO,UNIMARC,Despensa,5790.0,0
ROBINSON CRUSOE,UNIMARC,Despensa,1490.0,0
TRAVERSO,UNIMARC,Despensa,4550.0,0
CIRIO,UNIMARC,Despensa,3190.0,0
BANQUETE,UNIMARC,Despensa,2190.0,0
ESMERALDA,UNIMARC,Despensa,1990.0,0
TRATTORIA,UNIMARC,Despensa,2600.0,0
ANGELMO,UNIMARC,Despensa,2690.0,0
CAMPO FERNANDEZ,UNIMARC,Despensa,4450.0,0
SUK,UNIMARC,Despensa,3550.0,0
LOS GRANOS,UNIMARC,Despensa,3090.0,0
AMBROSOLI,UNIMARC,Despensa,830.0,0
GOURMET,UNIMARC,Despensa,3550.0,0
ROBINSON CRUSOE,UNIMARC,Despensa,4490.0,0
BY MARIA,UNIMARC,Despensa,6190.0,0
WINKLER SPECIA,UNIMARC,Despensa,1390.0,0
NUESTRA COCINA,UNIMARC,Despensa,2690.0,0
IANSA,UNIMARC,Despensa,1850.0,0
TENTO,UNIMARC,Despensa,3590.0,0
TWISTOS,UNIMARC,Despensa,1390.0,0
NUESTRA COCINA,UNIMARC,Despensa,1290.0,0
BAVARIA,UNIMARC,Despensa,3390.0,0
ACT II,UNIMARC,Despensa,1550.0,0
LA COSTEÑA,UNIMARC,Despensa,1990.0,0
LUCCHETTI,UNIMARC,Despensa,790.0,0
PANCHO VILLA,UNIMARC,Despensa,1450.0,0
DON JUAN,UNIMARC,Despensa,2540.0,0
GOURMET,UNIMARC,Despensa,1650.0,0
OSO,UNIMARC,Despensa,1490.0,0
GALLINA BLANCA,UNIMARC,Despensa,3850.0,0
ANGELMO,UNIMARC,Despensa,1390.0,0
MARCO POLO,UNIMARC,Despensa,1250.0,0
GRILL,UNIMARC,Despensa,1750.0,0
MAILLE,UNIMARC,Despensa,4690.0,0
GOURMET,UNIMARC,Despensa,840.0,0
DON JUAN,UNIMARC,Despensa,1450.0,0
NUESTRA COCINA,UNIMARC,Despensa,540.0,0
BAVARIA,UNIMARC,Despensa,3390.0,0
BARILLA,UNIMARC,Despensa,2650.0,0
TABASCO,UNIMARC,Despensa,4950.0,0
BUKA,UNIMARC,Despensa,500.0,0
MI TIERRA,UNIMARC,Despensa,2890.0,0
PANCHO VILLA,UNIMARC,Despensa,2200.0,0
DON JUAN,UNIMARC,Despensa,1190.0,0
TUCAPEL,UNIMARC,Despensa,2290.0,0
NUESTRA COCINA,UNIMARC,Despensa,2990.0,0
LOBOS,UNIMARC,Despensa,1790.0,0
GOURMET,UNIMARC,Despensa,1350.0,0
HOFFMANN,UNIMARC,Despensa,8590.0,0
ESMERALDA,UNIMARC,Despensa,2690.0,0
KRAFT,UNIMARC,Despensa,4890.0,0
GOURMET,UNIMARC,Despensa,1490.0,0
GOURMET,UNIMARC,Despensa,220.0,0
MIRAFLORES,UNIMARC,Despensa,1190.0,0
KIKKOMAN,UNIMARC,Despensa,7990.0,0
LA SALTEÑA,UNIMARC,Despensa,3990.0,0
DON JUAN,UNIMARC,Despensa,3190.0,0
NUESTRA COCINA,UNIMARC,Despensa,2190.0,0
HEINZ,UNIMARC,Despensa,4790.0,0
TENTO,UNIMARC,Despensa,1190.0,0
CHEF,UNIMARC,Despensa,6190.0,0
SELZ,UNIMARC,Despensa,550.0,0
BANQUETE,UNIMARC,Despensa,5890.0,0
GOURMET,UNIMARC,Despensa,510.0,0
TENTO,UNIMARC,Despensa,2790.0,0
P&M FOODS,UNIMARC,Despensa,3350.0,0
NUESTRA COCINA,UNIMARC,Despensa,3950.0,0
SOUTH WIND,UNIMARC,Despensa,8890.0,0
NUESTRA COCINA,UNIMARC,Despensa,1290.0,0
TALLIANI,UNIMARC,Despensa,2750.0,0
OSO,UNIMARC,Despensa,1350.0,0
NOT MAYO,UNIMARC,Despensa,4990.0,0
LEFERSA,UNIMARC,Despensa,2450.0,0
ESMERALDA,UNIMARC,Despensa,3890.0,0
HEINZ,UNIMARC,Despensa,5350.0,0
CHEETOS,UNIMARC,Despensa,1990.0,0
LA SALTEÑA,UNIMARC,Despensa,3990.0,0
GOURMET,UNIMARC,Despensa,2650.0,0
NUESTRA COCINA,UNIMARC,Despensa,3790.0,0
GOURMET,UNIMARC,Despensa,1490.0,0
TENTO,UNIMARC,Despensa,2190.0,0
NUESTRA COCINA,UNIMARC,Despensa,960.0,0
LUCCHETTI,UNIMARC,Despensa,2290.0,0
ESMERALDA,UNIMARC,Despensa,3350.0,0
BUKA,UNIMARC,Despensa,2890.0,0
MARCO POLO,UNIMARC,Despensa,4150.0,0
OSO,UNIMARC,Despensa,1090.0,0
CHEETOS,UNIMARC,Despensa,1850.0,0
SUK,UNIMARC,Despensa,3350.0,0
SUK,UNIMARC,Despensa,2800.0,0
LA SALTEÑA,UNIMARC,Despensa,3990.0,0
CAROZZI,UNIMARC,Despensa,3990.0,0
MANARE,UNIMARC,Despensa,10790.0,0
PRINGLES,UNIMARC,Despensa,2350.0,0
HELLMANNS,UNIMARC,Despensa,4290.0,0
SELECTA,UNIMARC,Despensa,2090.0,0
NUESTRA COCINA,UNIMARC,Despensa,6150.0,0
IANSA,UNIMARC,Despensa,2390.0,0
TRAVERSO,UNIMARC,Despensa,2090.0,0
TIKA,UNIMARC,Despensa,2790.0,0
PF LISTO,UNIMARC,Despensa,3690.0,0
RANA,UNIMARC,Despensa,4590.0,0
GOURMET,UNIMARC,Despensa,2650.0,0
BUKA,UNIMARC,Despensa,500.0,0
LA CASONA MONTECLARO,UNIMARC,Despensa,6390.0,0
MAGGI,UNIMARC,Despensa,1090.0,0
KARDAMILI,UNIMARC,Despensa,10390.0,0
NUESTRA COCINA,UNIMARC,Despensa,520.0,0
DON JUAN,UNIMARC,Despensa,1690.0,0
ESMERALDA,UNIMARC,Despensa,2950.0,0
MOCCAGATTA,UNIMARC,Despensa,1190.0,0
JB,UNIMARC,Despensa,1890.0,0
AMBROSOLI,UNIMARC,Despensa,970.0,0
NUESTRA COCINA,UNIMARC,Despensa,3790.0,0
GOURMET,UNIMARC,Despensa,840.0,0
AMBROSOLI,UNIMARC,Despensa,1350.0,0
NUESTRA COCINA,UNIMARC,Despensa,1790.0,0
PURIPOP,UNIMARC,Despensa,660.0,0
MAGGI,UNIMARC,Despensa,1250.0,0
MARCO POLO,UNIMARC,Despensa,1990.0,0
VIVO,UNIMARC,Despensa,3690.0,0
MI TIERRA,UNIMARC,Despensa,1450.0,0
BORNIER,UNIMARC,Despensa,6390.0,0
MOCCAGATTA,UNIMARC,Despensa,1190.0,0
NUESTRA COCINA,UNIMARC,Despensa,960.0,0
NUESTRA COCINA,UNIMARC,Despensa,690.0,0
HELLMANNS,UNIMARC,Despensa,3790.0,0
BIOSAL,UNIMARC,Despensa,4290.0,0
DON JUAN,UNIMARC,Despensa,1790.0,0
KRAFT,UNIMARC,Despensa,2450.0,0
MARUCHAN,UNIMARC,Despensa,1390.0,0
IANSA,UNIMARC,Despensa,1990.0,0
GOURMET,UNIMARC,Despensa,1750.0,0
CAROZZI,UNIMARC,Despensa,2090.0,0
NUESTRA COCINA,UNIMARC,Despensa,380.0,0
MAGGI,UNIMARC,Despensa,880.0,0
PURIPOP,UNIMARC,Despensa,3090.0,0
ROBINSON CRUSOE,UNIMARC,Despensa,3890.0,0
TENTO,UNIMARC,Despensa,2150.0,0
MARCO POLO,UNIMARC,Despensa,1500.0,0
LOBOS,UNIMARC,Despensa,1850.0,0
ANGELMO,UNIMARC,Despensa,2790.0,0
MIRAFLORES,UNIMARC,Despensa,1950.0,0
MARCO POLO,UNIMARC,Despensa,1990.0,0
KRAFT,UNIMARC,Despensa,3990.0,0
BUKA,UNIMARC,Despensa,2090.0,0
CAROZZI,UNIMARC,Despensa,1390.0,0
BUKA,UNIMARC,Despensa,2850.0,0
DIMME,UNIMARC,Despensa,1550.0,0
LOBOS,UNIMARC,Despensa,1690.0,0
HEINZ,UNIMARC,Despensa,2490.0,0
LUCCHETTI,UNIMARC,Despensa,1350.0,0
DORITOS,UNIMARC,Despensa,2090.0,0
NUESTRA COCINA,UNIMARC,Despensa,3790.0,0
HELLMANNS,UNIMARC,Despensa,1550.0,0
LUCCHETTI,UNIMARC,Despensa,1150.0,0
REGIMEL,UNIMARC,Despensa,22360.0,0
LAYS,UNIMARC,Despensa,2350.0,0
GOURMET,UNIMARC,Despensa,31850.0,0
GOURMET,UNIMARC,Despensa,2190.0,0
IANSA,UNIMARC,Despensa,5350.0,0
GOURMET,UNIMARC,Despensa,2990.0,0
BUKA,UNIMARC,Despensa,2490.0,0
GOURMET,UNIMARC,Despensa,1650.0,0
NATURALIST,UNIMARC,Despensa,6590.0,0
MARCO POLO,UNIMARC,Despensa,2390.0,0
KIKKOMAN,UNIMARC,Despensa,3000.0,0
NUESTRA COCINA,UNIMARC,Despensa,1390.0,0
ESMERALDA,UNIMARC,Despensa,2890.0,0
NUESTRA COCINA,UNIMARC,Despensa,950.0,0
LA FERMENTISTA,UNIMARC,Despensa,6290.0,0
NUESTRA COCINA,UNIMARC,Despensa,2950.0,0
NUESTRA COCINA,UNIMARC,Despensa,3790.0,0
CHEF,UNIMARC,Despensa,14650.0,0
NATURALIST,UNIMARC,Despensa,4390.0,0
NATUREZZA,UNIMARC,Despensa,1250.0,0
FRUTISA,UNIMARC,Despensa,7750.0,0
TENTO,UNIMARC,Despensa,1250.0,0
NUESTRA COCINA,UNIMARC,Despensa,3790.0,0
LA ESPAÑOLA,UNIMARC,Despensa,3990.0,0
BUKA,UNIMARC,Despensa,500.0,0
TRAVERSO,UNIMARC,Despensa,1490.0,0
TOSTANI,UNIMARC,Despensa,3790.0,0
NUESTRA COCINA,UNIMARC,Despensa,2150.0,0
GOURMET,UNIMARC,Despensa,610.0,0
MARCO POLO,UNIMARC,Despensa,2850.0,0
GOURMET,UNIMARC,Despensa,330.0,0
KA,UNIMARC,Despensa,3150.0,0
LUCCHETTI,UNIMARC,Despensa,820.0,0
GOURMET,UNIMARC,Despensa,660.0,0
VIVO,UNIMARC,Despensa,1150.0,0
WASIL,UNIMARC,Despensa,1550.0,0
LAYS,UNIMARC,Despensa,2690.0,0
ROBINSON CRUSOE,UNIMARC,Despensa,1990.0,0
PURISNACKS,UNIMARC,Despensa,2990.0,0
BAVARIA,UNIMARC,Despensa,3790.0,0
TIKA,UNIMARC,Despensa,2890.0,0
TRIBU,UNIMARC,Despensa,4790.0,0
TENTO,UNIMARC,Despensa,2090.0,0
TRIBU,UNIMARC,Despensa,800.0,0
AMBROSOLI,UNIMARC,Despensa,1250.0,0
MARCO POLO,UNIMARC,Despensa,2090.0,0
GOURMET,UNIMARC,Despensa,2790.0,0
SOUTH WIND,UNIMARC,Despensa,9590.0,0
GOURMET,UNIMARC,Despensa,1950.0,0
GOURMET,UNIMARC,Despensa,690.0,0
BIOSAL,UNIMARC,Despensa,1490.0,0
COSECHA JUSTA,UNIMARC,Despensa,2490.0,0
INFERNO,UNIMARC,Despensa,2690.0,0
MAGGI,UNIMARC,Despensa,1250.0,0
NUESTRA COCINA,UNIMARC,Despensa,500.0,0
LONCOLECHE,UNIMARC,Despensa,21690.0,0
TENTO,UNIMARC,Despensa,3290.0,0
WASIL,UNIMARC,Despensa,1650.0,0
GOURMET,UNIMARC,Despensa,740.0,0
MARCO POLO,UNIMARC,Despensa,1290.0,0
HUERTO DEL SUR,UNIMARC,Despensa,2590.0,0
ROBINSON CRUSOE,UNIMARC,Despensa,2790.0,0
LAYS,UNIMARC,Despensa,2690.0,0
GOURMET,UNIMARC,Despensa,440.0,0
PF LISTO,UNIMARC,Despensa,3690.0,0
P&M FOODS,UNIMARC,Despensa,3350.0,0
LEE KUM KEE,UNIMARC,Despensa,4890.0,0
WAITROSE,UNIMARC,Despensa,2090.0,0
LA FERMENTISTA,UNIMARC,Despensa,6290.0,0
LOVE CO,UNIMARC,Despensa,4790.0,0
GOURMET,UNIMARC,Despensa,4990.0,0
NUESTRA COCINA,UNIMARC,Despensa,500.0,0
BUKA,UNIMARC,Despensa,2090.0,0
MOMS,UNIMARC,Despensa,1450.0,0
LUCCHETTI,UNIMARC,Despensa,790.0,0
SEMBRASOL,UNIMARC,Despensa,3990.0,0
BE ORGANICS,UNIMARC,Despensa,5650.0,0
MAGGI,UNIMARC,Despensa,1250.0,0
MANARE,UNIMARC,Despensa,3990.0,0
ALUSWEET,UNIMARC,Despensa,3790.0,0
NUESTRA COCINA,UNIMARC,Despensa,500.0,0
BADIA,UNIMARC,Despensa,5350.0,0
MARCO POLO,UNIMARC,Despensa,2450.0,0
MARCO POLO,UNIMARC,Despensa,4350.0,0
KRAFT,UNIMARC,Despensa,7550.0,0
NAT,UNIMARC,Despensa,4120.0,0
TIKA,UNIMARC,Despensa,3150.0,0
GOURMET,UNIMARC,Despensa,2090.0,0
LAYS,UNIMARC,Despensa,2350.0,0
TENTO,UNIMARC,Despensa,2490.0,0
NUESTRA COCINA,UNIMARC,Despensa,2390.0,0
NUESTRA COCINA,UNIMARC,Despensa,1190.0,0
GOURMET,UNIMARC,Despensa,2090.0,0
GOURMET,UNIMARC,Despensa,2250.0,0
DON JUAN,UNIMARC,Despensa,2940.0,0
GOURMET,UNIMARC,Despensa,2090.0,0
WINKLER SPECIA,UNIMARC,Despensa,5250.0,0
BUKA,UNIMARC,Despensa,3390.0,0
MAGGI,UNIMARC,Despensa,880.0,0
ROBINSON CRUSOE,UNIMARC,Despensa,2890.0,0
GENIAL,UNIMARC,Despensa,4890.0,0
NUESTRA COCINA,UNIMARC,Despensa,260.0,0
LEFERSA,UNIMARC,Despensa,2690.0,0
GOURMET,UNIMARC,Despensa,5190.0,0
SAMAI,UNIMARC,Despensa,940.0,0
DON JUAN,UNIMARC,Despensa,3550.0,0
MI TIERRA,UNIMARC,Despensa,5750.0,0
IANSA,UNIMARC,Despensa,1990.0,0
BUKA,UNIMARC,Despensa,3390.0,0
TENTO,UNIMARC,Despensa,3590.0,0
FRUTOS SECOS GRANEL,UNIMARC,Despensa,832.0,0
TENTO,UNIMARC,Despensa,3420.0,0
ESMERALDA,UNIMARC,Despensa,1350.0,0
ROBINSON CRUSOE,UNIMARC,Despensa,4690.0,0
DORITOS,UNIMARC,Despensa,990.0,0
TENTO,UNIMARC,Despensa,1850.0,0
LAYS,UNIMARC,Despensa,1090.0,0
LA CASONA MONTECLARO,UNIMARC,Despensa,6390.0,0
DON JUAN,UNIMARC,Despensa,2540.0,0
GOURMET,UNIMARC,Despensa,630.0,0
MARCO POLO,UNIMARC,Despensa,1450.0,0
IANSA,UNIMARC,Despensa,1990.0,0
ETRE BIEN,UNIMARC,Despensa,4990.0,0
GOURMET,UNIMARC,Despensa,1790.0,0
GOURMET,UNIMARC,Despensa,2750.0,0
CARICIA,UNIMARC,Despensa,830.0,0
HEINZ,UNIMARC,Despensa,4090.0,0
SEMBRASOL,UNIMARC,Despensa,3990.0,0
NUESTRA COCINA,UNIMARC,Despensa,370.0,0
MAGGI,UNIMARC,Despensa,880.0,0
BADIA,UNIMARC,Despensa,6190.0,0
COSTA,UNIMARC,Despensa,1290.0,0
BIOSAL,UNIMARC,Despensa,3690.0,0
NUESTRA COCINA,UNIMARC,Despensa,730.0,0
GOURMET,UNIMARC,Despensa,490.0,0
EVERCRISP,UNIMARC,Despensa,1990.0,0
GENIAL,UNIMARC,Despensa,4150.0,0
TENTO,UNIMARC,Despensa,1250.0,0
GOURMET,UNIMARC,Despensa,660.0,0
PF LISTO,UNIMARC,Despensa,4290.0,0
PURISNACKS,UNIMARC,Despensa,2790.0,0
WASIL,UNIMARC,Despensa,3190.0,0
TIKA,UNIMARC,Despensa,2590.0,0
MAGGI,UNIMARC,Despensa,880.0,0
GOURMET,UNIMARC,Despensa,4190.0,0
GOURMET,UNIMARC,Despensa,2750.0,0
MAILLE,UNIMARC,Despensa,4650.0,0
MARCO POLO,UNIMARC,Despensa,2090.0,0
OTRA,CUGAT,Harinas Levaduras y Grasas,899.0,1
TUCAPEL,CUGAT,"Arroz, Legumbres y Semillas",1190.0,1
OTRA,CUGAT,Despensa,18990.0,2
OTRA,CUGAT,Despensa,1590.0,2
OTRA,CUGAT,Conservas y Enlatados,1590.0,1
ARUNA,CUGAT,Conservas y Enlatados,1090.0,1
OTRA,CUGAT,Huevos,7790.0,1
LOS GRANOS,CUGAT,"Arroz, Legumbres y Semillas",2590.0,1
LOS GRANOS,CUGAT,"Arroz, Legumbres y Semillas",3790.0,1
MAGGI,CUGAT,Despensa,699.0,2
DON JUAN,CUGAT,Aderezos y Condimentos,1390.0,2
DON JUAN,CUGAT,Aderezos y Condimentos,1390.0,2
DON JUAN,CUGAT,Aderezos y Condimentos,2290.0,2
TRAVERSO,CUGAT,Aderezos y Condimentos,2990.0,2
MAGGI,CUGAT,Despensa,699.0,2
LOS GRANOS,CUGAT,"Arroz, Legumbres y Semillas",2090.0,1
MAGGI,CUGAT,Despensa,699.0,2
LOS GRANOS,CUGAT,"Arroz, Legumbres y Semillas",1690.0,1
LOS GRANOS,CUGAT,"Arroz, Legumbres y Semillas",1990.0,1
LOS GRANOS,CUGAT,"Arroz, Legumbres y Semillas",2490.0,1
OTRA,CUGAT,Despensa,990.0,2
ARUNA,CUGAT,Conservas y Enlatados,1490.0,1
ARUNA,CUGAT,Conservas y Enlatados,1290.0,1
LOS GRANOS,CUGAT,"Arroz, Legumbres y Semillas",890.0,1
OTRA,CUGAT,Despensa,1890.0,2
BONANZA,CUGAT,"Arroz, Legumbres y Semillas",890.0,1
MIRAFLORES,CUGAT,"Arroz, Legumbres y Semillas",2290.0,1
LOBOS,CUGAT,Aderezos y Condimentos,729.0,2
OTRA,CUGAT,Conservas y Enlatados,1390.0,1
OTRA,CUGAT,Conservas y Enlatados,1390.0,1
OTRA,CUGAT,Conservas y Enlatados,1390.0,1
OTRA,CUGAT,Conservas y Enlatados,1390.0,1
LOS GRANOS,CUGAT,"Arroz, Legumbres y Semillas",1990.0,1
TRAVERSO,CUGAT,Aderezos y Condimentos,1190.0,2
TRAVERSO,CUGAT,Aderezos y Condimentos,2990.0,2
LOS GRANOS,CUGAT,"Arroz, Legumbres y Semillas",2490.0,1
TRAVERSO,CUGAT,Aderezos y Condimentos,2490.0,2
TRAVERSO,CUGAT,Aderezos y Condimentos,1490.0,2
TRAVERSO,CUGAT,Aderezos y Condimentos,2390.0,2
OTRA,CUGAT,Aderezos y Condimentos,1990.0,2
TRAVERSO,CUGAT,Aderezos y Condimentos,2290.0,2
BONANZA,CUGAT,Aceites,1690.0,1
OTRA,CUGAT,Aceites,1590.0,1
MIRAFLORES,CUGAT,Aceites,2390.0,1
MIRAFLORES,CUGAT,Aceites,2490.0,1
OTRA,CUGAT,Productos y Artículos Importados,1890.0,1
OTRA,CUGAT,Despensa,290.0,2
OTRA,CUGAT,Despensa,598.0,2
OTRA,CUGAT,Despensa,598.0,2
OTRA,CUGAT,Despensa,598.0,2
OTRA,CUGAT,Despensa,598.0,2
OTRA,CUGAT,Despensa,598.0,2
OTRA,CUGAT,Despensa,598.0,2
OTRA,CUGAT,Productos y Artículos Importados,4990.0,1
OTRA,CUGAT,Productos y Artículos Importados,2290.0,1
OTRA,CUGAT,Despensa,790.0,2
OTRA,CUGAT,Productos y Artículos Importados,1590.0,1
OTRA,CUGAT,Conservas y Enlatados,1590.0,1
ARUNA,CUGAT,Conservas y Enlatados,1390.0,1
OTRA,CUGAT,Huevos,4590.0,1
TALLIANI,CUGAT,Despensa,2390.0,2
TALLIANI,CUGAT,Despensa,2390.0,2
OTRA,CUGAT,Conservas y Enlatados,1590.0,1
LUCCHETTI,CUGAT,Despensa,998.0,2
LUCCHETTI,CUGAT,Despensa,998.0,2
LUCCHETTI,CUGAT,Despensa,998.0,2
OTRA,CUGAT,Despensa,899.0,2
OTRA,CUGAT,Despensa,5990.0,2
ARUNA,CUGAT,Conservas y Enlatados,1490.0,1
OTRA,CUGAT,Despensa,499.0,2
OTRA,CUGAT,Despensa,479.0,2
OTRA,CUGAT,Despensa,479.0,2
OTRA,CUGAT,Despensa,479.0,2
OTRA,CUGAT,Despensa,479.0,2
TALLIANI,CUGAT,Despensa,1190.0,2
TALLIANI,CUGAT,Despensa,1490.0,2
TALLIANI,CUGAT,Despensa,1190.0,2
LUCCHETTI,CUGAT,Despensa,3990.0,2
TALLIANI,CUGAT,Despensa,1190.0,2
TALLIANI,CUGAT,Despensa,1190.0,2
TALLIANI,CUGAT,Despensa,1190.0,2
TALLIANI,CUGAT,Despensa,1190.0,2
TALLIANI,CUGAT,Despensa,1190.0,2
TALLIANI,CUGAT,Despensa,1190.0,2
TALLIANI,CUGAT,Despensa,1190.0,2
OTRA,CUGAT,Conservas y Enlatados,1990.0,1
SANTO TOMAS,CUGAT,"Arroz, Legumbres y Semillas",2390.0,1
LUCCHETTI,CUGAT,Despensa,849.0,2
LUCCHETTI,CUGAT,Despensa,849.0,2
LUCCHETTI,CUGAT,Despensa,849.0,2
LUCCHETTI,CUGAT,Despensa,849.0,2
LUCCHETTI,CUGAT,Despensa,849.0,2
LUCCHETTI,CUGAT,Despensa,849.0,2
LUCCHETTI,CUGAT,Despensa,849.0,2
LUCCHETTI,CUGAT,Despensa,849.0,2
LUCCHETTI,CUGAT,Despensa,849.0,2
LUCCHETTI,CUGAT,Despensa,849.0,2
OTRA,CUGAT,Despensa,1090.0,2
MAGGI,CUGAT,Despensa,798.0,2
MAGGI,CUGAT,Despensa,890.0,2
MAGGI,CUGAT,Despensa,890.0,2
OTRA,CUGAT,Productos y Artículos Importados,2990.0,1
OTRA,CUGAT,Pastas Fideos y Salsas,1000.0,1
OTRA,CUGAT,Despensa,499.0,2
OTRA,CUGAT,Despensa,499.0,2
OTRA,CUGAT,Despensa,499.0,2
OTRA,CUGAT,Despensa,890.0,2
DON JUAN,CUGAT,Aderezos y Condimentos,790.0,2
BANQUETE,CUGAT,"Arroz, Legumbres y Semillas",3990.0,1
OTRA,CUGAT,Conservas y Enlatados,2490.0,1
KRAFT,CUGAT,Aderezos y Condimentos,7990.0,2
OTRA,CUGAT,Aderezos y Condimentos,4390.0,2
OTRA,CUGAT,Despensa,1190.0,2
OTRA,CUGAT,Despensa,17990.0,2
OTRA,CUGAT,Pastas Fideos y Salsas,690.0,1
OTRA,CUGAT,Conservas y Enlatados,2190.0,1
GOURMET,CUGAT,Despensa,859.0,2
GOURMET,CUGAT,Despensa,859.0,2
GOURMET,CUGAT,Despensa,859.0,2
OTRA,CUGAT,Conservas y Enlatados,1590.0,1
OTRA,CUGAT,Conservas y Enlatados,1590.0,1
OTRA,CUGAT,"Arroz, Legumbres y Semillas",1190.0,1
TRAVERSO,CUGAT,Aderezos y Condimentos,2090.0,2
ABRIL,CUGAT,Aceites,8990.0,1
OTRA,CUGAT,Despensa,2490.0,2
OTRA,CUGAT,Despensa,799.0,2
OTRA,CUGAT,Despensa,1890.0,2
OTRA,CUGAT,Despensa,1990.0,2
PAP,CUGAT,Despensa,2390.0,2
OTRA,CUGAT,Despensa,1690.0,2
PAP,CUGAT,Despensa,1790.0,2
OTRA,CUGAT,Conservas y Enlatados,1590.0,1
OTRA,CUGAT,Conservas y Enlatados,2190.0,1
TRAVERSO,CUGAT,Aderezos y Condimentos,1090.0,2
TRAVERSO,CUGAT,Aderezos y Condimentos,1990.0,2
TRAVERSO,CUGAT,Aderezos y Condimentos,3490.0,2
TRAVERSO,CUGAT,Aderezos y Condimentos,1090.0,2
TALLIANI,CUGAT,Despensa,1190.0,2
CAROZZI,CUGAT,Despensa,859.0,2
TRAVERSO,CUGAT,Aderezos y Condimentos,1290.0,2
TRAVERSO,CUGAT,Aderezos y Condimentos,1990.0,2
DON JUAN,CUGAT,Aderezos y Condimentos,990.0,2
DON JUAN,CUGAT,Aderezos y Condimentos,649.0,2
TRAVERSO,CUGAT,Aderezos y Condimentos,1690.0,2
TALLIANI,CUGAT,Despensa,1190.0,2
LUCCHETTI,CUGAT,Despensa,849.0,2
OTRA,CUGAT,Despensa,1090.0,2
CAROZZI,CUGAT,Despensa,859.0,2
MAGGI,CUGAT,Despensa,798.0,2
MAGGI,CUGAT,Despensa,798.0,2
MAGGI,CUGAT,Despensa,798.0,2
MAGGI,CUGAT,Despensa,798.0,2
CAROZZI,CUGAT,Despensa,998.0,2
GOURMET,CUGAT,Aderezos y Condimentos,2990.0,2
OTRA,CUGAT,Despensa,469.0,2
OTRA,CUGAT,Despensa,749.0,2
GOURMET,CUGAT,Aderezos y Condimentos,2190.0,2
OTRA,CUGAT,Conservas y Enlatados,3490.0,1
MAGGI,CUGAT,Despensa,1090.0,2
GOURMET,CUGAT,Aderezos y Condimentos,2890.0,2
LOBOS,CUGAT,Aderezos y Condimentos,1990.0,2
LOBOS,CUGAT,Aderezos y Condimentos,1369.0,2
LOBOS,CUGAT,Aderezos y Condimentos,2090.0,2
CAROZZI,CUGAT,Despensa,2990.0,2
CAROZZI,CUGAT,"Arroz, Legumbres y Semillas",2190.0,1
BANQUETE,CUGAT,"Arroz, Legumbres y Semillas",3490.0,1
GOURMET,CUGAT,Despensa,4890.0,2
GOURMET,CUGAT,Despensa,3390.0,2
GOURMET,CUGAT,Despensa,2990.0,2
OTRA,CUGAT,Despensa,3290.0,2
OTRA,CUGAT,Despensa,2490.0,2
GOURMET,CUGAT,Despensa,3390.0,2
OTRA,CUGAT,Despensa,2490.0,2
OTRA,CUGAT,Despensa,2790.0,2
OTRA,CUGAT,Conservas y Enlatados,1590.0,1
OTRA,CUGAT,Conservas y Enlatados,1590.0,1
BANQUETE,CUGAT,"Arroz, Legumbres y Semillas",4990.0,1
BANQUETE,CUGAT,"Arroz, Legumbres y Semillas",4690.0,1
BONANZA,CUGAT,"Arroz, Legumbres y Semillas",3690.0,1
OTRA,CUGAT,Despensa,2590.0,2
OTRA,CUGAT,Despensa,389.0,2
GOURMET,CUGAT,Despensa,998.0,2
OTRA,CUGAT,Conservas y Enlatados,2190.0,1
OTRA,CUGAT,Conservas y Enlatados,2190.0,1
BONANZA,CUGAT,Conservas y Enlatados,1990.0,1
OTRA,CUGAT,Conservas y Enlatados,2190.0,1
LUCCHETTI,CUGAT,Despensa,4290.0,2
OTRA,CUGAT,Despensa,4690.0,2
OTRA,CUGAT,Conservas y Enlatados,1990.0,1
GOURMET,CUGAT,Aderezos y Condimentos,1290.0,2
GOURMET,CUGAT,Aderezos y Condimentos,689.0,2
EDRA,CUGAT,Aderezos y Condimentos,829.0,2
JB,CUGAT,Aderezos y Condimentos,1090.0,2
OTRA,CUGAT,Aderezos y Condimentos,1390.0,2
DON JUAN,CUGAT,Aderezos y Condimentos,1490.0,2
NATURA,CUGAT,Aderezos y Condimentos,2390.0,2
HELLMANNS,CUGAT,Aderezos y Condimentos,3990.0,2
DON JUAN,CUGAT,Aderezos y Condimentos,2190.0,2
CAROZZI,CUGAT,Despensa,690.0,2
OTRA,CUGAT,Despensa,4990.0,2
OTRA,CUGAT,Despensa,3990.0,2
OTRA,CUGAT,Despensa,2790.0,2
OTRA,CUGAT,Despensa,4590.0,2
OTRA,CUGAT,Despensa,2390.0,2
OTRA,CUGAT,Despensa,2590.0,2
OTRA,CUGAT,Despensa,2890.0,2
BANQUETE,CUGAT,"Arroz, Legumbres y Semillas",4690.0,1
BANQUETE,CUGAT,"Arroz, Legumbres y Semillas",4690.0,1
BANQUETE,CUGAT,"Arroz, Legumbres y Semillas",3990.0,1
OTRA,CUGAT,Despensa,2290.0,2
OTRA,CUGAT,Despensa,2390.0,2
TALLIANI,CUGAT,Despensa,2590.0,2
LUCCHETTI,CUGAT,Despensa,1690.0,2
LUCCHETTI,CUGAT,Despensa,998.0,2
TRAVERSO,CUGAT,Aderezos y Condimentos,2690.0,2
OTRA,CUGAT,Aderezos y Condimentos,2990.0,2
DON JUAN,CUGAT,Aderezos y Condimentos,2190.0,2
DON JUAN,CUGAT,Aderezos y Condimentos,3290.0,2
NATURA,CUGAT,Conservas y Enlatados,2090.0,1
NATURA,CUGAT,Conservas y Enlatados,2690.0,1
OTRA,CUGAT,Despensa,1690.0,2
OTRA,CUGAT,Despensa,1690.0,2
GOURMET,CUGAT,Despensa,1790.0,2
VIVO,CUGAT,Despensa,969.0,2
OTRA,CUGAT,Despensa,899.0,2
OTRA,CUGAT,Despensa,899.0,2
OTRA,CUGAT,Despensa,899.0,2
OTRA,CUGAT,Despensa,899.0,2
OTRA,CUGAT,Despensa,899.0,2
VIVO,CUGAT,Despensa,969.0,2
BANQUETE,CUGAT,"Arroz, Legumbres y Semillas",4890.0,1
LUCCHETTI,CUGAT,Despensa,849.0,2
GOURMET,CUGAT,Despensa,1590.0,2
OTRA,CUGAT,Conservas y Enlatados,2290.0,1
OTRA,CUGAT,Conservas y Enlatados,1990.0,1
OTRA,CUGAT,Conservas y Enlatados,1990.0,1
OTRA,CUGAT,Conservas y Enlatados,2390.0,1
OTRA,CUGAT,Conservas y Enlatados,1790.0,1
GOURMET,CUGAT,Despensa,1069.0,2
MAGGI,CUGAT,Despensa,890.0,2
GOURMET,CUGAT,Despensa,1099.0,2
CAROZZI,CUGAT,Despensa,859.0,2
GOURMET,CUGAT,Aderezos y Condimentos,2490.0,2
OTRA,CUGAT,Conservas y Enlatados,3290.0,1
OTRA,CUGAT,Conservas y Enlatados,1990.0,1
OTRA,CUGAT,Conservas y Enlatados,1990.0,1
NATURA,CUGAT,Conservas y Enlatados,2990.0,1
NATURA,CUGAT,Conservas y Enlatados,1990.0,1
OTRA,CUGAT,Conservas y Enlatados,2990.0,1
OTRA,CUGAT,Conservas y Enlatados,1990.0,1
LUCCHETTI,CUGAT,Despensa,849.0,2
GOURMET,CUGAT,Aderezos y Condimentos,1290.0,2
MAGGI,CUGAT,Despensa,1190.0,2
MAGGI,CUGAT,Despensa,1690.0,2
MAGGI,CUGAT,Despensa,1190.0,2
MAGGI,CUGAT,Despensa,1190.0,2
MAGGI,CUGAT,Despensa,1690.0,2
BIOSAL,CUGAT,Aderezos y Condimentos,4890.0,2
GOURMET,CUGAT,Despensa,890.0,2
MAGGI,CUGAT,Despensa,1090.0,2
OTRA,CUGAT,Conservas y Enlatados,1490.0,1
OTRA,CUGAT,Conservas y Enlatados,1490.0,1
TUCAPEL,CUGAT,"Arroz, Legumbres y Semillas",1790.0,1
MIRAFLORES,CUGAT,"Arroz, Legumbres y Semillas",2490.0,1
TUCAPEL,CUGAT,"Arroz, Legumbres y Semillas",1790.0,1
TUCAPEL,CUGAT,"Arroz, Legumbres y Semillas",1990.0,1
TUCAPEL,CUGAT,"Arroz, Legumbres y Semillas",1590.0,1
GOURMET,CUGAT,Aderezos y Condimentos,379.0,2
JB,CUGAT,Aderezos y Condimentos,1590.0,2
DON JUAN,CUGAT,Aderezos y Condimentos,1490.0,2
DON JUAN,CUGAT,Aderezos y Condimentos,1490.0,2
JB,CUGAT,Aderezos y Condimentos,1590.0,2
TALLIANI,CUGAT,Aderezos y Condimentos,5590.0,2
CHEF,CUGAT,Aceites,10990.0,1
BANQUETE,CUGAT,Aceites,8990.0,1
CHEF,CUGAT,Aceites,3490.0,1
ARUNA,CUGAT,Aceites,2190.0,1
NATURA,CUGAT,"Arroz, Legumbres y Semillas",3190.0,1
NATURA,CUGAT,Aceites,2990.0,1
SUPER CERDO,CUGAT,Carnicería,8990.0,2
OTRA,CUGAT,Carnicería,3490.0,2
SUPER CERDO,CUGAT,Carnicería,10990.0,2
SUPER CERDO,CUGAT,Carnicería,5490.0,2
SUPER CERDO,CUGAT,Carnicería,13490.0,2
OTRA,CUGAT,Carnicería,5690.0,2
OTRA,CUGAT,Carnicería,6290.0,2
OTRA,CUGAT,Carnicería,6490.0,2
SUPER CERDO,CUGAT,Carnicería,5290.0,2
OTRA,CUGAT,Carnicería,3290.0,2
OTRA,CUGAT,Carnicería,3290.0,2
OTRA,CUGAT,Carnicería,5290.0,2
SUPER CERDO,CUGAT,Carnicería,7990.0,2
OTRA,CUGAT,Carnicería,7690.0,2
OTRA,CUGAT,Carnicería,9290.0,2
OTRA,CUGAT,Carnicería,8490.0,2
OTRA,CUGAT,Carnicería,13990.0,2
OTRA,CUGAT,Carnicería,7990.0,2
OTRA,CUGAT,Carnicería,8990.0,2
OTRA,CUGAT,Carnicería,7990.0,2
OTRA,CUGAT,Carnicería,2990.0,2
OTRA,CUGAT,Carnicería,14990.0,2
OTRA,CUGAT,Carnicería,10000.0,2
OTRA,CUGAT,Carnicería,12990.0,2
SUPER POLLO,CUGAT,Carnicería,7990.0,2
OTRA,CUGAT,Carnicería,6490.0,2
OTRA,CUGAT,Carnicería,7490.0,2
OTRA,CUGAT,Carnicería,13490.0,2
OTRA,CUGAT,Carnicería,12990.0,2
OTRA,CUGAT,Carnicería,14990.0,2
OTRA,CUGAT,Carnicería,12990.0,2
OTRA,CUGAT,Carnicería,16990.0,2
OTRA,CUGAT,Carnicería,18290.0,2
OTRA,CUGAT,Carnicería,14990.0,2
OTRA,CUGAT,Quesos,1990.0,1
KRAFT,CUGAT,Quesos,2590.0,1
KRAFT,CUGAT,Quesos,1190.0,1
NATURA,CUGAT,Quesos,1990.0,1
KRAFT,CUGAT,Quesos,2990.0,1
KRAFT,CUGAT,Quesos,2990.0,1
OTRA,CUGAT,Quesos,1998.0,1
OTRA,CUGAT,Quesos,1990.0,1
OTRA,CUGAT,Quesos,890.0,1
NATURA,CUGAT,Quesos,890.0,1
KRAFT,CUGAT,Quesos,3290.0,1
OTRA,CUGAT,Quesos,3590.0,1
OTRA,CUGAT,Quesos,3490.0,1
OTRA,CUGAT,Quesos,3990.0,1
OTRA,CUGAT,Quesos,4990.0,1
OTRA,CUGAT,Quesos,4790.0,1
OTRA,CUGAT,Quesos,3590.0,1
OTRA,CUGAT,Quesos,3490.0,1
SAN JORGE,CUGAT,Fiambrería Embutidos y Quesos,5990.0,2
OTRA,CUGAT,Fiambrería Y Embutidos,5990.0,1
SAN JORGE,CUGAT,Fiambrería Embutidos y Quesos,1799.0,2
SAN JORGE,CUGAT,Fiambrería Embutidos y Quesos,4890.0,2
SOPROLE,CUGAT,Quesos,2090.0,1
PF,CUGAT,Fiambrería Embutidos y Quesos,2290.0,2
PF,CUGAT,Fiambrería Embutidos y Quesos,2290.0,2
OTRA,CUGAT,Fiambrería Embutidos y Quesos,4490.0,2
OTRA,CUGAT,Fiambrería Embutidos y Quesos,3190.0,2
WINTER,CUGAT,Fiambrería Embutidos y Quesos,2999.0,2
WINTER,CUGAT,Fiambrería Embutidos y Quesos,4290.0,2
PF,CUGAT,Fiambrería Embutidos y Quesos,890.0,2
PF,CUGAT,Fiambrería Embutidos y Quesos,890.0,2
PF,CUGAT,Fiambrería Embutidos y Quesos,890.0,2
OTRA,CUGAT,Fiambrería Embutidos y Quesos,2190.0,2
OTRA,CUGAT,Fiambrería Embutidos y Quesos,2190.0,2
OTRA,CUGAT,Fiambrería Embutidos y Quesos,3990.0,2
SAN JORGE,CUGAT,Fiambrería Embutidos y Quesos,1990.0,2
SAN JORGE,CUGAT,Fiambrería Embutidos y Quesos,1990.0,2
SAN JORGE,CUGAT,Fiambrería Embutidos y Quesos,2399.0,2
OTRA,CUGAT,Fiambrería Embutidos y Quesos,2749.0,2
WINTER,CUGAT,Fiambrería Embutidos y Quesos,3990.0,2
WINTER,CUGAT,Fiambrería Embutidos y Quesos,3990.0,2
SAN JORGE,CUGAT,Fiambrería Embutidos y Quesos,890.0,2
OTRA,CUGAT,Fiambrería Embutidos y Quesos,1490.0,2
OTRA,CUGAT,Fiambrería Embutidos y Quesos,1190.0,2
OTRA,CUGAT,Fiambrería Embutidos y Quesos,1290.0,2
OTRA,CUGAT,Fiambrería Embutidos y Quesos,1190.0,2
OTRA,CUGAT,Fiambrería Embutidos y Quesos,1290.0,2
OTRA,CUGAT,Fiambrería Embutidos y Quesos,4490.0,2
MONTINA,CUGAT,Fiambrería Embutidos y Quesos,1590.0,2
WINTER,CUGAT,Fiambrería Embutidos y Quesos,1749.0,2
LA PREFERIDA,CUGAT,Fiambrería Embutidos y Quesos,4690.0,2
LA PREFERIDA,CUGAT,Fiambrería Embutidos y Quesos,2490.0,2
SAN JORGE,CUGAT,Fiambrería Embutidos y Quesos,3990.0,2
SAN JORGE,CUGAT,Fiambrería Embutidos y Quesos,3990.0,2
LA PREFERIDA,CUGAT,Fiambrería Embutidos y Quesos,2290.0,2
SAN JORGE,CUGAT,Fiambrería Embutidos y Quesos,890.0,2
SAN JORGE,CUGAT,Fiambrería Embutidos y Quesos,890.0,2
SAN JORGE,CUGAT,Fiambrería Embutidos y Quesos,2090.0,2
SAN JORGE,CUGAT,Fiambrería Embutidos y Quesos,1990.0,2
SAN JORGE,CUGAT,Fiambrería Embutidos y Quesos,1799.0,2
SAN JORGE,CUGAT,Fiambrería Embutidos y Quesos,1749.0,2
LA PREFERIDA,CUGAT,Fiambrería Embutidos y Quesos,1290.0,2
LA PREFERIDA,CUGAT,Fiambrería Embutidos y Quesos,1290.0,2
LA PREFERIDA,CUGAT,Fiambrería Embutidos y Quesos,1290.0,2
LA PREFERIDA,CUGAT,Fiambrería Embutidos y Quesos,4490.0,2
SAN JORGE,CUGAT,Fiambrería Embutidos y Quesos,1299.0,2
SAN JORGE,CUGAT,Fiambrería Embutidos y Quesos,2390.0,2
LA PREFERIDA,CUGAT,Fiambrería Embutidos y Quesos,2590.0,2
SAN JORGE,CUGAT,Fiambrería Embutidos y Quesos,2399.0,2
PF,CUGAT,Fiambrería Embutidos y Quesos,4690.0,2
OTRA,CUGAT,Fiambrería Embutidos y Quesos,4890.0,2
OTRA,CUGAT,Fiambrería Embutidos y Quesos,4990.0,2
COLUN,CUGAT,Fiambrería Embutidos y Quesos,5890.0,2
OTRA,CUGAT,Fiambrería Embutidos y Quesos,5890.0,2
SAN JORGE,CUGAT,Fiambrería Embutidos y Quesos,1799.0,2
PF,CUGAT,Fiambrería Embutidos y Quesos,3499.0,2
PF,CUGAT,Fiambrería Embutidos y Quesos,3499.0,2
PF,CUGAT,Fiambrería Embutidos y Quesos,2399.0,2
PF,CUGAT,Fiambrería Embutidos y Quesos,2349.0,2
PF,CUGAT,Fiambrería Embutidos y Quesos,2699.0,2
PF,CUGAT,Fiambrería Embutidos y Quesos,2699.0,2
OTRA,CUGAT,Fiambrería Embutidos y Quesos,7596.0,2
PF,CUGAT,Fiambrería Embutidos y Quesos,1999.0,2
PF,CUGAT,Fiambrería Embutidos y Quesos,3499.0,2
SAN JORGE,CUGAT,Fiambrería Embutidos y Quesos,4590.0,2
SUPER CERDO,CUGAT,Fiambrería Embutidos y Quesos,2099.0,2
PF,CUGAT,Fiambrería Embutidos y Quesos,3099.0,2
COLUN,CUGAT,Fiambrería Embutidos y Quesos,2390.0,2
OTRA,CUGAT,Fiambrería Embutidos y Quesos,2990.0,2
OTRA,CUGAT,Fiambrería Embutidos y Quesos,3690.0,2
PF,CUGAT,Fiambrería Embutidos y Quesos,2999.0,2
PF,CUGAT,Fiambrería Embutidos y Quesos,2499.0,2
SAN JORGE,CUGAT,Fiambrería Embutidos y Quesos,1390.0,2
SAN JORGE,CUGAT,Fiambrería Embutidos y Quesos,1490.0,2
COLUN,CUGAT,Fiambrería Embutidos y Quesos,1890.0,2
CALO,CUGAT,Fiambrería Embutidos y Quesos,5990.0,2
MONTINA,CUGAT,Fiambrería Embutidos y Quesos,4990.0,2
PF,CUGAT,Fiambrería Embutidos y Quesos,4990.0,2
LA PREFERIDA,CUGAT,Fiambrería Embutidos y Quesos,5990.0,2
SAN JORGE,CUGAT,Fiambrería Embutidos y Quesos,4290.0,2
OTRA,CUGAT,Fiambrería Embutidos y Quesos,2749.0,2
OTRA,CUGAT,Mantequillas y Margarinas,2990.0,1
OTRA,CUGAT,Leches Líquidas y Cremas,1990.0,1
OTRA,CUGAT,Mantequillas y Margarinas,1690.0,1
PF,CUGAT,Yoghurt y Postres,640.0,1
PF,CUGAT,Yoghurt y Postres,640.0,1
PF,CUGAT,Yoghurt y Postres,640.0,1
PF,CUGAT,Yoghurt y Postres,640.0,1
PF,CUGAT,Yoghurt y Postres,640.0,1
OTRA,CUGAT,Leche en Polvo,17990.0,1
OTRA,CUGAT,Leches Líquidas y Cremas,3990.0,1
OTRA,CUGAT,Leches Líquidas y Cremas,3990.0,1
COLUN,CUGAT,Leches Líquidas y Cremas,1590.0,1
COLUN,CUGAT,Leches Líquidas y Cremas,1590.0,1
LONCOLECHE,CUGAT,Lácteos,1890.0,2
CALO,CUGAT,Lácteos,8490.0,2
CALO,CUGAT,Lácteos,8490.0,2
LONCOLECHE,CUGAT,Lácteos,1890.0,2
LONCOLECHE,CUGAT,Bebidas Lácteas y Vegetales,1890.0,1
LONCOLECHE,CUGAT,Lácteos,1890.0,2
OTRA,CUGAT,Lácteos,2190.0,2
OTRA,CUGAT,Lácteos,6990.0,2
OTRA,CUGAT,Lácteos,1290.0,2
COLUN,CUGAT,Lácteos,1790.0,2
SOPROLE,CUGAT,Lácteos,790.0,2
SOPROLE,CUGAT,Lácteos,790.0,2
COLUN,CUGAT,Lácteos,4490.0,2
LONCOLECHE,CUGAT,Lácteos,3590.0,2
LONCOLECHE,CUGAT,Lácteos,3590.0,2
LONCOLECHE,CUGAT,Lácteos,3590.0,2
LONCOLECHE,CUGAT,Lácteos,3590.0,2
LONCOLECHE,CUGAT,Lácteos,3590.0,2
PAP,CUGAT,Lácteos,690.0,2
OTRA,CUGAT,Lácteos,798.0,2
COLUN,CUGAT,Lácteos,2690.0,2
SOPROLE,CUGAT,Lácteos,849.0,2
SOPROLE,CUGAT,Lácteos,849.0,2
LIVEAN,CUGAT,Lácteos,2690.0,2
OTRA,CUGAT,Lácteos,690.0,2
OTRA,CUGAT,Lácteos,690.0,2
OTRA,CUGAT,Lácteos,690.0,2
OTRA,CUGAT,Lácteos,690.0,2
OTRA,CUGAT,Lácteos,690.0,2
OTRA,CUGAT,Lácteos,690.0,2
LIVEAN,CUGAT,Lácteos,459.0,2
LIVEAN,CUGAT,Lácteos,459.0,2
LIVEAN,CUGAT,Lácteos,459.0,2
CALO,CUGAT,Lácteos,5390.0,2
LIVEAN,CUGAT,Lácteos,459.0,2
LONCOLECHE,CUGAT,Lácteos,629.0,2
LONCOLECHE,CUGAT,Lácteos,629.0,2
LONCOLECHE,CUGAT,Lácteos,629.0,2
OTRA,CUGAT,Lácteos,629.0,2
OTRA,CUGAT,Lácteos,629.0,2
OTRA,CUGAT,Lácteos,629.0,2
LONCOLECHE,CUGAT,Lácteos,629.0,2
CALO,CUGAT,Lácteos,2590.0,2
CALO,CUGAT,Lácteos,2590.0,2
OTRA,CUGAT,Lácteos,3990.0,2
OTRA,CUGAT,Lácteos,1490.0,2
OTRA,CUGAT,Lácteos,990.0,2
OTRA,CUGAT,Lácteos,990.0,2
OTRA,CUGAT,Lácteos,990.0,2
OTRA,CUGAT,Lácteos,2790.0,2
OTRA,CUGAT,Lácteos,1890.0,2
OTRA,CUGAT,Lácteos,1890.0,2
OTRA,CUGAT,Lácteos,1890.0,2
OTRA,CUGAT,Lácteos,1890.0,2
OTRA,CUGAT,Lácteos,1890.0,2
OTRA,CUGAT,Lácteos,1890.0,2
OTRA,CUGAT,Lácteos,1890.0,2
SOPROLE,CUGAT,Lácteos,299.0,2
NATURA,CUGAT,Lácteos,849.0,2
SOPROLE,CUGAT,Lácteos,4990.0,2
SOPROLE,CUGAT,Lácteos,3990.0,2
OTRA,CUGAT,Lácteos,2790.0,2
SOPROLE,CUGAT,Lácteos,3290.0,2
SOPROLE,CUGAT,Lácteos,790.0,2
LONCOLECHE,CUGAT,Lácteos,1590.0,2
COLUN,CUGAT,Lácteos,1190.0,2
SOPROLE,CUGAT,Lácteos,1090.0,2
SURLAT,CUGAT,Lácteos,1290.0,2
SOPROLE,CUGAT,Lácteos,1090.0,2
COLUN,CUGAT,Lácteos,9990.0,2
CALO,CUGAT,Lácteos,6990.0,2
COLUN,CUGAT,Lácteos,1190.0,2
SOPROLE,CUGAT,Lácteos,749.0,2
SOPROLE,CUGAT,Lácteos,4990.0,2
SOPROLE,CUGAT,Lácteos,1390.0,2
OTRA,CUGAT,Lácteos,1590.0,2
COLUN,CUGAT,Lácteos,5290.0,2
COLUN,CUGAT,Lácteos,1990.0,2
SOPROLE,CUGAT,Lácteos,299.0,2
SOPROLE,CUGAT,Lácteos,299.0,2
SOPROLE,CUGAT,Lácteos,299.0,2
SOPROLE,CUGAT,Lácteos,890.0,2
COLUN,CUGAT,Lácteos,319.0,2
COLUN,CUGAT,Lácteos,319.0,2
COLUN,CUGAT,Lácteos,319.0,2
SOPROLE,CUGAT,Lácteos,299.0,2
OTRA,CUGAT,Lácteos,3990.0,2
COLUN,CUGAT,Lácteos,3990.0,2
OTRA,CUGAT,Lácteos,869.0,2
SOPROLE,CUGAT,Lácteos,3990.0,2
OTRA,CUGAT,Lácteos,3990.0,2
OTRA,CUGAT,Lácteos,6490.0,2
OTRA,CUGAT,Lácteos,3390.0,2
SOPROLE,CUGAT,Lácteos,2990.0,2
SOPROLE,CUGAT,Lácteos,3290.0,2
SOPROLE,CUGAT,Lácteos,1590.0,2
COLUN,CUGAT,Lácteos,3590.0,2
QUILLAYES,CUGAT,Lácteos,3490.0,2
CALO,CUGAT,Lácteos,2990.0,2
OTRA,CUGAT,Lácteos,2690.0,2
COLUN,CUGAT,Lácteos,3290.0,2
SOPROLE,CUGAT,Lácteos,2090.0,2
NATURA,CUGAT,Lácteos,1190.0,2
COLUN,CUGAT,Lácteos,14990.0,2
COLUN,CUGAT,Lácteos,8990.0,2
SOPROLE,CUGAT,Lácteos,2690.0,2
SOPROLE,CUGAT,Lácteos,2790.0,2
SOPROLE,CUGAT,Lácteos,2790.0,2
SOPROLE,CUGAT,Lácteos,2690.0,2
OTRA,CUGAT,Lácteos,3590.0,2
SOPROLE,CUGAT,Lácteos,1490.0,2
SOPROLE,CUGAT,Lácteos,349.0,2
OTRA,CUGAT,Lácteos,479.0,2
SOPROLE,CUGAT,Lácteos,349.0,2
OTRA,CUGAT,Lácteos,479.0,2
OTRA,CUGAT,Lácteos,479.0,2
OTRA,CUGAT,Lácteos,479.0,2
OTRA,CUGAT,Lácteos,489.0,2
OTRA,CUGAT,Lácteos,489.0,2
OTRA,CUGAT,Lácteos,489.0,2
OTRA,CUGAT,Lácteos,1490.0,2
COLUN,CUGAT,Lácteos,1290.0,2
SOPROLE,CUGAT,Lácteos,4290.0,2
OTRA,CUGAT,Lácteos,5790.0,2
NATURA,CUGAT,Lácteos,598.0,2
CASA OLIVA,CUGAT,Agua sin Gas,1390.0,1
OTRA,CUGAT,Bebidas Jugos y Aguas,2290.0,2
OTRA,CUGAT,Bebidas Jugos y Aguas,2290.0,2
PAP,CUGAT,Bebidas Jugos y Aguas,4290.0,2
PEPSI,CUGAT,Bebidas Jugos y Aguas,4290.0,2
PEPSI,CUGAT,Bebidas Jugos y Aguas,4290.0,2
CRUSH,CUGAT,Bebidas,4290.0,2
CANADA DRY,CUGAT,Bebidas Jugos y Aguas,4290.0,2
KEM,CUGAT,Bebidas,4290.0,2
KEM,CUGAT,Bebidas,4290.0,2
CANADA DRY,CUGAT,Bebidas Jugos y Aguas,4290.0,2
CANADA DRY,CUGAT,Bebidas Jugos y Aguas,4290.0,2
BILZ,CUGAT,Bebidas Jugos y Aguas,4290.0,2
SPRITE,CUGAT,Bebidas Jugos y Aguas,2690.0,2
OTRA,CUGAT,Bebidas Jugos y Aguas,2690.0,2
FANTA,CUGAT,Bebidas Jugos y Aguas,2690.0,2
COCA COLA,CUGAT,Bebidas Jugos y Aguas,2690.0,2
COCA COLA,CUGAT,Bebidas Jugos y Aguas,2690.0,2
ANDINA,CUGAT,Bebidas Jugos y Aguas,1590.0,2
ANDINA,CUGAT,Bebidas Jugos y Aguas,1590.0,2
ANDINA,CUGAT,Bebidas Jugos y Aguas,1590.0,2
ANDINA,CUGAT,Bebidas Jugos y Aguas,1590.0,2
ANDINA,CUGAT,Bebidas Jugos y Aguas,1590.0,2
OTRA,CUGAT,Bebidas Jugos y Aguas,1990.0,2
OTRA,CUGAT,Bebidas Jugos y Aguas,1990.0,2
OTRA,CUGAT,Bebidas Jugos y Aguas,1990.0,2
OTRA,CUGAT,Bebidas Jugos y Aguas,1990.0,2
OTRA,CUGAT,Bebidas Jugos y Aguas,1990.0,2
OTRA,CUGAT,Bebidas Jugos y Aguas,1990.0,2
SPRITE,CUGAT,Bebidas,2379.0,2
PAP,CUGAT,Bebidas,629.0,2
CASA OLIVA,CUGAT,Bebidas,629.0,2
CASA OLIVA,CUGAT,Bebidas,629.0,2
OTRA,CUGAT,Bebidas Jugos y Aguas,1590.0,2
OTRA,CUGAT,Bebidas Jugos y Aguas,1590.0,2
OTRA,CUGAT,Bebidas Jugos y Aguas,2190.0,2
OTRA,CUGAT,Bebidas Jugos y Aguas,2190.0,2
OTRA,CUGAT,Bebidas Jugos y Aguas,2190.0,2
OTRA,CUGAT,Bebidas Jugos y Aguas,2190.0,2
OTRA,CUGAT,Bebidas Jugos y Aguas,2190.0,2
OTRA,CUGAT,Bebidas Jugos y Aguas,2190.0,2
OTRA,CUGAT,Bebidas Jugos y Aguas,2190.0,2
SEVEN UP,CUGAT,Bebidas,2490.0,2
SEVEN UP,CUGAT,Bebidas,2490.0,2
PAP,CUGAT,Bebidas,2690.0,2
PAP,CUGAT,Bebidas,2690.0,2
CRUSH,CUGAT,Bebidas,2490.0,2
CRUSH,CUGAT,Bebidas,2490.0,2
CANADA DRY,CUGAT,Bebidas,2690.0,2
CANADA DRY,CUGAT,Bebidas,2690.0,2
KEM,CUGAT,Bebidas,2690.0,2
KEM,CUGAT,Bebidas,2690.0,2
CANADA DRY,CUGAT,Bebidas,2690.0,2
BILZ,CUGAT,Bebidas,2690.0,2
CANADA DRY,CUGAT,Bebidas,2690.0,2
BILZ,CUGAT,Bebidas,2690.0,2
ZUKO,CUGAT,Bebidas Jugos y Aguas,990.0,2
ZUKO,CUGAT,Bebidas Jugos y Aguas,990.0,2
ZUKO,CUGAT,Bebidas Jugos y Aguas,990.0,2
ZUKO,CUGAT,Bebidas Jugos y Aguas,990.0,2
ZUKO,CUGAT,Bebidas Jugos y Aguas,990.0,2
VIVO,CUGAT,Bebidas Jugos y Aguas,269.0,2
VIVO,CUGAT,Bebidas Jugos y Aguas,269.0,2
VIVO,CUGAT,Bebidas Jugos y Aguas,269.0,2
VIVO,CUGAT,Bebidas Jugos y Aguas,269.0,2
VIVO,CUGAT,Bebidas Jugos y Aguas,269.0,2
VIVO,CUGAT,Bebidas Jugos y Aguas,269.0,2
VIVO,CUGAT,Bebidas Jugos y Aguas,269.0,2
VIVO,CUGAT,Bebidas Jugos y Aguas,269.0,2
CANADA DRY,CUGAT,Bebidas,2169.0,2
OTRA,CUGAT,Bebidas Jugos y Aguas,1690.0,2
OTRA,CUGAT,Bebidas Jugos y Aguas,1690.0,2
ZUKO,CUGAT,Bebidas Jugos y Aguas,990.0,2
ZUKO,CUGAT,Bebidas Jugos y Aguas,990.0,2
OTRA,CUGAT,Agua sin Gas,1290.0,1
OTRA,CUGAT,Agua sin Gas,1290.0,1
OTRA,CUGAT,Agua sin Gas,1290.0,1
PEPSI,CUGAT,Bebidas,8900.0,2
CRUSH,CUGAT,Bebidas,8990.0,2
PEPSI,CUGAT,Bebidas,2490.0,2
LIVEAN,CUGAT,Bebidas Jugos y Aguas,2590.0,2
LIVEAN,CUGAT,Bebidas Jugos y Aguas,2590.0,2
LIVEAN,CUGAT,Bebidas Jugos y Aguas,2590.0,2
LIVEAN,CUGAT,Bebidas Jugos y Aguas,2590.0,2
LIVEAN,CUGAT,Bebidas Jugos y Aguas,2590.0,2
SEVEN UP,CUGAT,Bebidas,2169.0,2
PAP,CUGAT,Bebidas,2169.0,2
PAP,CUGAT,Bebidas,2169.0,2
CANADA DRY,CUGAT,Bebidas,2169.0,2
CANADA DRY,CUGAT,Bebidas,2169.0,2
KEM,CUGAT,Bebidas,2169.0,2
KEM,CUGAT,Bebidas,1790.0,2
KEM,CUGAT,Bebidas,2169.0,2
CANADA DRY,CUGAT,Bebidas,1790.0,2
CANADA DRY,CUGAT,Bebidas,1790.0,2
CANADA DRY,CUGAT,Bebidas,1790.0,2
CRUSH,CUGAT,Bebidas,2169.0,2
CRUSH,CUGAT,Bebidas,2169.0,2
BILZ,CUGAT,Bebidas,2169.0,2
BILZ,CUGAT,Bebidas,2169.0,2
CANADA DRY,CUGAT,Bebidas,1790.0,2
ZUKO,CUGAT,Bebidas Jugos y Aguas,990.0,2
LIVEAN,CUGAT,Bebidas Jugos y Aguas,990.0,2
LIVEAN,CUGAT,Bebidas Jugos y Aguas,990.0,2
LIVEAN,CUGAT,Bebidas Jugos y Aguas,990.0,2
LIVEAN,CUGAT,Bebidas Jugos y Aguas,990.0,2
LIVEAN,CUGAT,Bebidas Jugos y Aguas,990.0,2
LIVEAN,CUGAT,Bebidas Jugos y Aguas,990.0,2
LIVEAN,CUGAT,Bebidas Jugos y Aguas,990.0,2
LIVEAN,CUGAT,Bebidas Jugos y Aguas,990.0,2
PEPSI,CUGAT,Bebidas,2090.0,2
PEPSI,CUGAT,Bebidas,2090.0,2
OTRA,CUGAT,Bebidas Jugos y Aguas,1690.0,2
OTRA,CUGAT,Bebidas Jugos y Aguas,1690.0,2
OTRA,CUGAT,Bebidas Jugos y Aguas,1690.0,2
OTRA,CUGAT,Bebidas Jugos y Aguas,1690.0,2
OTRA,CUGAT,Bebidas Jugos y Aguas,1690.0,2
OTRA,CUGAT,Bebidas Jugos y Aguas,1690.0,2
ANDINA,CUGAT,Bebidas Jugos y Aguas,1590.0,2
ANDINA,CUGAT,Bebidas Jugos y Aguas,1590.0,2
ANDINA,CUGAT,Bebidas Jugos y Aguas,1590.0,2
ANDINA,CUGAT,Bebidas Jugos y Aguas,1590.0,2
COCA COLA,CUGAT,Bebidas,2690.0,2
PURE LIFE,CUGAT,Agua sin Gas,1990.0,1
OTRA,CUGAT,Agua con Gas,1090.0,1
OTRA,CUGAT,Agua con Gas,1090.0,1
PEPSI,CUGAT,Bebidas,2490.0,2
OTRA,CUGAT,Bebidas Jugos y Aguas,1690.0,2
OTRA,CUGAT,Bebidas Jugos y Aguas,1690.0,2
OTRA,CUGAT,Bebidas Jugos y Aguas,1690.0,2
OTRA,CUGAT,Bebidas Jugos y Aguas,1690.0,2
OTRA,CUGAT,Bebidas Jugos y Aguas,1090.0,2
OTRA,CUGAT,Bebidas Jugos y Aguas,1690.0,2
OTRA,CUGAT,Bebidas Jugos y Aguas,1690.0,2
OTRA,CUGAT,Agua sin Gas,1290.0,1
OTRA,CUGAT,Agua sin Gas,1290.0,1
OTRA,CUGAT,Agua sin Gas,1290.0,1
OTRA,CUGAT,Bebidas Jugos y Aguas,1190.0,2
PEPSI,CUGAT,Bebidas,8990.0,2
FANTA,CUGAT,Bebidas,7790.0,2
SPRITE,CUGAT,Bebidas,7790.0,2
OTRA,CUGAT,Bebidas Jugos y Aguas,1790.0,2
OTRA,CUGAT,Bebidas Jugos y Aguas,5990.0,2
OTRA,CUGAT,Bebidas Jugos y Aguas,1890.0,2
OTRA,CUGAT,Bebidas Jugos y Aguas,1890.0,2
OTRA,CUGAT,Bebidas Jugos y Aguas,1890.0,2
VIVO,CUGAT,Bebidas Jugos y Aguas,269.0,2
VIVO,CUGAT,Bebidas Jugos y Aguas,269.0,2
VIVO,CUGAT,Bebidas Jugos y Aguas,269.0,2
LIVEAN,CUGAT,Bebidas Jugos y Aguas,990.0,2
LIVEAN,CUGAT,Bebidas Jugos y Aguas,990.0,2
LIVEAN,CUGAT,Bebidas Jugos y Aguas,990.0,2
LIVEAN,CUGAT,Bebidas Jugos y Aguas,990.0,2
LIVEAN,CUGAT,Bebidas Jugos y Aguas,990.0,2
OTRA,CUGAT,Bebidas Jugos y Aguas,1490.0,2
OTRA,CUGAT,Bebidas Jugos y Aguas,1490.0,2
OTRA,CUGAT,Bebidas Jugos y Aguas,1490.0,2
COCA COLA,CUGAT,Bebidas,2090.0,2
COCA COLA,CUGAT,Bebidas,2379.0,2
COCA COLA,CUGAT,Bebidas,2379.0,2
OTRA,CUGAT,Bebidas Jugos y Aguas,2590.0,2
BENEDICTINOS,CUGAT,Agua con Gas,1290.0,1
GENERICA,ACUENTA,Despensa General,700.0,0
GENERICA,ACUENTA,Limpieza,1790.0,2
GENERICA,ACUENTA,Limpieza,2890.0,2
LIDER,ACUENTA,Limpieza,3690.0,2
GENERICA,ACUENTA,Lácteos,3990.0,2
KRYZPO,UNIMARC,Despensa,23000.0,0
IANSA,UNIMARC,Despensa,1490.0,0
BELMONT,UNIMARC,Despensa,3250.0,0
LAYS,UNIMARC,Despensa,1900.0,0
NUESTRA COCINA,UNIMARC,Despensa,690.0,0
DAILY,UNIMARC,Despensa,3890.0,0
BANQUETE,UNIMARC,Despensa,4090.0,0
MAGGI,UNIMARC,Despensa,31510.0,0
MALLOA,UNIMARC,Despensa,3000.0,0
MAGGI,UNIMARC,Despensa,1290.0,0
LAYS,UNIMARC,Despensa,1900.0,0
SOPROLE,UNIMARC,Despensa,23000.0,0
ROBINSON CRUSOE,UNIMARC,Despensa,1990.0,0
MAGGI,UNIMARC,Despensa,31460.0,0
IDEAL,UNIMARC,Despensa,23180.0,0
GOURMET,UNIMARC,Despensa,31000.0,0
NUESTRA COCINA,UNIMARC,Despensa,2250.0,0
CRACKELET,UNIMARC,Despensa,1000.0,0
GOURMET,UNIMARC,Despensa,31000.0,0
MAGGI,UNIMARC,Despensa,32550.0,0
NATUREZZA,UNIMARC,Despensa,31000.0,0
IANSA AGRO,UNIMARC,Despensa,1350.0,0
TRATTORIA,UNIMARC,Despensa,930.0,0
CAROZZI,UNIMARC,Despensa,1490.0,0
TALLIANI,UNIMARC,Despensa,1350.0,0
CRACKELET,UNIMARC,Despensa,1000.0,0
KRAFT,UNIMARC,Despensa,10690.0,0
DAILY,UNIMARC,Despensa,2490.0,0
DE LA HUERTA,UNIMARC,Despensa,1590.0,0
DAILY,UNIMARC,Despensa,2490.0,0
BARILLA,UNIMARC,Despensa,6390.0,0
TRAVERSO,UNIMARC,Despensa,1290.0,0
MARCO POLO,UNIMARC,Despensa,2350.0,0
WASIL,UNIMARC,Despensa,2490.0,0
MARCO POLO,UNIMARC,Despensa,1510.0,0
RANA,UNIMARC,Despensa,3860.0,0
TAKIS,UNIMARC,Despensa,1090.0,0
NUESTRA COCINA,UNIMARC,Despensa,4190.0,0
NUESTRA COCINA,UNIMARC,Despensa,3790.0,0
PF LISTO,UNIMARC,Despensa,2690.0,0
MI TIERRA,UNIMARC,Despensa,4150.0,0
DON JUAN,UNIMARC,Despensa,1550.0,0
AMBROSOLI,UNIMARC,Despensa,7990.0,0
ALUSWEET,UNIMARC,Despensa,4190.0,0
EVERCRISP,UNIMARC,Despensa,1750.0,0
NUESTRA COCINA,UNIMARC,Despensa,3750.0,0
TOSTANI,UNIMARC,Despensa,4290.0,0
DON JUAN,UNIMARC,Despensa,2090.0,0
ROBINSON CRUSOE,UNIMARC,Despensa,3790.0,0
NUESTRA COCINA,UNIMARC,Despensa,1090.0,0
MERKAT,UNIMARC,Despensa,4190.0,0
TENTO,UNIMARC,Despensa,2090.0,0
GOURMET,UNIMARC,Despensa,2450.0,0
NUESTRA COCINA,UNIMARC,Despensa,530.0,0
NUESTRA COCINA,UNIMARC,Despensa,1890.0,0
WINKLER SPECIA,UNIMARC,Despensa,1390.0,0
NUESTRA COCINA,UNIMARC,Despensa,3090.0,0
MAGGI,UNIMARC,Despensa,1250.0,0
KRAFT,UNIMARC,Despensa,5190.0,0
MARCO POLO,UNIMARC,Despensa,1990.0,0
WASIL,UNIMARC,Despensa,990.0,0
DON JUAN,UNIMARC,Despensa,3090.0,0
HELLMANNS,UNIMARC,Despensa,2990.0,0
NUESTRA COCINA,UNIMARC,Despensa,1390.0,0
RITZ,UNIMARC,Despensa,940.0,0
HELLMANNS,UNIMARC,Despensa,2950.0,0
COLLICO,UNIMARC,Despensa,4690.0,0
TAKIS,UNIMARC,Despensa,1740.0,0
ANGELMO,UNIMARC,Despensa,1190.0,0
TIKA,UNIMARC,Despensa,2500.0,0
NUESTRA COCINA,UNIMARC,Despensa,950.0,0
GOURMET,UNIMARC,Despensa,1690.0,0
GOURMET,UNIMARC,Despensa,2290.0,0
LAYS,UNIMARC,Despensa,990.0,0
TENTO,UNIMARC,Despensa,1790.0,0
NESTLE,UNIMARC,Despensa,23140.0,0
MIRAFLORES,UNIMARC,Despensa,2990.0,0
NUESTRA COCINA,UNIMARC,Despensa,1000.0,0
CAROZZI,UNIMARC,Despensa,21590.0,0
MERKAT,UNIMARC,Despensa,15990.0,0
CAROZZI,UNIMARC,Despensa,21590.0,0
MIRAFLORES,UNIMARC,Despensa,2690.0,0
HELLMANNS,UNIMARC,Despensa,3000.0,0
LAYS,UNIMARC,Despensa,1750.0,0
WASIL,UNIMARC,Despensa,22600.0,0
WASIL,UNIMARC,Despensa,22600.0,0
EVERCRISP,UNIMARC,Despensa,4180.0,0
MARCO POLO,UNIMARC,Despensa,2350.0,0
MAGGI,UNIMARC,Despensa,2000.0,0
CAROZZI,UNIMARC,Despensa,21590.0,0
NUESTRA COCINA,UNIMARC,Despensa,1590.0,0
MAGGI,UNIMARC,Despensa,31580.0,0
LAYS,UNIMARC,Despensa,2490.0,0
SELECTA,UNIMARC,Despensa,2490.0,0
VIVO,UNIMARC,Despensa,1090.0,0
U MAS AHORRO,UNIMARC,Despensa,1190.0,0
NATUREZZA,UNIMARC,Despensa,21490.0,0
NATUREZZA,UNIMARC,Despensa,21490.0,0
WASIL,UNIMARC,Despensa,2590.0,0
MAGGI,UNIMARC,Despensa,1290.0,0
LUCCHETTI,UNIMARC,Despensa,1090.0,0
EVERCRISP,UNIMARC,Despensa,3190.0,0
SELECTA,UNIMARC,Despensa,1330.0,0
PANCHO VILLA,UNIMARC,Despensa,1350.0,0
TENTO,UNIMARC,Despensa,2650.0,0
MARCO POLO,UNIMARC,Despensa,2080.0,0
GOURMET,UNIMARC,Despensa,1000.0,0
TRAVERSO,UNIMARC,Despensa,2550.0,0
GOURMET,UNIMARC,Despensa,1000.0,0
SELECTA,UNIMARC,Despensa,4550.0,0
KRAFT,UNIMARC,Despensa,1000.0,0
NUESTRA COCINA,UNIMARC,Despensa,1790.0,0
MARCO POLO,UNIMARC,Despensa,2790.0,0
EVERCRISP,UNIMARC,Despensa,2300.0,0
MARCO POLO,UNIMARC,Despensa,2790.0,0
NOT MAYO,UNIMARC,Despensa,2990.0,0
GOURMET,UNIMARC,Despensa,1000.0,0
COSTA,UNIMARC,Despensa,1770.0,0
KRAFT,UNIMARC,Despensa,4950.0,0
MILLANTU,UNIMARC,Despensa,650.0,0
KAZAI,UNIMARC,Despensa,1120.0,0
PANCHO VILLA,UNIMARC,Despensa,3290.0,0
TRAVERSO,UNIMARC,Despensa,2550.0,0
BARILLA,UNIMARC,Despensa,2850.0,0
ROBINSON CRUSOE,UNIMARC,Despensa,2730.0,0
KAZAI,UNIMARC,Despensa,1120.0,0
IANSA,UNIMARC,Despensa,2000.0,0
WASIL,UNIMARC,Despensa,3590.0,0
BANQUETE,UNIMARC,Despensa,3750.0,0
NUESTRA COCINA,UNIMARC,Despensa,1290.0,0
IANSA CERO K,UNIMARC,Despensa,3520.0,0
FRUTISA,UNIMARC,Despensa,5950.0,0
MILLANTU,UNIMARC,Despensa,2740.0,0
KAZAI,UNIMARC,Despensa,1120.0,0
BARILLA,UNIMARC,Despensa,2850.0,0
ETRE BIEN,UNIMARC,Despensa,4990.0,0
MILLANTU,UNIMARC,Despensa,690.0,0
WASIL,UNIMARC,Despensa,1250.0,0
HEINZ,UNIMARC,Despensa,5290.0,0
HELLMANNS,UNIMARC,Despensa,3490.0,0
PF LISTO,UNIMARC,Despensa,3690.0,0
MARCO POLO,UNIMARC,Despensa,2350.0,0
PF LISTO,UNIMARC,Despensa,3690.0,0
PRINGLES,UNIMARC,Despensa,1870.0,0
HELLMANNS,UNIMARC,Despensa,3490.0,0
CARICIA,UNIMARC,Despensa,830.0,0
MILLANTU,UNIMARC,Despensa,690.0,0
SEMBRASOL,UNIMARC,Despensa,3300.0,0
WASIL,UNIMARC,Despensa,4900.0,0
MILLANTU,UNIMARC,Despensa,690.0,0
NAT,UNIMARC,Despensa,4120.0,0
MILLANTU,UNIMARC,Despensa,730.0,0
MARCO POLO,UNIMARC,Despensa,2350.0,0
SUK,UNIMARC,Despensa,5250.0,0
LIVEAN,UNIMARC,Despensa,890.0,0
COSTA,UNIMARC,Despensa,1770.0,0
NUESTRA COCINA,UNIMARC,Despensa,990.0,0
MILLANTU,UNIMARC,Despensa,1230.0,0
ALWADI,UNIMARC,Despensa,9500.0,0
SELECTA,UNIMARC,Despensa,2390.0,0
EVERCRISP,UNIMARC,Despensa,2000.0,0
PEARL RIVER BRIDGE,UNIMARC,Despensa,3490.0,0
HOFFMANN,UNIMARC,Despensa,1490.0,0
NUESTRA COCINA,UNIMARC,Despensa,560.0,0
NUESTRA COCINA,UNIMARC,Despensa,2990.0,0
NUESTRA COCINA,UNIMARC,Despensa,3990.0,0
ESMERALDA,UNIMARC,Despensa,890.0,0
STOLLENWERK,UNIMARC,Despensa,5390.0,0
BUKA,UNIMARC,Despensa,500.0,0
ESMERALDA,UNIMARC,Despensa,2250.0,0
TAKIS,UNIMARC,Despensa,1090.0,0
ESMERALDA,UNIMARC,Despensa,3490.0,0
LA FUENTE NATURAL,UNIMARC,Despensa,2390.0,0
ESMERALDA,UNIMARC,Despensa,1990.0,0
ESMERALDA,UNIMARC,Despensa,2390.0,0
TRAVERSO,UNIMARC,Despensa,1190.0,0
NUESTRA COCINA,UNIMARC,Despensa,1190.0,0
NUESTRA COCINA,UNIMARC,Despensa,1390.0,0
MANADA,UNIMARC,Despensa,3490.0,0
ESMERALDA,UNIMARC,Despensa,2250.0,0
KARDAMILI,UNIMARC,Despensa,4690.0,0
ESMERALDA,UNIMARC,Despensa,1990.0,0
KAZAI,UNIMARC,Despensa,4750.0,0
SEMBRASOL,UNIMARC,Despensa,4190.0,0
GOURMET,UNIMARC,Despensa,3750.0,0
WASIL,UNIMARC,Despensa,1650.0,0
LOBOS,UNIMARC,Despensa,3790.0,0
EVERCRISP,UNIMARC,Despensa,1290.0,0
HUASCO,UNIMARC,Despensa,26850.0,0
LA FUENTE NATURAL,UNIMARC,Despensa,3590.0,0
OSO,UNIMARC,Despensa,1490.0,0
ESMERALDA,UNIMARC,Despensa,2690.0,0
IANSA AGRO,UNIMARC,Despensa,1690.0,0
LUCCHETTI,UNIMARC,Despensa,1350.0,0
VIVO,UNIMARC,Despensa,1150.0,0
GIADA,UNIMARC,Despensa,6950.0,0
PURISNACKS,UNIMARC,Despensa,2990.0,0
STOLLENWERK,UNIMARC,Despensa,6550.0,0
ESMERALDA,UNIMARC,Despensa,2950.0,0
FRUTISA,UNIMARC,Despensa,1590.0,0
NUESTRA COCINA,UNIMARC,Despensa,1650.0,0
ESMERALDA,UNIMARC,Despensa,2790.0,0
KRYZPO,UNIMARC,Despensa,2290.0,0
PERELLO,UNIMARC,Despensa,2990.0,0
BANQUETE,UNIMARC,Despensa,3190.0,0
MARUCHAN,UNIMARC,Despensa,1390.0,0
EVERCRISP,UNIMARC,Despensa,1590.0,0
BELMONT,UNIMARC,Despensa,16290.0,0
TRAVERSO,UNIMARC,Despensa,1190.0,0
NUESTRA COCINA,UNIMARC,Despensa,690.0,0
LA FERMENTISTA,UNIMARC,Despensa,6290.0,0
BROTA,UNIMARC,Despensa,6990.0,0
EVERCRISP,UNIMARC,Despensa,590.0,0
DIMME,UNIMARC,Despensa,2690.0,0
ESMERALDA,UNIMARC,Despensa,1350.0,0
MALLOA,UNIMARC,Despensa,890.0,0
FRUTOS SECOS GRANEL,UNIMARC,Despensa,2728.0,0
NUCETE,UNIMARC,Despensa,3450.0,0
PURISNACKS,UNIMARC,Despensa,2650.0,0
MIRAFLORES,UNIMARC,Despensa,1190.0,0
NUESTRA COCINA,UNIMARC,Despensa,1250.0,0
MAGGI,UNIMARC,Despensa,1090.0,0
NUESTRA COCINA,UNIMARC,Despensa,1550.0,0
OTRA,CUGAT,Aceites,2990.0,1
OTRA,CUGAT,Aceites,1698.0,1
LONCOLECHE,CUGAT,Lácteos,1890.0,2
CALO,CUGAT,Lácteos,8490.0,2
CALO,CUGAT,Lácteos,8490.0,2
LONCOLECHE,CUGAT,Lácteos,1890.0,2
LONCOLECHE,CUGAT,Lácteos,1890.0,2
LONCOLECHE,CUGAT,Lácteos,1890.0,2
OTRA,CUGAT,Lácteos,7190.0,2
COLUN,CUGAT,Lácteos,1990.0,2
SOPROLE,CUGAT,Lácteos,690.0,2
SOPROLE,CUGAT,Lácteos,690.0,2
COLUN,CUGAT,Lácteos,4490.0,2
LONCOLECHE,CUGAT,Lácteos,3590.0,2
LONCOLECHE,CUGAT,Lácteos,3590.0,2
LONCOLECHE,CUGAT,Lácteos,3590.0,2
LONCOLECHE,CUGAT,Lácteos,3590.0,2
LONCOLECHE,CUGAT,Lácteos,3590.0,2
PAP,CUGAT,Lácteos,690.0,2
SOPROLE,CUGAT,Lácteos,869.0,2
COLUN,CUGAT,Lácteos,3290.0,2
SOPROLE,CUGAT,Lácteos,890.0,2
SOPROLE,CUGAT,Lácteos,890.0,2
LIVEAN,CUGAT,Lácteos,2690.0,2
OTRA,CUGAT,Lácteos,690.0,2
OTRA,CUGAT,Lácteos,690.0,2
OTRA,CUGAT,Lácteos,690.0,2
OTRA,CUGAT,Lácteos,690.0,2
OTRA,CUGAT,Lácteos,690.0,2
OTRA,CUGAT,Lácteos,690.0,2
LIVEAN,CUGAT,Lácteos,639.0,2
LIVEAN,CUGAT,Lácteos,639.0,2
LIVEAN,CUGAT,Lácteos,639.0,2
CALO,CUGAT,Lácteos,5390.0,2
LIVEAN,CUGAT,Lácteos,639.0,2
LONCOLECHE,CUGAT,Lácteos,629.0,2
LONCOLECHE,CUGAT,Lácteos,629.0,2
LONCOLECHE,CUGAT,Lácteos,629.0,2
CUISINE & CO,SANTA ISABEL,Despensa,608.0,0
CUISINE & CO,SANTA ISABEL,Despensa,3890.0,0
MAXIMA,SANTA ISABEL,Despensa,770.0,0
LIPTON,SANTA ISABEL,Despensa,2990.0,0
CUISINE & CO,SANTA ISABEL,Despensa,2650.0,0
CUISINE & CO,SANTA ISABEL,Despensa,1890.0,0
WASIL,SANTA ISABEL,Despensa,2550.0,0
KRAFT,SANTA ISABEL,Despensa,2290.0,0
GOURMET,SANTA ISABEL,Despensa,1610.0,0
CUISINE & CO,SANTA ISABEL,Despensa,7500.0,0
DON JUAN,SANTA ISABEL,Despensa,1350.0,0
VIVO,SANTA ISABEL,Despensa,3530.0,0
TRAVERSO,SANTA ISABEL,Despensa,630.0,0
HEINZ,SANTA ISABEL,Despensa,4050.0,0
CUISINE & CO,SANTA ISABEL,Despensa,1990.0,0
MARUCHAN,SANTA ISABEL,Lacteos y Congelados,720.0,0
CUISINE & CO,SANTA ISABEL,Despensa,260.0,0
TARAGUI,SANTA ISABEL,Despensa,3530.0,0
EN LINEA,SANTA ISABEL,Despensa,1790.0,0
CUISINE & CO,SANTA ISABEL,Despensa,3990.0,0
CUISINE & CO,SANTA ISABEL,Despensa,4030.0,0
GOURMET,SANTA ISABEL,Despensa,840.0,0
MILO,SANTA ISABEL,Despensa,640.0,0
IANSA AGRO,SANTA ISABEL,Despensa,2290.0,0
AMERICAN CLASSIC,SANTA ISABEL,Despensa,2590.0,0
KRUGER,SANTA ISABEL,Despensa,4790.0,0
CUISINE & CO,SANTA ISABEL,Despensa,830.0,0
NOGLUT,SANTA ISABEL,Despensa,1970.0,0
TAJIN,SANTA ISABEL,Despensa,4690.0,0
ALCAFOOD,SANTA ISABEL,Despensa,2130.0,0
LIVEAN,SANTA ISABEL,Despensa,820.0,0
NESTLE,SANTA ISABEL,Despensa,3110.0,0
COSTA,SANTA ISABEL,Despensa,3940.0,0
NO+GLUTEN,SANTA ISABEL,Despensa,6960.0,0
NATUREZZA,SANTA ISABEL,Despensa,1170.0,0
MAGGI,SANTA ISABEL,Despensa,600.0,0
QUAKER,SANTA ISABEL,Despensa,3730.0,0
EXOTIC FOOD,SANTA ISABEL,Despensa,1043.0,0
CUISINE & CO,SANTA ISABEL,Despensa,1990.0,0
CARMENCITA,SANTA ISABEL,Despensa,1890.0,0
AMBROSOLI,SANTA ISABEL,Lacteos y Congelados,950.0,0
VIVO,SANTA ISABEL,Lacteos y Congelados,870.0,0
AMBROSOLI,SANTA ISABEL,Lacteos y Congelados,950.0,0
CUISINE & CO,SANTA ISABEL,Lacteos y Congelados,1110.0,0
VIVO,SANTA ISABEL,Lacteos y Congelados,870.0,0
CUISINE & CO,SANTA ISABEL,Despensa,970.0,0
AMBROSOLI,SANTA ISABEL,Despensa,1280.0,0
THE WILD FOODS,SANTA ISABEL,Despensa,4990.0,0
SOPROLE,SANTA ISABEL,Despensa,4840.0,0
SAN JOSE,SANTA ISABEL,Despensa,1970.0,0
CUISINE & CO,SANTA ISABEL,Despensa,3430.0,0
OLAVE,SANTA ISABEL,Despensa,15890.0,0
CUISINE & CO,SANTA ISABEL,Despensa,1360.0,0
ANGELMO,SANTA ISABEL,Despensa,2120.0,0
MONT BLANC,SANTA ISABEL,Despensa,6630.0,0
CUISINE & CO,SANTA ISABEL,Despensa,540.0,0
CUISINE & CO,SANTA ISABEL,Despensa,1490.0,0
CAROZZI,SANTA ISABEL,Despensa,790.0,0
GOURMET,SANTA ISABEL,Despensa,750.0,0
CUISINE & CO,SANTA ISABEL,Despensa,1520.0,0
GOURMET,SANTA ISABEL,Despensa,2130.0,0
TRAVERSO,SANTA ISABEL,Despensa,4290.0,0
CUISINE & CO,SANTA ISABEL,Despensa,790.0,0
CUISINE & CO,SANTA ISABEL,Despensa,410.0,0
MI TIERRA,SANTA ISABEL,Despensa,1390.0,0
VIVO,SANTA ISABEL,Despensa,2850.0,0
LA MOLISANA,SANTA ISABEL,Despensa,1294.0,0
JB,SANTA ISABEL,Despensa,1610.0,0
CAROZZI,SANTA ISABEL,Despensa,1190.0,0
NESCAFE,SANTA ISABEL,Despensa,1790.0,0
CUISINE & CO,SANTA ISABEL,Despensa,540.0,0
ROBINSON CRUSOE,SANTA ISABEL,Despensa,3690.0,0
GOURMET,SANTA ISABEL,Despensa,860.0,0
CUISINE & CO,SANTA ISABEL,Despensa,4950.0,0
CUISINE & CO,SANTA ISABEL,Despensa,2180.0,0
DOS CABALLOS,SANTA ISABEL,Despensa,2550.0,0
THE WILD FOODS,SANTA ISABEL,Despensa,4990.0,0
GOURMET,SANTA ISABEL,Despensa,700.0,0
MARTINI,SANTA ISABEL,Despensa,1240.0,0
DON JUAN,SANTA ISABEL,Despensa,2070.0,0
MILO,SANTA ISABEL,Despensa,3490.0,0
CHOCAPIC,SANTA ISABEL,Despensa,3490.0,0
IANSA AGRO,SANTA ISABEL,Despensa,1450.0,0
CUISINE & CO,SANTA ISABEL,Despensa,3290.0,0
KRUGER,SANTA ISABEL,Despensa,3890.0,0
GOURMET,SANTA ISABEL,Lacteos y Congelados,830.0,0
GOURMET,SANTA ISABEL,Lacteos y Congelados,830.0,0
MAGGI,SANTA ISABEL,Lacteos y Congelados,1490.0,0
GOURMET,SANTA ISABEL,Lacteos y Congelados,830.0,0
MAGGI,SANTA ISABEL,Lacteos y Congelados,900.0,0
CUISINE & CO,SANTA ISABEL,Despensa,970.0,0
TRAVERSO,SANTA ISABEL,Despensa,4150.0,0
KRAFT,SANTA ISABEL,Despensa,12490.0,0
MIRAFLORES,SANTA ISABEL,Despensa,1150.0,0
GOURMET,SANTA ISABEL,Despensa,320.0,0
MAGGI,SANTA ISABEL,Despensa,860.0,0
LONCOLECHE,SANTA ISABEL,Despensa,2000.0,0
HELLMANNS,SANTA ISABEL,Despensa,3490.0,0
MARTINI,SANTA ISABEL,Despensa,1860.0,0
SOPROLE,SANTA ISABEL,Despensa,1860.0,0
ESMERALDA,SANTA ISABEL,Despensa,2190.0,0
CUISINE & CO,SANTA ISABEL,Despensa,2590.0,0
LOBOS,SANTA ISABEL,Despensa,2280.0,0
DAILY,SANTA ISABEL,Despensa,2232.0,0
JUAN VALDEZ,SANTA ISABEL,Despensa,20270.0,0
KRAFT,SANTA ISABEL,Despensa,1000.0,0
WASIL,SANTA ISABEL,Despensa,1990.0,0
MAGGI,SANTA ISABEL,Despensa,5690.0,0
SUPREMO,SANTA ISABEL,Despensa,5710.0,0
BARILLA,SANTA ISABEL,Despensa,4670.0,0
MAGGI,SANTA ISABEL,Despensa,970.0,0
MI TIERRA,SANTA ISABEL,Despensa,1570.0,0
CLUB,SANTA ISABEL,Despensa,2350.0,0
VIOLA,SANTA ISABEL,Despensa,5290.0,0
GOURMET,SANTA ISABEL,Despensa,750.0,0
GOURMET,SANTA ISABEL,Despensa,2690.0,0
CUISINE & CO,SANTA ISABEL,Despensa,540.0,0
CAROZZI,SANTA ISABEL,Despensa,690.0,0
CUISINE & CO,SANTA ISABEL,Despensa,7850.0,0
LOBOS,SANTA ISABEL,Despensa,1720.0,0
WASIL,SANTA ISABEL,Despensa,1820.0,0
VIVO,SANTA ISABEL,Despensa,870.0,0
GOURMET,SANTA ISABEL,Despensa,840.0,0
DAILY SWEET,SANTA ISABEL,Despensa,3072.0,0
CUISINE & CO,SANTA ISABEL,Despensa,1460.0,0
TIA LIA,SANTA ISABEL,Despensa,950.0,0
TIA LIA,SANTA ISABEL,Despensa,830.0,0
OLITALIA,SANTA ISABEL,Despensa,7990.0,0
GOURMET,SANTA ISABEL,Despensa,860.0,0
CUISINE & CO,SANTA ISABEL,Despensa,540.0,0
LA MOLISANA,SANTA ISABEL,Despensa,1684.0,0
DAILY,SANTA ISABEL,Despensa,3840.0,0
CUISINE & CO,SANTA ISABEL,Despensa,3490.0,0
CUISINE & CO,SANTA ISABEL,Despensa,1490.0,0
PILLOWS,SANTA ISABEL,Despensa,2890.0,0
NOTCO,SANTA ISABEL,Despensa,1990.0,0
LOS BOLDOS,SANTA ISABEL,Despensa,3800.0,0
GOURMET,SANTA ISABEL,Despensa,840.0,0
LA ESPAÑOLA,SANTA ISABEL,Despensa,3990.0,0
CUISINE & CO,SANTA ISABEL,Despensa,1080.0,0
CUISINE & CO,SANTA ISABEL,Despensa,790.0,0
OLITALIA,SANTA ISABEL,Despensa,4690.0,0
WASIL,SANTA ISABEL,Despensa,2690.0,0
GOURMET,SANTA ISABEL,Despensa,2380.0,0
ROBINSON CRUSOE,SANTA ISABEL,Despensa,2890.0,0
QUAKER,SANTA ISABEL,Despensa,2130.0,0
DILMAH,SANTA ISABEL,Despensa,2550.0,0
OSO,SANTA ISABEL,Despensa,1300.0,0
GOURMET,SANTA ISABEL,Despensa,750.0,0
OSO,SANTA ISABEL,Despensa,1470.0,0
ROBINSON CRUSOE,SANTA ISABEL,Despensa,4360.0,0
LUCCHETTI,SANTA ISABEL,Despensa,2340.0,0
MAILEMU,SANTA ISABEL,Despensa,3900.0,0
EN LINEA,SANTA ISABEL,Despensa,2890.0,0
CUISINE & CO,SANTA ISABEL,Despensa,970.0,0
TRAPENSE,SANTA ISABEL,Despensa,2690.0,0
ACONCAGUA,SANTA ISABEL,Despensa,2690.0,0
TRAVERSO,SANTA ISABEL,Despensa,2190.0,0
CUISINE & CO,SANTA ISABEL,Despensa,1080.0,0
CUISINE & CO,SANTA ISABEL,Despensa,1750.0,0
YOUR GOAL,SANTA ISABEL,Despensa,6990.0,0
CUISINE & CO,SANTA ISABEL,Despensa,2990.0,0
AMBROSOLI,SANTA ISABEL,Despensa,1260.0,0
WASIL,SANTA ISABEL,Despensa,1190.0,0
QUAKER,SANTA ISABEL,Lacteos y Congelados,2080.0,0
HEINZ,SANTA ISABEL,Despensa,4050.0,0
VITTA,SANTA ISABEL,Despensa,6230.0,0
TUCAPEL,SANTA ISABEL,Despensa,2340.0,0
MAGGI,SANTA ISABEL,Despensa,1090.0,0
SOPROLE,SANTA ISABEL,Despensa,5950.0,0
CAROZZI,SANTA ISABEL,Lacteos y Congelados,1690.0,0
GOURMET,SANTA ISABEL,Lacteos y Congelados,2760.0,0
BANQUETE,SANTA ISABEL,Lacteos y Congelados,2650.0,0
MI TIERRA,SANTA ISABEL,Lacteos y Congelados,2860.0,0
MI TIERRA,SANTA ISABEL,Despensa,6090.0,0
BARILLA,SANTA ISABEL,Despensa,5610.0,0
NATURA,SANTA ISABEL,Despensa,5710.0,0
IANSA AGRO,SANTA ISABEL,Despensa,2890.0,0
ROBINSON CRUSOE,SANTA ISABEL,Despensa,4360.0,0
NESCAFE,SANTA ISABEL,Despensa,6290.0,0
GOURMET,SANTA ISABEL,Despensa,2650.0,0
OSO,SANTA ISABEL,Despensa,850.0,0
SOPROLE,SANTA ISABEL,Despensa,8520.0,0
TALLIANI,SANTA ISABEL,Despensa,1000.0,0
MAGGI,SANTA ISABEL,Despensa,530.0,0
GOURMET,SANTA ISABEL,Despensa,1250.0,0
GOURMET,SANTA ISABEL,Despensa,690.0,0
FERRERO,SANTA ISABEL,Despensa,4460.0,0
DOS CABALLOS,SANTA ISABEL,Despensa,3250.0,0
ZUCOSOS,SANTA ISABEL,Despensa,6130.0,0
KRAFT,SANTA ISABEL,Despensa,4990.0,0
LUCCHETTI,SANTA ISABEL,Despensa,1130.0,0
PLAYADITO,SANTA ISABEL,Despensa,3493.0,0
CUISINE & CO,SANTA ISABEL,Despensa,4590.0,0
JUAN VALDEZ,SANTA ISABEL,Despensa,13930.0,0
CAROZZI,SANTA ISABEL,Despensa,1340.0,0
GOURMET,SANTA ISABEL,Despensa,6850.0,0
SAMUI,SANTA ISABEL,Despensa,1832.0,0
SUPREMO,SANTA ISABEL,Despensa,4190.0,0
CUISINE & CO,SANTA ISABEL,Despensa,3310.0,0
COCALAN,SANTA ISABEL,Despensa,6960.0,0
MIRAFLORES,SANTA ISABEL,Despensa,2280.0,0
WASIL,SANTA ISABEL,Despensa,3320.0,0
COSTA,SANTA ISABEL,Despensa,1690.0,0
CUISINE & CO,SANTA ISABEL,Despensa,1750.0,0
NESTLE,SANTA ISABEL,Despensa,2590.0,0
NESCAFE,SANTA ISABEL,Despensa,9350.0,0
DEYCO,SANTA ISABEL,Despensa,1690.0,0
CUISINE & CO,SANTA ISABEL,Despensa,1790.0,0
MAGGI,SANTA ISABEL,Despensa,970.0,0
KUNSTMANN,SANTA ISABEL,Despensa,1240.0,0
CUISINE & CO,SANTA ISABEL,Despensa,4250.0,0
CAROZZI,SANTA ISABEL,Despensa,1190.0,0
CUISINE & CO,SANTA ISABEL,Despensa,2190.0,0
CARMENCITA,SANTA ISABEL,Despensa,1690.0,0
LOBOS,SANTA ISABEL,Despensa,990.0,0
MALLOA,SANTA ISABEL,Lacteos y Congelados,4290.0,0
POMAROLA,SANTA ISABEL,Lacteos y Congelados,3190.0,0
LUCCHETTI,SANTA ISABEL,Lacteos y Congelados,3830.0,0
CUISINE & CO,SANTA ISABEL,Lacteos y Congelados,2490.0,0
CAROZZI,SANTA ISABEL,Lacteos y Congelados,960.0,0
CUISINE & CO,SANTA ISABEL,Despensa,4590.0,0
LIPTON,SANTA ISABEL,Despensa,1720.0,0
SUPREMO,SANTA ISABEL,Despensa,3390.0,0
GOURMET,SANTA ISABEL,Despensa,3210.0,0
SAN JOSE,SANTA ISABEL,Despensa,1860.0,0
JB,SANTA ISABEL,Despensa,1730.0,0
MANI KING,SANTA ISABEL,Despensa,2190.0,0
TAJIN,SANTA ISABEL,Despensa,6590.0,0
MAGGI,SANTA ISABEL,Despensa,1090.0,0
CUISINE & CO,SANTA ISABEL,Despensa,1990.0,0
LA VIEJA FABRICA,SANTA ISABEL,Despensa,2990.0,0
MAGGI,SANTA ISABEL,Despensa,530.0,0
KUHNE,SANTA ISABEL,Despensa,3490.0,0
MARUCHAN,SANTA ISABEL,Despensa,1330.0,0
CUISINE & CO,SANTA ISABEL,Despensa,3340.0,0
ROBINSON CRUSOE,SANTA ISABEL,Despensa,2090.0,0
BIOSAL,SANTA ISABEL,Despensa,1450.0,0
LUCCHETTI,SANTA ISABEL,Despensa,1610.0,0
VIOLA,SANTA ISABEL,Despensa,5290.0,0
MAGGI,SANTA ISABEL,Despensa,850.0,0
IMPORTADO JUMBO,SANTA ISABEL,Despensa,12490.0,0
CUISINE & CO,SANTA ISABEL,Despensa,540.0,0
TUCAPEL,SANTA ISABEL,Despensa,1750.0,0
MAGGI,SANTA ISABEL,Despensa,1190.0,0
TRAVERSO,SANTA ISABEL,Despensa,1790.0,0
GOURMET,SANTA ISABEL,Despensa,830.0,0
TRAVERSO,SANTA ISABEL,Despensa,630.0,0
TRAVERSO,SANTA ISABEL,Despensa,3150.0,0
MAGGI,SANTA ISABEL,Despensa,1090.0,0
GOURMET,SANTA ISABEL,Despensa,4360.0,0
TRIX,SANTA ISABEL,Despensa,6130.0,0
WASIL,SANTA ISABEL,Despensa,3530.0,0
CUISINE & CO,SANTA ISABEL,Despensa,970.0,0
WATTS,SANTA ISABEL,Despensa,3790.0,0
AMBROSOLI,SANTA ISABEL,Despensa,1230.0,0
MAMMA MIA,SANTA ISABEL,Despensa,950.0,0
GOURMET,SANTA ISABEL,Despensa,3530.0,0
IANSA CERO K,SANTA ISABEL,Despensa,4000.0,0
CUISINE & CO,SANTA ISABEL,Despensa,1864.0,0
HELLMANNS,SANTA ISABEL,Despensa,670.0,0
KRAFT,SANTA ISABEL,Lacteos y Congelados,6990.0,0
NESCAFE DOLCE GUSTO,SANTA ISABEL,Lacteos y Congelados,4790.0,0
NESCAFE DOLCE GUSTO,SANTA ISABEL,Lacteos y Congelados,4790.0,0
NESCAFE DOLCE GUSTO,SANTA ISABEL,Lacteos y Congelados,4790.0,0
NESCAFE DOLCE GUSTO,SANTA ISABEL,Lacteos y Congelados,4790.0,0
CUISINE & CO,SANTA ISABEL,Lacteos y Congelados,4590.0,0
CUISINE & CO,SANTA ISABEL,Despensa,1750.0,0
LOBOS,SANTA ISABEL,Despensa,1650.0,0
ESMERALDA,SANTA ISABEL,Despensa,3190.0,0
ROBINSON CRUSOE,SANTA ISABEL,Despensa,1490.0,0
MONT BLANC,SANTA ISABEL,Despensa,2130.0,0
TRAVERSO,SANTA ISABEL,Despensa,2490.0,0
CUISINE & CO,SANTA ISABEL,Despensa,1080.0,0
TUCAPEL,SANTA ISABEL,Despensa,1990.0,0
GOURMET,SANTA ISABEL,Despensa,670.0,0
GOURMET,SANTA ISABEL,Despensa,4880.0,0
TRAVERSO,SANTA ISABEL,Despensa,3650.0,0
KRUGER,SANTA ISABEL,Despensa,2490.0,0
LIVEAN,SANTA ISABEL,Despensa,560.0,0
TRAVERSO,SANTA ISABEL,Despensa,1820.0,0
WASIL,SANTA ISABEL,Despensa,2440.0,0
GOURMET,SANTA ISABEL,Despensa,1450.0,0
DON JUAN,SANTA ISABEL,Despensa,1450.0,0
TRIX,SANTA ISABEL,Despensa,3490.0,0
AMBROSOLI,SANTA ISABEL,Despensa,590.0,0
GOURMET,SANTA ISABEL,Despensa,440.0,0
DAILY,SANTA ISABEL,Despensa,2380.0,0
ANGELMO,SANTA ISABEL,Despensa,2152.0,0
MAGGI,SANTA ISABEL,Despensa,530.0,0
GOURMET,SANTA ISABEL,Despensa,330.0,0
CUISINE & CO,SANTA ISABEL,Despensa,870.0,0
GOURMET,SANTA ISABEL,Despensa,1820.0,0
HELLMANNS,SANTA ISABEL,Despensa,3690.0,0
GOURMET,SANTA ISABEL,Despensa,3790.0,0
ROBINSON CRUSOE,SANTA ISABEL,Despensa,1690.0,0
CUISINE & CO,SANTA ISABEL,Despensa,3990.0,0
GOURMET,SANTA ISABEL,Despensa,1950.0,0
LIPTON,SANTA ISABEL,Despensa,2990.0,0
LA MOLISANA,SANTA ISABEL,Despensa,1294.0,0
KRUGER,SANTA ISABEL,Despensa,2490.0,0
LA VIEJA FABRICA,SANTA ISABEL,Despensa,2990.0,0
VIVO,SANTA ISABEL,Despensa,2990.0,0
MAGGI,SANTA ISABEL,Despensa,1090.0,0
CHOCAPIC,SANTA ISABEL,Despensa,560.0,0
IANSA AGRO,SANTA ISABEL,Despensa,3420.0,0
CUISINE & CO,SANTA ISABEL,Despensa,4590.0,0
LECHE SUR,SANTA ISABEL,Lacteos y Congelados,1650.0,0
NESTLE,SANTA ISABEL,Lacteos y Congelados,2030.0,0
GLORIA,SANTA ISABEL,Lacteos y Congelados,1860.0,0
NESTLE,SANTA ISABEL,Lacteos y Congelados,1970.0,0
NESTLE,SANTA ISABEL,Lacteos y Congelados,1390.0,0
HELLMANNS,SANTA ISABEL,Despensa,970.0,0
GOURMET,SANTA ISABEL,Despensa,2550.0,0
PASSAGE FOODS,SANTA ISABEL,Despensa,2490.0,0
GOURMET,SANTA ISABEL,Despensa,750.0,0
ACONCAGUA,SANTA ISABEL,Despensa,2290.0,0
IANSA AGRO,SANTA ISABEL,Despensa,1570.0,0
KRUGER,SANTA ISABEL,Despensa,2490.0,0
CUISINE & CO,SANTA ISABEL,Despensa,1190.0,0
SELECTA,SANTA ISABEL,Despensa,2070.0,0
ACONCAGUA,SANTA ISABEL,Despensa,1290.0,0
CUISINE & CO,SANTA ISABEL,Despensa,1890.0,0
ESMERALDA,SANTA ISABEL,Despensa,2860.0,0
NESTLE,SANTA ISABEL,Despensa,4980.0,0
JB,SANTA ISABEL,Despensa,1610.0,0
GOURMET,SANTA ISABEL,Despensa,2690.0,0
CUISINE & CO,SANTA ISABEL,Despensa,4250.0,0
CUISINE & CO,SANTA ISABEL,Despensa,590.0,0
REGIMEL,SANTA ISABEL,Despensa,1550.0,0
TIA LIA,SANTA ISABEL,Despensa,920.0,0
VIGILANTE,SANTA ISABEL,Despensa,2290.0,0
LONCOLECHE,SANTA ISABEL,Despensa,1580.0,0
QUAKER,SANTA ISABEL,Despensa,2130.0,0
GOURMET,SANTA ISABEL,Despensa,2900.0,0
HELLMANNS,SANTA ISABEL,Despensa,3070.0,0
GOURMET,SANTA ISABEL,Despensa,2240.0,0
MUTTI,SANTA ISABEL,Despensa,2018.0,0
ALUSWEET,SANTA ISABEL,Despensa,4360.0,0
GOURMET,SANTA ISABEL,Despensa,2960.0,0
LA MERCED,SANTA ISABEL,Despensa,5440.0,0
GOURMET,SANTA ISABEL,Despensa,2380.0,0
BANQUETE,SANTA ISABEL,Despensa,3190.0,0
MARUCHAN,SANTA ISABEL,Despensa,1340.0,0
VILAY,SANTA ISABEL,Despensa,1510.0,0
LA COSTEÑA,SANTA ISABEL,Despensa,2070.0,0
MELITTA,SANTA ISABEL,Despensa,1660.0,0
JUAN VALDEZ,SANTA ISABEL,Despensa,13930.0,0
ECKART,SANTA ISABEL,Despensa,2590.0,0
COLUN,SANTA ISABEL,Despensa,5990.0,0
TRAVERSO,SANTA ISABEL,Despensa,1450.0,0
LUCCHETTI,SANTA ISABEL,Despensa,1130.0,0
LIVEAN,SANTA ISABEL,Despensa,560.0,0
JB,SANTA ISABEL,Lacteos y Congelados,2390.0,0
HELLMANNS,SANTA ISABEL,Lacteos y Congelados,3450.0,0
JB,SANTA ISABEL,Lacteos y Congelados,1830.0,0
HEINZ,SANTA ISABEL,Lacteos y Congelados,4050.0,0
KRAFT,SANTA ISABEL,Lacteos y Congelados,3390.0,0
KRUGER,SANTA ISABEL,Despensa,2490.0,0
GOURMET,SANTA ISABEL,Despensa,680.0,0
TARAGUI,SANTA ISABEL,Despensa,4880.0,0
SOUL BAR,SANTA ISABEL,Despensa,2990.0,0
GOURMET,SANTA ISABEL,Despensa,670.0,0
SUK,SANTA ISABEL,Despensa,3010.0,0
GOURMET,SANTA ISABEL,Despensa,2230.0,0
GOURMET,SANTA ISABEL,Despensa,3490.0,0
MAGGI,SANTA ISABEL,Despensa,850.0,0
CUISINE & CO,SANTA ISABEL,Despensa,1360.0,0
MAGGI,SANTA ISABEL,Despensa,850.0,0
GOURMET,SANTA ISABEL,Despensa,830.0,0
ROBINSON CRUSOE,SANTA ISABEL,Despensa,2030.0,0
CUISINE & CO,SANTA ISABEL,Despensa,570.0,0
MARLEY COFFEE,SANTA ISABEL,Despensa,4890.0,0
CUISINE & CO,SANTA ISABEL,Despensa,3890.0,0
DOLCEZZE,SANTA ISABEL,Despensa,5990.0,0
EN LINEA,SANTA ISABEL,Despensa,3010.0,0
GOURMET,SANTA ISABEL,Despensa,2650.0,0
NO+GLUTEN,SANTA ISABEL,Despensa,4570.0,0
CUISINE & CO,SANTA ISABEL,Despensa,1350.0,0
GOURMET,SANTA ISABEL,Despensa,2690.0,0
CUISINE & CO,SANTA ISABEL,Despensa,1790.0,0
TABASCO,SANTA ISABEL,Despensa,4590.0,0
NESTLE,SANTA ISABEL,Despensa,3940.0,0
MARLEY COFFEE,SANTA ISABEL,Despensa,12470.0,0
TARAGUI,SANTA ISABEL,Despensa,1860.0,0
COLA CAO,SANTA ISABEL,Despensa,2890.0,0
LUCCHETTI,SANTA ISABEL,Despensa,1610.0,0
TUCAPEL,SANTA ISABEL,Despensa,1750.0,0
AMBROSOLI,SANTA ISABEL,Despensa,3840.0,0
COLA CAO,SANTA ISABEL,Despensa,2450.0,0
STARBUCKS BY NESPRESSO,SANTA ISABEL,Despensa,6650.0,0
IANSA AGRO,SANTA ISABEL,Despensa,4770.0,0
CUISINE & CO,SANTA ISABEL,Lacteos y Congelados,480.0,0
YOUR GOAL,SANTA ISABEL,Despensa,9660.0,0
GOURMET,SANTA ISABEL,Despensa,2650.0,0
CUISINE & CO,SANTA ISABEL,Despensa,4590.0,0
COLLICO,SANTA ISABEL,Despensa,4460.0,0
KRUGER,SANTA ISABEL,Despensa,2490.0,0
GOURMET,SANTA ISABEL,Despensa,6490.0,0
NESCAFE,SANTA ISABEL,Lacteos y Congelados,3290.0,0
NESCAFE,SANTA ISABEL,Lacteos y Congelados,3290.0,0
NESCAFE,SANTA ISABEL,Lacteos y Congelados,3290.0,0
MONTERREY,SANTA ISABEL,Lacteos y Congelados,4290.0,0
GOLD,SANTA ISABEL,Lacteos y Congelados,2990.0,0
FITNESS,SANTA ISABEL,Despensa,650.0,0
GOURMET,SANTA ISABEL,Despensa,3940.0,0
CUISINE & CO,SANTA ISABEL,Despensa,3430.0,0
WASIL,SANTA ISABEL,Despensa,4250.0,0
KIKKOMAN,SANTA ISABEL,Despensa,7750.0,0
GOURMET,SANTA ISABEL,Despensa,3330.0,0
CUISINE & CO,SANTA ISABEL,Despensa,640.0,0
PANCHO VILLA,SANTA ISABEL,Despensa,1400.0,0
THE WILD FOODS,SANTA ISABEL,Despensa,5090.0,0
NOTCO,SANTA ISABEL,Despensa,6650.0,0
CUISINE & CO,SANTA ISABEL,Despensa,2350.0,0
CIRIO,SANTA ISABEL,Despensa,4190.0,0
CUISINE & CO,SANTA ISABEL,Despensa,1890.0,0
LA COMADRE,SANTA ISABEL,Despensa,3990.0,0
POMAROLA,SANTA ISABEL,Despensa,2860.0,0
EXOTIC FOOD,SANTA ISABEL,Despensa,1533.0,0
OSO,SANTA ISABEL,Despensa,2860.0,0
THAI,SANTA ISABEL,Despensa,4050.0,0
GOURMET,SANTA ISABEL,Despensa,2550.0,0
GOURMET,SANTA ISABEL,Despensa,4350.0,0
CUISINE & CO,SANTA ISABEL,Despensa,2990.0,0
CUISINE & CO,SANTA ISABEL,Despensa,2170.0,0
ZUCOSOS,SANTA ISABEL,Despensa,3490.0,0
HEINZ,SANTA ISABEL,Despensa,5990.0,0
GOURMET,SANTA ISABEL,Despensa,610.0,0
NATUREZZA,SANTA ISABEL,Despensa,980.0,0
TRIX,SANTA ISABEL,Despensa,3900.0,0
GOURMET,SANTA ISABEL,Despensa,1760.0,0
GOURMET,SANTA ISABEL,Despensa,2590.0,0
GOURMET,SANTA ISABEL,Despensa,1450.0,0
ALACENA,SANTA ISABEL,Despensa,5400.0,0
GOURMET,SANTA ISABEL,Despensa,860.0,0
TRAVERSO,SANTA ISABEL,Despensa,2490.0,0
CUISINE & CO,SANTA ISABEL,Despensa,2350.0,0
WASIL,SANTA ISABEL,Despensa,2440.0,0
MARLEY COFFEE,SANTA ISABEL,Despensa,14650.0,0
DON JUAN,SANTA ISABEL,Despensa,1430.0,0
GOURMET,SANTA ISABEL,Despensa,650.0,0
JUAN VALDEZ,SANTA ISABEL,Despensa,21730.0,0
MAGGI,SANTA ISABEL,Despensa,860.0,0
CHOCAPIC,SANTA ISABEL,Lacteos y Congelados,4990.0,0
CHOCAPIC,SANTA ISABEL,Lacteos y Congelados,2690.0,0
ZUCOSOS,SANTA ISABEL,Lacteos y Congelados,2690.0,0
COSTA,SANTA ISABEL,Lacteos y Congelados,3490.0,0
MILO,SANTA ISABEL,Lacteos y Congelados,4990.0,0
MAGGI,SANTA ISABEL,Despensa,770.0,0
GOURMET,SANTA ISABEL,Despensa,2170.0,0
SELECTA,SANTA ISABEL,Despensa,2350.0,0
MAVESA,SANTA ISABEL,Despensa,4690.0,0
MARUCHAN,SANTA ISABEL,Despensa,1840.0,0
NUTELLA,SANTA ISABEL,Despensa,6390.0,0
SPECIA,SANTA ISABEL,Despensa,7270.0,0
CUISINE & CO,SANTA ISABEL,Despensa,2790.0,0
CUISINE & CO,SANTA ISABEL,Despensa,3490.0,0
WASIL,SANTA ISABEL,Despensa,5400.0,0
CUISINE & CO,SANTA ISABEL,Despensa,2890.0,0
NATURALIST,SANTA ISABEL,Despensa,3486.0,0
GOURMET,SANTA ISABEL,Despensa,610.0,0
CUISINE & CO,SANTA ISABEL,Despensa,1330.0,0
HELLMANNS,SANTA ISABEL,Despensa,2820.0,0
CUISINE & CO,SANTA ISABEL,Despensa,6390.0,0
LUCCHETTI,SANTA ISABEL,Despensa,2490.0,0
HEINZ,SANTA ISABEL,Despensa,5890.0,0
BETTY CROCKER,SANTA ISABEL,Despensa,4830.0,0
IANSA AGRO,SANTA ISABEL,Despensa,3420.0,0
IANSA AGRO,SANTA ISABEL,Despensa,3420.0,0
ALACENA,SANTA ISABEL,Despensa,7580.0,0
YOUR GOAL,SANTA ISABEL,Despensa,7370.0,0
CUISINE & CO,SANTA ISABEL,Despensa,1490.0,0
CUISINE & CO,SANTA ISABEL,Despensa,1790.0,0
IANSA CERO K,SANTA ISABEL,Despensa,5050.0,0
CRUZEIRO,SANTA ISABEL,Despensa,3190.0,0
MUTTI,SANTA ISABEL,Despensa,2168.0,0
GOURMET,SANTA ISABEL,Despensa,2130.0,0
HELLMANNS,SANTA ISABEL,Despensa,3010.0,0
CHINO,SANTA ISABEL,Lacteos y Congelados,6440.0,0
IANSA AGRO,SANTA ISABEL,Despensa,2530.0,0
CUISINE & CO,SANTA ISABEL,Despensa,4230.0,0
MAXIMA,SANTA ISABEL,Despensa,6520.0,0
LOS BOLDOS,SANTA ISABEL,Despensa,3800.0,0
KIKKOMAN,SANTA ISABEL,Despensa,6550.0,0
MOTHERS MAID,SANTA ISABEL,Despensa,4590.0,0
SAN JOSE,SANTA ISABEL,Despensa,1860.0,0
TIA LIA,SANTA ISABEL,Despensa,950.0,0
CUISINE & CO,SANTA ISABEL,Despensa,2990.0,0
MAGGI,SANTA ISABEL,Lacteos y Congelados,630.0,0
MAGGI,SANTA ISABEL,Lacteos y Congelados,680.0,0
MAGGI,SANTA ISABEL,Lacteos y Congelados,630.0,0
MAGGI,SANTA ISABEL,Lacteos y Congelados,630.0,0
MAGGI,SANTA ISABEL,Lacteos y Congelados,680.0,0
IANSA CERO K,SANTA ISABEL,Despensa,3390.0,0
CARMENCITA,SANTA ISABEL,Despensa,1690.0,0
GOURMET,SANTA ISABEL,Despensa,610.0,0
TRAVERSO,SANTA ISABEL,Despensa,1790.0,0
CLUB,SANTA ISABEL,Despensa,4360.0,0
IMPERATORE,SANTA ISABEL,Despensa,3070.0,0
GOLD,SANTA ISABEL,Despensa,4490.0,0
GOURMET,SANTA ISABEL,Despensa,2130.0,0
GOURMET,SANTA ISABEL,Despensa,610.0,0
GOURMET,SANTA ISABEL,Despensa,1450.0,0
PERFECT CHOICE,SANTA ISABEL,Despensa,2860.0,0
CUISINE & CO,SANTA ISABEL,Despensa,1790.0,0
HELLMANNS,SANTA ISABEL,Despensa,1860.0,0
WAKAS,SANTA ISABEL,Despensa,2490.0,0
GOURMET,SANTA ISABEL,Despensa,2130.0,0
JUAN VALDEZ,SANTA ISABEL,Despensa,13930.0,0
CUISINE & CO,SANTA ISABEL,Despensa,990.0,0
KELLOGGS,SANTA ISABEL,Despensa,2080.0,0
NESCAFE,SANTA ISABEL,Despensa,1790.0,0
COLUN,SANTA ISABEL,Despensa,6840.0,0
ACONCAGUA,SANTA ISABEL,Despensa,1290.0,0
GOURMET,SANTA ISABEL,Despensa,4990.0,0
KRAFT,SANTA ISABEL,Despensa,2690.0,0
GOURMET,SANTA ISABEL,Despensa,1250.0,0
NESTLE,SANTA ISABEL,Despensa,2070.0,0
TWININGS,SANTA ISABEL,Despensa,3320.0,0
ROBINSON CRUSOE,SANTA ISABEL,Despensa,2990.0,0
GOURMET,SANTA ISABEL,Despensa,1300.0,0
SUPREMO,SANTA ISABEL,Despensa,3390.0,0
CUISINE & CO,SANTA ISABEL,Despensa,3650.0,0
NOTCO,SANTA ISABEL,Despensa,6540.0,0
DEL FONCE,SANTA ISABEL,Despensa,3290.0,0
EN LINEA,SANTA ISABEL,Despensa,3110.0,0
THE WILD FOODS,SANTA ISABEL,Despensa,5090.0,0
ROBINSON CRUSOE,SANTA ISABEL,Despensa,1950.0,0
CLUB,SANTA ISABEL,Despensa,3210.0,0
GOURMET,SANTA ISABEL,Despensa,2900.0,0
LIVEAN,SANTA ISABEL,Despensa,560.0,0
TALLIANI,SANTA ISABEL,Despensa,5090.0,0
CUISINE & CO,SANTA ISABEL,Despensa,1330.0,0
IANSA CERO K,SANTA ISABEL,Lacteos y Congelados,3850.0,0
DAILY,SANTA ISABEL,Lacteos y Congelados,3640.0,0
ALUSWEET,SANTA ISABEL,Lacteos y Congelados,3890.0,0
IANSA CERO K,SANTA ISABEL,Lacteos y Congelados,3790.0,0
IANSA CERO K,SANTA ISABEL,Lacteos y Congelados,3790.0,0
NUTELLA,SANTA ISABEL,Despensa,12490.0,0
GOURMET,SANTA ISABEL,Despensa,1300.0,0
TWININGS,SANTA ISABEL,Despensa,3320.0,0
DEYCO,SANTA ISABEL,Despensa,3320.0,0
MCCORMICK,SANTA ISABEL,Despensa,3190.0,0
ROBINSON CRUSOE,SANTA ISABEL,Despensa,2890.0,0
TAJIN,SANTA ISABEL,Despensa,7590.0,0
TABASCO,SANTA ISABEL,Despensa,7490.0,0
CHOVI,SANTA ISABEL,Despensa,7390.0,0
HELLMANNS,SANTA ISABEL,Despensa,3490.0,0
BICENTURY,SANTA ISABEL,Despensa,4390.0,0
PERFECT CHOICE,SANTA ISABEL,Despensa,4890.0,0
ACONCAGUA,SANTA ISABEL,Despensa,2250.0,0
TWININGS,SANTA ISABEL,Despensa,3320.0,0
IANSA CERO K,SANTA ISABEL,Despensa,2650.0,0
GOURMET,SANTA ISABEL,Despensa,1450.0,0
CUISINE & CO,SANTA ISABEL,Despensa,4060.0,0
CUISINE & CO,SANTA ISABEL,Despensa,3840.0,0
SPLENDA,SANTA ISABEL,Despensa,4590.0,0
STARBUCKS BY NESPRESSO,SANTA ISABEL,Despensa,6650.0,0
GOURMET,SANTA ISABEL,Despensa,3530.0,0
IANSA CERO K,SANTA ISABEL,Despensa,4050.0,0
GOURMET,SANTA ISABEL,Despensa,500.0,0
GOLD,SANTA ISABEL,Despensa,4490.0,0
BABY RAYS,SANTA ISABEL,Despensa,3190.0,0
QUILLAYES,SANTA ISABEL,Despensa,2990.0,0
COLA CAO,SANTA ISABEL,Despensa,3840.0,0
COLMENARES VILLA ALEMANA,SANTA ISABEL,Despensa,10600.0,0
COLUN,SANTA ISABEL,Despensa,7140.0,0
LIPTON,SANTA ISABEL,Despensa,2490.0,0
TRAVERSO,SANTA ISABEL,Despensa,2290.0,0
CUISINE & CO,SANTA ISABEL,Despensa,928.0,0
GOURMET,SANTA ISABEL,Despensa,1240.0,0
BEAR,SANTA ISABEL,Despensa,5810.0,0
GOURMET,SANTA ISABEL,Despensa,2650.0,0
MARUCHAN,SANTA ISABEL,Despensa,2230.0,0
CUISINE & CO,SANTA ISABEL,Despensa,2590.0,0
NESTLE,SANTA ISABEL,Despensa,4320.0,0
ALUSWEET,SANTA ISABEL,Despensa,8000.0,0
CUISINE & CO,SANTA ISABEL,Lacteos y Congelados,2990.0,0
CUISINE & CO,SANTA ISABEL,Lacteos y Congelados,3290.0,0
NUTELLA,SANTA ISABEL,Lacteos y Congelados,6790.0,0
AMERICAN CLASSIC,SANTA ISABEL,Lacteos y Congelados,2590.0,0
LA FUENTE NATURAL,SANTA ISABEL,Despensa,1950.0,0
GOURMET,SANTA ISABEL,Despensa,220.0,0
TRAVERSO,SANTA ISABEL,Despensa,1450.0,0
MCCORMICK,SANTA ISABEL,Despensa,7990.0,0
COLA CAO,SANTA ISABEL,Despensa,2450.0,0
ESMERALDA,SANTA ISABEL,Despensa,3210.0,0
WAKAS,SANTA ISABEL,Despensa,2490.0,0
TRAVERSO,SANTA ISABEL,Despensa,2490.0,0
NOTCO,SANTA ISABEL,Despensa,6590.0,0
DOS CABALLOS,SANTA ISABEL,Despensa,2550.0,0
GOURMET,SANTA ISABEL,Despensa,1760.0,0
GOURMET,SANTA ISABEL,Despensa,500.0,0
BABY RAYS,SANTA ISABEL,Despensa,3190.0,0
GOURMET,SANTA ISABEL,Despensa,500.0,0
PERFECT CHOICE,SANTA ISABEL,Despensa,3840.0,0
CUISINE & CO,SANTA ISABEL,Despensa,3490.0,0
TRAVERSO,SANTA ISABEL,Despensa,2190.0,0
CUISINE & CO,SANTA ISABEL,Despensa,990.0,0
MCCORMICK,SANTA ISABEL,Despensa,3990.0,0
GOURMET,SANTA ISABEL,Despensa,1290.0,0
EXOTIC FOOD,SANTA ISABEL,Despensa,1533.0,0
GOURMET,SANTA ISABEL,Despensa,2190.0,0
CARMENCITA,SANTA ISABEL,Despensa,1690.0,0
HEINZ,SANTA ISABEL,Despensa,7250.0,0
GOURMET,SANTA ISABEL,Despensa,2690.0,0
GOURMET,SANTA ISABEL,Despensa,710.0,0
AMBROSOLI,SANTA ISABEL,Despensa,3590.0,0
CHOVI,SANTA ISABEL,Despensa,3290.0,0
CUISINE & CO,SANTA ISABEL,Despensa,1190.0,0
BICENTURY,SANTA ISABEL,Despensa,4290.0,0
CUISINE & CO,SANTA ISABEL,Despensa,1330.0,0
HELLMANNS,SANTA ISABEL,Despensa,1510.0,0
TRAVERSO,SANTA ISABEL,Despensa,2170.0,0
CUISINE & CO,SANTA ISABEL,Despensa,3790.0,0
TWININGS,SANTA ISABEL,Despensa,3320.0,0
LA CRIOLLA,SANTA ISABEL,Despensa,3990.0,0
MARLEY COFFEE,SANTA ISABEL,Despensa,4890.0,0
NATUREZZA,SANTA ISABEL,Despensa,290.0,0
ST DALFOUR,SANTA ISABEL,Despensa,4980.0,0
CRUZEIRO,SANTA ISABEL,Despensa,3190.0,0
CUISINE & CO,SANTA ISABEL,Lacteos y Congelados,880.0,0
GOURMET,SANTA ISABEL,Lacteos y Congelados,1090.0,0
CUISINE & CO,SANTA ISABEL,Lacteos y Congelados,1350.0,0
GOURMET,SANTA ISABEL,Lacteos y Congelados,500.0,0
GOURMET,SANTA ISABEL,Lacteos y Congelados,1760.0,0
IANSA AGRO,SANTA ISABEL,Despensa,3420.0,0
CUISINE & CO,SANTA ISABEL,Despensa,3870.0,0
THE WILD FOODS,SANTA ISABEL,Despensa,1490.0,0
COLUN,SANTA ISABEL,Despensa,500.0,0
EN LINEA,SANTA ISABEL,Despensa,3110.0,0
CAROZZI,SANTA ISABEL,Despensa,2490.0,0
CHOCAPIC,SANTA ISABEL,Despensa,3420.0,0
LA COSTEÑA,SANTA ISABEL,Despensa,3010.0,0
CUISINE & CO,SANTA ISABEL,Despensa,3340.0,0
ROBINSON CRUSOE,SANTA ISABEL,Despensa,1950.0,0
SUPREMO,SANTA ISABEL,Despensa,3390.0,0
DAILY,SANTA ISABEL,Despensa,2530.0,0
DEYCO,SANTA ISABEL,Despensa,2690.0,0
CUISINE & CO,SANTA ISABEL,Despensa,3870.0,0
MONTECRISTO,SANTA ISABEL,Despensa,5490.0,0
ORGRAN,SANTA ISABEL,Despensa,4690.0,0
CUISINE & CO,SANTA ISABEL,Despensa,928.0,0
NATURALIST,SANTA ISABEL,Despensa,1684.0,0
NOTCO,SANTA ISABEL,Despensa,5190.0,0
PROVENZAL,SANTA ISABEL,Despensa,3070.0,0
LA COSTEÑA,SANTA ISABEL,Despensa,1820.0,0
CUISINE & CO,SANTA ISABEL,Despensa,928.0,0
EN LINEA,SANTA ISABEL,Despensa,2990.0,0
IANSA CERO K,SANTA ISABEL,Despensa,6230.0,0
CUISINE & CO,SANTA ISABEL,Despensa,3870.0,0
EXOTIC FOOD,SANTA ISABEL,Despensa,1533.0,0
LA FUENTE NATURAL,SANTA ISABEL,Despensa,2830.0,0
GOURMET,SANTA ISABEL,Despensa,700.0,0
DE CAMACHO,SANTA ISABEL,Despensa,2380.0,0
GOLD,SANTA ISABEL,Despensa,6928.0,0
CUISINE & CO,SANTA ISABEL,Despensa,4170.0,0
GOURMET,SANTA ISABEL,Despensa,3110.0,0
CUISINE & CO,SANTA ISABEL,Despensa,4050.0,0
SATURNO,SANTA ISABEL,Despensa,12490.0,0
COSTA,SANTA ISABEL,Despensa,3940.0,0
GOLD,SANTA ISABEL,Despensa,4490.0,0
GOURMET,SANTA ISABEL,Despensa,1760.0,0
CUISINE & CO,SANTA ISABEL,Despensa,3490.0,0
TRAVERSO,SANTA ISABEL,Despensa,3130.0,0
LA COSTEÑA,SANTA ISABEL,Despensa,3010.0,0
WASIL,SANTA ISABEL,Lacteos y Congelados,1490.0,0
WASIL,SANTA ISABEL,Lacteos y Congelados,1450.0,0
WASIL,SANTA ISABEL,Lacteos y Congelados,1450.0,0
WASIL,SANTA ISABEL,Lacteos y Congelados,2860.0,0
WASIL,SANTA ISABEL,Lacteos y Congelados,2860.0,0
CUISINE & CO,SANTA ISABEL,Despensa,3790.0,0
CARMENCITA,SANTA ISABEL,Despensa,3290.0,0
LOCOS X EL ASADO,SANTA ISABEL,Despensa,2730.0,0
CUISINE & CO,SANTA ISABEL,Despensa,1790.0,0
PANCHO VILLA,SANTA ISABEL,Despensa,3840.0,0
ACONCAGUA,SANTA ISABEL,Despensa,1150.0,0
IANSA CERO K,SANTA ISABEL,Despensa,4290.0,0
GOURMET,SANTA ISABEL,Despensa,2150.0,0
CUISINE & CO,SANTA ISABEL,Despensa,3240.0,0
ACONCAGUA,SANTA ISABEL,Despensa,1290.0,0
TRAVERSO,SANTA ISABEL,Despensa,3550.0,0
MILO,SANTA ISABEL,Despensa,3940.0,0
THE WILD FOODS,SANTA ISABEL,Despensa,17490.0,0
MAGGI,SANTA ISABEL,Despensa,1090.0,0
CUISINE & CO,SANTA ISABEL,Despensa,3690.0,0
HEINZ,SANTA ISABEL,Despensa,3840.0,0
GOURMET,SANTA ISABEL,Despensa,2550.0,0
CUISINE & CO,SANTA ISABEL,Despensa,3490.0,0
BEAR,SANTA ISABEL,Despensa,5590.0,0
GOURMET,SANTA ISABEL,Despensa,4770.0,0
KIKKOMAN,SANTA ISABEL,Despensa,4350.0,0
ORGRAN,SANTA ISABEL,Despensa,4290.0,0
DOS CABALLOS,SANTA ISABEL,Despensa,1790.0,0
CUISINE & CO,SANTA ISABEL,Despensa,990.0,0
ST DALFOUR,SANTA ISABEL,Despensa,4980.0,0
LA COSTEÑA,SANTA ISABEL,Despensa,1690.0,0
ACONCAGUA,SANTA ISABEL,Despensa,1200.0,0
LOS BOLDOS,SANTA ISABEL,Despensa,3790.0,0
TRAVERSO,SANTA ISABEL,Despensa,3890.0,0
NESCAFE DOLCE GUSTO,SANTA ISABEL,Despensa,5990.0,0
CRE-MOS,SANTA ISABEL,Despensa,1450.0,0
SPECIA,SANTA ISABEL,Despensa,6020.0,0
MAGGI,SANTA ISABEL,Despensa,950.0,0
THE WILD FOODS,SANTA ISABEL,Despensa,1490.0,0
IANSA AGRO,SANTA ISABEL,Despensa,2090.0,0
GOURMET,SANTA ISABEL,Despensa,2690.0,0
CUISINE & CO,SANTA ISABEL,Despensa,4170.0,0
CUISINE & CO,SANTA ISABEL,Despensa,3830.0,0
ALCAFOOD,SANTA ISABEL,Despensa,6850.0,0
MAGGI,SANTA ISABEL,Despensa,680.0,0
ALACENA,SANTA ISABEL,Despensa,7160.0,0
PASSAGE FOODS,SANTA ISABEL,Despensa,2490.0,0
DON JUAN,SANTA ISABEL,Despensa,1820.0,0
NOTCO,SANTA ISABEL,Despensa,3650.0,0
NOTCO,SANTA ISABEL,Despensa,3650.0,0
ACONCAGUA,SANTA ISABEL,Despensa,1290.0,0
TALLIANI,SANTA ISABEL,Despensa,2290.0,0
MCCORMICK,SANTA ISABEL,Despensa,3990.0,0
CUISINE & CO,SANTA ISABEL,Despensa,3640.0,0
UNDERWOOD,SANTA ISABEL,Despensa,4570.0,0
GOURMET,SANTA ISABEL,Despensa,4570.0,0
INFERNO,SANTA ISABEL,Despensa,2390.0,0
KIKKOMAN,SANTA ISABEL,Despensa,4790.0,0
ALACENA,SANTA ISABEL,Despensa,1000.0,0
LA COSTEÑA,SANTA ISABEL,Despensa,2960.0,0
CHOLULA,SANTA ISABEL,Despensa,3090.0,0
CUISINE & CO,SANTA ISABEL,Despensa,3790.0,0
INFERNO,SANTA ISABEL,Despensa,2440.0,0
INFERNO,SANTA ISABEL,Despensa,2440.0,0
GOURMET,SANTA ISABEL,Despensa,2290.0,0
LA COSTEÑA,SANTA ISABEL,Despensa,1820.0,0
QUILLAYES,SANTA ISABEL,Despensa,2990.0,0
CUISINE & CO,SANTA ISABEL,Despensa,3870.0,0
MI PLANTA MORRON,SANTA ISABEL,Despensa,2880.0,0
MI PLANTA MORRON,SANTA ISABEL,Despensa,2830.0,0
GOURMET,SANTA ISABEL,Despensa,4990.0,0
LA COSTEÑA,SANTA ISABEL,Despensa,1690.0,0
HEINZ,SANTA ISABEL,Despensa,3290.0,0
LA COSTEÑA,SANTA ISABEL,Despensa,2850.0,0
ACONCAGUA,SANTA ISABEL,Despensa,1200.0,0
NAKD,SANTA ISABEL,Despensa,5090.0,0
CUISINE & CO,SANTA ISABEL,Despensa,3790.0,0
ACONCAGUA,SANTA ISABEL,Despensa,1200.0,0
GOURMET,SANTA ISABEL,Despensa,4460.0,0
VIVO,SANTA ISABEL,Despensa,900.0,0
CUISINE & CO,SANTA ISABEL,Despensa,1790.0,0
SANTA ISABEL,SANTA ISABEL,Despensa,2250.0,0
LA COSTEÑA,SANTA ISABEL,Despensa,1990.0,0
CUISINE & CO,SANTA ISABEL,Despensa,3640.0,0
GOURMET,SANTA ISABEL,Despensa,2960.0,0
EXOTIC FOOD,SANTA ISABEL,Despensa,1533.0,0
MAXIMA,SANTA ISABEL,Despensa,1570.0,0
MCCORMICK,SANTA ISABEL,Despensa,1490.0,0
LOBOS,SANTA ISABEL,Despensa,2340.0,0
MILO,SANTA ISABEL,Despensa,3890.0,0
GOURMET,SANTA ISABEL,Despensa,1990.0,0
CUISINE & CO,SANTA ISABEL,Despensa,1790.0,0
CRE-MOS,SANTA ISABEL,Despensa,1450.0,0
MI PLANTA MORRON,SANTA ISABEL,Despensa,2830.0,0
CUISINE & CO,SANTA ISABEL,Despensa,1790.0,0
COSTA,SANTA ISABEL,Despensa,1350.0,0
CUISINE & CO,SANTA ISABEL,Despensa,4230.0,0
COSTA,SANTA ISABEL,Despensa,1350.0,0
GOURMET,SANTA ISABEL,Despensa,740.0,0
CUISINE & CO,SANTA ISABEL,Despensa,2390.0,0
COSTA,SANTA ISABEL,Despensa,1350.0,0
VIVO,SANTA ISABEL,Despensa,940.0,0
NAKD,SANTA ISABEL,Despensa,5290.0,0
GOURMET,SANTA ISABEL,Despensa,4550.0,0
CUISINE & CO,SANTA ISABEL,Despensa,3490.0,0
COLUN,SANTA ISABEL,Despensa,71880.0,0
GOURMET,SANTA ISABEL,Despensa,4730.0,0
ST DALFOUR,SANTA ISABEL,Despensa,4980.0,0
GOURMET,SANTA ISABEL,Despensa,4790.0,0
CUISINE & CO,SANTA ISABEL,Despensa,3190.0,0
GOURMET,SANTA ISABEL,Despensa,4670.0,0
KRAFT,SANTA ISABEL,Despensa,4090.0,0
LOCOS X EL ASADO,SANTA ISABEL,Despensa,2730.0,0
INFERNO,SANTA ISABEL,Despensa,2390.0,0
CUISINE & CO,SANTA ISABEL,Despensa,2390.0,0
LA COSTEÑA,SANTA ISABEL,Despensa,2850.0,0
CRE-MOS,SANTA ISABEL,Despensa,1450.0,0
NOTCO,SANTA ISABEL,Despensa,4190.0,0
MONT BLANC,SANTA ISABEL,Despensa,2130.0,0
NOTCO,SANTA ISABEL,Despensa,4190.0,0
CUISINE & CO,SANTA ISABEL,Despensa,1790.0,0
CUISINE & CO,SANTA ISABEL,Despensa,2390.0,0
GOURMET,SANTA ISABEL,Lacteos y Congelados,3220.0,0
CUISINE & CO,SANTA ISABEL,Lacteos y Congelados,2790.0,0
GOURMET,SANTA ISABEL,Lacteos y Congelados,3530.0,0
PEARL RIVER BRIDGE,SANTA ISABEL,Lacteos y Congelados,3190.0,0
DON JUAN,SANTA ISABEL,Lacteos y Congelados,1130.0,0
SAN JOSE,SANTA ISABEL,Lacteos y Congelados,1490.0,0
SAN JOSE,SANTA ISABEL,Lacteos y Congelados,1450.0,0
SAN JOSE,SANTA ISABEL,Lacteos y Congelados,1450.0,0
SAN JOSE,SANTA ISABEL,Lacteos y Congelados,1450.0,0
NESCAFE,SANTA ISABEL,Lacteos y Congelados,8790.0,0
CUISINE & CO,SANTA ISABEL,Lacteos y Congelados,990.0,0
MAXIMA,SANTA ISABEL,Lacteos y Congelados,1490.0,0
NESCAFE,SANTA ISABEL,Lacteos y Congelados,12990.0,0
SAN JOSE,SANTA ISABEL,Lacteos y Congelados,2190.0,0
CUISINE & CO,SANTA ISABEL,Lacteos y Congelados,970.0,0
IANSA,SANTA ISABEL,Lacteos y Congelados,990.0,0
CUISINE & CO,SANTA ISABEL,Lacteos y Congelados,2430.0,0
CHEF,SANTA ISABEL,Lacteos y Congelados,3560.0,0
BANQUETE,SANTA ISABEL,Lacteos y Congelados,1690.0,0
CAROZZI,SANTA ISABEL,Lacteos y Congelados,790.0,0
MIRAFLORES,SANTA ISABEL,Lacteos y Congelados,2000.0,0
CUISINE & CO,SANTA ISABEL,Lacteos y Congelados,1260.0,0
LUCCHETTI,SANTA ISABEL,Lacteos y Congelados,1050.0,0
TUCAPEL,SANTA ISABEL,Lacteos y Congelados,2350.0,0
TUCAPEL,SANTA ISABEL,Lacteos y Congelados,2000.0,0
CUISINE & CO,SANTA ISABEL,Lacteos y Congelados,1790.0,0
MONT BLANC,SANTA ISABEL,Lacteos y Congelados,1090.0,0
MAXIMA,SANTA ISABEL,Lacteos y Congelados,950.0,0
NESTLE,SANTA ISABEL,Lacteos y Congelados,1000.0,0
CAROZZI,SANTA ISABEL,Lacteos y Congelados,790.0,0
IANSA,SANTA ISABEL,Lacteos y Congelados,1420.0,0
MAXIMA,SANTA ISABEL,Lacteos y Congelados,950.0,0
CUISINE & CO,SANTA ISABEL,Lacteos y Congelados,840.0,0
LUCCHETTI,SANTA ISABEL,Lacteos y Congelados,1050.0,0
MAXIMA,SANTA ISABEL,Lacteos y Congelados,870.0,0
CHEF,SANTA ISABEL,Lacteos y Congelados,8990.0,0
MILDRED TEA,SANTA ISABEL,Lacteos y Congelados,2390.0,0
SUPREMO,SANTA ISABEL,Lacteos y Congelados,4890.0,0
CUISINE & CO,SANTA ISABEL,Lacteos y Congelados,840.0,0
NESTLE,SANTA ISABEL,Lacteos y Congelados,1290.0,0
CHEF,SANTA ISABEL,Lacteos y Congelados,14880.0,0
MONT BLANC,SANTA ISABEL,Lacteos y Congelados,1090.0,0
CUISINE & CO,SANTA ISABEL,Lacteos y Congelados,840.0,0
ROBINSON CRUSOE,SANTA ISABEL,Lacteos y Congelados,1490.0,0
MAXIMA,SANTA ISABEL,Lacteos y Congelados,890.0,0
VIVO,SANTA ISABEL,Lacteos y Congelados,1990.0,0
BELMONT,SANTA ISABEL,Lacteos y Congelados,2590.0,0
CUISINE & CO,SANTA ISABEL,Lacteos y Congelados,3650.0,0
SUPREMO,SANTA ISABEL,Lacteos y Congelados,2990.0,0
TALLIANI,SANTA ISABEL,Lacteos y Congelados,1000.0,0
LOBOS,SANTA ISABEL,Lacteos y Congelados,530.0,0
KRAFT,SANTA ISABEL,Lacteos y Congelados,7030.0,0
HELLMANNS,SANTA ISABEL,Lacteos y Congelados,3190.0,0
CAROZZI,SANTA ISABEL,Lacteos y Congelados,790.0,0
SUPREMO,SANTA ISABEL,Lacteos y Congelados,890.0,0
CUISINE & CO,SANTA ISABEL,Lacteos y Congelados,840.0,0
GOLD,SANTA ISABEL,Lacteos y Congelados,5450.0,0
CUISINE & CO,SANTA ISABEL,Lacteos y Congelados,1870.0,0
CAROZZI,SANTA ISABEL,Lacteos y Congelados,790.0,0
CUISINE & CO,SANTA ISABEL,Lacteos y Congelados,4490.0,0
CAROZZI,SANTA ISABEL,Lacteos y Congelados,2030.0,0
MAXIMA,SANTA ISABEL,Lacteos y Congelados,480.0,0
MIRAFLORES,SANTA ISABEL,Lacteos y Congelados,1990.0,0
LUCCHETTI,SANTA ISABEL,Lacteos y Congelados,1050.0,0
CUISINE & CO,SANTA ISABEL,Lacteos y Congelados,2490.0,0
CUISINE & CO,SANTA ISABEL,Lacteos y Congelados,670.0,0
CAROZZI,SANTA ISABEL,Lacteos y Congelados,790.0,0
DE REYES,SANTA ISABEL,Lacteos y Congelados,1190.0,0
VAN CAMPS,SANTA ISABEL,Lacteos y Congelados,1950.0,0
CUISINE & CO,SANTA ISABEL,Lacteos y Congelados,2450.0,0
MAXIMA,SANTA ISABEL,Lacteos y Congelados,480.0,0
CUISINE & CO,SANTA ISABEL,Lacteos y Congelados,1000.0,0
IANSA,SANTA ISABEL,Lacteos y Congelados,1400.0,0
KRAFT,SANTA ISABEL,Lacteos y Congelados,3990.0,0
CAROZZI,SANTA ISABEL,Lacteos y Congelados,790.0,0
HUASCO,SANTA ISABEL,Lacteos y Congelados,14990.0,0
CUISINE & CO,SANTA ISABEL,Lacteos y Congelados,670.0,0
GOLD,SANTA ISABEL,Lacteos y Congelados,7490.0,0
TALLIANI,SANTA ISABEL,Lacteos y Congelados,1000.0,0
HELLMANNS,SANTA ISABEL,Lacteos y Congelados,5190.0,0
TUCAPEL,SANTA ISABEL,Lacteos y Congelados,1150.0,0
LUCCHETTI,SANTA ISABEL,Lacteos y Congelados,1050.0,0
NATURA,SANTA ISABEL,Lacteos y Congelados,3490.0,0
LONCOLECHE,SANTA ISABEL,Lacteos y Congelados,1370.0,0
VIVO,SANTA ISABEL,Lacteos y Congelados,520.0,0
MIRAFLORES,SANTA ISABEL,Lacteos y Congelados,1990.0,0
CUISINE & CO,SANTA ISABEL,Lacteos y Congelados,890.0,0
VAN CAMPS,SANTA ISABEL,Lacteos y Congelados,1950.0,0
NESCAFE,SANTA ISABEL,Lacteos y Congelados,8310.0,0
CAROZZI,SANTA ISABEL,Lacteos y Congelados,790.0,0
CUISINE & CO,SANTA ISABEL,Lacteos y Congelados,1000.0,0
LUCCHETTI,SANTA ISABEL,Lacteos y Congelados,1050.0,0
MAXIMA,SANTA ISABEL,Lacteos y Congelados,8590.0,0
MILO,SANTA ISABEL,Lacteos y Congelados,2690.0,0
WATTS,SANTA ISABEL,Lacteos y Congelados,1230.0,0
COLUN,SANTA ISABEL,Lacteos y Congelados,1190.0,0
HELLMANNS,SANTA ISABEL,Lacteos y Congelados,2890.0,0
NESCAFE,SANTA ISABEL,Lacteos y Congelados,5150.0,0
QUAKER,SANTA ISABEL,Lacteos y Congelados,2500.0,0
CAROZZI,SANTA ISABEL,Lacteos y Congelados,1170.0,0
POMAROLA,SANTA ISABEL,Lacteos y Congelados,850.0,0
CUISINE & CO,SANTA ISABEL,Lacteos y Congelados,950.0,0
CAROZZI,SANTA ISABEL,Lacteos y Congelados,790.0,0
MAXIMA,SANTA ISABEL,Lacteos y Congelados,480.0,0
CAROZZI,SANTA ISABEL,Lacteos y Congelados,790.0,0
MAXIMA,SANTA ISABEL,Lacteos y Congelados,1450.0,0
GOURMET,SANTA ISABEL,Lacteos y Congelados,980.0,0
TRIX,SANTA ISABEL,Lacteos y Congelados,2690.0,0
WATTS,SANTA ISABEL,Lacteos y Congelados,1210.0,0
MAGGI,SANTA ISABEL,Lacteos y Congelados,1650.0,0
SOPROLE,SANTA ISABEL,Lacteos y Congelados,4990.0,0
MAXIMA,SANTA ISABEL,Lacteos y Congelados,720.0,0
CUISINE & CO,SANTA ISABEL,Lacteos y Congelados,3190.0,0
SUPERIOR,SANTA ISABEL,Lacteos y Congelados,3420.0,0
GIADA,SANTA ISABEL,Lacteos y Congelados,11190.0,0
MARTINI,SANTA ISABEL,Lacteos y Congelados,1820.0,0
SOPROLE,SANTA ISABEL,Lacteos y Congelados,1290.0,0
HELLMANNS,SANTA ISABEL,Lacteos y Congelados,2490.0,0
SUPREMO,SANTA ISABEL,Lacteos y Congelados,2890.0,0
KRAFT,SANTA ISABEL,Lacteos y Congelados,9890.0,0
KRAFT,SANTA ISABEL,Lacteos y Congelados,4690.0,0
MIRAFLORES,SANTA ISABEL,Lacteos y Congelados,2190.0,0
TRATTORIA,SANTA ISABEL,Lacteos y Congelados,1190.0,0
CUISINE & CO,SANTA ISABEL,Lacteos y Congelados,970.0,0
TRATTORIA,SANTA ISABEL,Lacteos y Congelados,1190.0,0
TALLIANI,SANTA ISABEL,Lacteos y Congelados,1000.0,0
VIVO,SANTA ISABEL,Lacteos y Congelados,520.0,0
MAXIMA,SANTA ISABEL,Lacteos y Congelados,480.0,0
MILDRED TEA,SANTA ISABEL,Lacteos y Congelados,2390.0,0
COSTA,SANTA ISABEL,Lacteos y Congelados,3490.0,0
NATUR,SANTA ISABEL,Lacteos y Congelados,440.0,0
SUPREMO,SANTA ISABEL,Lacteos y Congelados,1390.0,0
COLLICO,SANTA ISABEL,Lacteos y Congelados,250.0,0
HELLMANNS,SANTA ISABEL,Lacteos y Congelados,3420.0,0
NATUR,SANTA ISABEL,Lacteos y Congelados,440.0,0
SURLAT,SANTA ISABEL,Lacteos y Congelados,1340.0,0
NESCAFE,SANTA ISABEL,Lacteos y Congelados,5500.0,0
CUISINE & CO,SANTA ISABEL,Lacteos y Congelados,950.0,0
CUISINE & CO,SANTA ISABEL,Lacteos y Congelados,930.0,0
CAROZZI,SANTA ISABEL,Lacteos y Congelados,2290.0,0
BANQUETE,SANTA ISABEL,Lacteos y Congelados,17360.0,0
SAN JOSE,SANTA ISABEL,Lacteos y Congelados,1940.0,0
CUISINE & CO,SANTA ISABEL,Lacteos y Congelados,460.0,0
WATTS,SANTA ISABEL,Lacteos y Congelados,1530.0,0
NESCAFE,SANTA ISABEL,Lacteos y Congelados,2990.0,0
WASIL,SANTA ISABEL,Lacteos y Congelados,1720.0,0
SUPREMO,SANTA ISABEL,Lacteos y Congelados,2390.0,0
VIVO,SANTA ISABEL,Lacteos y Congelados,520.0,0
HUASCO,SANTA ISABEL,Lacteos y Congelados,7990.0,0
COSTA,SANTA ISABEL,Lacteos y Congelados,1920.0,0
SUPREMO,SANTA ISABEL,Lacteos y Congelados,1200.0,0
CUISINE & CO,SANTA ISABEL,Lacteos y Congelados,2450.0,0
CUISINE & CO,SANTA ISABEL,Lacteos y Congelados,3420.0,0
CAROZZI,SANTA ISABEL,Lacteos y Congelados,1590.0,0
CUISINE & CO,SANTA ISABEL,Lacteos y Congelados,10590.0,0
CUISINE & CO,SANTA ISABEL,Lacteos y Congelados,1890.0,0
MAXIMA,SANTA ISABEL,Lacteos y Congelados,1450.0,0
LUCCHETTI,SANTA ISABEL,Lacteos y Congelados,1050.0,0
MAXIMA,SANTA ISABEL,Lacteos y Congelados,1430.0,0
BANQUETE,SANTA ISABEL,Lacteos y Congelados,3490.0,0
WATTS,SANTA ISABEL,Lacteos y Congelados,1530.0,0
LUCCHETTI,SANTA ISABEL,Lacteos y Congelados,1050.0,0
CRUZEIRO,SANTA ISABEL,Lacteos y Congelados,8590.0,0
CUISINE & CO,SANTA ISABEL,Lacteos y Congelados,1520.0,0
WATTS,SANTA ISABEL,Lacteos y Congelados,490.0,0
LUCCHETTI,SANTA ISABEL,Lacteos y Congelados,770.0,0
CAROZZI,SANTA ISABEL,Lacteos y Congelados,950.0,0
WATTS,SANTA ISABEL,Lacteos y Congelados,1210.0,0
CUISINE & CO,SANTA ISABEL,Lacteos y Congelados,1490.0,0
TALLIANI,SANTA ISABEL,Lacteos y Congelados,1000.0,0
LUCCHETTI,SANTA ISABEL,Lacteos y Congelados,1090.0,0
MAXIMA,SANTA ISABEL,Lacteos y Congelados,2890.0,0
VIVO,SANTA ISABEL,Lacteos y Congelados,2190.0,0
IANSA,SANTA ISABEL,Lacteos y Congelados,990.0,0
CUISINE & CO,SANTA ISABEL,Lacteos y Congelados,550.0,0
VIVO,SANTA ISABEL,Lacteos y Congelados,520.0,0
CUISINE & CO,SANTA ISABEL,Lacteos y Congelados,470.0,0
MARLEY COFFEE,SANTA ISABEL,Lacteos y Congelados,7590.0,0
COSTA,SANTA ISABEL,Lacteos y Congelados,1920.0,0
CUISINE & CO,SANTA ISABEL,Lacteos y Congelados,2610.0,0
CUISINE & CO,SANTA ISABEL,Lacteos y Congelados,4440.0,0
ECCO,SANTA ISABEL,Lacteos y Congelados,3630.0,0
LIPTON,SANTA ISABEL,Lacteos y Congelados,7440.0,0
TALLIANI,SANTA ISABEL,Lacteos y Congelados,1000.0,0
LUCCHETTI,SANTA ISABEL,Lacteos y Congelados,1050.0,0
MIRAFLORES,SANTA ISABEL,Lacteos y Congelados,3150.0,0
MONTECRISTO,SANTA ISABEL,Lacteos y Congelados,6390.0,0
HUASCO,SANTA ISABEL,Lacteos y Congelados,25990.0,0
HELLMANNS,SANTA ISABEL,Lacteos y Congelados,3890.0,0
CUISINE & CO,SANTA ISABEL,Lacteos y Congelados,580.0,0
CUISINE & CO,SANTA ISABEL,Lacteos y Congelados,1080.0,0
HEINZ,SANTA ISABEL,Lacteos y Congelados,3390.0,0
CUISINE & CO,SANTA ISABEL,Lacteos y Congelados,790.0,0
VIVO,SANTA ISABEL,Lacteos y Congelados,3290.0,0
CAROZZI,SANTA ISABEL,Lacteos y Congelados,1170.0,0
HOFFMANN,SANTA ISABEL,Lacteos y Congelados,1990.0,0
COLLICO,SANTA ISABEL,Lacteos y Congelados,2280.0,0
ROBINSON CRUSOE,SANTA ISABEL,Lacteos y Congelados,3590.0,0
GOLD,SANTA ISABEL,Lacteos y Congelados,5450.0,0
CUISINE & CO,SANTA ISABEL,Lacteos y Congelados,1690.0,0
WATTS,SANTA ISABEL,Lacteos y Congelados,490.0,0
TRATTORIA,SANTA ISABEL,Lacteos y Congelados,1190.0,0
CAROZZI,SANTA ISABEL,Lacteos y Congelados,790.0,0
NESCAFE,SANTA ISABEL,Lacteos y Congelados,8490.0,0
OLIVO DE PLATA,SANTA ISABEL,Lacteos y Congelados,16490.0,0
TRAVERSO,SANTA ISABEL,Lacteos y Congelados,1200.0,0
MONTERREY,SANTA ISABEL,Lacteos y Congelados,4490.0,0
POMAROLA,SANTA ISABEL,Lacteos y Congelados,960.0,0
CARICIA,SANTA ISABEL,Lacteos y Congelados,880.0,0
CUISINE & CO,SANTA ISABEL,Lacteos y Congelados,470.0,0
MAXIMA,SANTA ISABEL,Lacteos y Congelados,580.0,0
IMPERIAL,SANTA ISABEL,Lacteos y Congelados,890.0,0
GOLD,SANTA ISABEL,Lacteos y Congelados,6890.0,0
PILLOWS,SANTA ISABEL,Lacteos y Congelados,2890.0,0
ROBINSON CRUSOE,SANTA ISABEL,Lacteos y Congelados,1690.0,0
QUAKER,SANTA ISABEL,Lacteos y Congelados,2590.0,0
HEINZ,SANTA ISABEL,Lacteos y Congelados,920.0,0
ESMERALDA,SANTA ISABEL,Lacteos y Congelados,750.0,0
CUISINE & CO,SANTA ISABEL,Lacteos y Congelados,470.0,0
CUISINE & CO,SANTA ISABEL,Lacteos y Congelados,490.0,0
CAROZZI,SANTA ISABEL,Lacteos y Congelados,1630.0,0
CAROZZI,SANTA ISABEL,Lacteos y Congelados,960.0,0
CUISINE & CO,SANTA ISABEL,Lacteos y Congelados,580.0,0
MAXIMA,SANTA ISABEL,Lacteos y Congelados,580.0,0
MAGGI,SANTA ISABEL,Lacteos y Congelados,720.0,0
CUISINE & CO,SANTA ISABEL,Lacteos y Congelados,260.0,0
NATUR,SANTA ISABEL,Lacteos y Congelados,440.0,0
THE WILD FOODS,SANTA ISABEL,Lacteos y Congelados,4990.0,0
ANGELMO,SANTA ISABEL,Lacteos y Congelados,1550.0,0
LIPTON,SANTA ISABEL,Lacteos y Congelados,4790.0,0
CUISINE & CO,SANTA ISABEL,Lacteos y Congelados,1990.0,0
CUISINE & CO,SANTA ISABEL,Lacteos y Congelados,990.0,0
TALLIANI,SANTA ISABEL,Lacteos y Congelados,1000.0,0
JB,SANTA ISABEL,Lacteos y Congelados,1920.0,0
IANSA AGRO,SANTA ISABEL,Lacteos y Congelados,2890.0,0
KELLOGGS,SANTA ISABEL,Lacteos y Congelados,4670.0,0
CUISINE & CO,SANTA ISABEL,Lacteos y Congelados,1590.0,0
TALLIANI,SANTA ISABEL,Lacteos y Congelados,14390.0,0
CUISINE & CO,SANTA ISABEL,Lacteos y Congelados,1690.0,0
VIVO,SANTA ISABEL,Lacteos y Congelados,2190.0,0
COLA CAO,SANTA ISABEL,Lacteos y Congelados,5690.0,0
MAXIMA,SANTA ISABEL,Lacteos y Congelados,580.0,0
MAGGI,SANTA ISABEL,Lacteos y Congelados,720.0,0
MUTTI,SANTA ISABEL,Lacteos y Congelados,3143.0,0
CHOCAPIC,SANTA ISABEL,Lacteos y Congelados,3690.0,0
DILMAH,SANTA ISABEL,Lacteos y Congelados,5990.0,0
TUCAPEL,SANTA ISABEL,Lacteos y Congelados,2490.0,0
EN LINEA,SANTA ISABEL,Lacteos y Congelados,1790.0,0
CUISINE & CO,SANTA ISABEL,Lacteos y Congelados,1890.0,0
MONTERREY,SANTA ISABEL,Lacteos y Congelados,4490.0,0
COSTA,SANTA ISABEL,Lacteos y Congelados,1920.0,0
HEINZ,SANTA ISABEL,Lacteos y Congelados,1820.0,0
MAXIMA,SANTA ISABEL,Lacteos y Congelados,1430.0,0
CUISINE & CO,SANTA ISABEL,Lacteos y Congelados,950.0,0
CUISINE & CO,SANTA ISABEL,Lacteos y Congelados,2360.0,0
HAITI,SANTA ISABEL,Lacteos y Congelados,5400.0,0
DAROMA,SANTA ISABEL,Lacteos y Congelados,5610.0,0
NESCAFE,SANTA ISABEL,Lacteos y Congelados,16110.0,0
QUAKER,SANTA ISABEL,Lacteos y Congelados,2630.0,0
WATTS,SANTA ISABEL,Lacteos y Congelados,490.0,0
CUISINE & CO,SANTA ISABEL,Lacteos y Congelados,4190.0,0
NESTLE,SANTA ISABEL,Lacteos y Congelados,1450.0,0
CUISINE & CO,SANTA ISABEL,Lacteos y Congelados,840.0,0
CUISINE & CO,SANTA ISABEL,Lacteos y Congelados,14990.0,0
CUISINE & CO,SANTA ISABEL,Lacteos y Congelados,1750.0,0
CAROZZI,SANTA ISABEL,Lacteos y Congelados,2290.0,0
CUISINE & CO,SANTA ISABEL,Lacteos y Congelados,820.0,0
SUPREMO,SANTA ISABEL,Lacteos y Congelados,3290.0,0
THE WILD FOODS,SANTA ISABEL,Lacteos y Congelados,4990.0,0
LA MOLISANA,SANTA ISABEL,Lacteos y Congelados,2890.0,0
WATTS,SANTA ISABEL,Lacteos y Congelados,1210.0,0
TALLIANI,SANTA ISABEL,Lacteos y Congelados,2030.0,0
HEINZ,SANTA ISABEL,Lacteos y Congelados,1150.0,0
MUTTI,SANTA ISABEL,Lacteos y Congelados,2093.0,0
TE CLUB,SANTA ISABEL,Lacteos y Congelados,2550.0,0
MAIZENA,SANTA ISABEL,Lacteos y Congelados,3420.0,0
LUCCHETTI,SANTA ISABEL,Lacteos y Congelados,1050.0,0
CUISINE & CO,SANTA ISABEL,Lacteos y Congelados,4790.0,0
GOURMET,SANTA ISABEL,Lacteos y Congelados,550.0,0
PARMALAT,SANTA ISABEL,Lacteos y Congelados,1000.0,0
SUPREMO,SANTA ISABEL,Lacteos y Congelados,1190.0,0
SUPREMO,SANTA ISABEL,Lacteos y Congelados,1390.0,0
CUISINE & CO,SANTA ISABEL,Lacteos y Congelados,1790.0,0
MALLOA,SANTA ISABEL,Lacteos y Congelados,890.0,0
CUISINE & CO,SANTA ISABEL,Lacteos y Congelados,2930.0,0
MAGGI,SANTA ISABEL,Lacteos y Congelados,1490.0,0
VIVO,SANTA ISABEL,Lacteos y Congelados,3290.0,0
COLLICO,SANTA ISABEL,Lacteos y Congelados,1510.0,0
WATTS,SANTA ISABEL,Lacteos y Congelados,1530.0,0
SUPREMO,SANTA ISABEL,Lacteos y Congelados,1790.0,0
ESMERALDA,SANTA ISABEL,Lacteos y Congelados,750.0,0
POMAROLA,SANTA ISABEL,Lacteos y Congelados,850.0,0
MAGGI,SANTA ISABEL,Lacteos y Congelados,680.0,0
CUISINE & CO,SANTA ISABEL,Lacteos y Congelados,1490.0,0
LUCCHETTI,SANTA ISABEL,Lacteos y Congelados,1130.0,0
CUISINE & CO,SANTA ISABEL,Lacteos y Congelados,530.0,0
TUCAPEL,SANTA ISABEL,Lacteos y Congelados,5610.0,0
VIVO,SANTA ISABEL,Lacteos y Congelados,2830.0,0
CUISINE & CO,SANTA ISABEL,Lacteos y Congelados,3490.0,0
CHEF,SANTA ISABEL,Lacteos y Congelados,8410.0,0
BANQUETE,SANTA ISABEL,Lacteos y Congelados,3110.0,0
MAXIMA,SANTA ISABEL,Lacteos y Congelados,1520.0,0
DAILY,SANTA ISABEL,Lacteos y Congelados,1550.0,0
EXOTIC FOOD,SANTA ISABEL,Lacteos y Congelados,1043.0,0
CUISINE & CO,SANTA ISABEL,Lacteos y Congelados,608.0,0
WATTS,SANTA ISABEL,Lacteos y Congelados,790.0,0
SAN JOSE,SANTA ISABEL,Lacteos y Congelados,1360.0,0
CUISINE & CO,SANTA ISABEL,Lacteos y Congelados,2370.0,0
WATTS,SANTA ISABEL,Lacteos y Congelados,490.0,0
NESTLE,SANTA ISABEL,Lacteos y Congelados,1990.0,0
CAROZZI,SANTA ISABEL,Lacteos y Congelados,870.0,0
VIVO,SANTA ISABEL,Lacteos y Congelados,700.0,0
CUISINE & CO,SANTA ISABEL,Lacteos y Congelados,1890.0,0
CUISINE & CO,SANTA ISABEL,Lacteos y Congelados,14190.0,0
WATTS,SANTA ISABEL,Lacteos y Congelados,1210.0,0
TRAVERSO,SANTA ISABEL,Lacteos y Congelados,1200.0,0
MAGGI,SANTA ISABEL,Lacteos y Congelados,720.0,0
CORN FLAKES,SANTA ISABEL,Lacteos y Congelados,4150.0,0
CUISINE & CO,SANTA ISABEL,Lacteos y Congelados,2000.0,0
CUISINE & CO,SANTA ISABEL,Lacteos y Congelados,632.0,0
EN LINEA,SANTA ISABEL,Lacteos y Congelados,2590.0,0
CUISINE & CO,SANTA ISABEL,Lacteos y Congelados,1750.0,0
ESMERALDA,SANTA ISABEL,Lacteos y Congelados,2190.0,0
COSTA,SANTA ISABEL,Lacteos y Congelados,1690.0,0
MAGGI,SANTA ISABEL,Lacteos y Congelados,5970.0,0
MAGGI,SANTA ISABEL,Lacteos y Congelados,720.0,0
MAGGI,SANTA ISABEL,Lacteos y Congelados,630.0,0
QUAKER,SANTA ISABEL,Lacteos y Congelados,3490.0,0
HELLMANNS,SANTA ISABEL,Lacteos y Congelados,2990.0,0
EN LINEA,SANTA ISABEL,Lacteos y Congelados,2650.0,0
CUISINE & CO,SANTA ISABEL,Lacteos y Congelados,9790.0,0
CUISINE & CO,SANTA ISABEL,Lacteos y Congelados,1890.0,0
CAROZZI,SANTA ISABEL,Lacteos y Congelados,690.0,0
BANQUETE,SANTA ISABEL,Lacteos y Congelados,3990.0,0
MAGGI,SANTA ISABEL,Lacteos y Congelados,900.0,0
MAGGI,SANTA ISABEL,Lacteos y Congelados,1490.0,0
VIVO,SANTA ISABEL,Lacteos y Congelados,1190.0,0
IANSA,SANTA ISABEL,Lacteos y Congelados,2390.0,0
TALLIANI,SANTA ISABEL,Lacteos y Congelados,1000.0,0
GOLD,SANTA ISABEL,Lacteos y Congelados,6590.0,0
CUISINE & CO,SANTA ISABEL,Lacteos y Congelados,1990.0,0
MARUCHAN,SANTA ISABEL,Lacteos y Congelados,740.0,0
CLUB,SANTA ISABEL,Lacteos y Congelados,3550.0,0
IMPERIAL,SANTA ISABEL,Lacteos y Congelados,2650.0,0
CUISINE & CO,SANTA ISABEL,Lacteos y Congelados,570.0,0
LOBOS,SANTA ISABEL,Lacteos y Congelados,670.0,0
EN LINEA,SANTA ISABEL,Lacteos y Congelados,1340.0,0
CUISINE & CO,SANTA ISABEL,Lacteos y Congelados,680.0,0
MARUCHAN,SANTA ISABEL,Lacteos y Congelados,720.0,0
CUISINE & CO,SANTA ISABEL,Lacteos y Congelados,530.0,0
CUISINE & CO,SANTA ISABEL,Lacteos y Congelados,410.0,0
MAGGI,SANTA ISABEL,Lacteos y Congelados,1890.0,0
CUISINE & CO,SANTA ISABEL,Lacteos y Congelados,1190.0,0
KRAFT,SANTA ISABEL,Lacteos y Congelados,4880.0,0
HELLMANNS,SANTA ISABEL,Lacteos y Congelados,4250.0,0
CUISINE & CO,SANTA ISABEL,Lacteos y Congelados,510.0,0
IANSA,SANTA ISABEL,Lacteos y Congelados,7350.0,0
CUISINE & CO,SANTA ISABEL,Lacteos y Congelados,3590.0,0
NESCAFE DOLCE GUSTO,SANTA ISABEL,Lacteos y Congelados,4790.0,0
BANQUETE,SANTA ISABEL,Lacteos y Congelados,2650.0,0
NATUREZZA,SANTA ISABEL,Lacteos y Congelados,510.0,0
VIVO,SANTA ISABEL,Lacteos y Congelados,1190.0,0
NATUR,SANTA ISABEL,Lacteos y Congelados,1330.0,0
CUISINE & CO,SANTA ISABEL,Lacteos y Congelados,970.0,0
MAGGI,SANTA ISABEL,Lacteos y Congelados,900.0,0
MARTINI,SANTA ISABEL,Lacteos y Congelados,2230.0,0
IANSA AGRO,SANTA ISABEL,Lacteos y Congelados,3190.0,0
ALUSWEET,SANTA ISABEL,Lacteos y Congelados,3730.0,0
CUISINE & CO,SANTA ISABEL,Lacteos y Congelados,950.0,0
SUPREMO,SANTA ISABEL,Lacteos y Congelados,2340.0,0
MILDRED TEA,SANTA ISABEL,Lacteos y Congelados,800.0,0
WASIL,SANTA ISABEL,Lacteos y Congelados,1450.0,0
CRUZEIRO,SANTA ISABEL,Lacteos y Congelados,3320.0,0
CUISINE & CO,SANTA ISABEL,Lacteos y Congelados,2710.0,0
LUCCHETTI,SANTA ISABEL,Lacteos y Congelados,810.0,0
LEFERSA,SANTA ISABEL,Lacteos y Congelados,2380.0,0
ROBINSON CRUSOE,SANTA ISABEL,Lacteos y Congelados,3590.0,0
LOBOS,SANTA ISABEL,Lacteos y Congelados,2090.0,0
WASIL,SANTA ISABEL,Lacteos y Congelados,2170.0,0
CUISINE & CO,SANTA ISABEL,Lacteos y Congelados,1790.0,0
LOBOS,SANTA ISABEL,Lacteos y Congelados,1510.0,0
REGIMEL,SANTA ISABEL,Lacteos y Congelados,1400.0,0
CUISINE & CO,SANTA ISABEL,Lacteos y Congelados,950.0,0
GOURMET,SANTA ISABEL,Lacteos y Congelados,830.0,0
THE WILD FOODS,SANTA ISABEL,Lacteos y Congelados,5610.0,0
IANSA AGRO,SANTA ISABEL,Lacteos y Congelados,2890.0,0
CUISINE & CO,SANTA ISABEL,Lacteos y Congelados,1990.0,0
MARUCHAN,SANTA ISABEL,Lacteos y Congelados,1340.0,0
MARUCHAN,SANTA ISABEL,Lacteos y Congelados,1340.0,0
SUPREMO,SANTA ISABEL,Lacteos y Congelados,3290.0,0
SUPREMO,SANTA ISABEL,Lacteos y Congelados,1190.0,0
CUISINE & CO,SANTA ISABEL,Lacteos y Congelados,8850.0,0
HAITI,SANTA ISABEL,Lacteos y Congelados,5400.0,0
NATURA,SANTA ISABEL,Lacteos y Congelados,2790.0,0
NESTLE,SANTA ISABEL,Lacteos y Congelados,6000.0,0
EN LINEA,SANTA ISABEL,Lacteos y Congelados,1790.0,0
NATUREZZA,SANTA ISABEL,Lacteos y Congelados,510.0,0
CUISINE & CO,SANTA ISABEL,Lacteos y Congelados,608.0,0
GOURMET,SANTA ISABEL,Lacteos y Congelados,1860.0,0
GOURMET,SANTA ISABEL,Lacteos y Congelados,830.0,0
NATUR,SANTA ISABEL,Lacteos y Congelados,1330.0,0
MAGGI,SANTA ISABEL,Lacteos y Congelados,900.0,0
CARICIA,SANTA ISABEL,Lacteos y Congelados,880.0,0
EN LINEA,SANTA ISABEL,Lacteos y Congelados,1340.0,0
IANSA AGRO,SANTA ISABEL,Lacteos y Congelados,1570.0,0
VIVO,SANTA ISABEL,Lacteos y Congelados,900.0,0
GOURMET,SANTA ISABEL,Lacteos y Congelados,320.0,0
VIVO,SANTA ISABEL,Lacteos y Congelados,1190.0,0
GOURMET,SANTA ISABEL,Lacteos y Congelados,1090.0,0
EMBLEM,SANTA ISABEL,Lacteos y Congelados,2290.0,0
CHOCAPIC,SANTA ISABEL,Lacteos y Congelados,5950.0,0
SELECTA,SANTA ISABEL,Lacteos y Congelados,1650.0,0
GOLD,SANTA ISABEL,Lacteos y Congelados,4990.0,0
NATUR,SANTA ISABEL,Lacteos y Congelados,2650.0,0
MAGGI,SANTA ISABEL,Lacteos y Congelados,1490.0,0
GOLD,SANTA ISABEL,Lacteos y Congelados,2990.0,0
CUISINE & CO,SANTA ISABEL,Lacteos y Congelados,1750.0,0
MAGGI,SANTA ISABEL,Lacteos y Congelados,700.0,0
TRAVERSO,SANTA ISABEL,Lacteos y Congelados,2250.0,0
CUISINE & CO,SANTA ISABEL,Lacteos y Congelados,1490.0,0
MAXIMA,SANTA ISABEL,Lacteos y Congelados,580.0,0
HEINZ,SANTA ISABEL,Lacteos y Congelados,3420.0,0
CAROZZI,SANTA ISABEL,Lacteos y Congelados,3370.0,0
TRAVERSO,SANTA ISABEL,Lacteos y Congelados,1240.0,0
GOURMET,SANTA ISABEL,Lacteos y Congelados,500.0,0
IANSA CERO K,SANTA ISABEL,Lacteos y Congelados,2090.0,0
SUPREMO,SANTA ISABEL,Lacteos y Congelados,1820.0,0
CHINO,SANTA ISABEL,Lacteos y Congelados,1400.0,0
SUPREMO,SANTA ISABEL,Lacteos y Congelados,1850.0,0
CUISINE & CO,SANTA ISABEL,Lacteos y Congelados,2290.0,0
CUISINE & CO,SANTA ISABEL,Lacteos y Congelados,10890.0,0
VIVO,SANTA ISABEL,Lacteos y Congelados,1190.0,0
IANSA,SANTA ISABEL,Lacteos y Congelados,1860.0,0
LONCOLECHE,SANTA ISABEL,Lacteos y Congelados,1450.0,0
MI TIERRA,SANTA ISABEL,Lacteos y Congelados,9560.0,0
SUPREMO,SANTA ISABEL,Lacteos y Congelados,1200.0,0
VIOLA,SANTA ISABEL,Lacteos y Congelados,5290.0,0
SUPREMO,SANTA ISABEL,Lacteos y Congelados,1190.0,0
VIVO,SANTA ISABEL,Lacteos y Congelados,870.0,0
COLA CAO,SANTA ISABEL,Lacteos y Congelados,3790.0,0
SUPREMO,SANTA ISABEL,Lacteos y Congelados,2890.0,0
ALUSWEET,SANTA ISABEL,Lacteos y Congelados,6890.0,0
GOURMET,SANTA ISABEL,Lacteos y Congelados,1510.0,0
KRAFT,SANTA ISABEL,Lacteos y Congelados,1930.0,0
GOURMET,SANTA ISABEL,Lacteos y Congelados,500.0,0
CUISINE & CO,SANTA ISABEL,Lacteos y Congelados,530.0,0
REGIMEL,SANTA ISABEL,Lacteos y Congelados,1550.0,0
SUPREMO,SANTA ISABEL,Lacteos y Congelados,2590.0,0
KRAFT,SANTA ISABEL,Lacteos y Congelados,2380.0,0
TERRA SANTA,SANTA ISABEL,Lacteos y Congelados,7850.0,0
TRAVERSO,SANTA ISABEL,Lacteos y Congelados,2170.0,0
SAN JOSE,SANTA ISABEL,Lacteos y Congelados,1490.0,0
TRAVERSO,SANTA ISABEL,Lacteos y Congelados,1200.0,0
CUISINE & CO,SANTA ISABEL,Lacteos y Congelados,5420.0,0
HEINZ,SANTA ISABEL,Lacteos y Congelados,2340.0,0
MIRAFLORES,SANTA ISABEL,Lacteos y Congelados,1150.0,0
VIVO,SANTA ISABEL,Lacteos y Congelados,2690.0,0
GOURMET,SANTA ISABEL,Lacteos y Congelados,830.0,0
CUISINE & CO,SANTA ISABEL,Lacteos y Congelados,950.0,0
NESCAFE,SANTA ISABEL,Lacteos y Congelados,4330.0,0
GOURMET,SANTA ISABEL,Lacteos y Congelados,700.0,0
LOBOS,SANTA ISABEL,Lacteos y Congelados,680.0,0
COFFEE MATE,SANTA ISABEL,Lacteos y Congelados,3790.0,0
CUISINE & CO,SANTA ISABEL,Lacteos y Congelados,790.0,0
CUISINE & CO,SANTA ISABEL,Lacteos y Congelados,3990.0,0
GOURMET,SANTA ISABEL,Lacteos y Congelados,840.0,0
FITNESS,SANTA ISABEL,Lacteos y Congelados,3210.0,0
EN LINEA,SANTA ISABEL,Lacteos y Congelados,2860.0,0
BANQUETE,SANTA ISABEL,Lacteos y Congelados,4670.0,0
SELECTA,SANTA ISABEL,Lacteos y Congelados,2070.0,0
VIVO,SANTA ISABEL,Lacteos y Congelados,700.0,0
CUISINE & CO,SANTA ISABEL,Lacteos y Congelados,4250.0,0
WATTS,SANTA ISABEL,Lacteos y Congelados,1490.0,0
MUTTI,SANTA ISABEL,Lacteos y Congelados,3143.0,0
ROBINSON CRUSOE,SANTA ISABEL,Lacteos y Congelados,3690.0,0
CUISINE & CO,SANTA ISABEL,Lacteos y Congelados,2330.0,0
TRIX,SANTA ISABEL,Lacteos y Congelados,640.0,0
ROBINSON CRUSOE,SANTA ISABEL,Lacteos y Congelados,1490.0,0
JB,SANTA ISABEL,Lacteos y Congelados,1530.0,0
WASIL,SANTA ISABEL,Lacteos y Congelados,1450.0,0
LA VIEJA FABRICA,SANTA ISABEL,Lacteos y Congelados,2390.0,0
GOURMET,SANTA ISABEL,Lacteos y Congelados,580.0,0
MAGGI,SANTA ISABEL,Lacteos y Congelados,500.0,0
EXOTIC FOOD,SANTA ISABEL,Lacteos y Congelados,1533.0,0
CAROZZI,SANTA ISABEL,Lacteos y Congelados,1170.0,0
CUISINE & CO,SANTA ISABEL,Lacteos y Congelados,1490.0,0
KRAFT,SANTA ISABEL,Lacteos y Congelados,2430.0,0
COSTA,SANTA ISABEL,Lacteos y Congelados,1970.0,0
NESCAFE,SANTA ISABEL,Lacteos y Congelados,6550.0,0
CUISINE & CO,SANTA ISABEL,Lacteos y Congelados,4590.0,0
CUISINE & CO,SANTA ISABEL,Lacteos y Congelados,2220.0,0
GOLD,SANTA ISABEL,Lacteos y Congelados,5490.0,0
BRAVO,SANTA ISABEL,Lacteos y Congelados,5660.0,0
MAGGI,SANTA ISABEL,Lacteos y Congelados,900.0,0
WASIL,SANTA ISABEL,Lacteos y Congelados,1650.0,0
CAROZZI,SANTA ISABEL,Lacteos y Congelados,690.0,0
CUISINE & CO,SANTA ISABEL,Lacteos y Congelados,1590.0,0
CUISINE & CO,SANTA ISABEL,Lacteos y Congelados,9790.0,0
KRAFT,SANTA ISABEL,Lacteos y Congelados,4770.0,0
IANSA,SANTA ISABEL,Lacteos y Congelados,2090.0,0
GOURMET,SANTA ISABEL,Lacteos y Congelados,2860.0,0
ROBINSON CRUSOE,SANTA ISABEL,Lacteos y Congelados,1690.0,0
DAILY,SANTA ISABEL,Lacteos y Congelados,2488.0,0
CUISINE & CO,SANTA ISABEL,Lacteos y Congelados,1890.0,0
LIVEAN,SANTA ISABEL,Lacteos y Congelados,820.0,0
EN LINEA,SANTA ISABEL,Lacteos y Congelados,1340.0,0
THE WILD FOODS,SANTA ISABEL,Lacteos y Congelados,15990.0,0
EXOTIC FOOD,SANTA ISABEL,Lacteos y Congelados,903.0,0
CARICIA,SANTA ISABEL,Lacteos y Congelados,880.0,0
DON JUAN,SANTA ISABEL,Lacteos y Congelados,1450.0,0
LUCCHETTI,SANTA ISABEL,Lacteos y Congelados,1130.0,0
HELLMANNS,SANTA ISABEL,Lacteos y Congelados,3490.0,0
TRAVERSO,SANTA ISABEL,Lacteos y Congelados,2170.0,0
MIRAFLORES,SANTA ISABEL,Lacteos y Congelados,1150.0,0
NESCAFE,SANTA ISABEL,Lacteos y Congelados,10080.0,0
SUPREMO,SANTA ISABEL,Lacteos y Congelados,5990.0,0
VIOLA,SANTA ISABEL,Lacteos y Congelados,6390.0,0
TRAVERSO,SANTA ISABEL,Lacteos y Congelados,950.0,0
GOURMET,SANTA ISABEL,Lacteos y Congelados,450.0,0
MAGGI,SANTA ISABEL,Lacteos y Congelados,630.0,0
CUISINE & CO,SANTA ISABEL,Lacteos y Congelados,2490.0,0
DAROMA,SANTA ISABEL,Lacteos y Congelados,5920.0,0
WASIL,SANTA ISABEL,Lacteos y Congelados,1990.0,0
CUISINE & CO,SANTA ISABEL,Lacteos y Congelados,790.0,0
AMBROSOLI,SANTA ISABEL,Lacteos y Congelados,1280.0,0
GIADA,SANTA ISABEL,Lacteos y Congelados,6690.0,0
VIVO,SANTA ISABEL,Lacteos y Congelados,1190.0,0
BANQUETE,SANTA ISABEL,Lacteos y Congelados,4250.0,0
CUISINE & CO,SANTA ISABEL,Lacteos y Congelados,250.0,0
ALCAFOOD,SANTA ISABEL,Lacteos y Congelados,6620.0,0
LUCCHETTI,SANTA ISABEL,Lacteos y Congelados,1920.0,0
COLLICO,SANTA ISABEL,Lacteos y Congelados,1610.0,0
TUCAPEL,SANTA ISABEL,Lacteos y Congelados,1240.0,0
SUPREMO,SANTA ISABEL,Lacteos y Congelados,2760.0,0
NATUR,SANTA ISABEL,Lacteos y Congelados,2660.0,0
SELLO ROJO,SANTA ISABEL,Lacteos y Congelados,5990.0,0
CUISINE & CO,SANTA ISABEL,Lacteos y Congelados,950.0,0
CUISINE & CO,SANTA ISABEL,Lacteos y Congelados,3640.0,0
HELLMANNS,SANTA ISABEL,Lacteos y Congelados,1970.0,0
BANQUETE,SANTA ISABEL,Lacteos y Congelados,9990.0,0
DELICIOSA,SANTA ISABEL,Lacteos y Congelados,2590.0,0
IANSA CERO K,SANTA ISABEL,Lacteos y Congelados,3490.0,0
TUCAPEL,SANTA ISABEL,Lacteos y Congelados,970.0,0
VIVO,SANTA ISABEL,Lacteos y Congelados,1190.0,0
MARTINI,SANTA ISABEL,Lacteos y Congelados,1320.0,0
CUISINE & CO,SANTA ISABEL,Lacteos y Congelados,3090.0,0
VIVO,SANTA ISABEL,Lacteos y Congelados,2830.0,0
CAROZZI,SANTA ISABEL,Lacteos y Congelados,3110.0,0
NESCAFE,SANTA ISABEL,Lacteos y Congelados,9790.0,0
REGIMEL,SANTA ISABEL,Lacteos y Congelados,1550.0,0
AMBROSOLI,SANTA ISABEL,Lacteos y Congelados,419.0,0
GOURMET,SANTA ISABEL,Lacteos y Congelados,1650.0,0
CUISINE & CO,SANTA ISABEL,Lacteos y Congelados,5420.0,0
CUISINE & CO,SANTA ISABEL,Lacteos y Congelados,1330.0,0
CUISINE & CO,SANTA ISABEL,Lacteos y Congelados,680.0,0
GOURMET,SANTA ISABEL,Lacteos y Congelados,2130.0,0
GOURMET,SANTA ISABEL,Lacteos y Congelados,1200.0,0
SELECTA,SANTA ISABEL,Lacteos y Congelados,1650.0,0
CUISINE & CO,SANTA ISABEL,Lacteos y Congelados,608.0,0
CAROZZI,SANTA ISABEL,Lacteos y Congelados,950.0,0
MARLEY COFFEE,SANTA ISABEL,Lacteos y Congelados,11950.0,0
MARTINI,SANTA ISABEL,Lacteos y Congelados,1240.0,0
LA MOLISANA,SANTA ISABEL,Lacteos y Congelados,1294.0,0
CUISINE & CO,SANTA ISABEL,Lacteos y Congelados,3260.0,0
GOURMET,SANTA ISABEL,Lacteos y Congelados,670.0,0
COLA CAO,SANTA ISABEL,Lacteos y Congelados,2890.0,0
CUISINE & CO,SANTA ISABEL,Lacteos y Congelados,632.0,0
CUISINE & CO,SANTA ISABEL,Lacteos y Congelados,1750.0,0
NATUREZZA,SANTA ISABEL,Lacteos y Congelados,510.0,0
LA VIEJA FABRICA,SANTA ISABEL,Lacteos y Congelados,2990.0,0
LOBOS,SANTA ISABEL,Lacteos y Congelados,1650.0,0
ANGELMO,SANTA ISABEL,Lacteos y Congelados,1550.0,0
GOURMET,SANTA ISABEL,Lacteos y Congelados,2800.0,0
WATTS,SANTA ISABEL,Lacteos y Congelados,1530.0,0
PANCHO VILLA,SANTA ISABEL,Lacteos y Congelados,1300.0,0
SUPREMO,SANTA ISABEL,Lacteos y Congelados,1650.0,0
SUPREMO,SANTA ISABEL,Lacteos y Congelados,1200.0,0
ORJAS,SANTA ISABEL,Lacteos y Congelados,1390.0,0
QUAKER,SANTA ISABEL,Lacteos y Congelados,3730.0,0
GOURMET,SANTA ISABEL,Lacteos y Congelados,500.0,0
MIRAFLORES,SANTA ISABEL,Lacteos y Congelados,1150.0,0
MIRAFLORES,SANTA ISABEL,Lacteos y Congelados,3070.0,0
WATTS,SANTA ISABEL,Lacteos y Congelados,1530.0,0
CUISINE & CO,SANTA ISABEL,Lacteos y Congelados,5990.0,0
VIVO,SANTA ISABEL,Lacteos y Congelados,900.0,0
CRUZEIRO,SANTA ISABEL,Lacteos y Congelados,9870.0,0
NATUR,SANTA ISABEL,Lacteos y Congelados,1330.0,0
CUISINE & CO,SANTA ISABEL,Lacteos y Congelados,1990.0,0
CUISINE & CO,SANTA ISABEL,Lacteos y Congelados,790.0,0
NATUR,SANTA ISABEL,Lacteos y Congelados,2650.0,0
GOURMET,SANTA ISABEL,Lacteos y Congelados,4770.0,0
KELLOGGS,SANTA ISABEL,Lacteos y Congelados,2290.0,0
VIVO,SANTA ISABEL,Lacteos y Congelados,1200.0,0
CUISINE & CO,SANTA ISABEL,Lacteos y Congelados,1080.0,0
CHEF,SANTA ISABEL,Lacteos y Congelados,16630.0,0
WATTS,SANTA ISABEL,Lacteos y Congelados,1530.0,0
VIVO,SANTA ISABEL,Lacteos y Congelados,950.0,0
VIVO,SANTA ISABEL,Lacteos y Congelados,2990.0,0
MILO,SANTA ISABEL,Lacteos y Congelados,6020.0,0
VIVO,SANTA ISABEL,Lacteos y Congelados,900.0,0
LONCOLECHE,SANTA ISABEL,Lacteos y Congelados,3110.0,0
SOUL BAR,SANTA ISABEL,Lacteos y Congelados,2990.0,0
CUISINE & CO,SANTA ISABEL,Lacteos y Congelados,1860.0,0
CUISINE & CO,SANTA ISABEL,Lacteos y Congelados,830.0,0
MAZZETTI,SANTA ISABEL,Lacteos y Congelados,2690.0,0
GOURMET,SANTA ISABEL,Lacteos y Congelados,540.0,0
GOLD,SANTA ISABEL,Lacteos y Congelados,2990.0,0
GOURMET,SANTA ISABEL,Lacteos y Congelados,500.0,0
MARTINI,SANTA ISABEL,Lacteos y Congelados,2800.0,0
REGIMEL,SANTA ISABEL,Lacteos y Congelados,1550.0,0
CUISINE & CO,SANTA ISABEL,Lacteos y Congelados,4590.0,0
LUCCHETTI,SANTA ISABEL,Lacteos y Congelados,810.0,0
CUISINE & CO,SANTA ISABEL,Lacteos y Congelados,3310.0,0
PAN,SANTA ISABEL,Lacteos y Congelados,1850.0,0
GOURMET,SANTA ISABEL,Lacteos y Congelados,750.0,0
CUISINE & CO,SANTA ISABEL,Lacteos y Congelados,2930.0,0
AMBROSOLI,SANTA ISABEL,Lacteos y Congelados,2550.0,0
BANQUETE,SANTA ISABEL,Lacteos y Congelados,4570.0,0
COLUN,SANTA ISABEL,Lacteos y Congelados,1000.0,0
WATTS,SANTA ISABEL,Lacteos y Congelados,1230.0,0
EN LINEA,SANTA ISABEL,Lacteos y Congelados,1240.0,0
CHOCAPIC,SANTA ISABEL,Lacteos y Congelados,640.0,0
CUISINE & CO,SANTA ISABEL,Lacteos y Congelados,820.0,0
TUCAPEL,SANTA ISABEL,Lacteos y Congelados,1990.0,0
GOURMET,SANTA ISABEL,Lacteos y Congelados,670.0,0
IANSA CERO K,SANTA ISABEL,Lacteos y Congelados,3420.0,0
CUISINE & CO,SANTA ISABEL,Lacteos y Congelados,160.0,0
GOURMET,SANTA ISABEL,Lacteos y Congelados,3110.0,0
SUPERIOR,SANTA ISABEL,Lacteos y Congelados,2030.0,0
LIVEAN,SANTA ISABEL,Lacteos y Congelados,2340.0,0
HELLMANNS,SANTA ISABEL,Lacteos y Congelados,3490.0,0
CUISINE & CO,SANTA ISABEL,Lacteos y Congelados,2450.0,0
GOURMET,SANTA ISABEL,Lacteos y Congelados,6850.0,0
DON JUAN,SANTA ISABEL,Lacteos y Congelados,2280.0,0
SELECTA,SANTA ISABEL,Lacteos y Congelados,4290.0,0
NESCAFE,SANTA ISABEL,Lacteos y Congelados,3290.0,0
CUISINE & CO,SANTA ISABEL,Lacteos y Congelados,1790.0,0
GOURMET,SANTA ISABEL,Lacteos y Congelados,630.0,0
GOURMET,SANTA ISABEL,Lacteos y Congelados,1340.0,0
BANQUETE,SANTA ISABEL,Lacteos y Congelados,2760.0,0
BIOSAL,SANTA ISABEL,Lacteos y Congelados,4250.0,0
CHOCAPIC,SANTA ISABEL,Lacteos y Congelados,6250.0,0
ACONCAGUA,SANTA ISABEL,Lacteos y Congelados,2290.0,0
TIA LIA,SANTA ISABEL,Lacteos y Congelados,920.0,0
SUPREMO,SANTA ISABEL,Lacteos y Congelados,2070.0,0
TIA LIA,SANTA ISABEL,Lacteos y Congelados,830.0,0
PEARL RIVER BRIDGE,SANTA ISABEL,Lacteos y Congelados,1950.0,0
EN LINEA,SANTA ISABEL,Lacteos y Congelados,1130.0,0
CUISINE & CO,SANTA ISABEL,Lacteos y Congelados,4120.0,0
TWININGS,SANTA ISABEL,Lacteos y Congelados,6990.0,0
GOURMET,SANTA ISABEL,Lacteos y Congelados,500.0,0
BANQUETE,SANTA ISABEL,Lacteos y Congelados,5490.0,0
SUPREMO,SANTA ISABEL,Lacteos y Congelados,2950.0,0
GOURMET,SANTA ISABEL,Lacteos y Congelados,490.0,0
CUISINE & CO,SANTA ISABEL,Lacteos y Congelados,8650.0,0
TRAVERSO,SANTA ISABEL,Lacteos y Congelados,630.0,0
GOURMET,SANTA ISABEL,Lacteos y Congelados,960.0,0
GOURMET,SANTA ISABEL,Lacteos y Congelados,610.0,0
HEINZ,SANTA ISABEL,Lacteos y Congelados,1890.0,0
SAN JOSE,SANTA ISABEL,Lacteos y Congelados,2760.0,0
CUISINE & CO,SANTA ISABEL,Lacteos y Congelados,4990.0,0
LUCCHETTI,SANTA ISABEL,Lacteos y Congelados,1130.0,0
NESTLE,SANTA ISABEL,Lacteos y Congelados,4990.0,0
THE WILD FOODS,SANTA ISABEL,Lacteos y Congelados,4990.0,0
ECKART,SANTA ISABEL,Lacteos y Congelados,3110.0,0
LIVEAN,SANTA ISABEL,Lacteos y Congelados,820.0,0
LA VIEJA FABRICA,SANTA ISABEL,Lacteos y Congelados,3490.0,0
MAGGI,SANTA ISABEL,Lacteos y Congelados,720.0,0
SOUL BAR,SANTA ISABEL,Lacteos y Congelados,2990.0,0
COSTA,SANTA ISABEL,Lacteos y Congelados,1920.0,0
EN LINEA,SANTA ISABEL,Lacteos y Congelados,5710.0,0
HOFFMANN,SANTA ISABEL,Lacteos y Congelados,8310.0,0
CUISINE & CO,SANTA ISABEL,Lacteos y Congelados,2590.0,0
KARDAMILI,SANTA ISABEL,Lacteos y Congelados,9890.0,0
IANSA,SANTA ISABEL,Lacteos y Congelados,1970.0,0
TWININGS,SANTA ISABEL,Lacteos y Congelados,6990.0,0
EN LINEA,SANTA ISABEL,Lacteos y Congelados,2650.0,0
CUISINE & CO,SANTA ISABEL,Lacteos y Congelados,1190.0,0
COLUN,SANTA ISABEL,Lacteos y Congelados,5550.0,0
CUISINE & CO,SANTA ISABEL,Lacteos y Congelados,1590.0,0
REGIMEL,SANTA ISABEL,Lacteos y Congelados,1550.0,0
ESMERALDA,SANTA ISABEL,Lacteos y Congelados,3790.0,0
GOURMET,SANTA ISABEL,Lacteos y Congelados,500.0,0
GOURMET,SANTA ISABEL,Lacteos y Congelados,860.0,0
ORJAS,SANTA ISABEL,Lacteos y Congelados,1390.0,0
CASTILLO,SANTA ISABEL,Lacteos y Congelados,1630.0,0
CUISINE & CO,SANTA ISABEL,Lacteos y Congelados,1080.0,0
FITNESS,SANTA ISABEL,Lacteos y Congelados,3630.0,0
GOURMET,SANTA ISABEL,Lacteos y Congelados,1300.0,0
KRAFT,SANTA ISABEL,Lacteos y Congelados,6190.0,0
ESMERALDA,SANTA ISABEL,Lacteos y Congelados,2780.0,0
SUPREMO,SANTA ISABEL,Lacteos y Congelados,2950.0,0
CUISINE & CO,SANTA ISABEL,Lacteos y Congelados,2890.0,0
WASIL,SANTA ISABEL,Lacteos y Congelados,2690.0,0
CUISINE & CO,SANTA ISABEL,Lacteos y Congelados,680.0,0
HEINZ,SANTA ISABEL,Lacteos y Congelados,920.0,0
CUISINE & CO,SANTA ISABEL,Lacteos y Congelados,2570.0,0
LUCCHETTI,SANTA ISABEL,Lacteos y Congelados,1820.0,0
LONCOLECHE,UNIMARC,"Lácteos, Huevos y Refrigerados",1000.0,0
LOS PEUMOS,UNIMARC,"Lácteos, Huevos y Refrigerados",1000.0,0
LONCOLECHE,UNIMARC,"Lácteos, Huevos y Refrigerados",1000.0,0
COLUN,UNIMARC,"Lácteos, Huevos y Refrigerados",1250.0,0
COLUN,UNIMARC,"Lácteos, Huevos y Refrigerados",82000.0,0
COLUN,UNIMARC,"Lácteos, Huevos y Refrigerados",7590.0,0
COLUN,UNIMARC,"Lácteos, Huevos y Refrigerados",1350.0,0
SOPROLE,UNIMARC,"Lácteos, Huevos y Refrigerados",1200.0,0
LONCOLECHE,UNIMARC,"Lácteos, Huevos y Refrigerados",53000.0,0
LONCOLECHE,UNIMARC,"Lácteos, Huevos y Refrigerados",1000.0,0
LONCOLECHE,UNIMARC,"Lácteos, Huevos y Refrigerados",1300.0,0
NIDO,UNIMARC,"Lácteos, Huevos y Refrigerados",7230.0,0
COLUN,UNIMARC,"Lácteos, Huevos y Refrigerados",82000.0,0
QUILLAYES,UNIMARC,"Lácteos, Huevos y Refrigerados",4750.0,0
COLUN,UNIMARC,"Lácteos, Huevos y Refrigerados",82000.0,0
SOPROLE,UNIMARC,"Lácteos, Huevos y Refrigerados",42600.0,0
COLUN,UNIMARC,"Lácteos, Huevos y Refrigerados",630.0,0
LONCOLECHE,UNIMARC,"Lácteos, Huevos y Refrigerados",1450.0,0
COLUN,UNIMARC,"Lácteos, Huevos y Refrigerados",82000.0,0
COLUN,UNIMARC,"Lácteos, Huevos y Refrigerados",21320.0,0
MANJARATE,UNIMARC,"Lácteos, Huevos y Refrigerados",53300.0,0
LONCOLECHE,UNIMARC,"Lácteos, Huevos y Refrigerados",53000.0,0
SOPROLE,UNIMARC,"Lácteos, Huevos y Refrigerados",3590.0,0
NESTLE,UNIMARC,"Lácteos, Huevos y Refrigerados",1390.0,0
NESTLE,UNIMARC,"Lácteos, Huevos y Refrigerados",6590.0,0
LOS PEUMOS,UNIMARC,"Lácteos, Huevos y Refrigerados",1000.0,0
CALAN,UNIMARC,"Lácteos, Huevos y Refrigerados",102000.0,0
LONCOLECHE,UNIMARC,"Lácteos, Huevos y Refrigerados",1300.0,0
COLUN,UNIMARC,"Lácteos, Huevos y Refrigerados",61890.0,0
NUESTRA COCINA,UNIMARC,"Lácteos, Huevos y Refrigerados",4550.0,0
QUALY,UNIMARC,"Lácteos, Huevos y Refrigerados",2350.0,0
COLUN,UNIMARC,"Lácteos, Huevos y Refrigerados",1250.0,0
NESTLE,UNIMARC,"Lácteos, Huevos y Refrigerados",42000.0,0
LONCOLECHE,UNIMARC,"Lácteos, Huevos y Refrigerados",1300.0,0
SOPROLE,UNIMARC,"Lácteos, Huevos y Refrigerados",820.0,0
COLUN,UNIMARC,"Lácteos, Huevos y Refrigerados",400.0,0
CINTAZUL,UNIMARC,"Lácteos, Huevos y Refrigerados",7950.0,0
COLUN,UNIMARC,"Lácteos, Huevos y Refrigerados",3150.0,0
SOPROLE,UNIMARC,"Lácteos, Huevos y Refrigerados",42100.0,0
SOPROLE,UNIMARC,"Lácteos, Huevos y Refrigerados",41350.0,0
SOPROLE,UNIMARC,"Lácteos, Huevos y Refrigerados",21480.0,0
MILO,UNIMARC,"Lácteos, Huevos y Refrigerados",2950.0,0
SOPROLE,UNIMARC,"Lácteos, Huevos y Refrigerados",41350.0,0
LONCOLECHE,UNIMARC,"Lácteos, Huevos y Refrigerados",53000.0,0
NUESTRA COCINA,UNIMARC,"Lácteos, Huevos y Refrigerados",9350.0,0
COLUN,UNIMARC,"Lácteos, Huevos y Refrigerados",1750.0,0
COLUN,UNIMARC,"Lácteos, Huevos y Refrigerados",41090.0,0
CALAN,UNIMARC,"Lácteos, Huevos y Refrigerados",102000.0,0
LONCOLECHE,UNIMARC,"Lácteos, Huevos y Refrigerados",950.0,0
COLUN,UNIMARC,"Lácteos, Huevos y Refrigerados",61890.0,0
COLUN,UNIMARC,"Lácteos, Huevos y Refrigerados",1750.0,0
SOPROLE,UNIMARC,"Lácteos, Huevos y Refrigerados",21480.0,0
CALAN,UNIMARC,"Lácteos, Huevos y Refrigerados",102000.0,0
LONCOLECHE,UNIMARC,"Lácteos, Huevos y Refrigerados",21090.0,0
SOPROLE,UNIMARC,"Lácteos, Huevos y Refrigerados",2350.0,0
SOPROLE,UNIMARC,"Lácteos, Huevos y Refrigerados",2390.0,0
LONCOLECHE,UNIMARC,"Lácteos, Huevos y Refrigerados",21090.0,0
COLUN,UNIMARC,"Lácteos, Huevos y Refrigerados",21320.0,0
SOPROLE,UNIMARC,"Lácteos, Huevos y Refrigerados",42600.0,0
COLUN,UNIMARC,"Lácteos, Huevos y Refrigerados",1250.0,0
NESTLE,UNIMARC,"Lácteos, Huevos y Refrigerados",42000.0,0
SOPROLE,UNIMARC,"Lácteos, Huevos y Refrigerados",4290.0,0
COLUN,UNIMARC,"Lácteos, Huevos y Refrigerados",1750.0,0
LONCOLECHE,UNIMARC,"Lácteos, Huevos y Refrigerados",21090.0,0
SURLAT,UNIMARC,"Lácteos, Huevos y Refrigerados",65100.0,0
SOPROLE,UNIMARC,"Lácteos, Huevos y Refrigerados",340.0,0
COLUN,UNIMARC,"Lácteos, Huevos y Refrigerados",1590.0,0
NESTLE,UNIMARC,"Lácteos, Huevos y Refrigerados",81890.0,0
SOPROLE,UNIMARC,"Lácteos, Huevos y Refrigerados",41550.0,0
OIKOS,UNIMARC,"Lácteos, Huevos y Refrigerados",21320.0,0
LONCOLECHE,UNIMARC,"Lácteos, Huevos y Refrigerados",21100.0,0
SOPROLE,UNIMARC,"Lácteos, Huevos y Refrigerados",42900.0,0
COLUN,UNIMARC,"Lácteos, Huevos y Refrigerados",41090.0,0
COLUN,UNIMARC,"Lácteos, Huevos y Refrigerados",41090.0,0
SOPROLE,UNIMARC,"Lácteos, Huevos y Refrigerados",41550.0,0
NUESTRA COCINA,UNIMARC,"Lácteos, Huevos y Refrigerados",41000.0,0
NESTLE,UNIMARC,"Lácteos, Huevos y Refrigerados",21000.0,0
COLUN,UNIMARC,"Lácteos, Huevos y Refrigerados",61890.0,0
SOPROLE,UNIMARC,"Lácteos, Huevos y Refrigerados",1750.0,0
QUILLAYES,UNIMARC,"Lácteos, Huevos y Refrigerados",63000.0,0
NESTLE,UNIMARC,"Lácteos, Huevos y Refrigerados",2510.0,0
NIDO,UNIMARC,"Lácteos, Huevos y Refrigerados",7850.0,0
NESTLE,UNIMARC,"Lácteos, Huevos y Refrigerados",63400.0,0
LONCOLECHE,UNIMARC,"Lácteos, Huevos y Refrigerados",12000.0,0
SOPROLE,UNIMARC,"Lácteos, Huevos y Refrigerados",63190.0,0
NUESTRA COCINA,UNIMARC,"Lácteos, Huevos y Refrigerados",41000.0,0
NESTLE,UNIMARC,"Lácteos, Huevos y Refrigerados",21000.0,0
LONCOLECHE,UNIMARC,"Lácteos, Huevos y Refrigerados",53250.0,0
NUESTRA COCINA,UNIMARC,"Lácteos, Huevos y Refrigerados",7350.0,0
SOPROLE,UNIMARC,"Lácteos, Huevos y Refrigerados",42100.0,0
SOPROLE,UNIMARC,"Lácteos, Huevos y Refrigerados",41750.0,0
SOPROLE,UNIMARC,"Lácteos, Huevos y Refrigerados",42600.0,0
SOPROLE,UNIMARC,"Lácteos, Huevos y Refrigerados",1590.0,0
NESTLE,UNIMARC,"Lácteos, Huevos y Refrigerados",42200.0,0
NESTLE,UNIMARC,"Lácteos, Huevos y Refrigerados",81890.0,0
COLUN,UNIMARC,"Lácteos, Huevos y Refrigerados",61890.0,0
NESTLE,UNIMARC,"Lácteos, Huevos y Refrigerados",42200.0,0
VIVO,UNIMARC,"Lácteos, Huevos y Refrigerados",21590.0,0
COLUN,UNIMARC,"Lácteos, Huevos y Refrigerados",3350.0,0
SOPROLE,UNIMARC,"Lácteos, Huevos y Refrigerados",1450.0,0
NUESTRA COCINA,UNIMARC,"Lácteos, Huevos y Refrigerados",41000.0,0
COLUN,UNIMARC,"Lácteos, Huevos y Refrigerados",62000.0,0
LONCOLECHE,UNIMARC,"Lácteos, Huevos y Refrigerados",2100.0,0
LONCOLECHE,UNIMARC,"Lácteos, Huevos y Refrigerados",950.0,0
COLUN,UNIMARC,"Lácteos, Huevos y Refrigerados",61890.0,0
VIVO,UNIMARC,"Lácteos, Huevos y Refrigerados",21640.0,0
SOPROLE,UNIMARC,"Lácteos, Huevos y Refrigerados",41800.0,0
SVELTY,UNIMARC,"Lácteos, Huevos y Refrigerados",26190.0,0
VIVO,UNIMARC,"Lácteos, Huevos y Refrigerados",21640.0,0
SOPROLE,UNIMARC,"Lácteos, Huevos y Refrigerados",63190.0,0
COLUN,UNIMARC,"Lácteos, Huevos y Refrigerados",61890.0,0
SUREÑA,UNIMARC,"Lácteos, Huevos y Refrigerados",2190.0,0
LONCOLECHE,UNIMARC,"Lácteos, Huevos y Refrigerados",21250.0,0
SOPROLE,UNIMARC,"Lácteos, Huevos y Refrigerados",3790.0,0
COLUN,UNIMARC,"Lácteos, Huevos y Refrigerados",62000.0,0
NESTLE,UNIMARC,"Lácteos, Huevos y Refrigerados",21000.0,0
SURLAT,UNIMARC,"Lácteos, Huevos y Refrigerados",1190.0,0
SOPROLE,UNIMARC,"Lácteos, Huevos y Refrigerados",41750.0,0
QUILLAYES,UNIMARC,"Lácteos, Huevos y Refrigerados",63000.0,0
SOPROLE,UNIMARC,"Lácteos, Huevos y Refrigerados",21480.0,0
OIKOS,UNIMARC,"Lácteos, Huevos y Refrigerados",21320.0,0
LONCOLECHE,UNIMARC,"Lácteos, Huevos y Refrigerados",2520.0,0
VIVO,UNIMARC,"Lácteos, Huevos y Refrigerados",21640.0,0
MANJARATE,UNIMARC,"Lácteos, Huevos y Refrigerados",53300.0,0
EDRA,UNIMARC,"Lácteos, Huevos y Refrigerados",2490.0,0
SOPROLE,UNIMARC,"Lácteos, Huevos y Refrigerados",21600.0,0
LONCOLECHE,UNIMARC,"Lácteos, Huevos y Refrigerados",1190.0,0
SURLAT,UNIMARC,"Lácteos, Huevos y Refrigerados",2890.0,0
SOPROLE,UNIMARC,"Lácteos, Huevos y Refrigerados",42000.0,0
LONCOLECHE,UNIMARC,"Lácteos, Huevos y Refrigerados",2100.0,0
SOPROLE,UNIMARC,"Lácteos, Huevos y Refrigerados",3790.0,0
SOPROLE,UNIMARC,"Lácteos, Huevos y Refrigerados",1200.0,0
VIVO,UNIMARC,"Lácteos, Huevos y Refrigerados",21590.0,0
SURLAT,UNIMARC,"Lácteos, Huevos y Refrigerados",21380.0,0
SOPROLE,UNIMARC,"Lácteos, Huevos y Refrigerados",31900.0,0
COLUN,UNIMARC,"Lácteos, Huevos y Refrigerados",1950.0,0
SOPROLE,UNIMARC,"Lácteos, Huevos y Refrigerados",21600.0,0
LONCOLECHE,UNIMARC,"Lácteos, Huevos y Refrigerados",4290.0,0
SURLAT,UNIMARC,"Lácteos, Huevos y Refrigerados",21380.0,0
VIVO,UNIMARC,"Lácteos, Huevos y Refrigerados",21590.0,0
COLUN,UNIMARC,"Lácteos, Huevos y Refrigerados",1950.0,0
SOPROLE,UNIMARC,"Lácteos, Huevos y Refrigerados",31900.0,0
VIVO,UNIMARC,"Lácteos, Huevos y Refrigerados",21640.0,0
VIVO,UNIMARC,"Lácteos, Huevos y Refrigerados",21620.0,0
SURLAT,UNIMARC,"Lácteos, Huevos y Refrigerados",1190.0,0
NIDO,UNIMARC,"Lácteos, Huevos y Refrigerados",19790.0,0
SURLAT,UNIMARC,"Lácteos, Huevos y Refrigerados",2690.0,0
COLA CAO,UNIMARC,"Lácteos, Huevos y Refrigerados",6890.0,0
SOPROLE,UNIMARC,"Lácteos, Huevos y Refrigerados",340.0,0
NESTLE,UNIMARC,"Lácteos, Huevos y Refrigerados",4390.0,0
LONCOLECHE,UNIMARC,"Lácteos, Huevos y Refrigerados",1035.0,0
VIVO,UNIMARC,"Lácteos, Huevos y Refrigerados",560.0,0
SOPROLE,UNIMARC,"Lácteos, Huevos y Refrigerados",1490.0,0
CHANDELLE,UNIMARC,"Lácteos, Huevos y Refrigerados",810.0,0
VILAY,UNIMARC,"Lácteos, Huevos y Refrigerados",2000.0,0
CALO,UNIMARC,"Lácteos, Huevos y Refrigerados",4650.0,0
NESTLE,UNIMARC,"Lácteos, Huevos y Refrigerados",2110.0,0
SOPROLE,UNIMARC,"Lácteos, Huevos y Refrigerados",2790.0,0
LONCOLECHE,UNIMARC,"Lácteos, Huevos y Refrigerados",2100.0,0
NOT MILK,UNIMARC,"Lácteos, Huevos y Refrigerados",2190.0,0
NESTLE,UNIMARC,"Lácteos, Huevos y Refrigerados",3390.0,0
CRUCINA,UNIMARC,"Lácteos, Huevos y Refrigerados",3050.0,0
SOPROLE,UNIMARC,"Lácteos, Huevos y Refrigerados",300.0,0
LONCOLECHE,UNIMARC,"Lácteos, Huevos y Refrigerados",6290.0,0
COLUN,UNIMARC,"Lácteos, Huevos y Refrigerados",1750.0,0
LONCOLECHE,UNIMARC,"Lácteos, Huevos y Refrigerados",12000.0,0
COLUN,UNIMARC,"Lácteos, Huevos y Refrigerados",1750.0,0
VILAY,UNIMARC,"Lácteos, Huevos y Refrigerados",2000.0,0
NESTLE,UNIMARC,"Lácteos, Huevos y Refrigerados",2110.0,0
LONCOLECHE,UNIMARC,"Lácteos, Huevos y Refrigerados",2520.0,0
COLUN,UNIMARC,"Lácteos, Huevos y Refrigerados",1590.0,0
YOGU YOGU,UNIMARC,"Lácteos, Huevos y Refrigerados",3750.0,0
SOPROLE,UNIMARC,"Lácteos, Huevos y Refrigerados",2750.0,0
CALO,UNIMARC,"Lácteos, Huevos y Refrigerados",1850.0,0
UNO,UNIMARC,"Lácteos, Huevos y Refrigerados",3790.0,0
CALO,UNIMARC,"Lácteos, Huevos y Refrigerados",6240.0,0
WATTS,UNIMARC,"Lácteos, Huevos y Refrigerados",2690.0,0
SURLAT,UNIMARC,"Lácteos, Huevos y Refrigerados",2590.0,0
OIKOS,UNIMARC,"Lácteos, Huevos y Refrigerados",990.0,0
CALO,UNIMARC,"Lácteos, Huevos y Refrigerados",2150.0,0
COLIUMO,UNIMARC,"Lácteos, Huevos y Refrigerados",9990.0,0
QUILLAYES,UNIMARC,"Lácteos, Huevos y Refrigerados",2000.0,0
COLUN,UNIMARC,"Lácteos, Huevos y Refrigerados",1390.0,0
QUILLAYES,UNIMARC,"Lácteos, Huevos y Refrigerados",2650.0,0
SOPROLE,UNIMARC,"Lácteos, Huevos y Refrigerados",1750.0,0
NESTLE,UNIMARC,"Lácteos, Huevos y Refrigerados",870.0,0
SOPROLE,UNIMARC,"Lácteos, Huevos y Refrigerados",1590.0,0
NOT MILK,UNIMARC,"Lácteos, Huevos y Refrigerados",2190.0,0
NOT MILK,UNIMARC,"Lácteos, Huevos y Refrigerados",2190.0,0
LONCOLECHE,UNIMARC,"Lácteos, Huevos y Refrigerados",1620.0,0
SURLAT,UNIMARC,"Lácteos, Huevos y Refrigerados",2690.0,0
SOPROLE,UNIMARC,"Lácteos, Huevos y Refrigerados",2750.0,0
CALO,UNIMARC,"Lácteos, Huevos y Refrigerados",1690.0,0
SOPROLE,UNIMARC,"Lácteos, Huevos y Refrigerados",500.0,0
QUALY,UNIMARC,"Lácteos, Huevos y Refrigerados",2820.0,0
CINTAZUL,UNIMARC,"Lácteos, Huevos y Refrigerados",4790.0,0
DILA,UNIMARC,"Lácteos, Huevos y Refrigerados",1690.0,0
SOPROLE,UNIMARC,"Lácteos, Huevos y Refrigerados",3190.0,0
SOPROLE,UNIMARC,"Lácteos, Huevos y Refrigerados",3790.0,0
COLUN,UNIMARC,"Lácteos, Huevos y Refrigerados",1590.0,0
CALO,UNIMARC,"Lácteos, Huevos y Refrigerados",6240.0,0
SOPROLE,UNIMARC,"Lácteos, Huevos y Refrigerados",820.0,0
NEXT,UNIMARC,"Lácteos, Huevos y Refrigerados",2590.0,0
SOPROLE,UNIMARC,"Lácteos, Huevos y Refrigerados",300.0,0
COLA CAO,UNIMARC,"Lácteos, Huevos y Refrigerados",3590.0,0
LOS PEUMOS,UNIMARC,"Lácteos, Huevos y Refrigerados",12000.0,0
COLUN,UNIMARC,"Lácteos, Huevos y Refrigerados",3890.0,0
DOLCE ITALIA,UNIMARC,"Lácteos, Huevos y Refrigerados",1750.0,0
SVELTY,UNIMARC,"Lácteos, Huevos y Refrigerados",7290.0,0
SOPROLE,UNIMARC,"Lácteos, Huevos y Refrigerados",1590.0,0
UNO,UNIMARC,"Lácteos, Huevos y Refrigerados",4450.0,0
UNO,UNIMARC,"Lácteos, Huevos y Refrigerados",3790.0,0
NESTLE,UNIMARC,"Lácteos, Huevos y Refrigerados",3400.0,0
CALO,UNIMARC,"Lácteos, Huevos y Refrigerados",12240.0,0
CALAN,UNIMARC,"Lácteos, Huevos y Refrigerados",1590.0,0
UNO,UNIMARC,"Lácteos, Huevos y Refrigerados",2000.0,0
DOLCE ITALIA,UNIMARC,"Lácteos, Huevos y Refrigerados",1750.0,0
NIDO,UNIMARC,"Lácteos, Huevos y Refrigerados",17690.0,0
COLUN,UNIMARC,"Lácteos, Huevos y Refrigerados",15000.0,0
NIDO,UNIMARC,"Lácteos, Huevos y Refrigerados",9890.0,0
LONCOLECHE,UNIMARC,"Lácteos, Huevos y Refrigerados",2890.0,0
NESTLE,UNIMARC,"Lácteos, Huevos y Refrigerados",3390.0,0
YEMITA,UNIMARC,"Lácteos, Huevos y Refrigerados",9990.0,0
SOPROLE,UNIMARC,"Lácteos, Huevos y Refrigerados",820.0,0
SOPROLE,UNIMARC,"Lácteos, Huevos y Refrigerados",3090.0,0
WATTS,UNIMARC,"Lácteos, Huevos y Refrigerados",510.0,0
DELINE,UNIMARC,"Lácteos, Huevos y Refrigerados",1990.0,0
LOS PEUMOS,UNIMARC,"Lácteos, Huevos y Refrigerados",2790.0,0
LONCOLECHE,UNIMARC,"Lácteos, Huevos y Refrigerados",6770.0,0
SOPROLE,UNIMARC,"Lácteos, Huevos y Refrigerados",1450.0,0
SOPROLE,UNIMARC,"Lácteos, Huevos y Refrigerados",2450.0,0
SOPROLE,UNIMARC,"Lácteos, Huevos y Refrigerados",2150.0,0
COLUN,UNIMARC,"Lácteos, Huevos y Refrigerados",2250.0,0
NUESTRA COCINA,UNIMARC,"Lácteos, Huevos y Refrigerados",440.0,0
SOPROLE,UNIMARC,"Lácteos, Huevos y Refrigerados",3450.0,0
NESTLE,UNIMARC,"Lácteos, Huevos y Refrigerados",4390.0,0
SOPROLE,UNIMARC,"Lácteos, Huevos y Refrigerados",3190.0,0
SOPROLE,UNIMARC,"Lácteos, Huevos y Refrigerados",14400.0,0
QUILLAYES,UNIMARC,"Lácteos, Huevos y Refrigerados",4490.0,0
COLUN,UNIMARC,"Lácteos, Huevos y Refrigerados",15000.0,0
COLUN,UNIMARC,"Lácteos, Huevos y Refrigerados",650.0,0
COLUN,UNIMARC,"Lácteos, Huevos y Refrigerados",400.0,0
LA GRANJA,UNIMARC,"Lácteos, Huevos y Refrigerados",5890.0,0
NESTLE,UNIMARC,"Lácteos, Huevos y Refrigerados",1490.0,0
WATTS,UNIMARC,"Lácteos, Huevos y Refrigerados",2590.0,0
COLUN,UNIMARC,"Lácteos, Huevos y Refrigerados",15000.0,0
SOPROLE,UNIMARC,"Lácteos, Huevos y Refrigerados",760.0,0
SOPROLE,UNIMARC,"Lácteos, Huevos y Refrigerados",14400.0,0
EDRA,UNIMARC,"Lácteos, Huevos y Refrigerados",1590.0,0
COLUN,UNIMARC,"Lácteos, Huevos y Refrigerados",7390.0,0
CALO,UNIMARC,"Lácteos, Huevos y Refrigerados",2890.0,0
SOPROLE,UNIMARC,"Lácteos, Huevos y Refrigerados",300.0,0
OIKOS,UNIMARC,"Lácteos, Huevos y Refrigerados",1190.0,0
COLUN,UNIMARC,"Lácteos, Huevos y Refrigerados",1850.0,0
NIDO,UNIMARC,"Lácteos, Huevos y Refrigerados",17690.0,0
COLUN,UNIMARC,"Lácteos, Huevos y Refrigerados",3790.0,0
NESTLE,UNIMARC,"Lácteos, Huevos y Refrigerados",870.0,0
SOPROLE,UNIMARC,"Lácteos, Huevos y Refrigerados",2750.0,0
SOPROLE,UNIMARC,"Lácteos, Huevos y Refrigerados",2790.0,0
DECOR ART,UNIMARC,"Lácteos, Huevos y Refrigerados",5250.0,0
VIVO,UNIMARC,"Lácteos, Huevos y Refrigerados",560.0,0
WATTS,UNIMARC,"Lácteos, Huevos y Refrigerados",510.0,0
VIVO,UNIMARC,"Lácteos, Huevos y Refrigerados",560.0,0
SOPROLE,UNIMARC,"Lácteos, Huevos y Refrigerados",2790.0,0
QUILLAYES,UNIMARC,"Lácteos, Huevos y Refrigerados",2350.0,0
COPACABANA,UNIMARC,"Lácteos, Huevos y Refrigerados",2990.0,0
NIDO,UNIMARC,"Lácteos, Huevos y Refrigerados",9990.0,0
NUESTRA COCINA,UNIMARC,"Lácteos, Huevos y Refrigerados",450.0,0
MILO,UNIMARC,"Lácteos, Huevos y Refrigerados",8590.0,0
CALO,UNIMARC,"Lácteos, Huevos y Refrigerados",6790.0,0
NIDO,UNIMARC,"Lácteos, Huevos y Refrigerados",3990.0,0
WATTS,UNIMARC,"Lácteos, Huevos y Refrigerados",510.0,0
COLUN,UNIMARC,"Lácteos, Huevos y Refrigerados",1950.0,0
COLUN,UNIMARC,"Lácteos, Huevos y Refrigerados",650.0,0
NUESTRA COCINA,UNIMARC,"Lácteos, Huevos y Refrigerados",4350.0,0
SOPROLE,UNIMARC,"Lácteos, Huevos y Refrigerados",1450.0,0
NUESTRA COCINA,UNIMARC,"Lácteos, Huevos y Refrigerados",440.0,0
SOPROLE,UNIMARC,"Lácteos, Huevos y Refrigerados",2750.0,0
SOPROLE,UNIMARC,"Lácteos, Huevos y Refrigerados",820.0,0
SOPROLE,UNIMARC,"Lácteos, Huevos y Refrigerados",2090.0,0
MASTER MARTINI,UNIMARC,"Lácteos, Huevos y Refrigerados",1250.0,0
VILAY,UNIMARC,"Lácteos, Huevos y Refrigerados",2450.0,0
EN LINEA,UNIMARC,"Lácteos, Huevos y Refrigerados",15950.0,0
ASTRA,UNIMARC,"Lácteos, Huevos y Refrigerados",2350.0,0
DANONE,UNIMARC,"Lácteos, Huevos y Refrigerados",2090.0,0
NESTLE,UNIMARC,"Lácteos, Huevos y Refrigerados",370.0,0
LONCOLECHE,UNIMARC,"Lácteos, Huevos y Refrigerados",11490.0,0
COLUN,UNIMARC,"Lácteos, Huevos y Refrigerados",1090.0,0
UNO,UNIMARC,"Lácteos, Huevos y Refrigerados",6490.0,0
RANCHERITA,UNIMARC,"Lácteos, Huevos y Refrigerados",5390.0,0
AMBROSOLI,UNIMARC,"Lácteos, Huevos y Refrigerados",630.0,0
YOGU YOGU,UNIMARC,"Lácteos, Huevos y Refrigerados",3750.0,0
SANTA ELVIRA,UNIMARC,"Lácteos, Huevos y Refrigerados",10650.0,0
NESTLE,UNIMARC,"Lácteos, Huevos y Refrigerados",4390.0,0
CHANDELLE,UNIMARC,"Lácteos, Huevos y Refrigerados",810.0,0
CHANDELLE,UNIMARC,"Lácteos, Huevos y Refrigerados",810.0,0
SOPROLE,UNIMARC,"Lácteos, Huevos y Refrigerados",730.0,0
NESTLE,UNIMARC,"Lácteos, Huevos y Refrigerados",490.0,0
SOPROLE,UNIMARC,"Lácteos, Huevos y Refrigerados",380.0,0
SOPROLE,UNIMARC,"Lácteos, Huevos y Refrigerados",6990.0,0
CALAN,UNIMARC,"Lácteos, Huevos y Refrigerados",1790.0,0
NUESTRA COCINA,UNIMARC,"Lácteos, Huevos y Refrigerados",2190.0,0
SUREÑA,UNIMARC,"Lácteos, Huevos y Refrigerados",3790.0,0
COLUN,UNIMARC,"Lácteos, Huevos y Refrigerados",3850.0,0
CALAN,UNIMARC,"Lácteos, Huevos y Refrigerados",1790.0,0
NUESTRA COCINA,UNIMARC,"Lácteos, Huevos y Refrigerados",4650.0,0
OIKOS,UNIMARC,"Lácteos, Huevos y Refrigerados",780.0,0
UNO,UNIMARC,"Lácteos, Huevos y Refrigerados",2250.0,0
VIVO,UNIMARC,"Lácteos, Huevos y Refrigerados",560.0,0
SOPROLE,UNIMARC,"Lácteos, Huevos y Refrigerados",1550.0,0
SOPROLE,UNIMARC,"Lácteos, Huevos y Refrigerados",600.0,0
CALAN,UNIMARC,"Lácteos, Huevos y Refrigerados",3090.0,0
COLUN,UNIMARC,"Lácteos, Huevos y Refrigerados",13590.0,0
SOPROLE,UNIMARC,"Lácteos, Huevos y Refrigerados",620.0,0
MILO,UNIMARC,"Lácteos, Huevos y Refrigerados",6990.0,0
COLUN,UNIMARC,"Lácteos, Huevos y Refrigerados",650.0,0
SOPROLE,UNIMARC,"Lácteos, Huevos y Refrigerados",710.0,0
SOPROLE,UNIMARC,"Lácteos, Huevos y Refrigerados",620.0,0
SOPROLE,UNIMARC,"Lácteos, Huevos y Refrigerados",920.0,0
COLUN,UNIMARC,"Lácteos, Huevos y Refrigerados",3750.0,0
NESTLE,UNIMARC,"Lácteos, Huevos y Refrigerados",390.0,0
SOPROLE,UNIMARC,"Lácteos, Huevos y Refrigerados",2790.0,0
CHANDELLE,UNIMARC,"Lácteos, Huevos y Refrigerados",810.0,0
OIKOS,UNIMARC,"Lácteos, Huevos y Refrigerados",650.0,0
OIKOS,UNIMARC,"Lácteos, Huevos y Refrigerados",1190.0,0
SOPROLE,UNIMARC,"Lácteos, Huevos y Refrigerados",730.0,0
SOPROLE,UNIMARC,"Lácteos, Huevos y Refrigerados",920.0,0
VILAY,UNIMARC,"Lácteos, Huevos y Refrigerados",2450.0,0
SOPROLE,UNIMARC,"Lácteos, Huevos y Refrigerados",760.0,0
NESTLE,UNIMARC,"Lácteos, Huevos y Refrigerados",740.0,0
SOPROLE,UNIMARC,"Lácteos, Huevos y Refrigerados",6490.0,0
SOPROLE,UNIMARC,"Lácteos, Huevos y Refrigerados",1590.0,0
SOPROLE,UNIMARC,"Lácteos, Huevos y Refrigerados",790.0,0
WATTS,UNIMARC,"Lácteos, Huevos y Refrigerados",2590.0,0
QUILLAYES,UNIMARC,"Lácteos, Huevos y Refrigerados",4350.0,0
COLUN,UNIMARC,"Lácteos, Huevos y Refrigerados",3750.0,0
CALO,UNIMARC,"Lácteos, Huevos y Refrigerados",12990.0,0
NEXT,UNIMARC,"Lácteos, Huevos y Refrigerados",1590.0,0
ORASI,UNIMARC,"Lácteos, Huevos y Refrigerados",2350.0,0
SOPROLE,UNIMARC,"Lácteos, Huevos y Refrigerados",2090.0,0
OIKOS,UNIMARC,"Lácteos, Huevos y Refrigerados",650.0,0
SOPROLE,UNIMARC,"Lácteos, Huevos y Refrigerados",3150.0,0
SOPROLE,UNIMARC,"Lácteos, Huevos y Refrigerados",2090.0,0
NIDO,UNIMARC,"Lácteos, Huevos y Refrigerados",9790.0,0
YOGU YOGU,UNIMARC,"Lácteos, Huevos y Refrigerados",3750.0,0
SOPROLE,UNIMARC,"Lácteos, Huevos y Refrigerados",710.0,0
NESTLE,UNIMARC,"Lácteos, Huevos y Refrigerados",4150.0,0
WATTS,UNIMARC,"Lácteos, Huevos y Refrigerados",510.0,0
REGIMEL,UNIMARC,"Lácteos, Huevos y Refrigerados",1990.0,0
SOPROLE,UNIMARC,"Lácteos, Huevos y Refrigerados",740.0,0
NESTLE,UNIMARC,"Lácteos, Huevos y Refrigerados",390.0,0
NESQUIK,UNIMARC,"Lácteos, Huevos y Refrigerados",3890.0,0
CINTAZUL,UNIMARC,"Lácteos, Huevos y Refrigerados",10190.0,0
SOPROLE,UNIMARC,"Lácteos, Huevos y Refrigerados",3590.0,0
YEMITA,UNIMARC,"Lácteos, Huevos y Refrigerados",6890.0,0
SOPROLE,UNIMARC,"Lácteos, Huevos y Refrigerados",800.0,0
NEXT,UNIMARC,"Lácteos, Huevos y Refrigerados",2490.0,0
LONCOLECHE,UNIMARC,"Lácteos, Huevos y Refrigerados",11390.0,0
SUREÑA,UNIMARC,"Lácteos, Huevos y Refrigerados",6150.0,0
MILO,UNIMARC,"Lácteos, Huevos y Refrigerados",680.0,0
NUESTRA COCINA,UNIMARC,"Lácteos, Huevos y Refrigerados",2490.0,0
SOPROLE,UNIMARC,"Lácteos, Huevos y Refrigerados",1990.0,0
SOPROLE,UNIMARC,"Lácteos, Huevos y Refrigerados",3590.0,0
NESTLE,UNIMARC,"Lácteos, Huevos y Refrigerados",7950.0,0
LONCOLECHE,UNIMARC,"Lácteos, Huevos y Refrigerados",3390.0,0
SOPROLE,UNIMARC,"Lácteos, Huevos y Refrigerados",2590.0,0
SVELTY,UNIMARC,"Lácteos, Huevos y Refrigerados",4390.0,0
COLUN,UNIMARC,"Lácteos, Huevos y Refrigerados",1990.0,0
SOPROLE,UNIMARC,"Lácteos, Huevos y Refrigerados",1990.0,0
SOPROLE,UNIMARC,"Lácteos, Huevos y Refrigerados",380.0,0
SOPROLE,UNIMARC,"Lácteos, Huevos y Refrigerados",6790.0,0
VIVO,UNIMARC,"Lácteos, Huevos y Refrigerados",870.0,0
SOPROLE,UNIMARC,"Lácteos, Huevos y Refrigerados",2590.0,0
CINTAZUL,UNIMARC,"Lácteos, Huevos y Refrigerados",4290.0,0
SOPROLE,UNIMARC,"Lácteos, Huevos y Refrigerados",710.0,0
QUILLAYES,UNIMARC,"Lácteos, Huevos y Refrigerados",4850.0,0
COLUN,UNIMARC,"Lácteos, Huevos y Refrigerados",4090.0,0
OIKOS,UNIMARC,"Lácteos, Huevos y Refrigerados",650.0,0
SOPROLE,UNIMARC,"Lácteos, Huevos y Refrigerados",380.0,0
SOPROLE,UNIMARC,"Lácteos, Huevos y Refrigerados",1590.0,0
COLUN,UNIMARC,"Lácteos, Huevos y Refrigerados",3890.0,0
ORASI,UNIMARC,"Lácteos, Huevos y Refrigerados",3690.0,0
SOPROLE,UNIMARC,"Lácteos, Huevos y Refrigerados",6190.0,0
SOPROLE,UNIMARC,"Lácteos, Huevos y Refrigerados",600.0,0
SOPROLE,UNIMARC,"Lácteos, Huevos y Refrigerados",3890.0,0
SOPROLE,UNIMARC,"Lácteos, Huevos y Refrigerados",710.0,0
LONCOLECHE,UNIMARC,"Lácteos, Huevos y Refrigerados",3250.0,0
ORASI,UNIMARC,"Lácteos, Huevos y Refrigerados",3990.0,0
NIDO,UNIMARC,"Lácteos, Huevos y Refrigerados",3550.0,0
LOS ALERCES,UNIMARC,"Lácteos, Huevos y Refrigerados",3150.0,0
NEXT,UNIMARC,"Lácteos, Huevos y Refrigerados",2490.0,0
MY WAY,UNIMARC,"Lácteos, Huevos y Refrigerados",990.0,0
SUREÑA,UNIMARC,"Lácteos, Huevos y Refrigerados",1950.0,0
REGIMEL,UNIMARC,"Lácteos, Huevos y Refrigerados",1990.0,0
MASTER MARTINI,UNIMARC,"Lácteos, Huevos y Refrigerados",5490.0,0
DANONE,UNIMARC,"Lácteos, Huevos y Refrigerados",370.0,0
SOPROLE,UNIMARC,"Lácteos, Huevos y Refrigerados",740.0,0
SOPROLE,UNIMARC,"Lácteos, Huevos y Refrigerados",740.0,0
SOPROLE,UNIMARC,"Lácteos, Huevos y Refrigerados",380.0,0
TRENCITO,UNIMARC,"Lácteos, Huevos y Refrigerados",720.0,0
SOPROLE,UNIMARC,"Lácteos, Huevos y Refrigerados",740.0,0
OIKOS,UNIMARC,"Lácteos, Huevos y Refrigerados",780.0,0
AMBROSOLI,UNIMARC,"Lácteos, Huevos y Refrigerados",630.0,0
SOPROLE,UNIMARC,"Lácteos, Huevos y Refrigerados",2190.0,0
OIKOS,UNIMARC,"Lácteos, Huevos y Refrigerados",1350.0,0
COLUN,UNIMARC,"Lácteos, Huevos y Refrigerados",2290.0,0
NESTLE,UNIMARC,"Lácteos, Huevos y Refrigerados",520.0,0
LONCOLECHE,UNIMARC,"Lácteos, Huevos y Refrigerados",2890.0,0
MY WAY,UNIMARC,"Lácteos, Huevos y Refrigerados",990.0,0
LONCOLECHE,UNIMARC,"Lácteos, Huevos y Refrigerados",2350.0,0
SOPROLE,UNIMARC,"Lácteos, Huevos y Refrigerados",740.0,0
SOPROLE,UNIMARC,"Lácteos, Huevos y Refrigerados",3450.0,0
NESTLE,UNIMARC,"Lácteos, Huevos y Refrigerados",390.0,0
ORASI,UNIMARC,"Lácteos, Huevos y Refrigerados",3690.0,0
SOPROLE,UNIMARC,"Lácteos, Huevos y Refrigerados",1790.0,0
SOPROLE,UNIMARC,"Lácteos, Huevos y Refrigerados",790.0,0
VIVO,UNIMARC,"Lácteos, Huevos y Refrigerados",2890.0,0
LONCOLECHE,UNIMARC,"Lácteos, Huevos y Refrigerados",3390.0,0
SOPROLE,UNIMARC,"Lácteos, Huevos y Refrigerados",3850.0,0
COLUN,UNIMARC,"Lácteos, Huevos y Refrigerados",3750.0,0
NESTLE,UNIMARC,"Lácteos, Huevos y Refrigerados",740.0,0
SOPROLE,UNIMARC,"Lácteos, Huevos y Refrigerados",3390.0,0
NESTLE,UNIMARC,"Lácteos, Huevos y Refrigerados",870.0,0
LA GRANJA,UNIMARC,"Lácteos, Huevos y Refrigerados",3090.0,0
NESTLE,UNIMARC,"Lácteos, Huevos y Refrigerados",720.0,0
SOPROLE,UNIMARC,"Lácteos, Huevos y Refrigerados",760.0,0
SOPROLE,UNIMARC,"Lácteos, Huevos y Refrigerados",800.0,0
COLUN,UNIMARC,"Lácteos, Huevos y Refrigerados",700.0,0
FUNDO RIO ALEGRE,UNIMARC,"Lácteos, Huevos y Refrigerados",7490.0,0
VILAY,UNIMARC,"Lácteos, Huevos y Refrigerados",2450.0,0
SOPROLE,UNIMARC,"Lácteos, Huevos y Refrigerados",8290.0,0
DON GUILLERMO,UNIMARC,"Lácteos, Huevos y Refrigerados",3090.0,0
LONCOLECHE,UNIMARC,"Lácteos, Huevos y Refrigerados",2350.0,0
SOPROLE,UNIMARC,"Lácteos, Huevos y Refrigerados",4990.0,0
ECOTERRA,UNIMARC,"Lácteos, Huevos y Refrigerados",13790.0,0
COLUN,UNIMARC,"Lácteos, Huevos y Refrigerados",640.0,0
ALCAFOOD,UNIMARC,"Lácteos, Huevos y Refrigerados",7490.0,0
COPACABANA,UNIMARC,"Lácteos, Huevos y Refrigerados",1590.0,0
COLUN,UNIMARC,"Lácteos, Huevos y Refrigerados",630.0,0
AMA,UNIMARC,"Lácteos, Huevos y Refrigerados",1190.0,0
VILAY,UNIMARC,"Lácteos, Huevos y Refrigerados",2450.0,0
YOGU YOGU,UNIMARC,"Lácteos, Huevos y Refrigerados",2490.0,0
MOMENTS,UNIMARC,"Lácteos, Huevos y Refrigerados",790.0,0
SOPROLE,UNIMARC,"Lácteos, Huevos y Refrigerados",720.0,0
SOPROLE,UNIMARC,"Lácteos, Huevos y Refrigerados",2750.0,0
SOPROLE,UNIMARC,"Lácteos, Huevos y Refrigerados",2090.0,0
COLUN,UNIMARC,"Lácteos, Huevos y Refrigerados",390.0,0
SOPROLE,UNIMARC,"Lácteos, Huevos y Refrigerados",6450.0,0
AMBAR GHEE,UNIMARC,"Lácteos, Huevos y Refrigerados",6790.0,0
SOPROLE,UNIMARC,"Lácteos, Huevos y Refrigerados",2190.0,0
NOT MILK,UNIMARC,"Lácteos, Huevos y Refrigerados",2950.0,0
SOPROLE,UNIMARC,"Lácteos, Huevos y Refrigerados",2590.0,0
VILAY,UNIMARC,"Lácteos, Huevos y Refrigerados",2450.0,0
COLUN,UNIMARC,"Lácteos, Huevos y Refrigerados",3890.0,0
NOT MILK,UNIMARC,"Lácteos, Huevos y Refrigerados",1690.0,0
MILO,UNIMARC,"Lácteos, Huevos y Refrigerados",2250.0,0
COLUN,UNIMARC,"Lácteos, Huevos y Refrigerados",620.0,0
SOPROLE,UNIMARC,"Lácteos, Huevos y Refrigerados",580.0,0
REGIMEL,UNIMARC,"Lácteos, Huevos y Refrigerados",1990.0,0
SOPROLE,UNIMARC,"Lácteos, Huevos y Refrigerados",760.0,0
SOPROLE,UNIMARC,"Lácteos, Huevos y Refrigerados",740.0,0
CHANDELLE,UNIMARC,"Lácteos, Huevos y Refrigerados",870.0,0
SOPROLE,UNIMARC,"Lácteos, Huevos y Refrigerados",1790.0,0
YEMITA,UNIMARC,"Lácteos, Huevos y Refrigerados",2450.0,0
QUILLAYES,UNIMARC,"Lácteos, Huevos y Refrigerados",4890.0,0
DANONE,UNIMARC,"Lácteos, Huevos y Refrigerados",2090.0,0
MOMENTS,UNIMARC,"Lácteos, Huevos y Refrigerados",4690.0,0
LAS PARCELAS DE VALDIVIA,UNIMARC,"Lácteos, Huevos y Refrigerados",3750.0,0
YEMITA,UNIMARC,"Lácteos, Huevos y Refrigerados",4750.0,0
NESTLE,UNIMARC,"Lácteos, Huevos y Refrigerados",520.0,0
COLA CAO,UNIMARC,"Lácteos, Huevos y Refrigerados",4890.0,0
OIKOS,UNIMARC,"Lácteos, Huevos y Refrigerados",1350.0,0
LA HERRADURA,UNIMARC,"Lácteos, Huevos y Refrigerados",10990.0,0
QUILLAYES,UNIMARC,"Lácteos, Huevos y Refrigerados",4190.0,0
AMA,UNIMARC,"Lácteos, Huevos y Refrigerados",1190.0,0
OMEGA 3,UNIMARC,"Lácteos, Huevos y Refrigerados",10950.0,0
NESQUIK,UNIMARC,"Lácteos, Huevos y Refrigerados",1990.0,0
MOMENTS,UNIMARC,"Lácteos, Huevos y Refrigerados",2890.0,0
LONCOLECHE,UNIMARC,"Lácteos, Huevos y Refrigerados",870.0,0
SOPROLE,UNIMARC,"Lácteos, Huevos y Refrigerados",800.0,0
OMEGA 3,UNIMARC,"Lácteos, Huevos y Refrigerados",4090.0,0
SOPROLE,UNIMARC,"Lácteos, Huevos y Refrigerados",3590.0,0
SOPROLE,UNIMARC,"Lácteos, Huevos y Refrigerados",380.0,0
LONCOLECHE,UNIMARC,"Lácteos, Huevos y Refrigerados",4290.0,0
SOPROLE,UNIMARC,"Lácteos, Huevos y Refrigerados",730.0,0
SOPROLE,UNIMARC,"Lácteos, Huevos y Refrigerados",810.0,0
DANONE,UNIMARC,"Lácteos, Huevos y Refrigerados",370.0,0
COLA CAO,UNIMARC,"Lácteos, Huevos y Refrigerados",2390.0,0
ORASI,UNIMARC,"Lácteos, Huevos y Refrigerados",1490.0,0
LONCOLECHE,UNIMARC,"Lácteos, Huevos y Refrigerados",570.0,0
DEYCO,UNIMARC,"Lácteos, Huevos y Refrigerados",2690.0,0
FUNDO RIO ALEGRE,UNIMARC,"Lácteos, Huevos y Refrigerados",9350.0,0
ENSURE,UNIMARC,"Lácteos, Huevos y Refrigerados",33890.0,0
LONCOLECHE,UNIMARC,"Lácteos, Huevos y Refrigerados",3390.0,0
SOPROLE,UNIMARC,"Lácteos, Huevos y Refrigerados",3590.0,0
PUCARA,UNIMARC,"Lácteos, Huevos y Refrigerados",1790.0,0
AMBROSOLI,UNIMARC,"Lácteos, Huevos y Refrigerados",630.0,0
COLUN,UNIMARC,"Lácteos, Huevos y Refrigerados",2290.0,0
DILA,UNIMARC,"Lácteos, Huevos y Refrigerados",1490.0,0
SOPROLE,UNIMARC,"Lácteos, Huevos y Refrigerados",2590.0,0
AMA,UNIMARC,"Lácteos, Huevos y Refrigerados",1190.0,0
QUALY,UNIMARC,"Lácteos, Huevos y Refrigerados",2790.0,0
LONCOLECHE,UNIMARC,"Lácteos, Huevos y Refrigerados",3250.0,0
CHANDELLE,UNIMARC,"Lácteos, Huevos y Refrigerados",870.0,0
SURLAT,UNIMARC,"Lácteos, Huevos y Refrigerados",8700.0,0
SOPROLE,UNIMARC,"Lácteos, Huevos y Refrigerados",2750.0,0
AMA,UNIMARC,"Lácteos, Huevos y Refrigerados",1190.0,0
AMBROSOLI,UNIMARC,"Lácteos, Huevos y Refrigerados",630.0,0
SOPROLE,UNIMARC,"Lácteos, Huevos y Refrigerados",1850.0,0
VILAY,UNIMARC,"Lácteos, Huevos y Refrigerados",2450.0,0
COLUN,UNIMARC,"Lácteos, Huevos y Refrigerados",16680.0,0
DANONE,UNIMARC,"Lácteos, Huevos y Refrigerados",370.0,0
PUCARA,UNIMARC,"Lácteos, Huevos y Refrigerados",1790.0,0
DILA,UNIMARC,"Lácteos, Huevos y Refrigerados",1490.0,0
SANTA ELVIRA,UNIMARC,"Lácteos, Huevos y Refrigerados",6490.0,0
SOPROLE,UNIMARC,"Lácteos, Huevos y Refrigerados",4990.0,0
DILA,UNIMARC,"Lácteos, Huevos y Refrigerados",1490.0,0
MILO,UNIMARC,"Lácteos, Huevos y Refrigerados",3990.0,0
CINTAZUL,UNIMARC,"Lácteos, Huevos y Refrigerados",4990.0,0
LA GRANJA,UNIMARC,"Lácteos, Huevos y Refrigerados",5390.0,0
SOPROLE,UNIMARC,"Lácteos, Huevos y Refrigerados",560.0,0
VIVO,UNIMARC,"Lácteos, Huevos y Refrigerados",870.0,0
RAFF,UNIMARC,"Lácteos, Huevos y Refrigerados",1990.0,0
AMBROSOLI,UNIMARC,"Lácteos, Huevos y Refrigerados",630.0,0
SOPROLE,UNIMARC,"Lácteos, Huevos y Refrigerados",3590.0,0
YEMITA,UNIMARC,"Lácteos, Huevos y Refrigerados",4750.0,0
COLUN,UNIMARC,"Lácteos, Huevos y Refrigerados",620.0,0
NESQUIK,UNIMARC,"Lácteos, Huevos y Refrigerados",3890.0,0
DILA,UNIMARC,"Lácteos, Huevos y Refrigerados",990.0,0
SOPROLE,UNIMARC,"Lácteos, Huevos y Refrigerados",620.0,0
SOPROLE,UNIMARC,"Lácteos, Huevos y Refrigerados",2590.0,0
COLUN,UNIMARC,"Lácteos, Huevos y Refrigerados",16680.0,0
SOPROLE,UNIMARC,"Lácteos, Huevos y Refrigerados",680.0,0
COLUN,UNIMARC,"Lácteos, Huevos y Refrigerados",390.0,0
SOPROLE,UNIMARC,"Lácteos, Huevos y Refrigerados",720.0,0
LONCOLECHE,UNIMARC,"Lácteos, Huevos y Refrigerados",9550.0,0
COLUN,UNIMARC,"Lácteos, Huevos y Refrigerados",8290.0,0
NESTLE,UNIMARC,"Lácteos, Huevos y Refrigerados",410.0,0
SOPROLE,UNIMARC,"Lácteos, Huevos y Refrigerados",1850.0,0
LONCOLECHE,UNIMARC,"Lácteos, Huevos y Refrigerados",2890.0,0
AVICOLA SAN ANTONIO,UNIMARC,"Lácteos, Huevos y Refrigerados",9190.0,0
LONCOLECHE,UNIMARC,"Lácteos, Huevos y Refrigerados",3390.0,0
SOPROLE,UNIMARC,"Lácteos, Huevos y Refrigerados",790.0,0
COLUN,UNIMARC,"Lácteos, Huevos y Refrigerados",390.0,0
CINTAZUL,UNIMARC,"Lácteos, Huevos y Refrigerados",4350.0,0
CALAN,UNIMARC,"Lácteos, Huevos y Refrigerados",5490.0,0
AVICOLA SAN ANTONIO,UNIMARC,"Lácteos, Huevos y Refrigerados",10190.0,0
LONCOLECHE,UNIMARC,"Lácteos, Huevos y Refrigerados",570.0,0
VILAY,UNIMARC,"Lácteos, Huevos y Refrigerados",1390.0,0
ORASI,UNIMARC,"Lácteos, Huevos y Refrigerados",2350.0,0
ECOTERRA,UNIMARC,"Lácteos, Huevos y Refrigerados",4990.0,0
COLUN,UNIMARC,"Lácteos, Huevos y Refrigerados",1090.0,0
OMEGA 3,UNIMARC,"Lácteos, Huevos y Refrigerados",3090.0,0
SOPROLE,UNIMARC,"Lácteos, Huevos y Refrigerados",580.0,0
PRESIDENT,UNIMARC,"Lácteos, Huevos y Refrigerados",2990.0,0
SOPROLE,UNIMARC,"Lácteos, Huevos y Refrigerados",680.0,0
AMA,UNIMARC,"Lácteos, Huevos y Refrigerados",1190.0,0
SOPROLE,UNIMARC,"Lácteos, Huevos y Refrigerados",460.0,0
YOGU YOGU,UNIMARC,"Lácteos, Huevos y Refrigerados",2490.0,0
VILAY,UNIMARC,"Lácteos, Huevos y Refrigerados",2450.0,0
QUILLAYES,UNIMARC,"Lácteos, Huevos y Refrigerados",3350.0,0
MILO,UNIMARC,"Lácteos, Huevos y Refrigerados",680.0,0
TRENCITO,UNIMARC,"Lácteos, Huevos y Refrigerados",3250.0,0
VILAY,UNIMARC,"Lácteos, Huevos y Refrigerados",2450.0,0
NESTLE,UNIMARC,"Lácteos, Huevos y Refrigerados",410.0,0
LONCOLECHE,UNIMARC,"Lácteos, Huevos y Refrigerados",6390.0,0
SOPROLE,UNIMARC,"Lácteos, Huevos y Refrigerados",460.0,0
COLUN,UNIMARC,"Lácteos, Huevos y Refrigerados",1190.0,0
VILAY,UNIMARC,"Lácteos, Huevos y Refrigerados",1550.0,0
COLA CAO,UNIMARC,"Lácteos, Huevos y Refrigerados",7290.0,0
CALAN,UNIMARC,"Lácteos, Huevos y Refrigerados",2490.0,0
SOPROLE,UNIMARC,"Lácteos, Huevos y Refrigerados",3350.0,0
CALO,UNIMARC,"Lácteos, Huevos y Refrigerados",1890.0,0
SURLAT,UNIMARC,"Lácteos, Huevos y Refrigerados",8700.0,0
NESTLE,UNIMARC,"Lácteos, Huevos y Refrigerados",8890.0,0
LONCOLECHE,UNIMARC,"Lácteos, Huevos y Refrigerados",570.0,0
SOPROLE,UNIMARC,"Lácteos, Huevos y Refrigerados",1850.0,0
ECOTERRA,UNIMARC,"Lácteos, Huevos y Refrigerados",11190.0,0
PUCARA,UNIMARC,"Lácteos, Huevos y Refrigerados",1790.0,0
LONCOLECHE,UNIMARC,"Lácteos, Huevos y Refrigerados",2890.0,0
