nombre_producto,marca,supermercado,categoria,precio,precio_promedio_cat,dif_porcentual_promedio,prediction
Pechuga Pavo Ahumada 125 g Sopraval,SOPRAVAL,Acuenta,Aves,2150.0,4135.6375,-48.01,2
Paté de Pollo 125 g Pf,PF,Acuenta,Aves,590.0,4135.6375,-85.73,0
Pizza Pollo Champiñon 1 Un Acuenta,ACUENTA,Acuenta,Aves,2890.0,4135.6375,-30.12,0
Pechuga de Pavo Cocida Corte Pluma 125 g La Pre...,GENÉRICA,Acuenta,Aves,2890.0,4135.6375,-30.12,0
Pechuga de Pavo ahumada corte pluma 125 g La Pr...,GENÉRICA,Acuenta,Aves,2850.0,4135.6375,-31.09,0
Pasta Pollo Ciboulette 125 g La Preferida...,GENÉRICA,Acuenta,Aves,1150.0,4135.6375,-72.19,0
Pechuga de Pollo Cocida Bolsa 150 g PF,PF,Acuenta,Aves,2090.0,4135.6375,-49.46,0
Pechuga de Pavo Cocida 125 g Sopraval,SOPRAVAL,Acuenta,Aves,2150.0,4135.6375,-48.01,2
Pechuga de Pavo Asada 125 g Sopraval,SOPRAVAL,Acuenta,Aves,2150.0,4135.6375,-48.01,2
Pollo Trutro Entero Congelado 2 kg Seara,GENÉRICA,Acuenta,Aves,4790.0,4135.6375,15.82,0
"Pollo Entero Supremo congelado 4,2 kg Sadia...",SADIA,Acuenta,Aves,17178.0,4135.6375,315.37,2
Pollo Cubitos de Pechuga Congelados 500 g Super...,GENÉRICA,Acuenta,Aves,4890.0,4135.6375,18.24,0
Pollo Tuto Deshuesado Congelado 750 g Super Pol...,GENÉRICA,Acuenta,Aves,3890.0,4135.6375,-5.94,0
"Pollo Entero 2,2 kg Seara",GENÉRICA,Acuenta,Aves,7690.0,4135.6375,85.94,0
Trutro Entero Congelado 350 g Seara,GENÉRICA,Acuenta,Aves,1050.0,4135.6375,-74.61,0
Pollo Trutro Corto Envasado 1 kg Ariztia,GENÉRICA,Acuenta,Aves,3790.0,4135.6375,-8.36,0
Corazón de Pollo 500 g Ariztia,GENÉRICA,Acuenta,Aves,2190.0,4135.6375,-47.05,0
Pollo Trutro Largo Congelado 800 g Seara,GENÉRICA,Acuenta,Aves,2790.0,4135.6375,-32.54,0
Pollo Pechuga Con Hueso y Piel Congelada 800 g ...,GENÉRICA,Acuenta,Aves,3490.0,4135.6375,-15.61,0
Pollo Alitas Congeladas 1 kg El Buen Corte...,GENÉRICA,Acuenta,Aves,3890.0,4135.6375,-5.94,0
Pollo Pechuga Entera Envasada 900 g Ariztia...,GENÉRICA,Acuenta,Aves,4671.0,4135.6375,12.95,0
Pollo entero con Menudencia 1900 Kg Super pollo...,SUPER POLLO,Acuenta,Aves,7797.0,4135.6375,88.53,0
Pollo Trutro Corto Envasado 900 g Super Pollo...,SUPER POLLO,Acuenta,Aves,3321.0,4135.6375,-19.7,0
Pollo En Tiritas de Pechuga Congelado 700 g Sup...,GENÉRICA,Acuenta,Aves,7190.0,4135.6375,73.85,0
Pollo Pechuga Deshuesada Congelada 750 g Super ...,GENÉRICA,Acuenta,Aves,4690.0,4135.6375,13.4,0
Pollo Trutro Largo Congelado 800 g Super Pollo...,SUPER POLLO,Acuenta,Aves,3000.0,4135.6375,-27.46,0
Pollo Pechuga Deshuesada Envasada 500 g Ariztia...,GENÉRICA,Acuenta,Aves,3890.0,4135.6375,-5.94,0
Pollo Trutro Corto Congelado 800 g Super Pollo...,SUPER POLLO,Acuenta,Aves,3000.0,4135.6375,-27.46,0
Pollo Trutro Entero Envasado 2 Un 830 g Super P...,GENÉRICA,Acuenta,Aves,2814.0,4135.6375,-31.96,0
Pollo Pechuga Entera Envasada 1 kg Super Pollo...,SUPER POLLO,Acuenta,Aves,4550.0,4135.6375,10.02,0
Pollo Pechuga Deshuesada Envasada 850 g Super P...,GENÉRICA,Acuenta,Aves,5090.0,4135.6375,23.08,0
Pollo Filetitos Congelados 700 g Super Pollo...,SUPER POLLO,Acuenta,Aves,4590.0,4135.6375,10.99,0
Pollo Pechuga Deshuesada Congelada 1 kg El Buen...,GENÉRICA,Acuenta,Aves,4190.0,4135.6375,1.31,0
Pollo Trutro Ala Congelado 1 kg Seara,GENÉRICA,Acuenta,Aves,2918.0,4135.6375,-29.44,0
Pollo Trutro Corto Congelado 800 g Seara,GENÉRICA,Acuenta,Aves,2243.0,4135.6375,-45.76,0
Pollo Trutro Entero Congelado 2 kg Super Pollo...,SUPER POLLO,Acuenta,Aves,4651.0,4135.6375,12.46,0
Pollo Pechuga Deshuesada Congelada 700 g Arizt...,GENÉRICA,Acuenta,Aves,4893.0,4135.6375,18.31,0
Pechuga de Pavo ahumada corte pluma 125 g La Pr...,GENÉRICA,ACUENTA,Aves,2490.0,4135.6375,-39.79,0
Pasta Pollo Ciboulette 125 g La Preferida...,GENÉRICA,ACUENTA,Aves,1150.0,4135.6375,-72.19,0
Pechuga de Pavo Cocida Corte Pluma 125 g Receta...,GENÉRICA,ACUENTA,Aves,3390.0,4135.6375,-18.03,0
Pechuga de Pollo Cocida Bolsa 150 g PF,PF,ACUENTA,Aves,2090.0,4135.6375,-49.46,0
Pechuga de Pavo Cocida Corte Pluma 125 g La Pre...,GENÉRICA,ACUENTA,Aves,2690.0,4135.6375,-34.96,0
Pechuga de Pavo Cocida Corte Pluma 125 gr PF...,PF,ACUENTA,Aves,2290.0,4135.6375,-44.63,0
Pechuga de Pavo Asada 125 g Sopraval,SOPRAVAL,ACUENTA,Aves,2150.0,4135.6375,-48.01,2
Pechuga de Pavo Cocida 125 g Sopraval,SOPRAVAL,ACUENTA,Aves,2150.0,4135.6375,-48.01,2
Pizza Pollo Champiñon 1 Un Acuenta,ACUENTA,ACUENTA,Aves,2800.0,4135.6375,-32.3,0
"Pollo Entero 2,2 kg Seara",GENÉRICA,ACUENTA,Aves,8590.0,4135.6375,107.71,0
Pollo Trutro Entero Congelado 2 kg Super Pollo...,SUPER POLLO,ACUENTA,Aves,6690.0,4135.6375,61.76,0
Pollo Trutro Entero Deshuesado Congelado 800 g ...,GENÉRICA,ACUENTA,Aves,3590.0,4135.6375,-13.19,0
Pollo Trutro Corto Congelado 800 g Seara,GENÉRICA,ACUENTA,Aves,2990.0,4135.6375,-27.7,0
"Pollo Entero Supremo congelado 4,2 kg Sadia...",SADIA,ACUENTA,Aves,17178.0,4135.6375,315.37,2
Pollo Pechuga Deshuesada Congelada 800 g Seara...,GENÉRICA,ACUENTA,Aves,6390.0,4135.6375,54.51,0
Trutro Entero Congelado 350 g Seara,GENÉRICA,ACUENTA,Aves,1050.0,4135.6375,-74.61,0
Pana De Pollo Congelada 600 g Ariztia,GENÉRICA,ACUENTA,Aves,1890.0,4135.6375,-54.3,0
Corazón de Pollo 500 g Ariztia,GENÉRICA,ACUENTA,Aves,2190.0,4135.6375,-47.05,0
Pollo Alitas Congeladas 1 kg El Buen Corte...,GENÉRICA,ACUENTA,Aves,3890.0,4135.6375,-5.94,0
Pollo En Tiritas de Pechuga Congelado 700 g Sup...,GENÉRICA,ACUENTA,Aves,7190.0,4135.6375,73.85,0
Pollo Cubitos de Pechuga Congelados 500 g Super...,GENÉRICA,ACUENTA,Aves,4990.0,4135.6375,20.66,0
Pollo Pechuga Entera Envasada 900 g Ariztia...,GENÉRICA,ACUENTA,Aves,5211.0,4135.6375,26.0,0
Pollo Trutro Entero Envasado 900 g Ariztia...,GENÉRICA,ACUENTA,Aves,3321.0,4135.6375,-19.7,0
Pollo Filete Congelado 1 kg Sadia,SADIA,ACUENTA,Aves,6290.0,4135.6375,52.09,2
Pollo Trutro Corto Envasado 1 kg Ariztia,GENÉRICA,ACUENTA,Aves,3590.0,4135.6375,-13.19,0
Pollo Trutro Largo Congelado 800 g Super Pollo...,SUPER POLLO,ACUENTA,Aves,3290.0,4135.6375,-20.45,0
Pollo Trutro Corto Congelado 800 g Super Pollo...,SUPER POLLO,ACUENTA,Aves,3290.0,4135.6375,-20.45,0
Pollo Pechuga Con Hueso y Piel Congelada 800 g ...,GENÉRICA,ACUENTA,Aves,3490.0,4135.6375,-15.61,0
Pollo Alitas Congeladas 800 g Super Pollo...,SUPER POLLO,ACUENTA,Aves,3550.0,4135.6375,-14.16,0
Pollo Pechuga Deshuesada Envasada 500 g Ariztia...,GENÉRICA,ACUENTA,Aves,3690.0,4135.6375,-10.78,0
Pollo Pechuga Congelada 1 kg Sadia,SADIA,ACUENTA,Aves,5990.0,4135.6375,44.84,2
Pollo Pechuga Deshuesada Envasada 850 g Super P...,GENÉRICA,ACUENTA,Aves,5090.0,4135.6375,23.08,0
Pollo Trutro Largo Envasado 700 g Super Pollo...,SUPER POLLO,ACUENTA,Aves,2653.0,4135.6375,-35.85,0
Pollo entero con Menudencia 1900 Kg Super pollo...,SUPER POLLO,ACUENTA,Aves,6631.0,4135.6375,60.34,0
Pollo Filetitos De Pechuga Congelada 800 g Sear...,GENÉRICA,ACUENTA,Aves,6390.0,4135.6375,54.51,0
Pollo Pechuga Entera Envasada 1 kg Super Pollo...,SUPER POLLO,ACUENTA,Aves,4550.0,4135.6375,10.02,0
Pollo Trutro Corto Envasado 900 g Super Pollo...,SUPER POLLO,ACUENTA,Aves,3321.0,4135.6375,-19.7,0
Pollo Filetitos Congelados 700 g Super Pollo...,SUPER POLLO,ACUENTA,Aves,4590.0,4135.6375,10.99,0
Pollo Pechuga Deshuesada Congelada 750 g Super ...,GENÉRICA,ACUENTA,Aves,4690.0,4135.6375,13.4,0
Pollo Trutro Entero Envasado 2 Un 830 g Super P...,GENÉRICA,ACUENTA,Aves,2980.0,4135.6375,-27.94,0
Pollo Filetitos Congelados 1 kg El Buen Corte...,GENÉRICA,ACUENTA,Aves,4790.0,4135.6375,15.82,0
Pollo Trutro Largo Congelado 800 g Seara,GENÉRICA,ACUENTA,Aves,2790.0,4135.6375,-32.54,0
Pollo Pechuga Deshuesada Congelada 1 kg El Buen...,GENÉRICA,ACUENTA,Aves,4790.0,4135.6375,15.82,0
"Quinoa Vivo Tricolor 100% Natural, 250g",NATURA,Cugat,"Arroz, Legumbres y Semillas",3190.0,2736.6666666666665,16.57,0
"Arroz Tucapel Gran Selección G2, 1Kg.",TUCAPEL,Cugat,"Arroz, Legumbres y Semillas",1590.0,2736.6666666666665,-41.9,0
"Arroz Tucapel Gran Selección G1 Lam, 1kg",TUCAPEL,Cugat,"Arroz, Legumbres y Semillas",1990.0,2736.6666666666665,-27.28,0
"Arroz Tucapel Gran Selección G2 Lam, 1Kg",TUCAPEL,Cugat,"Arroz, Legumbres y Semillas",1790.0,2736.6666666666665,-34.59,0
"Arroz Miraflores Pregraneado G1, 1kg",MIRAFLORES,Cugat,"Arroz, Legumbres y Semillas",2490.0,2736.6666666666665,-9.01,0
"Arroz Tucapel Pregraneado G1 Grano Largo, 1kg",TUCAPEL,Cugat,"Arroz, Legumbres y Semillas",1790.0,2736.6666666666665,-34.59,0
"Garbanzos Banquete sin Piel, 1 kg.",BANQUETE,Cugat,"Arroz, Legumbres y Semillas",4890.0,2736.6666666666665,78.68,0
"Lentejas Natura 4mm Banquete, 1kg",BANQUETE,Cugat,"Arroz, Legumbres y Semillas",3990.0,2736.6666666666665,45.8,0
"Lentejas Natura 5mm Banquete, 1kg",BANQUETE,Cugat,"Arroz, Legumbres y Semillas",4690.0,2736.6666666666665,71.38,0
"Lentejas Natura 6mm Banquete, 1kg",BANQUETE,Cugat,"Arroz, Legumbres y Semillas",4690.0,2736.6666666666665,71.38,0
"Poroto Blanco Bonanza, 1kg",BONANZA,Cugat,"Arroz, Legumbres y Semillas",3690.0,2736.6666666666665,34.84,2
"Poroto Hallado Banquete, 1kg",BANQUETE,Cugat,"Arroz, Legumbres y Semillas",4690.0,2736.6666666666665,71.38,0
"Poroto Blanco Banquete Español, 1kg",BANQUETE,Cugat,"Arroz, Legumbres y Semillas",4990.0,2736.6666666666665,82.34,0
"Quinoa Banquete Doypack, 400g",BANQUETE,Cugat,"Arroz, Legumbres y Semillas",3490.0,2736.6666666666665,27.53,0
"Quinoa Carozzi Doypack, 250g",CAROZZI,Cugat,"Arroz, Legumbres y Semillas",2190.0,2736.6666666666665,-19.98,0
"Arroz Los Chinos Grano Largo G2, 1Kg",OTRA,Cugat,"Arroz, Legumbres y Semillas",1190.0,2736.6666666666665,-56.52,0
"Quinoa Banquete Mediterranea Doypack, 400g",BANQUETE,Cugat,"Arroz, Legumbres y Semillas",3990.0,2736.6666666666665,45.8,0
"Arroz Santo Tomas Redondo Valencia Grado1, 1kg",SANTO TOMAS,Cugat,"Arroz, Legumbres y Semillas",2390.0,2736.6666666666665,-12.67,2
"Poroto Blanco Los Granos, 1kg",LOS GRANOS,Cugat,"Arroz, Legumbres y Semillas",2490.0,2736.6666666666665,-9.01,0
"Lentejas 6mm Los Granos, 1kg",LOS GRANOS,Cugat,"Arroz, Legumbres y Semillas",1990.0,2736.6666666666665,-27.28,0
"Arroz Miraflores G1 Grano Largo Lam, 1Kg",MIRAFLORES,Cugat,"Arroz, Legumbres y Semillas",2290.0,2736.6666666666665,-16.32,0
"Arroz Bonanza American Thai G2, 1Kg",BONANZA,Cugat,"Arroz, Legumbres y Semillas",890.0,2736.6666666666665,-67.48,2
"Arroz Los Granos G2, 1Kg",LOS GRANOS,Cugat,"Arroz, Legumbres y Semillas",890.0,2736.6666666666665,-67.48,0
"Poroto Hallado Los Granos, 1kg",LOS GRANOS,Cugat,"Arroz, Legumbres y Semillas",2490.0,2736.6666666666665,-9.01,0
"Poroto Negro Los Granos, 1kg",LOS GRANOS,Cugat,"Arroz, Legumbres y Semillas",1990.0,2736.6666666666665,-27.28,0
"Arvejas Verdes Partidas Los Granos, 1kg",LOS GRANOS,Cugat,"Arroz, Legumbres y Semillas",1690.0,2736.6666666666665,-38.25,0
"Garbanzos Los Granos sin Piel, 1kg",LOS GRANOS,Cugat,"Arroz, Legumbres y Semillas",2090.0,2736.6666666666665,-23.63,0
"Poroto Tórtola Los Granos, 1kg",LOS GRANOS,Cugat,"Arroz, Legumbres y Semillas",3790.0,2736.6666666666665,38.49,0
"Poroto Pelado Los Granos, 1kg",LOS GRANOS,Cugat,"Arroz, Legumbres y Semillas",2590.0,2736.6666666666665,-5.36,0
"Arroz Tucapel Blue Bonnet G2, 900gr.",TUCAPEL,Cugat,"Arroz, Legumbres y Semillas",1190.0,2736.6666666666665,-56.52,0
"Aceto Balsámico Di Modena Talliani, 500ml",TALLIANI,Cugat,Aderezos y Condimentos,5590.0,2150.4528301886794,159.95,0
"Ají Chileno Crema JB, 240gr.",JB,Cugat,Aderezos y Condimentos,1590.0,2150.4528301886794,-26.06,0
"Ají Merken Crema Don Juan, 240gr.",DON JUAN,Cugat,Aderezos y Condimentos,1490.0,2150.4528301886794,-30.71,0
"Ají Pebre Crema Don Juan, 240gr.",DON JUAN,Cugat,Aderezos y Condimentos,1490.0,2150.4528301886794,-30.71,0
"Ají Pebre Crema JB, 240gr.",JB,Cugat,Aderezos y Condimentos,1590.0,2150.4528301886794,-26.06,0
"Ajo en Polvo Gourmet, 15g",GOURMET,Cugat,Aderezos y Condimentos,379.0,2150.4528301886794,-82.38,0
"Biosal Light con 50% Menos de Sodio Pote, 850g.",BIOSAL,Cugat,Aderezos y Condimentos,4890.0,2150.4528301886794,127.39,2
"Canela Entera Gourmet, 15g",GOURMET,Cugat,Aderezos y Condimentos,1290.0,2150.4528301886794,-40.01,0
"Comino Molido Gourmet, 100g",GOURMET,Cugat,Aderezos y Condimentos,2490.0,2150.4528301886794,15.79,0
"Ketchup Don Juan, 900g",DON JUAN,Cugat,Aderezos y Condimentos,3290.0,2150.4528301886794,52.99,0
"Ketchup Don Juan Doypack, 800g",DON JUAN,Cugat,Aderezos y Condimentos,2190.0,2150.4528301886794,1.84,0
"Ketchup Hellmann`s Doypack, 500g",OTRA,Cugat,Aderezos y Condimentos,2990.0,2150.4528301886794,39.04,0
"Ketchup Traverso Doypack, 1kg",TRAVERSO,Cugat,Aderezos y Condimentos,2690.0,2150.4528301886794,25.09,0
"Mayonesa Don Juan Doypack, 800g",DON JUAN,Cugat,Aderezos y Condimentos,2190.0,2150.4528301886794,1.84,0
"Mayonesa Hellmanns Doypack, 900g",HELLMANNS,Cugat,Aderezos y Condimentos,3990.0,2150.4528301886794,85.54,0
"Mayonesa Natura con Aceite de Maravilla Doypack, 670g",NATURA,Cugat,Aderezos y Condimentos,2390.0,2150.4528301886794,11.14,0
"Mostaza Don Juan Pet, 240g",DON JUAN,Cugat,Aderezos y Condimentos,1490.0,2150.4528301886794,-30.71,0
Mostaza Hellmann`s Doypack 250 Gr,OTRA,Cugat,Aderezos y Condimentos,1390.0,2150.4528301886794,-35.36,0
"Mostaza JB Regular Doypack, 250g",JB,Cugat,Aderezos y Condimentos,1090.0,2150.4528301886794,-49.31,0
"Orégano Entero Edra, 50g",EDRA,Cugat,Aderezos y Condimentos,829.0,2150.4528301886794,-61.45,2
"Orégano Entero Gourmet, 20g",GOURMET,Cugat,Aderezos y Condimentos,689.0,2150.4528301886794,-67.96,0
"Orégano Entero Gourmet, 50g",GOURMET,Cugat,Aderezos y Condimentos,1290.0,2150.4528301886794,-40.01,0
"Sal de Mar Lobos Entrefina, 800g",LOBOS,Cugat,Aderezos y Condimentos,2090.0,2150.4528301886794,-2.81,0
"Sal de Mesa Fina Lobos Frasco, 500g",LOBOS,Cugat,Aderezos y Condimentos,1369.0,2150.4528301886794,-36.34,0
"Sal Lobos Parrillera Frasco, 750g",LOBOS,Cugat,Aderezos y Condimentos,1990.0,2150.4528301886794,-7.46,0
"Salsa Gourmet Barbecue Botella, 280ml",GOURMET,Cugat,Aderezos y Condimentos,2890.0,2150.4528301886794,34.39,0
"Salsa de Soya Tradicional Gourmet Botella, 165ml",GOURMET,Cugat,Aderezos y Condimentos,2190.0,2150.4528301886794,1.84,0
"Salsa Inglesa Gourmet botella, 165cc",GOURMET,Cugat,Aderezos y Condimentos,2990.0,2150.4528301886794,39.04,0
"Sucedáneo de Limón de Pica Traverso, 500cc",TRAVERSO,Cugat,Aderezos y Condimentos,1690.0,2150.4528301886794,-21.41,0
"Sucedáneo de Limón Don Juan, 250ml",DON JUAN,Cugat,Aderezos y Condimentos,649.0,2150.4528301886794,-69.82,0
"Sucedáneo de Limón Don Juan, 500ml",DON JUAN,Cugat,Aderezos y Condimentos,990.0,2150.4528301886794,-53.96,0
"Sucedáneo de Limón Traverso, 1Lt.",TRAVERSO,Cugat,Aderezos y Condimentos,1990.0,2150.4528301886794,-7.46,0
Sucedáneo De Limón Traverso 500 Cc,TRAVERSO,Cugat,Aderezos y Condimentos,1290.0,2150.4528301886794,-40.01,0
"Vinagre Blanco Traverso, 500cc",TRAVERSO,Cugat,Aderezos y Condimentos,1090.0,2150.4528301886794,-49.31,0
"Vinagre de Manzana Traverso, 1Lt.",TRAVERSO,Cugat,Aderezos y Condimentos,3490.0,2150.4528301886794,62.29,0
"Vinagre de Manzana Traverso, 500cc",TRAVERSO,Cugat,Aderezos y Condimentos,1990.0,2150.4528301886794,-7.46,0
"Vinagre Rosado Traverso, 500cc",TRAVERSO,Cugat,Aderezos y Condimentos,1090.0,2150.4528301886794,-49.31,0
"Ají Pebre Crema Traverso, 350gr.",TRAVERSO,Cugat,Aderezos y Condimentos,2090.0,2150.4528301886794,-2.81,0
"Ketchup Hellmann`s Doypack, 900g",OTRA,Cugat,Aderezos y Condimentos,4390.0,2150.4528301886794,104.14,0
"Mayonesa Kraft Real Mayo Frasco, 789g",KRAFT,Cugat,Aderezos y Condimentos,7990.0,2150.4528301886794,271.55,0
"Salsa de Ajo Don Juan Sachet, 100g",DON JUAN,Cugat,Aderezos y Condimentos,790.0,2150.4528301886794,-63.26,0
"Ketchup Traverso Bolsa, 1kg",TRAVERSO,Cugat,Aderezos y Condimentos,2290.0,2150.4528301886794,6.49,0
"Ketchup Hellmann´s Doypack, 250g",OTRA,Cugat,Aderezos y Condimentos,1990.0,2150.4528301886794,-7.46,0
"Mostaza Traverso Doypack, 1kg",TRAVERSO,Cugat,Aderezos y Condimentos,2390.0,2150.4528301886794,11.14,0
"Mostaza Traverso Doypack, 500g",TRAVERSO,Cugat,Aderezos y Condimentos,1490.0,2150.4528301886794,-30.71,0
"Salsa de Soya Traverso Botella, 1000cc",TRAVERSO,Cugat,Aderezos y Condimentos,2490.0,2150.4528301886794,15.79,0
Chucrut Traverso 500g neto (200g drenado),TRAVERSO,Cugat,Aderezos y Condimentos,1190.0,2150.4528301886794,-44.66,0
"Sucedáneo Traverso de Jugo de Limón de Pica, 1000cc",TRAVERSO,Cugat,Aderezos y Condimentos,2990.0,2150.4528301886794,39.04,0
"Sal de Mesa Fina Lobos, 1kg",LOBOS,Cugat,Aderezos y Condimentos,729.0,2150.4528301886794,-66.1,0
"Ají Pebre Crema Traverso Doypack, 500gr.",TRAVERSO,Cugat,Aderezos y Condimentos,2990.0,2150.4528301886794,39.04,0
"Ají Chileno Crema Don Juan, 900gr.",DON JUAN,Cugat,Aderezos y Condimentos,2290.0,2150.4528301886794,6.49,0
"Ketchup Don Juan, 240g",DON JUAN,Cugat,Aderezos y Condimentos,1390.0,2150.4528301886794,-35.36,0
"Mostaza Don Juan Doypack, 500g",DON JUAN,Cugat,Aderezos y Condimentos,1390.0,2150.4528301886794,-35.36,0
Lentejas 6Mm 1 kg Lider,LIDER,Acuenta,Legumbres,2950.0,1999.5,47.54,0
Lentejas 6 mm Bolsa 1 Kg Banquete,BANQUETE,Acuenta,Legumbres,2850.0,1999.5,42.54,0
Lentejas 4 mm Bolsa 1 Kg Lider,LIDER,Acuenta,Legumbres,2990.0,1999.5,49.54,0
Lentejas 4 mm Bolsa 1 Kg Banquete,BANQUETE,Acuenta,Legumbres,3390.0,1999.5,69.54,0
Lentejas 5 mm Bolsa 1 Kg Lider,LIDER,Acuenta,Legumbres,3190.0,1999.5,59.54,0
Lentejas 6mm Bolsa 1 Kg Iansa Agro,IANSA,Acuenta,Legumbres,2990.0,1999.5,49.54,0
Porotos Granados Caja 380 g Wasil,GENÉRICA,Acuenta,Legumbres,2290.0,1999.5,14.53,0
Lentejas 6mm Bolsa 500 g Martini,GENÉRICA,Acuenta,Legumbres,1750.0,1999.5,-12.48,0
Lentejas 5mm Bolsa 1 Kg Iansa Agro,IANSA,Acuenta,Legumbres,3990.0,1999.5,99.55,0
Porotos en Conserva Drenado 138 g - Neto 227 g ...,NETO,Acuenta,Legumbres,630.0,1999.5,-68.49,0
Porotos Negros en Conserva Drenado 138 g - Neto...,NETO,Acuenta,Legumbres,610.0,1999.5,-69.49,0
Porotos Drenado 230 g - Neto 390 g Lider,LIDER,Acuenta,Legumbres,950.0,1999.5,-52.49,0
Lentejas Drenado 230 g - Neto 390 g Lider...,LIDER,Acuenta,Legumbres,950.0,1999.5,-52.49,0
Lentejas 5mm Bolsa 800 gr Banquete,BANQUETE,Acuenta,Legumbres,2000.0,1999.5,0.03,0
Porotos Negros Drenado 230 g - Neto 390 g Lider...,LIDER,Acuenta,Legumbres,950.0,1999.5,-52.49,0
Porotos Rojos Caja Drenado 230 g - Neto 380 g W...,NETO,Acuenta,Legumbres,1390.0,1999.5,-30.48,0
Lentejas 6mm Bolsa 1 Kg Acuenta,ACUENTA,Acuenta,Legumbres,1950.0,1999.5,-2.48,0
Lentejas Listas Para Servir Caja Drenado 230 g ...,GENÉRICA,Acuenta,Legumbres,1390.0,1999.5,-30.48,0
Porotos Blancos Caja Drenado 230 g - Neto 380 g...,NETO,Acuenta,Legumbres,1390.0,1999.5,-30.48,0
Porotos Negros Listos Para Servir Caja Drenado ...,GENÉRICA,Acuenta,Legumbres,1390.0,1999.5,-30.48,0
"Queso Gauda Laminado Soprole, 1/4 kg",SOPROLE,Cugat,Quesos,2090.0,2779.8947368421054,-24.82,0
"Queso fresco Tradicional La Vaquita envasado trozo, 400g.",OTRA,Cugat,Quesos,3490.0,2779.8947368421054,25.54,0
Queso gauda laminado La Vaquita 250g,OTRA,Cugat,Quesos,3590.0,2779.8947368421054,29.14,0
Queso Gauda Laminado La Vaquita 400g,OTRA,Cugat,Quesos,4790.0,2779.8947368421054,72.31,0
Queso mantecoso laminado La Vaquita 400g,OTRA,Cugat,Quesos,4990.0,2779.8947368421054,79.5,0
Queso mantecoso laminado La Vaquita 250g,OTRA,Cugat,Quesos,3990.0,2779.8947368421054,43.53,0
Queso Gauda Granulado La Vaquita 250g.,OTRA,Cugat,Quesos,3490.0,2779.8947368421054,25.54,0
"Queso fresco sin lactosa La Vaquita envasado trozo, 400g",OTRA,Cugat,Quesos,3590.0,2779.8947368421054,29.14,0
Queso Cheddar Untable Kraft Pote 200g,KRAFT,Cugat,Quesos,3290.0,2779.8947368421054,18.35,0
Queso Crema Natural La Vaquita 100g,NATURA,Cugat,Quesos,890.0,2779.8947368421054,-67.98,0
"Queso Parmesano rallado La Vaquita, 40g",OTRA,Cugat,Quesos,890.0,2779.8947368421054,-67.98,0
"Queso Cheddar Fundido Laminado Président, 120g",OTRA,Cugat,Quesos,1990.0,2779.8947368421054,-28.41,0
"Queso mantecoso laminado La Vaquita, 130g",OTRA,Cugat,Quesos,1998.0,2779.8947368421054,-28.13,0
"Queso granulado Mix Pizza Kraft, 200g",KRAFT,Cugat,Quesos,2990.0,2779.8947368421054,7.56,0
"Queso granulado DUO MIX Kraft, 200g",KRAFT,Cugat,Quesos,2990.0,2779.8947368421054,7.56,0
"Queso Cheddar natural laminado Kraft, 130g",NATURA,Cugat,Quesos,1990.0,2779.8947368421054,-28.41,0
Queso Gauda laminado Kraft 75g,KRAFT,Cugat,Quesos,1190.0,2779.8947368421054,-57.19,0
Queso Gauda laminado Kraft 200g,KRAFT,Cugat,Quesos,2590.0,2779.8947368421054,-6.83,0
Queso Gauda laminado La Vaquita 130g,OTRA,Cugat,Quesos,1990.0,2779.8947368421054,-28.41,0
"Longaniza Ahumada Chillán, 1/4 kg",OTRA,Cugat,Fiambrería Embutidos y Quesos,2749.0,2913.0,-5.63,0
"Salchicha Tradicional San Jorge, 1 kg.",SAN JORGE,Cugat,Fiambrería Embutidos y Quesos,4290.0,2913.0,47.27,0
"Chorizo La Preferida Carne Angus, 500g / 8 unid.",LA PREFERIDA,Cugat,Fiambrería Embutidos y Quesos,5990.0,2913.0,105.63,0
"Salchicha Sureña PF, 1 kg",PF,Cugat,Fiambrería Embutidos y Quesos,4990.0,2913.0,71.3,0
"Salchicha de Pollo Montina, 20 Unid.",MONTINA,Cugat,Fiambrería Embutidos y Quesos,4990.0,2913.0,71.3,0
"Queso Gauda Calo Laminado, 467g",CALO,Cugat,Fiambrería Embutidos y Quesos,5990.0,2913.0,105.63,0
"Queso Rallado Parmesano Colun, 80g",COLUN,Cugat,Fiambrería Embutidos y Quesos,1890.0,2913.0,-35.12,0
Salchicha Sureña San Jorge 250 Gr,SAN JORGE,Cugat,Fiambrería Embutidos y Quesos,1490.0,2913.0,-48.85,0
"Salchichas de Pollo San Jorge, 250g",SAN JORGE,Cugat,Fiambrería Embutidos y Quesos,1390.0,2913.0,-52.28,0
"Jamón Artesanal G2 PF, 1/4 Kg",PF,Cugat,Fiambrería Embutidos y Quesos,2499.0,2913.0,-14.21,0
"Jamón Colonial PF, 1/4 kg",PF,Cugat,Fiambrería Embutidos y Quesos,2999.0,2913.0,2.95,0
"Queso Mantecoso Las Parcelas de Valdivia Pieza, 1/4 kg",OTRA,Cugat,Fiambrería Embutidos y Quesos,3690.0,2913.0,26.67,0
"Queso Mantecoso Quilque Trozo, 1/4 kg",OTRA,Cugat,Fiambrería Embutidos y Quesos,2990.0,2913.0,2.64,0
"Queso Ranco Colun Pieza, 1/4 kg",COLUN,Cugat,Fiambrería Embutidos y Quesos,2390.0,2913.0,-17.95,0
"Jamón Pierna Acaramelado PF, 1/4 kg",PF,Cugat,Fiambrería Embutidos y Quesos,3099.0,2913.0,6.39,0
"Jamón Colonial Super Cerdo, 1/4 Kg",SUPER CERDO,Cugat,Fiambrería Embutidos y Quesos,2099.0,2913.0,-27.94,0
"Salchicha Sureña San Jorge, 1 kg",SAN JORGE,Cugat,Fiambrería Embutidos y Quesos,4590.0,2913.0,57.57,0
"Salchicha Tradicional PF, 1 kg",PF,Cugat,Fiambrería Embutidos y Quesos,3499.0,2913.0,20.12,0
"Jamón Fiambre Sándwich PF, 1/4 kg",PF,Cugat,Fiambrería Embutidos y Quesos,1999.0,2913.0,-31.38,0
"Longaniza Artesanal Don Rodrigo, 1kg",OTRA,Cugat,Fiambrería Embutidos y Quesos,7596.0,2913.0,160.76,0
"Pechuga de Pollo Asada PF, 1/4 kg",PF,Cugat,Fiambrería Embutidos y Quesos,2699.0,2913.0,-7.35,0
"Pechuga de Pollo Cocida PF, 1/4 kg",PF,Cugat,Fiambrería Embutidos y Quesos,2699.0,2913.0,-7.35,0
"Arrollado de Huaso PF GA, 1/4 kg.",PF,Cugat,Fiambrería Embutidos y Quesos,2349.0,2913.0,-19.36,0
"Arrollado de Lomo PF, 1/4 kg",PF,Cugat,Fiambrería Embutidos y Quesos,2399.0,2913.0,-17.65,0
"Salame Ahumado PF, 1/4 kg",PF,Cugat,Fiambrería Embutidos y Quesos,3499.0,2913.0,20.12,0
Salame Italiano PF a Granel 1/4 kg,PF,Cugat,Fiambrería Embutidos y Quesos,3499.0,2913.0,20.12,0
"Jamón Fiambre Sandwich San Jorge, 1/4 kg",SAN JORGE,Cugat,Fiambrería Embutidos y Quesos,1799.0,2913.0,-38.24,0
"Chorizo Parrillero La Española, 1kg",OTRA,Cugat,Fiambrería Embutidos y Quesos,5890.0,2913.0,102.2,0
"Queso Ranco Colun Laminado, 500g",COLUN,Cugat,Fiambrería Embutidos y Quesos,5890.0,2913.0,102.2,0
"Chorizo Parrillero Premium Receta del Abuelo, 400g",OTRA,Cugat,Fiambrería Embutidos y Quesos,4990.0,2913.0,71.3,0
"Chorizo de Campo Receta del Abuelo, 400g",OTRA,Cugat,Fiambrería Embutidos y Quesos,4890.0,2913.0,67.87,0
"Salchicha de Pollo PF, 1 kg",PF,Cugat,Fiambrería Embutidos y Quesos,4690.0,2913.0,61.0,0
Arrollado de Lomo con Ají San Jorge 1/4 kg,SAN JORGE,Cugat,Fiambrería Embutidos y Quesos,2399.0,2913.0,-17.65,0
"Jamón de Pierna Corte Pluma La Preferida, 125g",LA PREFERIDA,Cugat,Fiambrería Embutidos y Quesos,2590.0,2913.0,-11.09,0
"Jamón Planchado San Jorge, 200g",SAN JORGE,Cugat,Fiambrería Embutidos y Quesos,2390.0,2913.0,-17.95,0
"Mortadela Lisa San Jorge, 1/4 kg",SAN JORGE,Cugat,Fiambrería Embutidos y Quesos,1299.0,2913.0,-55.41,0
"Tocino Tradicional La Preferida, 180g",LA PREFERIDA,Cugat,Fiambrería Embutidos y Quesos,4490.0,2913.0,54.14,0
"Pasta de Pollo Ciboulette La Preferida, 125g",LA PREFERIDA,Cugat,Fiambrería Embutidos y Quesos,1290.0,2913.0,-55.72,0
"Pasta de Pollo Pimentón La Preferida, 125g",LA PREFERIDA,Cugat,Fiambrería Embutidos y Quesos,1290.0,2913.0,-55.72,0
"Pasta de Salame La Preferida, 125g",LA PREFERIDA,Cugat,Fiambrería Embutidos y Quesos,1290.0,2913.0,-55.72,0
"Jamonada de Ave San Jorge, 1/4 kg",SAN JORGE,Cugat,Fiambrería Embutidos y Quesos,1749.0,2913.0,-39.96,0
"Jamonada San Jorge, 1/4 kg",SAN JORGE,Cugat,Fiambrería Embutidos y Quesos,1799.0,2913.0,-38.24,0
"Salchicha de Pollo y Cerdo San Jorge, 380g",SAN JORGE,Cugat,Fiambrería Embutidos y Quesos,1990.0,2913.0,-31.69,0
"Jamón Fiambre Sándwich San Jorge, 250g",SAN JORGE,Cugat,Fiambrería Embutidos y Quesos,2090.0,2913.0,-28.25,0
"Paté de Ave San Jorge, 125g",SAN JORGE,Cugat,Fiambrería Embutidos y Quesos,890.0,2913.0,-69.45,0
"Paté de Ternera San Jorge, 125g",SAN JORGE,Cugat,Fiambrería Embutidos y Quesos,890.0,2913.0,-69.45,0
"Pepperoni Tradicional La Preferida, 100g",LA PREFERIDA,Cugat,Fiambrería Embutidos y Quesos,2290.0,2913.0,-21.39,0
"Salame Ahumado San Jorge a Granel, 1/4 kg",SAN JORGE,Cugat,Fiambrería Embutidos y Quesos,3990.0,2913.0,36.97,0
"Salame Italiano San Jorge a Granel, 1/4 kg",SAN JORGE,Cugat,Fiambrería Embutidos y Quesos,3990.0,2913.0,36.97,0
"Salchicha Sureña La Preferida, 250g",LA PREFERIDA,Cugat,Fiambrería Embutidos y Quesos,2490.0,2913.0,-14.52,0
"Salchicha Sureña La Preferida, 500g",LA PREFERIDA,Cugat,Fiambrería Embutidos y Quesos,4690.0,2913.0,61.0,0
"Salchichón Cervecero Winter a Granel, 1/4 kg.",WINTER,Cugat,Fiambrería Embutidos y Quesos,1749.0,2913.0,-39.96,0
"Salchicha de Pollo Montina, 250g",MONTINA,Cugat,Fiambrería Embutidos y Quesos,1590.0,2913.0,-45.42,0
"Salchichas Sureñas Recetas del Abuelo, 500g",OTRA,Cugat,Fiambrería Embutidos y Quesos,4490.0,2913.0,54.14,0
"Paté de Campo Receta del Abuelo, 125g",OTRA,Cugat,Fiambrería Embutidos y Quesos,1290.0,2913.0,-55.72,0
"Pasta de Jamón Receta Del Abuelo, 125g",OTRA,Cugat,Fiambrería Embutidos y Quesos,1190.0,2913.0,-59.15,0
"Paté Pasta de Salame Receta del Abuelo, 125g",OTRA,Cugat,Fiambrería Embutidos y Quesos,1290.0,2913.0,-55.72,0
"Paté de Ternera Receta del Abuelo, 125g",OTRA,Cugat,Fiambrería Embutidos y Quesos,1190.0,2913.0,-59.15,0
"Paté Teewurst Receta del Abuelo, 125g",OTRA,Cugat,Fiambrería Embutidos y Quesos,1490.0,2913.0,-48.85,0
"Paté de Jamón San Jorge, 125g",SAN JORGE,Cugat,Fiambrería Embutidos y Quesos,890.0,2913.0,-69.45,0
"Salchichas Winter de Pollo Tradición Alemana, 20 Unid.",WINTER,Cugat,Fiambrería Embutidos y Quesos,3990.0,2913.0,36.97,0
"Salchichas Tradicional Winter Tradición Alemana, 20 Unid.",WINTER,Cugat,Fiambrería Embutidos y Quesos,3990.0,2913.0,36.97,0
"Longanizas Parrillera Chillán, 1/4 kg",OTRA,Cugat,Fiambrería Embutidos y Quesos,2749.0,2913.0,-5.63,0
Arrollado de Huaso con Aji San Jorge 1/4 Kg,SAN JORGE,Cugat,Fiambrería Embutidos y Quesos,2399.0,2913.0,-17.65,0
"Salame Ahumado San Jorge, 100g",SAN JORGE,Cugat,Fiambrería Embutidos y Quesos,1990.0,2913.0,-31.69,0
"Salame Italiano San Jorge, 100g",SAN JORGE,Cugat,Fiambrería Embutidos y Quesos,1990.0,2913.0,-31.69,0
Queso de Cabra Holandes Gallery 1/4 kg.,OTRA,Cugat,Fiambrería Embutidos y Quesos,3990.0,2913.0,36.97,0
"Longanicilla de Campo Receta del Abuelo, 160g",OTRA,Cugat,Fiambrería Embutidos y Quesos,2190.0,2913.0,-24.82,0
"Longanicilla de Campo al Merquén Receta del Abuelo, 160g",OTRA,Cugat,Fiambrería Embutidos y Quesos,2190.0,2913.0,-24.82,0
"Paté de Ave PF, 125g",PF,Cugat,Fiambrería Embutidos y Quesos,890.0,2913.0,-69.45,0
"Paté de Jamón PF, 125g",PF,Cugat,Fiambrería Embutidos y Quesos,890.0,2913.0,-69.45,0
"Paté de Ternera PF, 125g",PF,Cugat,Fiambrería Embutidos y Quesos,890.0,2913.0,-69.45,0
"Salchicha Sureña Winter, 1 kg",WINTER,Cugat,Fiambrería Embutidos y Quesos,4290.0,2913.0,47.27,0
"Jamón Pierna Acaramelado G1 Winter, 1/4 kg",WINTER,Cugat,Fiambrería Embutidos y Quesos,2999.0,2913.0,2.95,0
Queso Mantecoso Las Parcelas de Valdivia Lam. 1/4 kg,OTRA,Cugat,Fiambrería Embutidos y Quesos,3190.0,2913.0,9.51,0
"Vienesas Tradicional La Española , 900g",OTRA,Cugat,Fiambrería Embutidos y Quesos,4490.0,2913.0,54.14,0
"Salame Italiano PF, 100g",PF,Cugat,Fiambrería Embutidos y Quesos,2290.0,2913.0,-21.39,0
"Salame Ahumado PF, 100g",PF,Cugat,Fiambrería Embutidos y Quesos,2290.0,2913.0,-21.39,0
"Salchichas de Pavo San Jorge, 1 kg.",SAN JORGE,Cugat,Fiambrería Embutidos y Quesos,4890.0,2913.0,67.87,0
"Fiambre de Jamón Sandwich San Jorge, 1/4 kg",SAN JORGE,Cugat,Fiambrería Embutidos y Quesos,1799.0,2913.0,-38.24,0
"Chorizo Parrillero San Jorge, 800g",SAN JORGE,Cugat,Fiambrería Embutidos y Quesos,5990.0,2913.0,105.63,0
"Harina Linderos Todo Uso Sin Polvo, 1kg.",OTRA,Cugat,Harinas Levaduras y Grasas,899.0,899.0,0.0,0
Aceite Vegetal Coliseo 900 Ml,OTRA,Cugat,Aceites,1698.0,3596.5365853658536,-52.79,0
"Aceite vegetal con canola Belmont, 1 Lt.",OTRA,Cugat,Aceites,2990.0,3596.5365853658536,-16.86,0
"Aceite de Maravilla Natura, 900ml.",NATURA,Cugat,Aceites,2990.0,3596.5365853658536,-16.86,0
"Aceite de Maravilla Aruna, 900cc",ARUNA,Cugat,Aceites,2190.0,3596.5365853658536,-39.11,0
"Aceite de Maravilla Chef, 1Lts.",CHEF,Cugat,Aceites,3490.0,3596.5365853658536,-2.96,0
"Aceite de Oliva Natura Extra Virgen Banquete, 500cc.",BANQUETE,Cugat,Aceites,8990.0,3596.5365853658536,149.96,0
Aceite Oliva Extra Virgen Chef 500 Cc,CHEF,Cugat,Aceites,10990.0,3596.5365853658536,205.57,0
"Aceite de Oliva Suave Abril Pet, 750cc.",ABRIL,Cugat,Aceites,8990.0,3596.5365853658536,149.96,2
"Aceite de Maravilla Miraflores, 900cc.",MIRAFLORES,Cugat,Aceites,2490.0,3596.5365853658536,-30.77,0
"Aceite Vegetal Miraflores, 900cc.",MIRAFLORES,Cugat,Aceites,2390.0,3596.5365853658536,-33.55,0
"Aceite Vegetal Parral, 900ml",OTRA,Cugat,Aceites,1590.0,3596.5365853658536,-55.79,0
"Aceite Vegetal Bonanza, 900ml.",BONANZA,Cugat,Aceites,1690.0,3596.5365853658536,-53.01,2
Chorito con aceite 425 g Costa tenglo,ACE,Acuenta,Aceites,1790.0,3596.5365853658536,-50.23,0
Chorito con aceite 190 g Costa tenglo,ACE,Acuenta,Aceites,1190.0,3596.5365853658536,-66.91,0
Atún Lomitos en Aceite 140 g Acuenta,ACUENTA,Acuenta,Aceites,900.0,3596.5365853658536,-74.98,0
Surtido de Mariscos Aceite de Maravilla Lata Dr...,ACE,Acuenta,Aceites,3690.0,3596.5365853658536,2.6,0
Sardina Aceite Lata Drenado 75 g - Neto 125 g D...,NETO,Acuenta,Aceites,1190.0,3596.5365853658536,-66.91,0
Choritos Aceite Lata Drenado 100 g-  Neto 190 g...,NETO,Acuenta,Aceites,1550.0,3596.5365853658536,-56.9,0
Choritos Aceite Lata Drenado 213 g -  Neto 425 ...,NETO,Acuenta,Aceites,3390.0,3596.5365853658536,-5.74,0
Atún Desmenuzado Aceite Lata Drenado 120 g - Ne...,ACE,Acuenta,Aceites,700.0,3596.5365853658536,-80.54,0
Aceite Oliva Extra Virgen Botella 1 L Chef...,ACE,Acuenta,Aceites,14490.0,3596.5365853658536,302.89,0
Choritos Aceite de Maravilla Lata Drenado 100 g...,ACE,Acuenta,Aceites,1690.0,3596.5365853658536,-53.01,0
Atún Lomitos en Aceite Lata Drenado 91 g - Neto...,NETO,Acuenta,Aceites,1000.0,3596.5365853658536,-72.2,0
Aceite Olivado Botella 500 ml Lider,LIDER,Acuenta,Aceites,3000.0,3596.5365853658536,-16.59,0
Aceite Oliva Extra Virgen Botella 250 ml Banque...,ACE,Acuenta,Aceites,4590.0,3596.5365853658536,27.62,0
Aceite Oliva Extra Virgen Botella 250 ml Lider...,LIDER,Acuenta,Aceites,4690.0,3596.5365853658536,30.4,0
Aceite Pepa de Uva Botella 500 ml Chef,ACE,Acuenta,Aceites,5190.0,3596.5365853658536,44.31,0
Aceite Oliva Extra Virgen Botella 500 ml Banque...,ACE,Acuenta,Aceites,8390.0,3596.5365853658536,133.28,0
Aceite Maravilla Botella 900 ml Lider,LIDER,Acuenta,Aceites,1890.0,3596.5365853658536,-47.45,0
Aceite Oliva Extra Virgen Botella 500 ml Chef...,ACE,Acuenta,Aceites,8990.0,3596.5365853658536,149.96,0
Atún Lomitos Aceite Lata Drenado 104 g - Neto 1...,NETO,Acuenta,Aceites,1350.0,3596.5365853658536,-62.46,0
Jurel Lomo Aceite Lata Drenado 104 g - Neto 160...,NETO,Acuenta,Aceites,1390.0,3596.5365853658536,-61.35,0
Aceite Vegetal Botella 900 ml Lider,LIDER,Acuenta,Aceites,1650.0,3596.5365853658536,-54.12,0
"Aceite Vegetal Botella 1,5 L Acuenta",ACUENTA,Acuenta,Aceites,2390.0,3596.5365853658536,-33.55,0
Aceite de Maravilla Botella 1 L Natura,ACE,Acuenta,Aceites,2650.0,3596.5365853658536,-26.32,0
Aceite Vegetal Botella 1 L Belmont,ACE,Acuenta,Aceites,2450.0,3596.5365853658536,-31.88,0
Aceite Vegetal Bidón 5 L Acuenta,ACUENTA,Acuenta,Aceites,7890.0,3596.5365853658536,119.38,0
Aceite Maravilla Botella 900 ml Miraflores...,MIRAFLORES,Acuenta,Aceites,2790.0,3596.5365853658536,-22.43,0
Atún Lomito Aceite Lata Drenado 104 g - Neto 16...,NETO,Acuenta,Aceites,1850.0,3596.5365853658536,-48.56,0
Aceite De Maravilla Botella Botella 1 L Chef...,ACE,Acuenta,Aceites,2850.0,3596.5365853658536,-20.76,0
Aceite Vegetal Botella 900 ml Acuenta,ACUENTA,Acuenta,Aceites,1390.0,3596.5365853658536,-61.35,0
Atún Lomitos en Agua 140 g Acuenta,ACUENTA,Acuenta,Conservas,900.0,1160.0,-22.41,0
Atún Lomitos Agua Lata Drenado 104 g - Neto 160...,NETO,Acuenta,Conservas,1350.0,1160.0,16.38,0
Atún Desmenuzado Agua Lata Drenado 120 g - Neto...,NETO,Acuenta,Conservas,700.0,1160.0,-39.66,0
Atún Agua Lata Drenado 104 g - Neto 160 g Van C...,NETO,Acuenta,Conservas,1850.0,1160.0,59.48,0
Atún Lomitos en Agua Drenado 91 g - Neto 140 g ...,NETO,Acuenta,Conservas,1000.0,1160.0,-13.79,0
"Bebida Coca Cola Original Desechable, 2.5Lts.",COCA COLA,Cugat,Bebidas,2379.0,2943.764705882353,-19.19,0
"Bebida Coca Cola Sin Azúcar Desechable, 2.5Lts.",COCA COLA,Cugat,Bebidas,2379.0,2943.764705882353,-19.19,0
"Bebida Coca Cola Zero Sin Azúcar Desechable, 1.5Lts.",COCA COLA,Cugat,Bebidas,2090.0,2943.764705882353,-29.0,0
"Tripack Bebidas, 2 Coca-Cola Original 3Lts.+1 Sprite 3Lts.",SPRITE,Cugat,Bebidas,7790.0,2943.764705882353,164.63,2
"Tripack Bebidas, 2 Coca-Cola Original 3Lts.+1 Fanta Naranja 3Lts.",FANTA,Cugat,Bebidas,7790.0,2943.764705882353,164.63,2
"Tripack Bebidas, 1 Pepsi Original +1 Bilz + Kem Piña 3Lts.",PEPSI,Cugat,Bebidas,8990.0,2943.764705882353,205.39,0
"Bebida Pepsi Original Desechable, 3Lts.",PEPSI,Cugat,Bebidas,2490.0,2943.764705882353,-15.41,0
"Bebida Coca Cola Original Desechable, 3Lts.",COCA COLA,Cugat,Bebidas,2690.0,2943.764705882353,-8.62,0
"Bebida Pepsi Zero Desechable, 1.5Lts.",PEPSI,Cugat,Bebidas,2090.0,2943.764705882353,-29.0,0
"Bebida Pepsi Original Desechable,1.5Lts",PEPSI,Cugat,Bebidas,2090.0,2943.764705882353,-29.0,0
"Agua Tónica Canada Dry Desechable, 1.5Lts.",CANADA DRY,Cugat,Bebidas,1790.0,2943.764705882353,-39.19,0
"Bebida Bilz Desechable, 1.5Lts",BILZ,Cugat,Bebidas,2169.0,2943.764705882353,-26.32,2
"Bebida Bilz Zero Desechable, 1.5Lts",BILZ,Cugat,Bebidas,2169.0,2943.764705882353,-26.32,2
"Bebida Orange Crush Desechable, 1.5Lts",CRUSH,Cugat,Bebidas,2169.0,2943.764705882353,-26.32,0
"Bebida Orange Crush Zero Desechable, 1.5Lts.",CRUSH,Cugat,Bebidas,2169.0,2943.764705882353,-26.32,0
"Bebida Canada Dry Ginger Ale Desechable, 1.5Lts",CANADA DRY,Cugat,Bebidas,1790.0,2943.764705882353,-39.19,0
"Bebida Canada Dry Ginger Ale Zero Desechable, 1.5Lts.",CANADA DRY,Cugat,Bebidas,1790.0,2943.764705882353,-39.19,0
"Bebida Canada Dry Ginger Ale Zero Desechable, 1.5Lts",CANADA DRY,Cugat,Bebidas,1790.0,2943.764705882353,-39.19,0
"Bebida Kem Piña Desechable, 1.5Lts",KEM,Cugat,Bebidas,2169.0,2943.764705882353,-26.32,0
"Bebida Kem Xtreme Desechable, 1.5Lts",KEM,Cugat,Bebidas,1790.0,2943.764705882353,-39.19,0
"Bebida Kem Zero Desechable, 1.5Lts",KEM,Cugat,Bebidas,2169.0,2943.764705882353,-26.32,0
Bebida Canada Dry Limón Soda Desechable 1.5 Lts.,CANADA DRY,Cugat,Bebidas,2169.0,2943.764705882353,-26.32,0
"Bebida Canada Dry Limón Soda Light, 1.5Lts.",CANADA DRY,Cugat,Bebidas,2169.0,2943.764705882353,-26.32,0
"Bebida Pap Desechable, 1.5Lts.",PAP,Cugat,Bebidas,2169.0,2943.764705882353,-26.32,0
"Bebida Pap Zero Desechable, 1.5Lts.",PAP,Cugat,Bebidas,2169.0,2943.764705882353,-26.32,0
"Bebida Seven Up Original De Limón Desechable, 1.5Lts.",SEVEN UP,Cugat,Bebidas,2169.0,2943.764705882353,-26.32,2
"Bebida Pepsi Zero Desechable, 3Lts.",PEPSI,Cugat,Bebidas,2490.0,2943.764705882353,-15.41,0
"Tripack Bebidas, 1 Ginger Ale +1 Orange Crush + Limón Soda 3Lts.",CRUSH,Cugat,Bebidas,8990.0,2943.764705882353,205.39,2
"Tripack Bebidas, 1 Pepsi Original +1 Bilz + Pap 3Lts.",PEPSI,Cugat,Bebidas,8900.0,2943.764705882353,202.33,0
"Agua Tónica Canada Dry Zero desechable, 1.5Lts.",CANADA DRY,Cugat,Bebidas,2169.0,2943.764705882353,-26.32,0
"Bebida Bilz Desechable, 3Lts.",BILZ,Cugat,Bebidas,2690.0,2943.764705882353,-8.62,2
"Bebida Bilz Zero Desechable, 3Lts.",BILZ,Cugat,Bebidas,2690.0,2943.764705882353,-8.62,2
"Bebida Canada Dry Ginger Ale Desechable, 3Lts.",CANADA DRY,Cugat,Bebidas,2690.0,2943.764705882353,-8.62,0
"Bebida Canada Dry Ginger Ale Zero Desechable, 3Lts.",CANADA DRY,Cugat,Bebidas,2690.0,2943.764705882353,-8.62,0
"Bebida Kem Piña Desechable, 3Lts.",KEM,Cugat,Bebidas,2690.0,2943.764705882353,-8.62,0
"Bebida Kem Piña Zero Desechable, 3Lts.",KEM,Cugat,Bebidas,2690.0,2943.764705882353,-8.62,0
"Bebida Canada Dry Limón Soda Desechable, 3Lts.",CANADA DRY,Cugat,Bebidas,2690.0,2943.764705882353,-8.62,0
"Bebida Canada Dry Limón Soda Light Desechable, 3Lts.",CANADA DRY,Cugat,Bebidas,2690.0,2943.764705882353,-8.62,0
"Bebida Orange Crush Zero Libre de Azúcar Desechable, 3Lts.",CRUSH,Cugat,Bebidas,2490.0,2943.764705882353,-15.41,0
"Bebida Orange Crush Desechable, 3Lts.",CRUSH,Cugat,Bebidas,2490.0,2943.764705882353,-15.41,0
"Bebida Pap Desechable, 3Lts.",PAP,Cugat,Bebidas,2690.0,2943.764705882353,-8.62,0
"Bebida Pap Light Desechable, 3Lts.",PAP,Cugat,Bebidas,2690.0,2943.764705882353,-8.62,0
"Bebida Seven Up Desechable, 3Lts.",SEVEN UP,Cugat,Bebidas,2490.0,2943.764705882353,-15.41,2
"Bebida Seven Up Zero Desechable, 3Lts.",SEVEN UP,Cugat,Bebidas,2490.0,2943.764705882353,-15.41,2
"Bebida Casa Oliva Cola Desechable, 2Lts",CASA OLIVA,Cugat,Bebidas,629.0,2943.764705882353,-78.63,2
"Bebida Casa Oliva Ginger Desechable, 2Lts.",CASA OLIVA,Cugat,Bebidas,629.0,2943.764705882353,-78.63,2
"Bebida Casa Oliva Papaya Desechable, 2Lts.",PAP,Cugat,Bebidas,629.0,2943.764705882353,-78.63,0
"Bebida Sprite Original Desechable, 2.5Lts.",SPRITE,Cugat,Bebidas,2379.0,2943.764705882353,-19.19,2
"Bebida Kem Piña Lata, Pack 6 Unid. x 350cc.",KEM,Cugat,Bebidas,4290.0,2943.764705882353,45.73,0
"Bebida Kem Xtreme Lata, Pack 6 Unid. x 350cc.",KEM,Cugat,Bebidas,4290.0,2943.764705882353,45.73,0
"Bebida Orange Crush Lata, Pack 6 Unid. x 350cc.",CRUSH,Cugat,Bebidas,4290.0,2943.764705882353,45.73,2
Agua Cachantun Más Granada Sin Gas 1.6Lts.,OTRA,Cugat,Agua sin Gas,1290.0,1390.0,-7.19,0
"Agua Cachantun Más Manzana Sin Gas,1.6Lts.",OTRA,Cugat,Agua sin Gas,1290.0,1390.0,-7.19,0
"Agua Cachantun Más Pera Sin Gas, 1.6Lts.",OTRA,Cugat,Agua sin Gas,1290.0,1390.0,-7.19,0
"Agua Pure Life Purificada sin Gas, Bidón 6 Lts.",PURE LIFE,Cugat,Agua sin Gas,1990.0,1390.0,43.17,2
Agua Cachantun Más Piña Sin Gas 1.6Lts.,OTRA,Cugat,Agua sin Gas,1290.0,1390.0,-7.19,0
Agua Cachantun Más Uva Sin Gas 1.6Lts.,OTRA,Cugat,Agua sin Gas,1290.0,1390.0,-7.19,0
"Agua Cachantun Mas Limón Jengibre Sin Gas, 1.6Lts.",OTRA,Cugat,Agua sin Gas,1290.0,1390.0,-7.19,0
Agua Casa Oliva Purificada Sg – Bidón De 6Lts.,CASA OLIVA,Cugat,Agua sin Gas,1390.0,1390.0,0.0,2
Compota de Naranja y Plátano PF 90gr.,PF,Cugat,Yoghurt y Postres,640.0,640.0,0.0,0
Compota de Manzana y Plátano PF 90gr.,PF,Cugat,Yoghurt y Postres,640.0,640.0,0.0,0
Compota de Manzana y Durazno PF 90gr.,PF,Cugat,Yoghurt y Postres,640.0,640.0,0.0,0
Compota de Manzana y Pera PF 90gr.,PF,Cugat,Yoghurt y Postres,640.0,640.0,0.0,0
Compota de Manzana PF 90gr.,PF,Cugat,Yoghurt y Postres,640.0,640.0,0.0,0
Queso gauda laminado sucedáneo 250 g Acuenta...,ACUENTA,Acuenta,Lácteos/Fiambrería,2250.0,3341.7130434782607,-32.67,0
Empanadas Hoja Queso 2 Un Lider,LIDER,Acuenta,Lácteos/Fiambrería,2590.0,3341.7130434782607,-22.49,0
Pack Empanadas Coctel Jamón Queso 10 Un 350 g L...,GENÉRICA,Acuenta,Lácteos/Fiambrería,3590.0,3341.7130434782607,7.43,0
Queso Cheddar Trozo Coctel 226 g Great Value...,GENÉRICA,Acuenta,Lácteos/Fiambrería,3590.0,3341.7130434782607,7.43,0
Queso Camembert Trozo 125 g Soprole,SOPROLE,Acuenta,Lácteos/Fiambrería,3050.0,3341.7130434782607,-8.73,0
Queso Mantecoso Trozo 450 g Las Parcelas de Val...,GENÉRICA,Acuenta,Lácteos/Fiambrería,8290.0,3341.7130434782607,148.08,0
Queso Mantecoso Quilque Trozo 350 g Soprole...,SOPROLE,Acuenta,Lácteos/Fiambrería,4250.0,3341.7130434782607,27.18,0
Queso Gauda Laminado 150 g Colun,COLUN,Acuenta,Lácteos/Fiambrería,2290.0,3341.7130434782607,-31.47,0
Queso Chacra Bolsa 350 g Quillayes,QUILLAYES,Acuenta,Lácteos/Fiambrería,3190.0,3341.7130434782607,-4.54,0
Queso Chacra Río Bueno 400 g Colun,COLUN,Acuenta,Lácteos/Fiambrería,2950.0,3341.7130434782607,-11.72,0
Queso Gauda Laminado 75 g Lider,LIDER,Acuenta,Lácteos/Fiambrería,990.0,3341.7130434782607,-70.37,0
Queso Crema Untable Fresco Sabor Natural 140 g ...,GENÉRICA,Acuenta,Lácteos/Fiambrería,1220.0,3341.7130434782607,-63.49,0
Queso Gauda Granulado 320 g Doña Paula,GENÉRICA,Acuenta,Lácteos/Fiambrería,3850.0,3341.7130434782607,15.21,0
Queso Mantecoso Laminado 75 g Lider,LIDER,Acuenta,Lácteos/Fiambrería,990.0,3341.7130434782607,-70.37,0
Queso Chanco Laminado 75 g Lider,LIDER,Acuenta,Lácteos/Fiambrería,990.0,3341.7130434782607,-70.37,0
Queso Mantecoso Laminado 250 g Lider,LIDER,Acuenta,Lácteos/Fiambrería,3290.0,3341.7130434782607,-1.55,0
Tabla Queso Mantecoso Trozo 300 g Pahuilmo...,GENÉRICA,Acuenta,Lácteos/Fiambrería,6390.0,3341.7130434782607,91.22,0
Queso Mantecoso Quilque Laminado 250 g Soprole...,SOPROLE,Acuenta,Lácteos/Fiambrería,3890.0,3341.7130434782607,16.41,0
Queso Crema Light Untable 226 g Lider,LIDER,Acuenta,Lácteos/Fiambrería,2850.0,3341.7130434782607,-14.71,0
Queso Granulado Mantecoso 200 g Lider,LIDER,Acuenta,Lácteos/Fiambrería,2290.0,3341.7130434782607,-31.47,0
Queso Fresco Light Sin Lactosa 400 g Colun...,COLUN,Acuenta,Lácteos/Fiambrería,2890.0,3341.7130434782607,-13.52,0
Queso En Trozo Mantecoso 350 g Lider,LIDER,Acuenta,Lácteos/Fiambrería,4190.0,3341.7130434782607,25.38,0
Queso Parmesano Rallado 80 g Lider,LIDER,Acuenta,Lácteos/Fiambrería,1690.0,3341.7130434782607,-49.43,0
Queso Mantecoso Laminado 150 g Soprole,SOPROLE,Acuenta,Lácteos/Fiambrería,2690.0,3341.7130434782607,-19.5,0
Queso Mantecoso Laminado 500 g Lider,LIDER,Acuenta,Lácteos/Fiambrería,5890.0,3341.7130434782607,76.26,0
Queso Chanco Laminado 500 g Lider,LIDER,Acuenta,Lácteos/Fiambrería,5690.0,3341.7130434782607,70.27,0
Queso Chacra Trozo 400 g Quillayes,QUILLAYES,Acuenta,Lácteos/Fiambrería,3390.0,3341.7130434782607,1.44,0
Queso Gauda Laminado 467 g Calo,CALO,Acuenta,Lácteos/Fiambrería,5790.0,3341.7130434782607,73.26,0
Queso Gauda Laminado 500 g Colun,COLUN,Acuenta,Lácteos/Fiambrería,6690.0,3341.7130434782607,100.2,0
Queso Gauda Laminado 150 g Lider,LIDER,Acuenta,Lácteos/Fiambrería,1890.0,3341.7130434782607,-43.44,0
Queso Granulado Mantecoso 400 g Lider,LIDER,Acuenta,Lácteos/Fiambrería,4490.0,3341.7130434782607,34.36,0
Queso Gauda Laminado 250 g Lider,LIDER,Acuenta,Lácteos/Fiambrería,2950.0,3341.7130434782607,-11.72,0
Queso Chanco Laminado 250 g Lider,LIDER,Acuenta,Lácteos/Fiambrería,2850.0,3341.7130434782607,-14.71,0
Queso Chanco Laminado 500 g Quillayes,QUILLAYES,Acuenta,Lácteos/Fiambrería,6590.0,3341.7130434782607,97.2,0
Queso Parmesano Rallado 40 g Lider,LIDER,Acuenta,Lácteos/Fiambrería,840.0,3341.7130434782607,-74.86,0
Queso Cheedar Fundido Laminado 144 g Great Valu...,GENÉRICA,Acuenta,Lácteos/Fiambrería,1950.0,3341.7130434782607,-41.65,0
Queso Crema Untable 226 g Lider,LIDER,Acuenta,Lácteos/Fiambrería,2490.0,3341.7130434782607,-25.49,0
Queso Mantecoso Río Bueno Laminado 500 g Colun...,COLUN,Acuenta,Lácteos/Fiambrería,6590.0,3341.7130434782607,97.2,0
Queso Tipo Gauda Laminado 500 g Acuenta,ACUENTA,Acuenta,Lácteos/Fiambrería,4350.0,3341.7130434782607,30.17,0
Queso Rallado Sobre 40 g Colun,COLUN,Acuenta,Lácteos/Fiambrería,990.0,3341.7130434782607,-70.37,0
Queso Crema Con Ají Merkén Untable 100 g Colun...,COLUN,Acuenta,Lácteos/Fiambrería,760.0,3341.7130434782607,-77.26,0
Queso Gauda Granulado 250 g La Vaquita,GENÉRICA,Acuenta,Lácteos/Fiambrería,2250.0,3341.7130434782607,-32.67,0
Queso Chanco Laminado 434 g Las Parcelas de Val...,GENÉRICA,Acuenta,Lácteos/Fiambrería,4250.0,3341.7130434782607,27.18,0
Queso Fresco Trozo 450 g Colun,COLUN,Acuenta,Lácteos/Fiambrería,2250.0,3341.7130434782607,-32.67,0
Queso Rallado Reggianito 80 g Colun,COLUN,Acuenta,Lácteos/Fiambrería,1750.0,3341.7130434782607,-47.63,0
Queso Crema Untable Natural 100 g Colun,COLUN,Acuenta,Lácteos/Fiambrería,760.0,3341.7130434782607,-77.26,0
Queso Ranco Laminado 500 g Colun,COLUN,Acuenta,Lácteos/Fiambrería,4990.0,3341.7130434782607,49.32,0
Queso Ranco Laminado Colun 75 g Colun,COLUN,Acuenta,Lácteos/Fiambrería,1000.0,3341.7130434782607,-70.08,0
Queso Ranco Laminado 250 g Colun,COLUN,Acuenta,Lácteos/Fiambrería,3000.0,3341.7130434782607,-10.23,0
Queso Mantecoso Laminado 250 g Colun,COLUN,Acuenta,Lácteos/Fiambrería,3000.0,3341.7130434782607,-10.23,0
Queso Fundido Cheedar 160 g Los Alerces,GENÉRICA,Acuenta,Lácteos/Fiambrería,1790.0,3341.7130434782607,-46.43,0
Queso Chanco Laminado 100 g Quillayes,QUILLAYES,Acuenta,Lácteos/Fiambrería,1000.0,3341.7130434782607,-70.08,0
Queso Gauda Laminado 250 g Soprole,SOPROLE,Acuenta,Lácteos/Fiambrería,3000.0,3341.7130434782607,-10.23,0
Queso Gauda Laminado 500 g Lider,LIDER,Acuenta,Lácteos/Fiambrería,4890.0,3341.7130434782607,46.33,0
Pack Empanadas Coctel Queso 12 Un 300 g Lider...,LIDER,Acuenta,Lácteos/Fiambrería,3590.0,3341.7130434782607,7.43,0
Queso Mantecoso Quilque Laminado 500 g Soprole...,SOPROLE,Acuenta,Lácteos/Fiambrería,5277.0,3341.7130434782607,57.91,0
Queso Gauda Laminado 500 g Soprole,SOPROLE,Acuenta,Lácteos/Fiambrería,4750.0,3341.7130434782607,42.14,0
Pack Empanadas Coctel Jamón Queso 10 Un 350 g L...,GENÉRICA,ACUENTA,Lácteos/Fiambrería,3590.0,3341.7130434782607,7.43,0
Queso Mozzarella Granulado 400 g Quillayes...,QUILLAYES,ACUENTA,Lácteos/Fiambrería,5890.0,3341.7130434782607,76.26,0
Queso Chacra Bolsa 350 g Quillayes,QUILLAYES,ACUENTA,Lácteos/Fiambrería,3190.0,3341.7130434782607,-4.54,0
Queso Cheddar Trozo Coctel 226 g Great Value...,GENÉRICA,ACUENTA,Lácteos/Fiambrería,3590.0,3341.7130434782607,7.43,0
Queso Chanco Laminado 500 g Quillayes,QUILLAYES,ACUENTA,Lácteos/Fiambrería,6590.0,3341.7130434782607,97.2,0
Tabla Queso Mantecoso Trozo 300 g Pahuilmo...,GENÉRICA,ACUENTA,Lácteos/Fiambrería,5950.0,3341.7130434782607,78.05,0
Queso Gauda Laminado 150 g Colun,COLUN,ACUENTA,Lácteos/Fiambrería,2290.0,3341.7130434782607,-31.47,0
Queso Mantecoso Trozo 450 g Las Parcelas de Val...,GENÉRICA,ACUENTA,Lácteos/Fiambrería,7890.0,3341.7130434782607,136.11,0
Queso Chanco Laminado 75 g Lider,LIDER,ACUENTA,Lácteos/Fiambrería,990.0,3341.7130434782607,-70.37,0
Queso Gauda Laminado 75 g Lider,LIDER,ACUENTA,Lácteos/Fiambrería,990.0,3341.7130434782607,-70.37,0
Queso Parmesano Rallado 40 g Lider,LIDER,ACUENTA,Lácteos/Fiambrería,840.0,3341.7130434782607,-74.86,0
Queso Chacra Río Bueno 400 g Colun,COLUN,ACUENTA,Lácteos/Fiambrería,2950.0,3341.7130434782607,-11.72,0
Queso Crema Light Untable 226 g Lider,LIDER,ACUENTA,Lácteos/Fiambrería,2850.0,3341.7130434782607,-14.71,0
Queso Mantecoso Laminado 75 g Lider,LIDER,ACUENTA,Lácteos/Fiambrería,990.0,3341.7130434782607,-70.37,0
Queso Mantecoso Quilque Laminado 250 g Soprole...,SOPROLE,ACUENTA,Lácteos/Fiambrería,3890.0,3341.7130434782607,16.41,0
Queso Mantecoso Laminado 250 g Lider,LIDER,ACUENTA,Lácteos/Fiambrería,3290.0,3341.7130434782607,-1.55,0
Queso Mantecoso Quilque Trozo 350 g Soprole...,SOPROLE,ACUENTA,Lácteos/Fiambrería,4250.0,3341.7130434782607,27.18,0
Queso Granulado Mantecoso 400 g Lider,LIDER,ACUENTA,Lácteos/Fiambrería,4490.0,3341.7130434782607,34.36,0
Queso Mantecoso Laminado 500 g Lider,LIDER,ACUENTA,Lácteos/Fiambrería,5890.0,3341.7130434782607,76.26,0
Queso Gauda Granulado 320 g Doña Paula,GENÉRICA,ACUENTA,Lácteos/Fiambrería,3850.0,3341.7130434782607,15.21,0
Queso Rallado Sobre 40 g Colun,COLUN,ACUENTA,Lácteos/Fiambrería,990.0,3341.7130434782607,-70.37,0
Queso Fresco Light Sin Lactosa 400 g Colun...,COLUN,ACUENTA,Lácteos/Fiambrería,2890.0,3341.7130434782607,-13.52,0
Queso Chacra Trozo 400 g Quillayes,QUILLAYES,ACUENTA,Lácteos/Fiambrería,3390.0,3341.7130434782607,1.44,0
Queso Granulado Mantecoso 200 g Lider,LIDER,ACUENTA,Lácteos/Fiambrería,2290.0,3341.7130434782607,-31.47,0
Queso Chanco Laminado 250 g Lider,LIDER,ACUENTA,Lácteos/Fiambrería,2850.0,3341.7130434782607,-14.71,0
Queso Cheedar Fundido Laminado 144 g Great Valu...,GENÉRICA,ACUENTA,Lácteos/Fiambrería,1950.0,3341.7130434782607,-41.65,0
Queso Gauda Laminado 150 g Lider,LIDER,ACUENTA,Lácteos/Fiambrería,1890.0,3341.7130434782607,-43.44,0
Queso Chanco Laminado 500 g Lider,LIDER,ACUENTA,Lácteos/Fiambrería,5690.0,3341.7130434782607,70.27,0
Queso Mantecoso Laminado 150 g Soprole,SOPROLE,ACUENTA,Lácteos/Fiambrería,2590.0,3341.7130434782607,-22.49,0
Queso Gauda Laminado 250 g Lider,LIDER,ACUENTA,Lácteos/Fiambrería,2950.0,3341.7130434782607,-11.72,0
Empanadas Hoja Queso 2 Un Lider,LIDER,ACUENTA,Lácteos/Fiambrería,2490.0,3341.7130434782607,-25.49,0
Queso Parmesano Rallado 80 g Lider,LIDER,ACUENTA,Lácteos/Fiambrería,1690.0,3341.7130434782607,-49.43,0
Queso Mantecoso Río Bueno Laminado 500 g Colun...,COLUN,ACUENTA,Lácteos/Fiambrería,6590.0,3341.7130434782607,97.2,0
Queso Gauda Laminado 467 g Calo,CALO,ACUENTA,Lácteos/Fiambrería,5790.0,3341.7130434782607,73.26,0
Queso Gauda Laminado 500 g Colun,COLUN,ACUENTA,Lácteos/Fiambrería,6690.0,3341.7130434782607,100.2,0
Queso Camembert Trozo 125 g Soprole,SOPROLE,ACUENTA,Lácteos/Fiambrería,3050.0,3341.7130434782607,-8.73,0
Queso Crema Con Ají Merkén Untable 100 g Colun...,COLUN,ACUENTA,Lácteos/Fiambrería,760.0,3341.7130434782607,-77.26,0
Queso Crema Untable Fresco Sabor Natural 140 g ...,GENÉRICA,ACUENTA,Lácteos/Fiambrería,1450.0,3341.7130434782607,-56.61,0
Queso Gauda Laminado Sin lactosa 400 g Surlat...,SURLAT,ACUENTA,Lácteos/Fiambrería,4750.0,3341.7130434782607,42.14,2
Queso Gauda Granulado 250 g La Vaquita,GENÉRICA,ACUENTA,Lácteos/Fiambrería,2250.0,3341.7130434782607,-32.67,0
Queso Chanco Laminado 434 g Las Parcelas de Val...,GENÉRICA,ACUENTA,Lácteos/Fiambrería,4250.0,3341.7130434782607,27.18,0
Queso Ranco Laminado 250 g Colun,COLUN,ACUENTA,Lácteos/Fiambrería,3690.0,3341.7130434782607,10.42,0
Queso Fundido Cheedar 160 g Los Alerces,GENÉRICA,ACUENTA,Lácteos/Fiambrería,1890.0,3341.7130434782607,-43.44,0
Queso Rallado Reggianito 80 g Colun,COLUN,ACUENTA,Lácteos/Fiambrería,1750.0,3341.7130434782607,-47.63,0
Queso Fresco Trozo 450 g Colun,COLUN,ACUENTA,Lácteos/Fiambrería,2250.0,3341.7130434782607,-32.67,0
Pack Empanadas Coctel Queso 12 Un 300 g Lider...,LIDER,ACUENTA,Lácteos/Fiambrería,3590.0,3341.7130434782607,7.43,0
Queso En Trozo Mantecoso 350 g Lider,LIDER,ACUENTA,Lácteos/Fiambrería,4190.0,3341.7130434782607,25.38,0
Queso Mantecoso Quilque Laminado 500 g Soprole...,SOPROLE,ACUENTA,Lácteos/Fiambrería,6290.0,3341.7130434782607,88.23,0
Queso Ranco Laminado Colun 75 g Colun,COLUN,ACUENTA,Lácteos/Fiambrería,1350.0,3341.7130434782607,-59.6,0
Queso Crema Untable Natural 100 g Colun,COLUN,ACUENTA,Lácteos/Fiambrería,760.0,3341.7130434782607,-77.26,0
Queso Mantecoso Laminado 250 g Colun,COLUN,ACUENTA,Lácteos/Fiambrería,3590.0,3341.7130434782607,7.43,0
Queso Gauda Laminado 250 g Soprole,SOPROLE,ACUENTA,Lácteos/Fiambrería,3550.0,3341.7130434782607,6.23,0
Queso Ranco Laminado 500 g Colun,COLUN,ACUENTA,Lácteos/Fiambrería,4990.0,3341.7130434782607,49.32,0
Queso Chanco Laminado 100 g Quillayes,QUILLAYES,ACUENTA,Lácteos/Fiambrería,1250.0,3341.7130434782607,-62.59,0
Queso Tipo Gauda Laminado 500 g Acuenta,ACUENTA,ACUENTA,Lácteos/Fiambrería,4350.0,3341.7130434782607,30.17,0
Queso Crema Untable 226 g Lider,LIDER,ACUENTA,Lácteos/Fiambrería,2490.0,3341.7130434782607,-25.49,0
Queso Gauda Laminado 500 g Soprole,SOPROLE,ACUENTA,Lácteos/Fiambrería,5950.0,3341.7130434782607,78.05,0
Queso Gauda Laminado 500 g Lider,LIDER,ACUENTA,Lácteos/Fiambrería,4890.0,3341.7130434782607,46.33,0
Cloro LíquidoTradicional Botella 4 kg Lider...,LIDER,Acuenta,Limpieza,3690.0,4332.463768115942,-14.83,0
Cloro Gel Menta Botella 1500 ml Clorinda...,GENÉRICA,Acuenta,Limpieza,2890.0,4332.463768115942,-33.29,0
Cloro Gel Lavanda Botella 900 g Clorinda,GENÉRICA,Acuenta,Limpieza,1790.0,4332.463768115942,-58.68,0
Cloro Gel Lavanda Botella 1500 ml Lider,LIDER,Acuenta,Limpieza,2190.0,4332.463768115942,-49.45,0
Cloro Gel Tradicional Botella 1500 ml Lider...,LIDER,Acuenta,Limpieza,2190.0,4332.463768115942,-49.45,0
Cloro Gel Original Botella 1500 g Clorinda...,GENÉRICA,Acuenta,Limpieza,2890.0,4332.463768115942,-33.29,0
Detergente Líquido Higienizante Pack 2 Botella ...,GENÉRICA,Acuenta,Limpieza,10590.0,4332.463768115942,144.43,0
Detergente Líquido Higienizante Frescura Floral...,GENÉRICA,Acuenta,Limpieza,6990.0,4332.463768115942,61.34,0
Detergente en Polvo Hortensias y Flores Blancas...,GENÉRICA,Acuenta,Limpieza,2650.0,4332.463768115942,-38.83,0
Detergente En Polvo Lirios y Rosas Botella 800 ...,GENÉRICA,Acuenta,Limpieza,2650.0,4332.463768115942,-38.83,0
Detergente Líquido Bosque Nativo Botella 3 L Bi...,GENÉRICA,Acuenta,Limpieza,7590.0,4332.463768115942,75.19,0
Detergente Líquido Hipoalergénico Bebé Doypack ...,GENÉRICA,Acuenta,Limpieza,5790.0,4332.463768115942,33.64,0
Detergente Líquido Hipoalergénico Piel Sensible...,GENÉRICA,Acuenta,Limpieza,11890.0,4332.463768115942,174.44,0
Detergente Líquido Floral Matic Doypack 3 L Lid...,GENÉRICA,Acuenta,Limpieza,4500.0,4332.463768115942,3.87,0
Cloro Líquido Limón Botella 1.9 g Clorinda...,GENÉRICA,Acuenta,Limpieza,2190.0,4332.463768115942,-49.45,0
Cloro Líquido Lavanda Botella 950 ml Clorinda...,GENÉRICA,Acuenta,Limpieza,1490.0,4332.463768115942,-65.61,0
Cloro Líquido Limón Botella 950 ml Clorinda...,GENÉRICA,Acuenta,Limpieza,1490.0,4332.463768115942,-65.61,0
Cloro en Gel Menta Fresca Botella 900 ml Cloro...,GENÉRICA,Acuenta,Limpieza,2090.0,4332.463768115942,-51.76,0
Cloro Gel Flores Silvestres Botella 1500 ml Cl...,GENÉRICA,Acuenta,Limpieza,2890.0,4332.463768115942,-33.29,0
Cloro en Gel Original Botella 900 ml Clorox...,CLOROX,Acuenta,Limpieza,2090.0,4332.463768115942,-51.76,2
Lavaloza Ultra Concentrado Rinde 3X Más 500 ml ...,GENÉRICA,Acuenta,Limpieza,3890.0,4332.463768115942,-10.21,0
Cloro LíquidoTradicional Botella 1 kg Lider...,LIDER,Acuenta,Limpieza,1190.0,4332.463768115942,-72.53,0
Cloro Gel Limón Botella 900 ml Lider,LIDER,Acuenta,Limpieza,1390.0,4332.463768115942,-67.92,0
Cloro Gel Floral Botella 900 ml Lider,LIDER,Acuenta,Limpieza,1390.0,4332.463768115942,-67.92,0
Cloro Gel Tradicional Botella 900 ml Lider...,LIDER,Acuenta,Limpieza,1390.0,4332.463768115942,-67.92,0
Cloro Gel Lavanda Botella 900 ml Lider,LIDER,Acuenta,Limpieza,1390.0,4332.463768115942,-67.92,0
Detergente En Polvo Doble Poder 700 g Ariel...,GENÉRICA,Acuenta,Limpieza,2490.0,4332.463768115942,-42.53,0
Cloro Líquido Clorinda Tradicional (Botella) 4 ...,GENÉRICA,Acuenta,Limpieza,4190.0,4332.463768115942,-3.29,0
"Detergente en Polvo Ultra Power Bolsa 2,7 kg Om...",GENÉRICA,Acuenta,Limpieza,8650.0,4332.463768115942,99.66,0
Lavalozas Líquido Ultra Concentrado Botella 500...,GENÉRICA,Acuenta,Limpieza,3890.0,4332.463768115942,-10.21,0
Detergente Líquido Ultra Power Aloe Vera Doypac...,GENÉRICA,Acuenta,Limpieza,12890.0,4332.463768115942,197.52,0
Detergente Líquido Flores de Primavera Botella ...,GENÉRICA,Acuenta,Limpieza,7490.0,4332.463768115942,72.88,0
Detergente Líquido Floral Matic Botella 5 L Lid...,GENÉRICA,Acuenta,Limpieza,7490.0,4332.463768115942,72.88,0
Detergente Líquido Forte Doypack 3 l Fuzol...,GENÉRICA,Acuenta,Limpieza,5190.0,4332.463768115942,19.79,0
Detergente Líquido Omo Mix Ultra Power Doypack ...,OMO,Acuenta,Limpieza,16890.0,4332.463768115942,289.85,2
"Detergente en Polvo Bosque Nativo Bolsa 4,5 kg ...",GENÉRICA,Acuenta,Limpieza,8890.0,4332.463768115942,105.2,0
Lavalozas Ultra Concentrado 450 ml Quix,GENÉRICA,Acuenta,Limpieza,2490.0,4332.463768115942,-42.53,0
Detergente Líquido Campos de Hielo Pack 2 Botel...,GENÉRICA,Acuenta,Limpieza,9990.0,4332.463768115942,130.58,0
Lavaloza Limón con Bio Activos Concentrado 900 ...,GENÉRICA,Acuenta,Limpieza,2000.0,4332.463768115942,-53.84,0
Detergente en Polvo Flores de Primavera Bolsa 7...,GENÉRICA,Acuenta,Limpieza,9990.0,4332.463768115942,130.58,0
Detergente En Polvo Ariel Doble Poder Bolsa 400...,GENÉRICA,Acuenta,Limpieza,1500.0,4332.463768115942,-65.38,0
Detergente Líquido Bosque Nativo Pack 2 Botella...,GENÉRICA,Acuenta,Limpieza,9990.0,4332.463768115942,130.58,0
Detergente Líquido Forte Doypack Pack L ml Fuzo...,GENÉRICA,Acuenta,Limpieza,9790.0,4332.463768115942,125.97,0
Detergente Polvo Aroma Floral Bolsa 7 kg Acuent...,GENÉRICA,Acuenta,Limpieza,7990.0,4332.463768115942,84.42,0
Lavalozas Líquido Limón Con Bio Activos Concent...,GENÉRICA,Acuenta,Limpieza,3290.0,4332.463768115942,-24.06,0
Detergente Líquido Doble Poder Concentrado Para...,GENÉRICA,Acuenta,Limpieza,12790.0,4332.463768115942,195.21,0
Detergente en Polvo Flores de Primavera Bolsa 1...,GENÉRICA,Acuenta,Limpieza,12990.0,4332.463768115942,199.83,0
Cloro Gel Original Botella 900 ml Clorinda...,GENÉRICA,Acuenta,Limpieza,1790.0,4332.463768115942,-58.68,0
Lavalozas Hidro Activo Limón Citrus Botella 150...,GENÉRICA,Acuenta,Limpieza,3390.0,4332.463768115942,-21.75,0
Detergente Líquido Ultra Power Doypack 3 L Omo...,OMO,Acuenta,Limpieza,12890.0,4332.463768115942,197.52,2
Detergente Líquido Forte Doypack 600 ml Fuzol...,GENÉRICA,Acuenta,Limpieza,1000.0,4332.463768115942,-76.92,0
Quitamanchas Polvo Ultra Colores Sin Cloro Doyp...,GENÉRICA,Acuenta,Limpieza,1350.0,4332.463768115942,-68.84,0
Quitamanchas Polvo Ultra Blancos Sin Cloro Doyp...,GENÉRICA,Acuenta,Limpieza,1350.0,4332.463768115942,-68.84,0
Lavalozas Limón Citrus 1000 ml Virginia,GENÉRICA,Acuenta,Limpieza,2250.0,4332.463768115942,-48.07,0
Lavalozas líquido Vinagre con Bicarbonato 700 m...,GENÉRICA,Acuenta,Limpieza,1000.0,4332.463768115942,-76.92,0
Cloro Triple Acción Líquido Tradicional Botella...,GENÉRICA,Acuenta,Limpieza,1390.0,4332.463768115942,-67.92,0
Cloro Gel Flores Silvestres Doypack 650 ml Clor...,GENÉRICA,Acuenta,Limpieza,1250.0,4332.463768115942,-71.15,0
Quitamanchas Líquido Colores Vivos Sin Cloro Do...,VIVO,Acuenta,Limpieza,1000.0,4332.463768115942,-76.92,0
Detergente En Polvo Aloe Vera 800 g Omo,OMO,Acuenta,Limpieza,3990.0,4332.463768115942,-7.9,2
Detergente Polvo Evolution Bolsa 400 g Drive...,GENÉRICA,Acuenta,Limpieza,1000.0,4332.463768115942,-76.92,0
Detergente Líquido Bio Frescura Bosque Nativo B...,GENÉRICA,Acuenta,Limpieza,2750.0,4332.463768115942,-36.53,0
Cloro Gel Tradicional Doypack 650 ml Clorinda...,GENÉRICA,Acuenta,Limpieza,1250.0,4332.463768115942,-71.15,0
Lavalozas Líquido Limón 700 ml Fuzol,GENÉRICA,Acuenta,Limpieza,1000.0,4332.463768115942,-76.92,0
Lavalozas Limón Con Bio Activos Concentrado 480...,GENÉRICA,Acuenta,Limpieza,1000.0,4332.463768115942,-76.92,0
Lavalozas Ultra Concentrado Rinde 3x Más 200 ml...,GENÉRICA,Acuenta,Limpieza,1000.0,4332.463768115942,-76.92,0
Detergente en Polvo Bosque Nativo 550 g Bio Fre...,GENÉRICA,Acuenta,Limpieza,1000.0,4332.463768115942,-76.92,0
Detergente Líquido Ultra Power Doypack 450 ml O...,GENÉRICA,Acuenta,Limpieza,1000.0,4332.463768115942,-76.92,0
Detergente Líquido Para Diluir Botella 500 ml R...,GENÉRICA,Acuenta,Limpieza,3000.0,4332.463768115942,-30.76,0
Cloro Líquido Tradicional Botella 1 Kg Clorinda...,GENÉRICA,Acuenta,Limpieza,1250.0,4332.463768115942,-71.15,0
"Leche semidescremada Colun sin lactosa, 1Lt.",COLUN,Cugat,Leches Líquidas y Cremas,1590.0,2630.0,-39.54,0
"Leche descremada Colun sin lactosa, 1Lt.",COLUN,Cugat,Leches Líquidas y Cremas,1590.0,2630.0,-39.54,0
"Pack de Leche Milo Chocolate de Nestlé, 6x200ml.",OTRA,Cugat,Leches Líquidas y Cremas,3990.0,2630.0,51.71,0
"Pack de Leche Trencito sabor chocolate, 6x200ml.",OTRA,Cugat,Leches Líquidas y Cremas,3990.0,2630.0,51.71,0
"Leche condensada tradicional Parmalat, 395g",OTRA,Cugat,Leches Líquidas y Cremas,1990.0,2630.0,-24.33,0
Harina Premix Sopaipillas 1 kg Cisne,GENÉRICA,Acuenta,Harinas,1190.0,3302.2580645161293,-63.96,0
Harina de Maíz Amarrilla Bolsa 1 Kg Pan,GENÉRICA,Acuenta,Harinas,1850.0,3302.2580645161293,-43.98,0
Harina Especial Reposteria 650 g Selecta,SELECTA,Acuenta,Harinas,1990.0,3302.2580645161293,-39.74,0
Harina Premix Pan Amasado 1 kg Cisne,GENÉRICA,Acuenta,Harinas,1150.0,3302.2580645161293,-65.18,0
Harina De Maíz Amarilla Precocida 1 kg Lider...,LIDER,Acuenta,Harinas,2290.0,3302.2580645161293,-30.65,0
Harina De Fuerza Bolsa 1 kg Collico,GENÉRICA,Acuenta,Harinas,1090.0,3302.2580645161293,-66.99,0
Harina de fuerza 1 kg Molino El Peral,GENÉRICA,Acuenta,Harinas,1350.0,3302.2580645161293,-59.12,0
Harina Integral Bolsa 1 Kg Selecta,SELECTA,Acuenta,Harinas,1650.0,3302.2580645161293,-50.03,0
Harina Integral Bolsa 1 kg Lider,LIDER,Acuenta,Harinas,1550.0,3302.2580645161293,-53.06,0
Harina todo uso 1 kg Molino El Peral,GENÉRICA,Acuenta,Harinas,1050.0,3302.2580645161293,-68.2,0
Harina de Maíz Blanca Bolsa 1 kg Pan,GENÉRICA,Acuenta,Harinas,1690.0,3302.2580645161293,-48.82,0
Harina De Maíz Blanca Precocida 1 kg Lider...,LIDER,Acuenta,Harinas,2190.0,3302.2580645161293,-33.68,0
Harina con polvos de hornear 1 kg Molino El Per...,GENÉRICA,Acuenta,Harinas,1050.0,3302.2580645161293,-68.2,0
Harina Perla Bolsa 25 kg El Cisne,GENÉRICA,Acuenta,Harinas,17990.0,3302.2580645161293,444.78,1
Harina Con Polvos De Hornear Bolsa 1 Kg Selecta...,SELECTA,Acuenta,Harinas,1350.0,3302.2580645161293,-59.12,0
Harina Sin Polvos De Hornear Bolsa 1 Kg Selecta...,SELECTA,Acuenta,Harinas,1350.0,3302.2580645161293,-59.12,0
Harina Sin Polvos De Hornear Bolsa 5 Kg Selecta...,SELECTA,Acuenta,Harinas,7090.0,3302.2580645161293,114.7,0
Harina Con Polvos de Hornear Bolsa 1 kg Lider...,LIDER,Acuenta,Harinas,890.0,3302.2580645161293,-73.05,0
Harina Con Polvos de Hornear Bolsa 1 Kg Mont Bl...,GENÉRICA,Acuenta,Harinas,1250.0,3302.2580645161293,-62.15,0
Harina sin polvos 5 Kg 5 kg Acuenta,ACUENTA,Acuenta,Harinas,3990.0,3302.2580645161293,20.83,0
Harina con Polvos de Hornear Bolsa 1 kg Acuenta...,ACUENTA,Acuenta,Harinas,790.0,3302.2580645161293,-76.08,0
Harina Sin Polvos De Hornear 1 kg Lider,LIDER,Acuenta,Harinas,890.0,3302.2580645161293,-73.05,0
Harina Especial Panaderia Bolsa 650 g Selecta...,SELECTA,Acuenta,Harinas,1990.0,3302.2580645161293,-39.74,0
Harina Sin Polvos De Hornear Bolsa 1 Kg Mont Bl...,GENÉRICA,Acuenta,Harinas,1250.0,3302.2580645161293,-62.15,0
Harina Tostada Bolsa 500 g Kunstmann,GENÉRICA,Acuenta,Harinas,1190.0,3302.2580645161293,-63.96,0
Harina Mezcla Dulce Pan Paquete 1 kg Pan,GENÉRICA,Acuenta,Harinas,3890.0,3302.2580645161293,17.8,0
Harina Todo Uso Domestico Bolsa 25 kg Collico...,GENÉRICA,Acuenta,Harinas,19590.0,3302.2580645161293,493.23,1
Harina Sin Polvos de Hornear Bolsa 1 kg Collico...,GENÉRICA,Acuenta,Harinas,1000.0,3302.2580645161293,-69.72,0
Harina Sin Polvos De Hornear Bolsa 25 kg Acuent...,GENÉRICA,Acuenta,Harinas,14990.0,3302.2580645161293,353.93,1
Harina Sin Polvos De Hornear 2 kg Selecta...,SELECTA,Acuenta,Harinas,2000.0,3302.2580645161293,-39.44,0
Harina Sin Polvos De Hornear 1 kg Acuenta...,ACUENTA,Acuenta,Harinas,790.0,3302.2580645161293,-76.08,0
Croqueta De Merluza 100 g El Golfo,GENÉRICA,Acuenta,Pescados y Mariscos,1250.0,4646.0,-73.1,0
Camarón Pequeño Pelado sin Cola Cocido 500 g Li...,GENÉRICA,Acuenta,Pescados y Mariscos,7490.0,4646.0,61.21,0
Camarón Pequeño Pelado sin Cola Cocido 200 g Li...,GENÉRICA,Acuenta,Pescados y Mariscos,2890.0,4646.0,-37.8,0
Camarón Mediano Pelado con Cola Cocido 500 g Li...,GENÉRICA,Acuenta,Pescados y Mariscos,7490.0,4646.0,61.21,0
Reineta Filetes 500 g Acuenta,ACUENTA,Acuenta,Pescados y Mariscos,7390.0,4646.0,59.06,0
Merluza Filete Apanado Bolsa 500 g El Golfo...,GENÉRICA,Acuenta,Pescados y Mariscos,6490.0,4646.0,39.69,0
Croqueta Salmón 80 g La Crianza,LA CRIANZA,Acuenta,Pescados y Mariscos,790.0,4646.0,-83.0,2
Camarón Pequeño Pelado Desvenado sin Cola Cocid...,GENÉRICA,Acuenta,Pescados y Mariscos,1490.0,4646.0,-67.93,0
Merluza Filetes Con Piel 500 g Lider,LIDER,Acuenta,Pescados y Mariscos,4490.0,4646.0,-3.36,0
Salmón en Trozos 500 g Acuenta,ACUENTA,Acuenta,Pescados y Mariscos,6690.0,4646.0,43.99,0
Croqueta De Merluza 100 g El Golfo,GENÉRICA,ACUENTA,Pescados y Mariscos,1250.0,4646.0,-73.1,0
Camarón Pequeño Pelado sin Cola Cocido 200 g Li...,GENÉRICA,ACUENTA,Pescados y Mariscos,2890.0,4646.0,-37.8,0
Camarón Pequeño Pelado sin Cola Cocido 500 g Li...,GENÉRICA,ACUENTA,Pescados y Mariscos,7490.0,4646.0,61.21,0
Merluza Filete Apanado Bolsa 500 g El Golfo...,GENÉRICA,ACUENTA,Pescados y Mariscos,6490.0,4646.0,39.69,0
Camarón Mediano Pelado con Cola Cocido 500 g Li...,GENÉRICA,ACUENTA,Pescados y Mariscos,7490.0,4646.0,61.21,0
Croqueta Salmón 80 g La Crianza,LA CRIANZA,ACUENTA,Pescados y Mariscos,790.0,4646.0,-83.0,2
Reineta Filetes 500 g Acuenta,ACUENTA,ACUENTA,Pescados y Mariscos,7390.0,4646.0,59.06,0
Merluza Filetes Con Piel 500 g Lider,LIDER,ACUENTA,Pescados y Mariscos,4490.0,4646.0,-3.36,0
Salmón en Trozos 500 g Acuenta,ACUENTA,ACUENTA,Pescados y Mariscos,6690.0,4646.0,43.99,0
Camarón Pequeño Pelado Desvenado sin Cola Cocid...,GENÉRICA,ACUENTA,Pescados y Mariscos,1490.0,4646.0,-67.93,0
"Energética Red Bull Original, 355ml.",OTRA,Cugat,Bebidas Jugos y Aguas,2590.0,1759.69,47.19,0
"Gatorade Bebida Isotónica Cool Blue, 1Lts.",OTRA,Cugat,Bebidas Jugos y Aguas,1490.0,1759.69,-15.33,0
"Gatorade Bebida Isotónica Frutas Tropicales,1000cc.",OTRA,Cugat,Bebidas Jugos y Aguas,1490.0,1759.69,-15.33,0
"Gatorade Bebida Isotónica Naranja, 1Lts.",OTRA,Cugat,Bebidas Jugos y Aguas,1490.0,1759.69,-15.33,0
"Jugo Livean Libre De Azúcar Polvo Sabor Berries, 7Gr.",LIVEAN,Cugat,Bebidas Jugos y Aguas,990.0,1759.69,-43.74,0
"Jugo Livean Libre De Azúcar Sabor Durazno, 7 Gr.",LIVEAN,Cugat,Bebidas Jugos y Aguas,990.0,1759.69,-43.74,0
"Jugo Livean Libre De Azúcar Sabor Mango, 7Gr.",LIVEAN,Cugat,Bebidas Jugos y Aguas,990.0,1759.69,-43.74,0
"Jugo Livean Libre De Azúcar Sabor Melón Tuna, 7Gr.",LIVEAN,Cugat,Bebidas Jugos y Aguas,990.0,1759.69,-43.74,0
"Jugo Livean Libre De Azúcar Sabor Pera Agua, 7Gr.",LIVEAN,Cugat,Bebidas Jugos y Aguas,990.0,1759.69,-43.74,0
"Jugo Vivo Libre De Azúcar Sabor Durazno, 7Gr.",VIVO,Cugat,Bebidas Jugos y Aguas,269.0,1759.69,-84.71,0
"Jugo Vivo Libre De Azúcar Sabor Naranja, 8Gr.",VIVO,Cugat,Bebidas Jugos y Aguas,269.0,1759.69,-84.71,0
"Jugo Vivo Libre De Azúcar Sabor Piña, 7Gr.",VIVO,Cugat,Bebidas Jugos y Aguas,269.0,1759.69,-84.71,0
"Energética Monster Original Taurina Guaraná, 473ml.",OTRA,Cugat,Bebidas Jugos y Aguas,1890.0,1759.69,7.41,0
"Energética Monster Ultra Sin Azúcar, 473ml.",OTRA,Cugat,Bebidas Jugos y Aguas,1890.0,1759.69,7.41,0
"Energética Monster Ultra Paradise Sin Azúcar, 473ml.",OTRA,Cugat,Bebidas Jugos y Aguas,1890.0,1759.69,7.41,0
"Energética Red Bull Regular Drink, Pack 4 Unid. x 250cc.",OTRA,Cugat,Bebidas Jugos y Aguas,5990.0,1759.69,240.4,0
"Powerade Bebida Isotónica Naranja, 1.1Lts.",OTRA,Cugat,Bebidas Jugos y Aguas,1790.0,1759.69,1.72,0
"Energética Fuerza Importada, Lata 500ml",OTRA,Cugat,Bebidas Jugos y Aguas,1190.0,1759.69,-32.37,0
"Energética Red Bull Original, 250ml.",OTRA,Cugat,Bebidas Jugos y Aguas,1690.0,1759.69,-3.96,0
"Energética Red Bull Libre De Azúcar, 250ml.",OTRA,Cugat,Bebidas Jugos y Aguas,1690.0,1759.69,-3.96,0
"Gatorade Bebida Isotónica Cool Blue, 500ml.",OTRA,Cugat,Bebidas Jugos y Aguas,1090.0,1759.69,-38.06,0
"Néctar Watts Sabor Durazno 0% Azúcar, 1.5Lts.",OTRA,Cugat,Bebidas Jugos y Aguas,1690.0,1759.69,-3.96,0
"Néctar Watts Sabor Naranja 0% Azúcar, 1.5Lts.",OTRA,Cugat,Bebidas Jugos y Aguas,1690.0,1759.69,-3.96,0
"Néctar Watts Sabor Tuttifrutilla 0% Azúcar, 1.5Lts.",OTRA,Cugat,Bebidas Jugos y Aguas,1690.0,1759.69,-3.96,0
"Néctar Watts Sabor Piña 0% Azúcar, 1.5Lts.",OTRA,Cugat,Bebidas Jugos y Aguas,1690.0,1759.69,-3.96,0
"Néctar Andina Del Valle Sabor Durazno, 1.5Lts.",ANDINA,Cugat,Bebidas Jugos y Aguas,1590.0,1759.69,-9.64,0
"Néctar Andina Del Valle Sabor Multi-frutilla 0% Azúcar, 1.5Lts.",ANDINA,Cugat,Bebidas Jugos y Aguas,1590.0,1759.69,-9.64,0
"Néctar Andina Del Valle Sabor Naranja, 1.5Lts.",ANDINA,Cugat,Bebidas Jugos y Aguas,1590.0,1759.69,-9.64,0
"Néctar Andina Del Valle Sabor Piña, 1.5Lts.",ANDINA,Cugat,Bebidas Jugos y Aguas,1590.0,1759.69,-9.64,0
"Néctar Watts Sabor Damasco, 1.5Lts.",OTRA,Cugat,Bebidas Jugos y Aguas,1690.0,1759.69,-3.96,0
"Néctar Watts Sabor Durazno, 1.5Lts.",OTRA,Cugat,Bebidas Jugos y Aguas,1690.0,1759.69,-3.96,0
"Néctar Watts Sabor Naranja, 1.5Lts.",OTRA,Cugat,Bebidas Jugos y Aguas,1690.0,1759.69,-3.96,0
"Néctar Watts Sabor Piña, 1.5Lts.",OTRA,Cugat,Bebidas Jugos y Aguas,1690.0,1759.69,-3.96,0
"Néctar Watts Sabor Tuttiarándano, 1.5Lts.",OTRA,Cugat,Bebidas Jugos y Aguas,1690.0,1759.69,-3.96,0
"Néctar Watts Sabor Tutti Frutilla, 1.5Lts.",OTRA,Cugat,Bebidas Jugos y Aguas,1690.0,1759.69,-3.96,0
"Jugo Livean Libre De Azúcar Sabor Naranja, 7Gr.",LIVEAN,Cugat,Bebidas Jugos y Aguas,990.0,1759.69,-43.74,0
"Jugo Livean Libre De Azúcar Sabor Manzana Verde, 7Gr.",LIVEAN,Cugat,Bebidas Jugos y Aguas,990.0,1759.69,-43.74,0
"Jugo Livean Libre De Azúcar Sabor Piña, 7Gr.",LIVEAN,Cugat,Bebidas Jugos y Aguas,990.0,1759.69,-43.74,0
"Jugo Livean Libre De Azúcar Sabor Frutilla, 7Grs.",LIVEAN,Cugat,Bebidas Jugos y Aguas,990.0,1759.69,-43.74,0
"Jugo Livean Libre De Azúcar Sabor Papaya, 7Gr.",LIVEAN,Cugat,Bebidas Jugos y Aguas,990.0,1759.69,-43.74,0
"Jugo Livean Libre De Azúcar Sabor Limonada Tradicional, 7Gr.",LIVEAN,Cugat,Bebidas Jugos y Aguas,990.0,1759.69,-43.74,0
"Jugo Livean Libre De Azúcar Sabor Huesillo, 7Gr.",LIVEAN,Cugat,Bebidas Jugos y Aguas,990.0,1759.69,-43.74,0
"Jugo Livean Libre De Azúcar Sabor Maracuyá, 7Gr.",LIVEAN,Cugat,Bebidas Jugos y Aguas,990.0,1759.69,-43.74,0
"Jugo Zuko Sabor Piña, 15g",ZUKO,Cugat,Bebidas Jugos y Aguas,990.0,1759.69,-43.74,0
"Néctar Livean Sabor Piña 0% Azúcar, 1.5Lts.",LIVEAN,Cugat,Bebidas Jugos y Aguas,2590.0,1759.69,47.19,0
"Néctar Livean Sabor Fruti-Arándano 0% Azúcar, 1.5Lts.",LIVEAN,Cugat,Bebidas Jugos y Aguas,2590.0,1759.69,47.19,0
"Néctar Livean Sabor Durazno 0% Azúcar, 1.5Lts.",LIVEAN,Cugat,Bebidas Jugos y Aguas,2590.0,1759.69,47.19,0
"Néctar Livean Sabor Manzana 0% Azúcar, 1.5Lts.",LIVEAN,Cugat,Bebidas Jugos y Aguas,2590.0,1759.69,47.19,0
"Néctar Livean Sabor Naranja 0% Azúcar, 1.5Lts.",LIVEAN,Cugat,Bebidas Jugos y Aguas,2590.0,1759.69,47.19,0
"Jugo Zuko Sabor Durazno, 15g",ZUKO,Cugat,Bebidas Jugos y Aguas,990.0,1759.69,-43.74,0
"Jugo Zuko Sabor Frambuesa, 15g",ZUKO,Cugat,Bebidas Jugos y Aguas,990.0,1759.69,-43.74,0
"Energética Red Bull Blue Edition Arándanos, 250cc.",OTRA,Cugat,Bebidas Jugos y Aguas,1690.0,1759.69,-3.96,0
"Energética Red Bull Summer, 250ml.",OTRA,Cugat,Bebidas Jugos y Aguas,1690.0,1759.69,-3.96,0
"Jugo Vivo Libre de Azúcar Sabor Arándano, 8 g",VIVO,Cugat,Bebidas Jugos y Aguas,269.0,1759.69,-84.71,0
"Jugo Vivo Libre De Azúcar Sabor Berries, 8 g",VIVO,Cugat,Bebidas Jugos y Aguas,269.0,1759.69,-84.71,0
"Jugo Vivo Libre De Azúcar Sabor Durazno Huesillo, 7Gr.",VIVO,Cugat,Bebidas Jugos y Aguas,269.0,1759.69,-84.71,0
"Jugo Vivo Libre De Azúcar Sabor Frutilla, 7Gr.",VIVO,Cugat,Bebidas Jugos y Aguas,269.0,1759.69,-84.71,0
"Jugo Vivo Libre De Azúcar Sabor Mango, 7 g",VIVO,Cugat,Bebidas Jugos y Aguas,269.0,1759.69,-84.71,0
"Jugo Vivo Libre De Azúcar Sabor Manzana, 7 g",VIVO,Cugat,Bebidas Jugos y Aguas,269.0,1759.69,-84.71,0
"Jugo Vivo Libre De Azúcar Sabor Papaya, 7Gr.",VIVO,Cugat,Bebidas Jugos y Aguas,269.0,1759.69,-84.71,0
"Jugo Vivo Libre De Azúcar Pera, 7Gr.",VIVO,Cugat,Bebidas Jugos y Aguas,269.0,1759.69,-84.71,0
"Jugo Zuko Sabor Frutilla, 15g",ZUKO,Cugat,Bebidas Jugos y Aguas,990.0,1759.69,-43.74,0
"Jugo Zuko Sabor Mango, 15g",ZUKO,Cugat,Bebidas Jugos y Aguas,990.0,1759.69,-43.74,0
"Jugo Zuko Sabor Manzana, 15g",ZUKO,Cugat,Bebidas Jugos y Aguas,990.0,1759.69,-43.74,0
"Jugo Zuko Sabor Melón Tuna, 15g",ZUKO,Cugat,Bebidas Jugos y Aguas,990.0,1759.69,-43.74,0
"Jugo Zuko Sabor Naranja Plátano, 15g",ZUKO,Cugat,Bebidas Jugos y Aguas,990.0,1759.69,-43.74,0
"Néctar Watts Sabor Durazno, Pack 6 Unid. x 200ml.",OTRA,Cugat,Bebidas Jugos y Aguas,2190.0,1759.69,24.45,0
"Néctar Watts Sabor Manzana, Pack 6 Unid. x 200cc.",OTRA,Cugat,Bebidas Jugos y Aguas,2190.0,1759.69,24.45,0
"Néctar Watts Sabor Manzana Light, Pack 6 Unid. x 200cc.",OTRA,Cugat,Bebidas Jugos y Aguas,2190.0,1759.69,24.45,0
"Néctar Watts Sabor Naranja, Pack 6 Unid. x 200cc.",OTRA,Cugat,Bebidas Jugos y Aguas,2190.0,1759.69,24.45,0
"Néctar Watts Sabor Naranja Light, Pack 6 Unid. x 200cc.",OTRA,Cugat,Bebidas Jugos y Aguas,2190.0,1759.69,24.45,0
"Néctar Watts Sabor Piña, Pack 6 Unid. x 200cc.",OTRA,Cugat,Bebidas Jugos y Aguas,2190.0,1759.69,24.45,0
"Néctar Watts Sabor Piña Light, Pack 6 Unid. x 200cc.",OTRA,Cugat,Bebidas Jugos y Aguas,2190.0,1759.69,24.45,0
"Gatorade Bebida Isotónica Cool Blue, 750ml.",OTRA,Cugat,Bebidas Jugos y Aguas,1590.0,1759.69,-9.64,0
"Gatorade Bebida Isotónica Frutas Tropicales, 750cc.",OTRA,Cugat,Bebidas Jugos y Aguas,1590.0,1759.69,-9.64,0
"Néctar Del Valle Sabor Manzana, Pack 6 Unid. x 200cc",OTRA,Cugat,Bebidas Jugos y Aguas,1990.0,1759.69,13.09,0
"Néctar Del Valle Sabor Durazno, Pack 6 Unid x 200cc.",OTRA,Cugat,Bebidas Jugos y Aguas,1990.0,1759.69,13.09,0
"Néctar Del Valle Sabor Durazno 0% Azúcar, Pack 6 Unid. x 200cc.",OTRA,Cugat,Bebidas Jugos y Aguas,1990.0,1759.69,13.09,0
"Néctar Del Valle Sabor Naranja, Pack 6 Unid. x 200cc.",OTRA,Cugat,Bebidas Jugos y Aguas,1990.0,1759.69,13.09,0
"Néctar Del Valle Sabor Naranja 0% Azúcar, Pack 6 Unid. x 200cc.",OTRA,Cugat,Bebidas Jugos y Aguas,1990.0,1759.69,13.09,0
"Néctar Del Valle Sabor Piña, Pack 6 Unid. x 200cc.",OTRA,Cugat,Bebidas Jugos y Aguas,1990.0,1759.69,13.09,0
"Néctar Andina Del Valle Sabor Damasco, 1.5Lts.",ANDINA,Cugat,Bebidas Jugos y Aguas,1590.0,1759.69,-9.64,0
"Néctar Andina Del Valle Sabor Kiwi 0% Azúcar, 1.5Lts.",ANDINA,Cugat,Bebidas Jugos y Aguas,1590.0,1759.69,-9.64,0
"Néctar Andina Del Valle Sabor Naranja 0% Azúcar, 1.5Lts.",ANDINA,Cugat,Bebidas Jugos y Aguas,1590.0,1759.69,-9.64,0
"Néctar Andina Del Valle Sabor Piña 0% Azúcar, 1.5Lts.",ANDINA,Cugat,Bebidas Jugos y Aguas,1590.0,1759.69,-9.64,0
"Néctar Andina Del Valle Sabor Durazno 0% Azúcar, 1.5Lts.",ANDINA,Cugat,Bebidas Jugos y Aguas,1590.0,1759.69,-9.64,0
"Bebida Coca Cola Light Desechable, 3Lts.",COCA COLA,Cugat,Bebidas Jugos y Aguas,2690.0,1759.69,52.87,0
"Bebida Coca Cola Zero Desechable, 3Lts.",COCA COLA,Cugat,Bebidas Jugos y Aguas,2690.0,1759.69,52.87,0
"Bebida Fanta Zero Desechable, 3Lts.",FANTA,Cugat,Bebidas Jugos y Aguas,2690.0,1759.69,52.87,2
"Bebida Inca Kola Original Desechable, 3Lts.",OTRA,Cugat,Bebidas Jugos y Aguas,2690.0,1759.69,52.87,0
"Bebida Sprite Original Desechable, 3Lts.",SPRITE,Cugat,Bebidas Jugos y Aguas,2690.0,1759.69,52.87,2
"Bebida Bilz Lata, Pack 350cc x 6 Unid.",BILZ,Cugat,Bebidas Jugos y Aguas,4290.0,1759.69,143.79,2
"Bebida Canada Dry Ginger Ale Lata, Pack 6 Unid. x 350cc.",CANADA DRY,Cugat,Bebidas Jugos y Aguas,4290.0,1759.69,143.79,0
"Bebida Canada Dry Ginger Ale Zero Lata, Pack 6 Unid. x 350cc.",CANADA DRY,Cugat,Bebidas Jugos y Aguas,4290.0,1759.69,143.79,0
"Bebida Canada Dry Limón Soda Lata, Pack 6 Unid. x 350cc.",CANADA DRY,Cugat,Bebidas Jugos y Aguas,4290.0,1759.69,143.79,0
"Bebida Pepsi Lata, Pack 6 Unid. x 350cc.",PEPSI,Cugat,Bebidas Jugos y Aguas,4290.0,1759.69,143.79,0
"Bebida Pepsi Zero Lata, Pack 6 Unid. x 350cc.",PEPSI,Cugat,Bebidas Jugos y Aguas,4290.0,1759.69,143.79,0
"Bebida Pap Lata, Pack 6 Unid. x 350cc.",PAP,Cugat,Bebidas Jugos y Aguas,4290.0,1759.69,143.79,0
"Bebida H2oh Lima Limón Desechable, 2Lts.",OTRA,Cugat,Bebidas Jugos y Aguas,2290.0,1759.69,30.14,0
"Bebida H2oh Naranchelo Desechable, 2Lts.",OTRA,Cugat,Bebidas Jugos y Aguas,2290.0,1759.69,30.14,0
Mortadela lisa 150 g San jorge,SAN JORGE,Acuenta,Fiambrería,1000.0,2320.955414012739,-56.91,0
Jamón acaramelado laminado 150 g Winter,WINTER,Acuenta,Fiambrería,1950.0,2320.955414012739,-15.98,0
Paté ternera 125 g Schwencke,GENÉRICA,Acuenta,Fiambrería,1000.0,2320.955414012739,-56.91,0
Salame Ahumado 75 gr PF,PF,Acuenta,Fiambrería,1000.0,2320.955414012739,-56.91,0
Salame italiano 70 g San jorge,SAN JORGE,Acuenta,Fiambrería,1000.0,2320.955414012739,-56.91,0
Jamón Campestre Pierna Artesanal 200 g La Crian...,GENÉRICA,Acuenta,Fiambrería,2690.0,2320.955414012739,15.9,0
Mortadela Jamonada 150 g La Preferida,GENÉRICA,Acuenta,Fiambrería,1690.0,2320.955414012739,-27.19,0
Mortadela Jamonada Display 150 g PF,PF,Acuenta,Fiambrería,1350.0,2320.955414012739,-41.83,0
Salame Ahumado sachet 100 g PF,PF,Acuenta,Fiambrería,1890.0,2320.955414012739,-18.57,0
Mini Mortadela Jamonada de Cerdo 400 gr PF...,PF,Acuenta,Fiambrería,2750.0,2320.955414012739,18.49,0
Queso Untable Sabor Salame 140 g Quillayes...,QUILLAYES,Acuenta,Fiambrería,1220.0,2320.955414012739,-47.44,0
Salame Tipo Italiano 100 g Lider,LIDER,Acuenta,Fiambrería,1790.0,2320.955414012739,-22.88,0
Jamón Pierna Corte Pluma Tradicional 125 g La P...,GENÉRICA,Acuenta,Fiambrería,2350.0,2320.955414012739,1.25,0
Salame Ahumado 100 g Lider,LIDER,Acuenta,Fiambrería,1790.0,2320.955414012739,-22.88,0
Jamón Pierna Artesanal 200 gr San Jorge,SAN JORGE,Acuenta,Fiambrería,2250.0,2320.955414012739,-3.06,0
Mini Mortadela Fina Embutido 400 g PF,PF,Acuenta,Fiambrería,1950.0,2320.955414012739,-15.98,0
Paté de Jamón Premium Embutido 125 g Receta del...,GENÉRICA,Acuenta,Fiambrería,1090.0,2320.955414012739,-53.04,0
Mortadela Jamonada Display 150 g Receta del Abu...,GENÉRICA,Acuenta,Fiambrería,1490.0,2320.955414012739,-35.8,0
Paté de Ternera 125 g Receta del Abuelo,GENÉRICA,Acuenta,Fiambrería,1090.0,2320.955414012739,-53.04,0
Paté de Campo Premium Embutido 125 g Receta del...,GENÉRICA,Acuenta,Fiambrería,1090.0,2320.955414012739,-53.04,0
Jamón Campestre Ahumado Laminado Artesanal 200 ...,GENÉRICA,Acuenta,Fiambrería,2550.0,2320.955414012739,9.87,0
Salame Italiano sachet 100 g PF,PF,Acuenta,Fiambrería,1890.0,2320.955414012739,-18.57,0
Mini Mortadela Lisa 400 g San Jorge,SAN JORGE,Acuenta,Fiambrería,1990.0,2320.955414012739,-14.26,0
Salame Ahumado 100 g Receta del Abuelo,GENÉRICA,Acuenta,Fiambrería,1690.0,2320.955414012739,-27.19,0
Jamón Pierna Tradicional 200 g La Preferida...,GENÉRICA,Acuenta,Fiambrería,2750.0,2320.955414012739,18.49,0
Salame Artesanal 100 g Receta del Abuelo,GENÉRICA,Acuenta,Fiambrería,1690.0,2320.955414012739,-27.19,0
Jamón Pierna Artesanal Bolsa 200 g Receta del A...,GENÉRICA,Acuenta,Fiambrería,2390.0,2320.955414012739,2.97,0
Jamón Colonial Tradicional 200 gr PF,PF,Acuenta,Fiambrería,2390.0,2320.955414012739,2.97,0
Jamón Artesanal 75 G 75 g PF,PF,Acuenta,Fiambrería,1000.0,2320.955414012739,-56.91,0
Salame Ahumado 100 gr San Jorge,SAN JORGE,Acuenta,Fiambrería,1590.0,2320.955414012739,-31.49,0
Paté Sabor Ternera 160 gr La Preferida,GENÉRICA,Acuenta,Fiambrería,1190.0,2320.955414012739,-48.73,0
Jamón Pierna Artesanal Corte Pluma 125 g Receta...,GENÉRICA,Acuenta,Fiambrería,1890.0,2320.955414012739,-18.57,0
Queso Crema Salame Y Morrón Untable Tradicional...,GENÉRICA,Acuenta,Fiambrería,760.0,2320.955414012739,-67.25,0
Paté de Jamón Embutido Untable 125 g PF,PF,Acuenta,Fiambrería,590.0,2320.955414012739,-74.58,0
Jamón Pierna Acaramelado 75 G 75 g PF,PF,Acuenta,Fiambrería,1000.0,2320.955414012739,-56.91,0
Jamón Colonial 75 g PF,PF,Acuenta,Fiambrería,1000.0,2320.955414012739,-56.91,0
Salame Italiano 100 gr San Jorge,SAN JORGE,Acuenta,Fiambrería,1490.0,2320.955414012739,-35.8,0
Paté Ternera Embutido Untable 125 g PF,PF,Acuenta,Fiambrería,590.0,2320.955414012739,-74.58,0
Snackin Salame Spicy 50 g La Preferida,GENÉRICA,Acuenta,Fiambrería,1000.0,2320.955414012739,-56.91,0
Pasta Salame 125 g La Preferida,GENÉRICA,Acuenta,Fiambrería,1000.0,2320.955414012739,-56.91,0
Paté De Jamón Untable 125 g San Jorge,SAN JORGE,Acuenta,Fiambrería,770.0,2320.955414012739,-66.82,0
Snackin Salame Lp Tradicional 50 g La Preferida...,GENÉRICA,Acuenta,Fiambrería,1000.0,2320.955414012739,-56.91,0
Pasta de Salame Premium Embutido 125 g Receta d...,GENÉRICA,Acuenta,Fiambrería,1000.0,2320.955414012739,-56.91,0
Jamón Pierna Sandwich Tradicional 200 gr Receta...,GENÉRICA,Acuenta,Fiambrería,2000.0,2320.955414012739,-13.83,0
Paté Ternera Embutido Untable 125 g San Jorge...,SAN JORGE,Acuenta,Fiambrería,770.0,2320.955414012739,-66.82,0
Jamón Colonial 200 g San Jorge,SAN JORGE,Acuenta,Fiambrería,2000.0,2320.955414012739,-13.83,0
Salchicha Sureña 5 Un 250 g Receta del Abuelo...,GENÉRICA,Acuenta,Fiambrería,2650.0,2320.955414012739,14.18,0
Salchicha la española 900 g La española,GENÉRICA,Acuenta,Fiambrería,3290.0,2320.955414012739,41.75,0
Chorizo Parrillero con Carne de Angus Bolsa 8 U...,GENÉRICA,Acuenta,Fiambrería,6090.0,2320.955414012739,162.39,0
Chorizo Sureño 8 Un 400 g San Jorge,SAN JORGE,Acuenta,Fiambrería,3190.0,2320.955414012739,37.44,0
Longaniza Sureña 4 Un 400 g San Jorge,SAN JORGE,Acuenta,Fiambrería,2750.0,2320.955414012739,18.49,0
Salchicha de Ave Display (5 Un) 250 g Montina...,MONTINA,Acuenta,Fiambrería,1350.0,2320.955414012739,-41.83,0
Chorizo de Campo Display 8 Un 400 g Receta del ...,GENÉRICA,Acuenta,Fiambrería,4250.0,2320.955414012739,83.11,0
Longaniza Parrillera 12 Un 1 Kg PF,PF,Acuenta,Fiambrería,5590.0,2320.955414012739,140.85,0
Chorizo Parrillero Display 8 Un 400 g Receta de...,GENÉRICA,Acuenta,Fiambrería,4590.0,2320.955414012739,97.76,0
Chorizo Parrillero 4 Un 250 g Schwencke,GENÉRICA,Acuenta,Fiambrería,3490.0,2320.955414012739,50.37,0
Longaniza Ahumada Tradicional Al Vacio 3 Un 500...,GENÉRICA,Acuenta,Fiambrería,6190.0,2320.955414012739,166.7,0
Chorizo Parrillero 16 Un 800 g San Jorge,SAN JORGE,Acuenta,Fiambrería,3890.0,2320.955414012739,67.6,0
Salchicha tradicional 20 Un 1 kg PF,PF,Acuenta,Fiambrería,4190.0,2320.955414012739,80.53,0
Salchicha Sureña Bolsa 10 Un 500 g La Preferida...,GENÉRICA,Acuenta,Fiambrería,3550.0,2320.955414012739,52.95,0
Salchicha sureña 500 g Pf,PF,Acuenta,Fiambrería,2000.0,2320.955414012739,-13.83,0
"Longanizas Tradicionales 10 Un 0,8 kg San Jorge...",SAN JORGE,Acuenta,Fiambrería,3790.0,2320.955414012739,63.29,0
Chorizo parrillero 200 g San jorge,SAN JORGE,Acuenta,Fiambrería,1000.0,2320.955414012739,-56.91,0
Salchicha Tradicional 20 Un 1 kg Montina,MONTINA,Acuenta,Fiambrería,4490.0,2320.955414012739,93.45,0
Salchicha Sureña 5 Un 250 g San Jorge,SAN JORGE,Acuenta,Fiambrería,1000.0,2320.955414012739,-56.91,0
Salchichas de Pollo 20 Un 1 Kg Winter,WINTER,Acuenta,Fiambrería,3000.0,2320.955414012739,29.26,0
Chorizo Parrillero 24 Un PF,PF,Acuenta,Fiambrería,4090.0,2320.955414012739,76.22,0
Salchichas Premium Display 5 Un 250 g Receta de...,GENÉRICA,Acuenta,Fiambrería,2000.0,2320.955414012739,-13.83,0
Salchicha Sureña 20 Un 1 kg Winter,WINTER,Acuenta,Fiambrería,3590.0,2320.955414012739,54.68,0
Salchicha Tradicional 5 Un 250 g San Jorge...,SAN JORGE,Acuenta,Fiambrería,1000.0,2320.955414012739,-56.91,0
Salchicha de Pollo 10 Un 500 g Montina,MONTINA,Acuenta,Fiambrería,2550.0,2320.955414012739,9.87,0
Salchicha Sureña 20 Un 1 kg Montina,MONTINA,Acuenta,Fiambrería,4590.0,2320.955414012739,97.76,0
Salchichas Sureñas (5 Un) 250 g PF,PF,Acuenta,Fiambrería,1000.0,2320.955414012739,-56.91,0
Salchichas Sureñas Display (20 Un) 1 Kg PF...,PF,Acuenta,Fiambrería,3790.0,2320.955414012739,63.29,0
Salchicha Sureña 20 Un 1000 g San Jorge,SAN JORGE,Acuenta,Fiambrería,3690.0,2320.955414012739,58.99,0
Salchicha Tradicional 20 Un 20 U San Jorge...,SAN JORGE,Acuenta,Fiambrería,3490.0,2320.955414012739,50.37,0
Salchicha Tradicional 20 Un 1 Kg Winter,WINTER,Acuenta,Fiambrería,3000.0,2320.955414012739,29.26,0
Salchichas de Pollo Display (20 Un) 1 Kg Montin...,GENÉRICA,Acuenta,Fiambrería,3890.0,2320.955414012739,67.6,0
Jamón Pierna Grado 2 180 g Llanquihue,LLANQUIHUE,ACUENTA,Fiambrería,2590.0,2320.955414012739,11.59,2
Jamón Colonial Corte Pluma Display Tradicional ...,GENÉRICA,ACUENTA,Fiambrería,2150.0,2320.955414012739,-7.37,0
Pasta Salame 125 g La Preferida,GENÉRICA,ACUENTA,Fiambrería,1350.0,2320.955414012739,-41.83,0
Jamón de Pierna Acaramelada Corte Pluma 125 gr ...,GENÉRICA,ACUENTA,Fiambrería,1950.0,2320.955414012739,-15.98,0
Mortadela Lisa Tradicional 250 g San Jorge...,SAN JORGE,ACUENTA,Fiambrería,1790.0,2320.955414012739,-22.88,0
Mortadela Jamonada 150 g La Preferida,GENÉRICA,ACUENTA,Fiambrería,1690.0,2320.955414012739,-27.19,0
Jamón Campestre Pierna Artesanal 200 g La Crian...,GENÉRICA,ACUENTA,Fiambrería,2650.0,2320.955414012739,14.18,0
Jamón Acaramelado 200 gr Winter,WINTER,ACUENTA,Fiambrería,2750.0,2320.955414012739,18.49,0
Mini Mortadela Jamonada de Cerdo 400 gr PF...,PF,ACUENTA,Fiambrería,2590.0,2320.955414012739,11.59,0
Mortadela Jamonada Display 150 g PF,PF,ACUENTA,Fiambrería,1350.0,2320.955414012739,-41.83,0
Jamón Campestre Ahumado Laminado Artesanal 200 ...,GENÉRICA,ACUENTA,Fiambrería,2550.0,2320.955414012739,9.87,0
Paté de Jamón Premium Embutido 125 g Receta del...,GENÉRICA,ACUENTA,Fiambrería,1090.0,2320.955414012739,-53.04,0
Paté de Ternera 125 g Receta del Abuelo,GENÉRICA,ACUENTA,Fiambrería,1090.0,2320.955414012739,-53.04,0
Mini Mortadela Fina Embutido 400 g PF,PF,ACUENTA,Fiambrería,1950.0,2320.955414012739,-15.98,0
Paté de Campo Premium Embutido 125 g Receta del...,GENÉRICA,ACUENTA,Fiambrería,990.0,2320.955414012739,-57.35,0
Jamón Pierna Artesanal 200 gr San Jorge,SAN JORGE,ACUENTA,Fiambrería,2250.0,2320.955414012739,-3.06,0
Mini Mortadela Lisa 400 g San Jorge,SAN JORGE,ACUENTA,Fiambrería,1990.0,2320.955414012739,-14.26,0
Jamón Pierna Artesanal 200 g Winter,WINTER,ACUENTA,Fiambrería,2290.0,2320.955414012739,-1.33,0
Mortadela Jamonada 250 gr San Jorge,SAN JORGE,ACUENTA,Fiambrería,1550.0,2320.955414012739,-33.22,0
Mortadela Jamonada Display 150 g Receta del Abu...,GENÉRICA,ACUENTA,Fiambrería,1550.0,2320.955414012739,-33.22,0
Salame Ahumado sachet 100 g PF,PF,ACUENTA,Fiambrería,1790.0,2320.955414012739,-22.88,0
Jamón Pierna Corte Pluma Tradicional 125 g La P...,GENÉRICA,ACUENTA,Fiambrería,2350.0,2320.955414012739,1.25,0
Salame Italiano sachet 100 g PF,PF,ACUENTA,Fiambrería,1650.0,2320.955414012739,-28.91,0
Salame Artesanal 100 g Receta del Abuelo,GENÉRICA,ACUENTA,Fiambrería,1690.0,2320.955414012739,-27.19,0
Jamón Pierna Tradicional 200 g La Preferida...,GENÉRICA,ACUENTA,Fiambrería,2750.0,2320.955414012739,18.49,0
Salame Ahumado 100 g Receta del Abuelo,GENÉRICA,ACUENTA,Fiambrería,1690.0,2320.955414012739,-27.19,0
Salame Tipo Italiano 100 g Lider,LIDER,ACUENTA,Fiambrería,1790.0,2320.955414012739,-22.88,0
Jamón Colonial Tradicional 200 gr PF,PF,ACUENTA,Fiambrería,2390.0,2320.955414012739,2.97,0
Snackin Salame Spicy 50 g La Preferida,GENÉRICA,ACUENTA,Fiambrería,1000.0,2320.955414012739,-56.91,0
Salame Ahumado 100 gr San Jorge,SAN JORGE,ACUENTA,Fiambrería,1590.0,2320.955414012739,-31.49,0
Jamón Pierna Artesanal Bolsa 200 g Receta del A...,GENÉRICA,ACUENTA,Fiambrería,2390.0,2320.955414012739,2.97,0
Queso Untable Sabor Salame 140 g Quillayes...,QUILLAYES,ACUENTA,Fiambrería,1450.0,2320.955414012739,-37.53,0
Jamón Pierna Artesanal Corte Pluma 125 g Receta...,GENÉRICA,ACUENTA,Fiambrería,1890.0,2320.955414012739,-18.57,0
Queso Crema Salame Y Morrón Untable Tradicional...,GENÉRICA,ACUENTA,Fiambrería,760.0,2320.955414012739,-67.25,0
Pasta de Salame Premium Embutido 125 g Receta d...,GENÉRICA,ACUENTA,Fiambrería,1050.0,2320.955414012739,-54.76,0
Jamón Artesanal 75 G 75 g PF,PF,ACUENTA,Fiambrería,1000.0,2320.955414012739,-56.91,0
Jamón Colonial 75 g PF,PF,ACUENTA,Fiambrería,1000.0,2320.955414012739,-56.91,0
Paté Sabor Ternera 160 gr La Preferida,GENÉRICA,ACUENTA,Fiambrería,1190.0,2320.955414012739,-48.73,0
Paté De Jamón Untable 125 g San Jorge,SAN JORGE,ACUENTA,Fiambrería,770.0,2320.955414012739,-66.82,0
Jamón Pierna Acaramelado 75 G 75 g PF,PF,ACUENTA,Fiambrería,1000.0,2320.955414012739,-56.91,0
Jamón Colonial 200 g San Jorge,SAN JORGE,ACUENTA,Fiambrería,2000.0,2320.955414012739,-13.83,0
Paté de Jamón Embutido Untable 125 g PF,PF,ACUENTA,Fiambrería,590.0,2320.955414012739,-74.58,0
Paté Ternera Embutido Untable 125 g San Jorge...,SAN JORGE,ACUENTA,Fiambrería,770.0,2320.955414012739,-66.82,0
Jamón Pierna Sandwich Tradicional 200 gr Receta...,GENÉRICA,ACUENTA,Fiambrería,2190.0,2320.955414012739,-5.64,0
Paté Ternera Embutido Untable 125 g PF,PF,ACUENTA,Fiambrería,590.0,2320.955414012739,-74.58,0
Salame Ahumado 100 g Lider,LIDER,ACUENTA,Fiambrería,1790.0,2320.955414012739,-22.88,0
Salame Italiano 100 gr San Jorge,SAN JORGE,ACUENTA,Fiambrería,1490.0,2320.955414012739,-35.8,0
Chorizo parrillero 200 g San jorge,SAN JORGE,ACUENTA,Fiambrería,1000.0,2320.955414012739,-56.91,0
Chorizo de Campo Display 8 Un 400 g Receta del ...,GENÉRICA,ACUENTA,Fiambrería,4250.0,2320.955414012739,83.11,0
Longaniza Parrillera 12 Un 1 Kg PF,PF,ACUENTA,Fiambrería,5590.0,2320.955414012739,140.85,0
Longaniza Sureña 4 Un 400 g San Jorge,SAN JORGE,ACUENTA,Fiambrería,2750.0,2320.955414012739,18.49,0
Chorizo Sureño 8 Un 400 g San Jorge,SAN JORGE,ACUENTA,Fiambrería,3190.0,2320.955414012739,37.44,0
Chorizo Parrillero con Carne de Angus Bolsa 8 U...,GENÉRICA,ACUENTA,Fiambrería,6090.0,2320.955414012739,162.39,0
Chorizo Parrillero Display 8 Un 400 g Receta de...,GENÉRICA,ACUENTA,Fiambrería,4590.0,2320.955414012739,97.76,0
Longaniza Ahumada Tradicional Al Vacio 3 Un 500...,GENÉRICA,ACUENTA,Fiambrería,5990.0,2320.955414012739,158.08,0
Chorizo Parrillero 16 Un 800 g San Jorge,SAN JORGE,ACUENTA,Fiambrería,3890.0,2320.955414012739,67.6,0
Chorizo Parrillero 4 Un 250 g Schwencke,GENÉRICA,ACUENTA,Fiambrería,3390.0,2320.955414012739,46.06,0
"Longanizas Tradicionales 10 Un 0,8 kg San Jorge...",SAN JORGE,ACUENTA,Fiambrería,3790.0,2320.955414012739,63.29,0
Chorizo Parrillero 24 Un PF,PF,ACUENTA,Fiambrería,4090.0,2320.955414012739,76.22,0
Salchicha Sureña 5 Un 250 g Receta del Abuelo...,GENÉRICA,ACUENTA,Fiambrería,2650.0,2320.955414012739,14.18,0
Salchicha sureña 500 g Pf,PF,ACUENTA,Fiambrería,2000.0,2320.955414012739,-13.83,0
Salchicha la española 900 g La española,GENÉRICA,ACUENTA,Fiambrería,3290.0,2320.955414012739,41.75,0
Salchicha Tradicional 20 Un 1 kg Montina,MONTINA,ACUENTA,Fiambrería,4490.0,2320.955414012739,93.45,0
Salchicha de Ave Display (5 Un) 250 g Montina...,MONTINA,ACUENTA,Fiambrería,1350.0,2320.955414012739,-41.83,0
Salchicha Sureña 20 Un 1 kg Montina,MONTINA,ACUENTA,Fiambrería,4590.0,2320.955414012739,97.76,0
Salchicha Sureña 5 Un 250 g San Jorge,SAN JORGE,ACUENTA,Fiambrería,1590.0,2320.955414012739,-31.49,0
Salchicha Sureña 20 Un 1 kg Winter,WINTER,ACUENTA,Fiambrería,3590.0,2320.955414012739,54.68,0
Salchicha tradicional 20 Un 1 kg PF,PF,ACUENTA,Fiambrería,4190.0,2320.955414012739,80.53,0
Salchichas de Pollo 20 Un 1 Kg Winter,WINTER,ACUENTA,Fiambrería,3000.0,2320.955414012739,29.26,0
Salchicha Sureña Bolsa 10 Un 500 g La Preferida...,GENÉRICA,ACUENTA,Fiambrería,3550.0,2320.955414012739,52.95,0
Salchichas Premium Display 5 Un 250 g Receta de...,GENÉRICA,ACUENTA,Fiambrería,2450.0,2320.955414012739,5.56,0
Salchicha Tradicional 20 Un 20 U San Jorge...,SAN JORGE,ACUENTA,Fiambrería,3490.0,2320.955414012739,50.37,0
Salchichas Sureñas Display (20 Un) 1 Kg PF...,PF,ACUENTA,Fiambrería,4090.0,2320.955414012739,76.22,0
Salchicha Sureña 20 Un 1000 g San Jorge,SAN JORGE,ACUENTA,Fiambrería,3690.0,2320.955414012739,58.99,0
Salchicha Tradicional 5 Un 250 g San Jorge...,SAN JORGE,ACUENTA,Fiambrería,1290.0,2320.955414012739,-44.42,0
Salchicha de Pollo 10 Un 500 g Montina,MONTINA,ACUENTA,Fiambrería,2390.0,2320.955414012739,2.97,0
Salchicha Tradicional 20 Un 1 Kg Winter,WINTER,ACUENTA,Fiambrería,3000.0,2320.955414012739,29.26,0
Salchichas Sureñas (5 Un) 250 g PF,PF,ACUENTA,Fiambrería,1000.0,2320.955414012739,-56.91,0
Salchichas de Pollo Display (20 Un) 1 Kg Montin...,GENÉRICA,ACUENTA,Fiambrería,3890.0,2320.955414012739,67.6,0
Arrollado de Lomo con ají 150 gr San Jorge...,SAN JORGE,Acuenta,Carnicería,1190.0,8847.485436893205,-86.55,0
Pollo Filetitos Envasados 830 g Super Pollo...,SUPER POLLO,Acuenta,Carnicería,5490.0,8847.485436893205,-37.95,0
Carne de Vacuno Posta de Paleta en Tiras 370 g ...,GENÉRICA,Acuenta,Carnicería,4190.0,8847.485436893205,-52.64,0
"Carne de Vacuno Pollo de Ganso 2,1 kg Al Vacío...",GENÉRICA,Acuenta,Carnicería,22449.0,8847.485436893205,153.73,0
Churrasco de Pollo 350 g Super Pollo,SUPER POLLO,Acuenta,Carnicería,3390.0,8847.485436893205,-61.68,0
Pollo Tutitos de Ala Envasado 500 g Ariztia...,GENÉRICA,Acuenta,Carnicería,2190.0,8847.485436893205,-75.25,0
"Pollo Entero Con Menudencias Envasado 2,5 kg Ar...",GENÉRICA,Acuenta,Carnicería,8475.0,8847.485436893205,-4.21,0
Pollo Filetitos Envasado 480 g Ariztia,GENÉRICA,Acuenta,Carnicería,3890.0,8847.485436893205,-56.03,0
"Carne de Vacuno Plateada 1,5 kg Al Vacío",GENÉRICA,Acuenta,Carnicería,14985.0,8847.485436893205,69.37,0
Asado Carnicero de Cerdo 400 g Super Cerdo...,GENÉRICA,Acuenta,Carnicería,2990.0,8847.485436893205,-66.21,0
"Cazuela de Vacuno 1,0 kg Chilenaza",GENÉRICA,Acuenta,Carnicería,3890.0,8847.485436893205,-56.03,0
Carne Molida De Pavo Envasada 400 g Ariztia...,GENÉRICA,Acuenta,Carnicería,3290.0,8847.485436893205,-62.81,0
Pollo Bistec Envasado 530 g Super Pollo,SUPER POLLO,Acuenta,Carnicería,4000.0,8847.485436893205,-54.79,0
Pollo Filete Envasado 350 g Supero Pollo,GENÉRICA,Acuenta,Carnicería,3000.0,8847.485436893205,-66.09,0
Carne de Vacuno Bistec Posta de Paleta Bandeja ...,GENÉRICA,Acuenta,Carnicería,6590.0,8847.485436893205,-25.52,0
Pollo Filetitos Envasado 530 g Super Pollo...,SUPER POLLO,Acuenta,Carnicería,4000.0,8847.485436893205,-54.79,0
"Carne de Vacuno Posta Negra 1,6 kg Al Vacío...",GENÉRICA,Acuenta,Carnicería,16784.0,8847.485436893205,89.7,0
"Carne de Vacuno Lomo Liso 1,4 kg Al Vacío...",GENÉRICA,Acuenta,Carnicería,20566.0,8847.485436893205,132.45,0
Carne de Vacuno Molida 125 g Chilenaza,GENÉRICA,Acuenta,Carnicería,760.0,8847.485436893205,-91.41,0
"Carne de Vacuno Punta de Paleta 2,2 kg Al Vacío...",GENÉRICA,Acuenta,Carnicería,20878.0,8847.485436893205,135.98,0
"Carne de Vacuno Tapapecho 1,44 kg Al Vacío...",GENÉRICA,Acuenta,Carnicería,11506.0,8847.485436893205,30.05,0
"Carne Vacuno Asado Carnicero 1,4 kg Al Vacío...",GENÉRICA,Acuenta,Carnicería,12306.0,8847.485436893205,39.09,0
Carne de Vacuno Bistec Posta 400 g El Buen Cort...,GENÉRICA,Acuenta,Carnicería,7190.0,8847.485436893205,-18.73,0
Carne de Vacuno Escalopa Posta 400 g El Buen Co...,CALO,Acuenta,Carnicería,6890.0,8847.485436893205,-22.12,0
"Carne de Vacuno Ganso 1,2 kg Al Vacío",GENÉRICA,Acuenta,Carnicería,10428.0,8847.485436893205,17.86,0
"Carne de Vacuno Lomo Vetado 1,2 kg Al Vacío...",GENÉRICA,Acuenta,Carnicería,18588.0,8847.485436893205,110.09,0
"Carne Vacuno Abastero 1,6 kg Al Vacío",GENÉRICA,Acuenta,Carnicería,12784.0,8847.485436893205,44.49,0
"Carne de Vacuno Posta Paleta 1,8 kg Al Vacío...",GENÉRICA,Acuenta,Carnicería,16902.0,8847.485436893205,91.04,0
Carne Molida de Vacuno Especial 7% Grasa Bandej...,GENÉRICA,Acuenta,Carnicería,3190.0,8847.485436893205,-63.94,0
"Carne de Vacuno Sobrecostilla 1,6 kg Al Vacío...",TIL,Acuenta,Carnicería,13583.0,8847.485436893205,53.52,0
"Carne de Vacuno Choclillo 1,2 kg Al Vacío...",GENÉRICA,Acuenta,Carnicería,11268.0,8847.485436893205,27.36,0
"Carne de Vacuno Huachalomo 1,5 kg Al Vacío...",GENÉRICA,Acuenta,Carnicería,13185.0,8847.485436893205,49.03,0
Carne de Vacuno Molida 10% grasa Bandeja 250 g ...,GENÉRICA,Acuenta,Carnicería,2890.0,8847.485436893205,-67.34,0
"Posta Rosada de Vacuno Cat-V Nacional, Kg",OTRA,Cugat,Carnicería,14990.0,8847.485436893205,69.43,0
"Lomo Vetado de Vacuno Cat-V Nacional, Kg",OTRA,Cugat,Carnicería,18290.0,8847.485436893205,106.73,0
"Lomo Liso de Vacuno Cat-V Nacional Vara, Kg",OTRA,Cugat,Carnicería,16990.0,8847.485436893205,92.03,0
"Sobrecostilla de Vacuno Cat-V Nacional, Kg",OTRA,Cugat,Carnicería,12990.0,8847.485436893205,46.82,0
"Posta Negra de Vacuno Cat-V Nacional, Kg",OTRA,Cugat,Carnicería,14990.0,8847.485436893205,69.43,0
"Punta Paleta de Vacuno Cat-V Nacional, Kg",OTRA,Cugat,Carnicería,12990.0,8847.485436893205,46.82,0
"Choclillo de Vacuno Cat-V Nacional Vara, Kg",OTRA,Cugat,Carnicería,13490.0,8847.485436893205,52.47,0
"Pulpa Pierna de Cerdo, Cerdito Vara, Kg",OTRA,Cugat,Carnicería,6490.0,8847.485436893205,-26.65,0
"Costillar de Cerdo Tradicional, Cerdito Vara Kg.",OTRA,Cugat,Carnicería,7490.0,8847.485436893205,-15.34,0
"Filetitos de Pechuga de Pollo Congelado Super Pollo, 700gr.",SUPER POLLO,Cugat,Carnicería,7990.0,8847.485436893205,-9.69,0
"Asado Carnicero de Vacuno Cat-V Nacional, Kg",OTRA,Cugat,Carnicería,12990.0,8847.485436893205,46.82,0
"Carne Molida Corriente de Vacuno, 10% Grasa, Kg",OTRA,Cugat,Carnicería,10000.0,8847.485436893205,13.03,0
"Posta Paleta de Vacuno Cat-V Nacional, Kg",OTRA,Cugat,Carnicería,14990.0,8847.485436893205,69.43,0
"Trutro Entero de Pollo Super Granel, Kg",OTRA,Cugat,Carnicería,2990.0,8847.485436893205,-66.21,0
"Sobrecostilla de Vacuno Cat-V Importada al Vacío, Kg",OTRA,Cugat,Carnicería,7990.0,8847.485436893205,-9.69,0
"Posta Paleta de Vacuno Importada Cat-V al Vacío, Kg",OTRA,Cugat,Carnicería,8990.0,8847.485436893205,1.61,0
"Huachalomo de Vacuno Importado Cat-V al Vacío, Kg",OTRA,Cugat,Carnicería,7990.0,8847.485436893205,-9.69,0
"Lomo Vetado de Vacuno Cat-V Importado al Vacío, Kg",OTRA,Cugat,Carnicería,13990.0,8847.485436893205,58.12,0
"Punta Paleta de Vacuno Cat-V Importada al Vació, Kg",OTRA,Cugat,Carnicería,8490.0,8847.485436893205,-4.04,0
"Asado Carnicero de Vacuno Cat-V Importado al Vacío, Kg",OTRA,Cugat,Carnicería,7690.0,8847.485436893205,-13.08,0
"Choclillo de Vacuno Cat-V Importado al Vacío, Kg",OTRA,Cugat,Carnicería,9290.0,8847.485436893205,5.0,0
"Medallon de Lomo Centro de Cerdo Porcionada Super Cerdo, 750gr.",SUPER CERDO,Cugat,Carnicería,7990.0,8847.485436893205,-9.69,0
"Paleta Con Hueso de Cerdo, Cerdito Vara, Kg",OTRA,Cugat,Carnicería,5290.0,8847.485436893205,-40.21,0
"Pernil Pierna de Cerdo a Granel, Cerdito Vara, Kg",OTRA,Cugat,Carnicería,3290.0,8847.485436893205,-62.81,0
"Pernil Mano de Cerdo a Granel, Cerdito Vara, Kg",OTRA,Cugat,Carnicería,3290.0,8847.485436893205,-62.81,0
"Tiritas de Pulpa Cerdo IQF Congelado Super Cerdo, 500gr.",SUPER CERDO,Cugat,Carnicería,5290.0,8847.485436893205,-40.21,0
"Pechuga de Pollo Deshuesada Congelada, Kg",OTRA,Cugat,Carnicería,6490.0,8847.485436893205,-26.65,0
"Chuleta Vetada Cerdito Vara, Kg",OTRA,Cugat,Carnicería,6290.0,8847.485436893205,-28.91,0
"Chuleta Centro Cerdito Vara, Kg",OTRA,Cugat,Carnicería,5690.0,8847.485436893205,-35.69,0
"Costillar de Cerdo Chileno Super Cerdo, 1Kg",SUPER CERDO,Cugat,Carnicería,13490.0,8847.485436893205,52.47,2
"Cubitos de Pulpa de Cerdo Congelados Super Cerdo, 500gr.",SUPER CERDO,Cugat,Carnicería,5490.0,8847.485436893205,-37.95,0
"Entraña de Cerdo IQF Super Cerdo, 800gr.",SUPER CERDO,Cugat,Carnicería,10990.0,8847.485436893205,24.22,2
"Pechuga Entera Pollo a Granel Super, Kg",OTRA,Cugat,Carnicería,3490.0,8847.485436893205,-60.55,0
"Costillitas de Cerdo a La Chilena, Super Cerdo 700gr.",SUPER CERDO,Cugat,Carnicería,8990.0,8847.485436893205,1.61,0
Arrollado de Lomo con ají 150 gr San Jorge...,SAN JORGE,ACUENTA,Carnicería,1190.0,8847.485436893205,-86.55,0
Carne de Vacuno para Carbonada 370 gr El Buen C...,GENÉRICA,ACUENTA,Carnicería,3990.0,8847.485436893205,-54.9,0
Carne de Vacuno Posta de Paleta en Tiras 370 g ...,GENÉRICA,ACUENTA,Carnicería,4290.0,8847.485436893205,-51.51,0
"Carne de Vacuno Pollo de Ganso 2,1 kg Al Vacío...",GENÉRICA,ACUENTA,Carnicería,21399.0,8847.485436893205,141.87,0
Pollo Churrasco Pechuga Congelado 500 g Super P...,GENÉRICA,ACUENTA,Carnicería,4290.0,8847.485436893205,-51.51,0
Carne Molida De Pavo Envasada 400 g Ariztia...,GENÉRICA,ACUENTA,Carnicería,3290.0,8847.485436893205,-62.81,0
Carne Molida Pollo 400 g Ariztia,GENÉRICA,ACUENTA,Carnicería,3090.0,8847.485436893205,-65.07,0
"Cazuela de Vacuno 1,0 kg Chilenaza",GENÉRICA,ACUENTA,Carnicería,3790.0,8847.485436893205,-57.16,0
Carne de Vacuno Molida 250 g Chilenaza,GENÉRICA,ACUENTA,Carnicería,1590.0,8847.485436893205,-82.03,0
Carne de Vacuno Molida 125 g Chilenaza,GENÉRICA,ACUENTA,Carnicería,760.0,8847.485436893205,-91.41,0
"Carne de Vacuno Plateada 1,5 kg Al Vacío",GENÉRICA,ACUENTA,Carnicería,14985.0,8847.485436893205,69.37,0
Pollo En Tiritas Envasado 350 g Super Pollo...,SUPER POLLO,ACUENTA,Carnicería,3090.0,8847.485436893205,-65.07,0
"Carne de Vacuno Posta Rosada 1,4 kg Al Vacío...",GENÉRICA,ACUENTA,Carnicería,13986.0,8847.485436893205,58.08,0
"Carne Vacuno Asado Carnicero 1,4 kg Al Vacío...",GENÉRICA,ACUENTA,Carnicería,12306.0,8847.485436893205,39.09,0
Pollo Tutitos de Ala Envasado 500 g Ariztia...,GENÉRICA,ACUENTA,Carnicería,2290.0,8847.485436893205,-74.12,0
Asado Carnicero de Cerdo 400 g Super Cerdo...,GENÉRICA,ACUENTA,Carnicería,3190.0,8847.485436893205,-63.94,0
"Pollo Entero Con Menudencias Envasado 2,5 kg Ar...",GENÉRICA,ACUENTA,Carnicería,9975.0,8847.485436893205,12.74,0
"Carne de Vacuno Lomo Liso 1,4 kg Al Vacío...",GENÉRICA,ACUENTA,Carnicería,17626.0,8847.485436893205,99.22,0
Pollo Filetitos Envasado 480 g Ariztia,GENÉRICA,ACUENTA,Carnicería,3690.0,8847.485436893205,-58.29,0
Pollo Bistec Envasado 530 g Super Pollo,SUPER POLLO,ACUENTA,Carnicería,3790.0,8847.485436893205,-57.16,0
Pollo Filetitos Envasado 530 g Super Pollo...,SUPER POLLO,ACUENTA,Carnicería,3690.0,8847.485436893205,-58.29,0
"Carne de Vacuno Posta Negra 1,6 kg Al Vacío...",GENÉRICA,ACUENTA,Carnicería,15984.0,8847.485436893205,80.66,0
"Carne de Vacuno Ganso 1,2 kg Al Vacío",GENÉRICA,ACUENTA,Carnicería,10308.0,8847.485436893205,16.51,0
Carne de Vacuno Bistec Posta de Paleta Bandeja ...,GENÉRICA,ACUENTA,Carnicería,6590.0,8847.485436893205,-25.52,0
Carne de Vacuno Bistec Posta 400 g El Buen Cort...,GENÉRICA,ACUENTA,Carnicería,7290.0,8847.485436893205,-17.6,0
Carne de Vacuno Escalopa Posta 400 g El Buen Co...,CALO,ACUENTA,Carnicería,6390.0,8847.485436893205,-27.78,0
"Carne de Vacuno Choclillo 1,2 kg Al Vacío...",GENÉRICA,ACUENTA,Carnicería,10668.0,8847.485436893205,20.58,0
Carne Molida de Vacuno Especial 7% Grasa Bandej...,GENÉRICA,ACUENTA,Carnicería,3190.0,8847.485436893205,-63.94,0
"Carne de Vacuno Lomo Vetado 1,2 kg Al Vacío...",GENÉRICA,ACUENTA,Carnicería,16308.0,8847.485436893205,84.32,0
"Carne de Vacuno Huachalomo 1,5 kg Al Vacío...",GENÉRICA,ACUENTA,Carnicería,13185.0,8847.485436893205,49.03,0
"Carne de Vacuno Sobrecostilla 1,6 kg Al Vacío...",TIL,ACUENTA,Carnicería,14064.0,8847.485436893205,58.96,0
Carne de Vacuno Molida 10% grasa Bandeja 250 g ...,GENÉRICA,ACUENTA,Carnicería,2890.0,8847.485436893205,-67.34,0
"Carne de Vacuno Posta Paleta 1,8 kg Al Vacío...",GENÉRICA,ACUENTA,Carnicería,14382.0,8847.485436893205,62.55,0
"Carne de Vacuno Punta de Paleta 2,2 kg Al Vacío...",GENÉRICA,ACUENTA,Carnicería,17578.0,8847.485436893205,98.68,0
"Carne de Vacuno Tapapecho 1,44 kg Al Vacío...",GENÉRICA,ACUENTA,Carnicería,11506.0,8847.485436893205,30.05,0
"Carne Vacuno Abastero 1,6 kg Al Vacío",GENÉRICA,ACUENTA,Carnicería,12784.0,8847.485436893205,44.49,0
"Mayonesa Ybarra Frasco, 450g.",OTRA,Cugat,Productos y Artículos Importados,2990.0,2750.0,8.73,0
"Mayonesa Ybarra Frasco, 225g",OTRA,Cugat,Productos y Artículos Importados,1590.0,2750.0,-42.18,0
"Salsa Ybarra de Barbacoa Texas con Miel, 250ml",OTRA,Cugat,Productos y Artículos Importados,2290.0,2750.0,-16.73,0
"Mayonesa Ybarra Original Pet, 1kg",OTRA,Cugat,Productos y Artículos Importados,4990.0,2750.0,81.45,0
"Mayonesa Ybarra Ligera Pet, 400g",OTRA,Cugat,Productos y Artículos Importados,1890.0,2750.0,-31.27,0
Huevos Grande Color 12 Un Cintazul,GENÉRICA,Acuenta,Huevos,4090.0,5213.529411764706,-21.55,0
Huevos Grande Color 12 Un 12 Un Lider,LIDER,Acuenta,Huevos,3990.0,5213.529411764706,-23.47,0
Huevos Grande Blanco 12 Un Yemita,GENÉRICA,Acuenta,Huevos,4190.0,5213.529411764706,-19.63,0
Huevos Extra Grande Blanco 12 Un Cintazul...,GENÉRICA,Acuenta,Huevos,4390.0,5213.529411764706,-15.8,0
Huevos Grande Blanco 6 Un Lider,LIDER,Acuenta,Huevos,1990.0,5213.529411764706,-61.83,0
Huevos Mediano Blanco Bandeja 30 Un Cintazul...,GENÉRICA,Acuenta,Huevos,8990.0,5213.529411764706,72.44,0
Huevos Grande Color 30 Un Lider,LIDER,Acuenta,Huevos,8890.0,5213.529411764706,70.52,0
Huevos Grande Blanco 12 Un Lider,LIDER,Acuenta,Huevos,3790.0,5213.529411764706,-27.3,0
"Huevos El Monte Blanco Grande, Bandeja 12 Unid.",OTRA,Cugat,Huevos,4590.0,5213.529411764706,-11.96,0
"Huevo Copita Grande Blanco, Bandeja 30 Unid.",OTRA,Cugat,Huevos,7790.0,5213.529411764706,49.42,0
Huevos Grande Color 12 Un Cintazul,GENÉRICA,ACUENTA,Huevos,4090.0,5213.529411764706,-21.55,0
Huevos Grande Blanco 6 Un Lider,LIDER,ACUENTA,Huevos,1990.0,5213.529411764706,-61.83,0
Huevos Grande Color 12 Un 12 Un Lider,LIDER,ACUENTA,Huevos,3990.0,5213.529411764706,-23.47,0
Huevos Grande Blanco 12 Un Yemita,GENÉRICA,ACUENTA,Huevos,4190.0,5213.529411764706,-19.63,0
Huevos Grande Color 30 Un Lider,LIDER,ACUENTA,Huevos,8890.0,5213.529411764706,70.52,0
Huevos Mediano Blanco Bandeja 30 Un Cintazul...,GENÉRICA,ACUENTA,Huevos,8990.0,5213.529411764706,72.44,0
Huevos Grande Blanco 12 Un Lider,LIDER,ACUENTA,Huevos,3790.0,5213.529411764706,-27.3,0
Pasta Fusilli Sin Gluten Cuisine & Co 400 g,Cuisine & Co,Santa Isabel,Despensa,2390.0,3695.8256532066507,-35.33,0
Spaghetti Cuisine & Co 500 g,Cuisine & Co,Santa Isabel,Despensa,1790.0,3695.8256532066507,-51.57,0
Aderezo Special Sauce NotMayo 350 g,NotCo,Santa Isabel,Despensa,4190.0,3695.8256532066507,13.37,0
Premezcla Mont Blanc Cocina Fácil Brownies 400 g,Mont Blanc,Santa Isabel,Despensa,2130.0,3695.8256532066507,-42.37,2
Aderezo Vegetal Doritos NotMayo 350 g,NotCo,Santa Isabel,Despensa,4190.0,3695.8256532066507,13.37,0
Mostaza Cre-Mos Suave 250 g,Cre-Mos,Santa Isabel,Despensa,1450.0,3695.8256532066507,-60.77,2
Frijoles Bayos Enteros La Costeña 400 g,La Costeña,Santa Isabel,Despensa,2850.0,3695.8256532066507,-22.89,0
Spaghetti Cuisine & Co Sin Gluten 400 g,Cuisine & Co,Santa Isabel,Despensa,2390.0,3695.8256532066507,-35.33,0
Salsa Burger Spicy Inferno,Inferno,Santa Isabel,Despensa,2390.0,3695.8256532066507,-35.33,2
Adobo Chileno Locos X El Asado 250 g,Locos X el Asado,Santa Isabel,Despensa,2730.0,3695.8256532066507,-26.13,2
Salsa Kraft Spicy Honey Barbecue Botella 510 g,Kraft,Santa Isabel,Despensa,4090.0,3695.8256532066507,10.67,0
Molinillo Condimento Gourmet Premium Carne Frasco 45 g,Gourmet,Santa Isabel,Despensa,4670.0,3695.8256532066507,26.36,0
Lasaña Cuisine & Co 500 g,Cuisine & Co,Santa Isabel,Despensa,3190.0,3695.8256532066507,-13.69,0
Azafrán en Hebras Gourmet Colección Premium 0.5 g,Gourmet,Santa Isabel,Despensa,4790.0,3695.8256532066507,29.61,0
Mermelada St. Dalfour Naranja 284 g,St Dalfour,Santa Isabel,Despensa,4980.0,3695.8256532066507,34.75,2
Aliño Chilimón Gourmet 230 g,Gourmet,Santa Isabel,Despensa,4730.0,3695.8256532066507,27.98,0
Pack 12 un. Crema de Leche Colun Sin Tapa 1 L,Colun,Santa Isabel,Despensa,71880.0,3695.8256532066507,1844.9,1
Mostaza Cuisine & Co American Dream Stoneground 340 g,Cuisine & Co,Santa Isabel,Despensa,3490.0,3695.8256532066507,-5.57,0
Vaina de Vainilla Gourmet 1 un.,Gourmet,Santa Isabel,Despensa,4550.0,3695.8256532066507,23.11,0
Barra Nakd Fruta y Frutos Secos Cocoa Delight 140 g,Nakd,Santa Isabel,Despensa,5290.0,3695.8256532066507,43.13,2
Compota Vivo Fruta & Veggies Manzana Pera Espinaca 120 g,Vivo,Santa Isabel,Despensa,940.0,3695.8256532066507,-74.57,0
Salsa Dip Crackelet Finas Hierbas 110 g,Costa,Santa Isabel,Despensa,1350.0,3695.8256532066507,-63.47,0
Penne Rigate Cuisine & Co Sin Gluten 400 g,Cuisine & Co,Santa Isabel,Despensa,2390.0,3695.8256532066507,-35.33,0
Sopa Pollo Fideo Natural 60 g,Gourmet,Santa Isabel,Despensa,740.0,3695.8256532066507,-79.98,0
Salsa Dip Crackelet Ajo 110 g,Costa,Santa Isabel,Despensa,1350.0,3695.8256532066507,-63.47,0
Sal Himalaya Cuisine & Co Merkén 90 g,Cuisine & Co,Santa Isabel,Despensa,4230.0,3695.8256532066507,14.45,0
Salsa Dip Crackelet Ají Chipotle 110 g,Costa,Santa Isabel,Despensa,1350.0,3695.8256532066507,-63.47,0
Pasta Fusilli Cuisine & Co 500 g,Cuisine & Co,Santa Isabel,Despensa,1790.0,3695.8256532066507,-51.57,0
"Salsa Agridulce Pimentón, Piña y Rocoto 148 g",Mi Planta Morrón,Santa Isabel,Despensa,2830.0,3695.8256532066507,-23.43,2
Mostaza Cre-Mos Fuerte 250 g,Cre-Mos,Santa Isabel,Despensa,1450.0,3695.8256532066507,-60.77,2
Pasta Fettuccine Cuisine & Co 500 g,Cuisine & Co,Santa Isabel,Despensa,1790.0,3695.8256532066507,-51.57,0
Condimento Ajo Puro en Polvo Gourmet 27 g,Gourmet,Santa Isabel,Despensa,1990.0,3695.8256532066507,-46.16,0
Cereal Milo Max 300 g,Milo,Santa Isabel,Despensa,3890.0,3695.8256532066507,5.25,0
Sal de Mar Lobos Parrillera 750 g,Lobos,Santa Isabel,Despensa,2340.0,3695.8256532066507,-36.69,0
Sazonador para Tacos McCormick Pollo 28 g,McCormick,Santa Isabel,Despensa,1490.0,3695.8256532066507,-59.68,2
"Surtido de Mariscos Natural Máxima, 100 g drenado",Máxima,Santa Isabel,Despensa,1570.0,3695.8256532066507,-57.52,0
Salsa de Piña Exotic Food 250 cc,Exotic Food,Santa Isabel,Despensa,1533.0,3695.8256532066507,-58.52,0
Premezcla para Cupcakes Gourmet Chocolate 300 g,Gourmet,Santa Isabel,Despensa,2960.0,3695.8256532066507,-19.91,0
Choritos Al Natural 213 g drenado,Cuisine & Co,Santa Isabel,Despensa,3640.0,3695.8256532066507,-1.51,0
"Chiles Chipotles La Costeña Lata 220 g, Adobados",La Costeña,Santa Isabel,Despensa,1990.0,3695.8256532066507,-46.16,0
Kétchup 350 g,Santa Isabel,Santa Isabel,Despensa,2250.0,3695.8256532066507,-39.12,2
Pasta Farfalle Cuisine & Co 500 g,Cuisine & Co,Santa Isabel,Despensa,1790.0,3695.8256532066507,-51.57,0
"Compota Vivo Orgánica Durazno, Plátano y Arándano 90 g",Vivo,Santa Isabel,Despensa,900.0,3695.8256532066507,-75.65,0
Sal Rosada Gourmet del Himalaya Molinillo 105 g,Gourmet,Santa Isabel,Despensa,4460.0,3695.8256532066507,20.68,0
Mermelada Aconcagua Frutos del Sur con Trozos 200 g,Aconcagua,Santa Isabel,Despensa,1200.0,3695.8256532066507,-67.53,0
Salsa de Tomate Cuisine & Co Arrabiata 400 g,Cuisine & Co,Santa Isabel,Despensa,3790.0,3695.8256532066507,2.55,0
Barra Nakd Frutos Secos y Cocoa Coconut 140 g,Nakd,Santa Isabel,Despensa,5090.0,3695.8256532066507,37.72,2
Mermelada Aconcagua Frutilla con Trozos 200 g,Aconcagua,Santa Isabel,Despensa,1200.0,3695.8256532066507,-67.53,0
Frijoles Bayos Refritos La Costeña 400 g,La Costeña,Santa Isabel,Despensa,2850.0,3695.8256532066507,-22.89,0
Salsa de Tomate Heinz Tomate & Albahaca 350 g,Heinz,Santa Isabel,Despensa,3290.0,3695.8256532066507,-10.98,0
Tamal La Costeña Rojo 110 g,La Costeña,Santa Isabel,Despensa,1690.0,3695.8256532066507,-54.27,0
Pimentón Paprika Gourmet 160 g,Gourmet,Santa Isabel,Despensa,4990.0,3695.8256532066507,35.02,0
"Salsa Agridulce Pimentón, Mango y Jengibre 158 g",Mi Planta Morrón,Santa Isabel,Despensa,2830.0,3695.8256532066507,-23.43,2
Salsa de Pimentón con Aceitunas de Azapa 137 g,Mi Planta Morrón,Santa Isabel,Despensa,2880.0,3695.8256532066507,-22.07,2
Molinillo Sazonador Mediterráneo 60 g,Cuisine & Co,Santa Isabel,Despensa,3870.0,3695.8256532066507,4.71,0
Crema Ácida Quillayes Bajo en Grasa 160 g,Quillayes,Santa Isabel,Despensa,2990.0,3695.8256532066507,-19.1,0
Salsa Picante La Costeña 140 ml,La Costeña,Santa Isabel,Despensa,1820.0,3695.8256532066507,-50.76,0
Salsa para Postres Gourmet Chocolate Avellanas 280 g,Gourmet,Santa Isabel,Despensa,2290.0,3695.8256532066507,-38.04,0
Ají Red Inferno 250 g,Inferno,Santa Isabel,Despensa,2440.0,3695.8256532066507,-33.98,2
Ají Jalapeño Inferno 250 g,Inferno,Santa Isabel,Despensa,2440.0,3695.8256532066507,-33.98,2
Salsa de Tomate Cuisine & Co Oliva 400 g,Cuisine & Co,Santa Isabel,Despensa,3790.0,3695.8256532066507,2.55,0
Salsa Picante Cholula Chipotle 150 ml,Cholula,Santa Isabel,Despensa,3090.0,3695.8256532066507,-16.39,2
Frijoles Refritos Negros Costeña 400 g,La Costeña,Santa Isabel,Despensa,2960.0,3695.8256532066507,-19.91,0
Mayonesa Alacena 95 g,Alacena,Santa Isabel,Despensa,1000.0,3695.8256532066507,-72.94,2
Salsa de Soya Kikkoman con Dispensador 148 ml,Kikkoman,Santa Isabel,Despensa,4790.0,3695.8256532066507,29.61,2
Salsa BBQ Inferno Spicy 270 g,Inferno,Santa Isabel,Despensa,2390.0,3695.8256532066507,-35.33,2
Cardamomo Molido Gourmet Premium 20 g,Gourmet,Santa Isabel,Despensa,4570.0,3695.8256532066507,23.65,0
Jamón Endiablado Underwood 120 g,Underwood,Santa Isabel,Despensa,4570.0,3695.8256532066507,23.65,2
Choritos en Aceite 213 g drenado,Cuisine & Co,Santa Isabel,Despensa,3640.0,3695.8256532066507,-1.51,0
Mayonesa McCormick Limón 290 g,McCormick,Santa Isabel,Despensa,3990.0,3695.8256532066507,7.96,2
Cous Cous Talliani 250 g,Talliani,Santa Isabel,Despensa,2290.0,3695.8256532066507,-38.04,0
Mermelada Aconcagua Balance Mora 200 g,Aconcagua,Santa Isabel,Despensa,1290.0,3695.8256532066507,-65.1,0
Mayonesa Vegetal NotMayo Original 350 g,NotCo,Santa Isabel,Despensa,3650.0,3695.8256532066507,-1.24,0
Mayonesa Vegetal NotMayo Ajo 350 g,NotCo,Santa Isabel,Despensa,3650.0,3695.8256532066507,-1.24,0
Ají Merken Don Juan Extracto 100 g,Don Juan,Santa Isabel,Despensa,1820.0,3695.8256532066507,-50.76,0
Salsa Passage To Asia Pad Thai200 g,Passage Foods,Santa Isabel,Despensa,2490.0,3695.8256532066507,-32.63,2
Crema de Rocoto Alacena Uchucuta Receta Casera 400 g,Alacena,Santa Isabel,Despensa,7160.0,3695.8256532066507,93.73,2
Caldo en Polvo Pollo Mi Sazón Maggi 35 g,Maggi,Santa Isabel,Despensa,680.0,3695.8256532066507,-81.6,0
Papaya Andina Giada Alcafood 300 g drenado,Alcafood,Santa Isabel,Despensa,6850.0,3695.8256532066507,85.34,2
Surtido de Mariscos Cuisine & Co en Agua 213 g drenado,Cuisine & Co,Santa Isabel,Despensa,3830.0,3695.8256532066507,3.63,0
Molinillo Sal con Hierbas 80 g,Cuisine & Co,Santa Isabel,Despensa,4170.0,3695.8256532066507,12.83,0
Salsa para Postres Gourmet Light Chocolate 280 g,Gourmet,Santa Isabel,Despensa,2690.0,3695.8256532066507,-27.22,0
Arroz Grado 2 Iansa Agro 1 kg,Iansa Agro,Santa Isabel,Despensa,2090.0,3695.8256532066507,-43.45,0
Barra Proteína Wild Protein Chocolate Maní 45 g,The Wild Foods,Santa Isabel,Despensa,1490.0,3695.8256532066507,-59.68,0
Rindecarne Maggi 55 g,Maggi,Santa Isabel,Despensa,950.0,3695.8256532066507,-74.3,0
Salsa Sriracha Original 440 ml,Specia,Santa Isabel,Despensa,6020.0,3695.8256532066507,62.89,2
Mostaza Cre-Mos Merken 250 g,Cre-Mos,Santa Isabel,Despensa,1450.0,3695.8256532066507,-60.77,2
Café Cápsula Dolce Gusto Chai Tea 10 un.,Nescafé Dolce Gusto,Santa Isabel,Despensa,5990.0,3695.8256532066507,62.07,2
Ají Crema Traverso Vintage Doypack 700 g,Traverso,Santa Isabel,Despensa,3890.0,3695.8256532066507,5.25,0
Sal del Himalaya Los Boldos Parrillera Doypack 1 kg,Los Boldos,Santa Isabel,Despensa,3790.0,3695.8256532066507,2.55,2
Mermelada Aconcagua Durazno con Trozos 200 g,Aconcagua,Santa Isabel,Despensa,1200.0,3695.8256532066507,-67.53,0
Tamal La Costeña Verde 110 g,La Costeña,Santa Isabel,Despensa,1690.0,3695.8256532066507,-54.27,0
Mermelada St. Dalfour Durazno 284 g,St Dalfour,Santa Isabel,Despensa,4980.0,3695.8256532066507,34.75,2
Comida Instantánea Cuisine & Co Carne 64 g,Cuisine & Co,Santa Isabel,Despensa,990.0,3695.8256532066507,-73.21,0
Durazno Dos Caballos en Tajadas 250 g,Dos Caballos,Santa Isabel,Despensa,1790.0,3695.8256532066507,-51.57,2
Premezcla Queque Vainilla 375 g,Orgran,Santa Isabel,Despensa,4290.0,3695.8256532066507,16.08,2
Salsa de Soya Kikkoman Baja en Sodio 148 ml,Kikkoman,Santa Isabel,Despensa,4350.0,3695.8256532066507,17.7,2
Mix Sésamo Gourmet 160 g,Gourmet,Santa Isabel,Despensa,4770.0,3695.8256532066507,29.06,0
Rollo de Fruta Bear Raspberry Caja 100 g,Bear,Santa Isabel,Despensa,5590.0,3695.8256532066507,51.25,2
Mostaza Cuisine & Co American Dream Spicy Brown 340 g,Cuisine & Co,Santa Isabel,Despensa,3490.0,3695.8256532066507,-5.57,0
Salsa Street Golden Gourmet 250 g,Gourmet,Santa Isabel,Despensa,2550.0,3695.8256532066507,-31.0,0
Salsa de Tomate Heinz Clásica Frasco 350 g,Heinz,Santa Isabel,Despensa,3840.0,3695.8256532066507,3.9,0
Salsa de Tomate Cuisine & Co Napolitana 400 g,Cuisine & Co,Santa Isabel,Despensa,3690.0,3695.8256532066507,-0.16,0
Sazonador Airfryer Chipotle Dulce Maggi 50 g,Maggi,Santa Isabel,Despensa,1090.0,3695.8256532066507,-70.51,0
Barra Proteína Wild Protein Chocolate 16 un.,The Wild Foods,Santa Isabel,Despensa,17490.0,3695.8256532066507,373.24,1
Cereal Milo Minis 330 g,Milo,Santa Isabel,Despensa,3940.0,3695.8256532066507,6.61,0
Ají Pebre Traverso Doypack 500 g,Traverso,Santa Isabel,Despensa,3550.0,3695.8256532066507,-3.95,0
Mermelada Aconcagua Balance Frutos del Sur 200 g,Aconcagua,Santa Isabel,Despensa,1290.0,3695.8256532066507,-65.1,0
Sucralosa Cuisine & Co Líquida 270 ml,Cuisine & Co,Santa Isabel,Despensa,3240.0,3695.8256532066507,-12.33,0
Salsa Gourmet Algodón de Azúcar 300 g,Gourmet,Santa Isabel,Despensa,2150.0,3695.8256532066507,-41.83,0
Endulzante Iansa Cero K Stevia Sucralosa Sachet 100 un.,Iansa Cero K,Santa Isabel,Despensa,4290.0,3695.8256532066507,16.08,0
Mermelada Aconcagua Mora con Trozos 200 g,Aconcagua,Santa Isabel,Despensa,1150.0,3695.8256532066507,-68.88,0
Comida Mexicana Pancho Villa Conserva Frilojes Negros 430 g,Pancho Villa,Santa Isabel,Despensa,3840.0,3695.8256532066507,3.9,2
Penne Rigate Cuisine & Co 500 g,Cuisine & Co,Santa Isabel,Despensa,1790.0,3695.8256532066507,-51.57,0
Chimichurri Locos Por El Asado 250 g,Locos X el Asado,Santa Isabel,Despensa,2730.0,3695.8256532066507,-26.13,2
Glutamato Monosódico Carmencita 150 g,Carmencita,Santa Isabel,Despensa,3290.0,3695.8256532066507,-10.98,2
Salsa de Tomate Cuisine & Co Boloñesa 400 g,Cuisine & Co,Santa Isabel,Despensa,3790.0,3695.8256532066507,2.55,0
Salsa Dip Hot La Costeña 453 grs.,La Costeña,Santa Isabel,Despensa,3010.0,3695.8256532066507,-18.56,0
Kétchup Vintage Traverso Doypack 700 g,Traverso,Santa Isabel,Despensa,3130.0,3695.8256532066507,-15.31,0
Mostaza Cuisine & Co American Dream Dijon 340 g,Cuisine & Co,Santa Isabel,Despensa,3490.0,3695.8256532066507,-5.57,0
Merquén Gourmet Frasco 21 g,Gourmet,Santa Isabel,Despensa,1760.0,3695.8256532066507,-52.38,0
Café Cápsulas Gold Espresso Ristreto 10 un.,Gold,Santa Isabel,Despensa,4490.0,3695.8256532066507,21.49,0
Cereal Mono Crunch Duo 360 g,Costa,Santa Isabel,Despensa,3940.0,3695.8256532066507,6.61,0
Papayas en Conserva Saturno 1 kg,Saturno,Santa Isabel,Despensa,12490.0,3695.8256532066507,237.95,2
Sazonador Cuisine & Co Chimichurri 45 g,Cuisine & Co,Santa Isabel,Despensa,4050.0,3695.8256532066507,9.58,0
Premezcla para Cupcakes Gourmet Vainilla 300 g,Gourmet,Santa Isabel,Despensa,3110.0,3695.8256532066507,-15.85,0
Sal Himalaya Cuisine & Co Pimienta 80 g,Cuisine & Co,Santa Isabel,Despensa,4170.0,3695.8256532066507,12.83,0
Café Liofilizado Gold Premier Robusta 85 g,Gold,Santa Isabel,Despensa,6928.0,3695.8256532066507,87.45,0
Salsa Ají Toro de Camacho Bravo 100 g,De Camacho,Santa Isabel,Despensa,2380.0,3695.8256532066507,-35.6,2
Estragón Deshidratado Gourmet Sobre 5 g,Gourmet,Santa Isabel,Despensa,700.0,3695.8256532066507,-81.06,0
Semillas de Amapola La Fuente Natural Bolsa 125 g,La Fuente Natural,Santa Isabel,Despensa,2830.0,3695.8256532066507,-23.43,2
Salsa Chili Exotic Food Dulce 250 cc,Exotic Food,Santa Isabel,Despensa,1533.0,3695.8256532066507,-58.52,0
"Molinillo Sazonador Pollo, Pavo y Cerdo 53 g",Cuisine & Co,Santa Isabel,Despensa,3870.0,3695.8256532066507,4.71,0
Endulzante Iansa Cero K Líquido 100% Stevia 180 ml,Iansa Cero K,Santa Isabel,Despensa,6230.0,3695.8256532066507,68.57,0
Cereal En Línea Kids Hojuelas Chocolate 330 g,En Línea,Santa Isabel,Despensa,2990.0,3695.8256532066507,-19.1,0
Cereal Inflado de Trigo Cuisine & Co 100 g,Cuisine & Co,Santa Isabel,Despensa,928.0,3695.8256532066507,-74.89,0
Salsa de Ají Chipotle La Costeña 140 ml,La Costeña,Santa Isabel,Despensa,1820.0,3695.8256532066507,-50.76,0
Pasta de Ají Amarillo Tiresa Frasco 205 g,Provenzal,Santa Isabel,Despensa,3070.0,3695.8256532066507,-16.93,2
Barra de Proteína NotSquare Stranger Things Dark Caramel Crunch 30 g 5 un.,NotCo,Santa Isabel,Despensa,5190.0,3695.8256532066507,40.43,0
Endulzante Stevia Naturalist 90 ml,Naturalist,Santa Isabel,Despensa,1684.0,3695.8256532066507,-54.44,2
Cereal Inflado de Maíz Cuisine & Co 100 g,Cuisine & Co,Santa Isabel,Despensa,928.0,3695.8256532066507,-74.89,0
Premezcla para Cocinar Orgran Brownie Chocolate 400 g,Orgran,Santa Isabel,Despensa,4690.0,3695.8256532066507,26.9,2
Aceite de Oliva Montecristo Squeeze 390 ml,Montecristo,Santa Isabel,Despensa,5490.0,3695.8256532066507,48.55,2
Molinillo Sazonador Carne 43 g,Cuisine & Co,Santa Isabel,Despensa,3870.0,3695.8256532066507,4.71,0
Bebida de Coco Deyco 400 ml,Deyco,Santa Isabel,Despensa,2690.0,3695.8256532066507,-27.22,2
Endulzante Líquido Daily Stevia 100 ml,Daily,Santa Isabel,Despensa,2530.0,3695.8256532066507,-31.54,0
Yerba Mate Argentina Supremo Serrana 500 g,Supremo,Santa Isabel,Despensa,3390.0,3695.8256532066507,-8.27,0
"Atún Lomitos en Aceite Reducido en Sodio 91 g drenado, 140 g neto",Robinson Crusoe,Santa Isabel,Despensa,1950.0,3695.8256532066507,-47.24,0
Stevia Sucralosa Cuisine & Co Líquida 270 ml,Cuisine & Co,Santa Isabel,Despensa,3340.0,3695.8256532066507,-9.63,0
Salsa Dip La Costeña Medium 453 g,La Costeña,Santa Isabel,Despensa,3010.0,3695.8256532066507,-18.56,0
Cereal Chocapic Mix Vainilla 310 g,Chocapic,Santa Isabel,Despensa,3420.0,3695.8256532066507,-7.46,0
Pasta Spaghetti N°5 Carozzi 1 kg,Carozzi,Santa Isabel,Despensa,2490.0,3695.8256532066507,-32.63,0
Mermelada En Línea Sin Azúcar Frambuesa Doypack 350 g,En Línea,Santa Isabel,Despensa,3110.0,3695.8256532066507,-15.85,0
Flan Colun Light Sin Azúcar Chocolate 100 g,Colun,Santa Isabel,Despensa,500.0,3695.8256532066507,-86.47,0
Barra Proteína Wild Protein Chocolate 45 g,The Wild Foods,Santa Isabel,Despensa,1490.0,3695.8256532066507,-59.68,0
Molinillo Popurrí de Pimiento 45 g,Cuisine & Co,Santa Isabel,Despensa,3870.0,3695.8256532066507,4.71,0
Guiso de Trigo Ancestral Plato Listo Ya! 220 g,Iansa Agro,Santa Isabel,Despensa,3420.0,3695.8256532066507,-7.46,0
Café Cappuccino Cruzeiro Mix Clásico 8 un.,Cruzeiro,Santa Isabel,Despensa,3190.0,3695.8256532066507,-13.69,2
Mermelada St. Dalfour Cereza Negra 284 g,St Dalfour,Santa Isabel,Despensa,4980.0,3695.8256532066507,34.75,2
Sopa Naturezza Consomé Pollo 14 g,Naturezza,Santa Isabel,Despensa,290.0,3695.8256532066507,-92.15,0
Café Sobres Marley Coffee Soul Rebel Cappuccino 160 g 8 un.,Marley Coffee,Santa Isabel,Despensa,4890.0,3695.8256532066507,32.31,2
Panela La Criolla 454 g,La Criolla,Santa Isabel,Despensa,3990.0,3695.8256532066507,7.96,2
Té Twinings Indian Chai 10 un.,Twinings,Santa Isabel,Despensa,3320.0,3695.8256532066507,-10.17,2
Salsa de Tomate Cuisine & Co Basilico 400 g,Cuisine & Co,Santa Isabel,Despensa,3790.0,3695.8256532066507,2.55,0
Ají Pebre Traverso 350 g,Traverso,Santa Isabel,Despensa,2170.0,3695.8256532066507,-41.29,0
Mostaza Hellmann's Regular Doypack 250 g,Hellmann's,Santa Isabel,Despensa,1510.0,3695.8256532066507,-59.14,0
Mermelada Cuisine & Co Durazno Sin Azúcar 200 g,Cuisine & Co,Santa Isabel,Despensa,1330.0,3695.8256532066507,-64.01,0
Barra de Cereal Bicentury Chocolate con Leche y Avellanas 90 g 5 un.,Bicentury,Santa Isabel,Despensa,4290.0,3695.8256532066507,16.08,2
Salero Cuisine & Co 500 g,Cuisine & Co,Santa Isabel,Despensa,1190.0,3695.8256532066507,-67.8,0
Salsa de Ajo y Aceite Chovi Tipo Allioli Envase Flexible 250 ml,Chovi,Santa Isabel,Despensa,3290.0,3695.8256532066507,-10.98,2
Miel de Abeja Ambrosoli Untable 350 g,Ambrosoli,Santa Isabel,Despensa,3590.0,3695.8256532066507,-2.86,0
Ajo en Hojuelas Gourmet 15 g,Gourmet,Santa Isabel,Despensa,710.0,3695.8256532066507,-80.79,0
Orégano Entero Gourmet Frasco 30 g,Gourmet,Santa Isabel,Despensa,2690.0,3695.8256532066507,-27.22,0
Kétchup Heinz Regular Squeeze 1.07 kg,Heinz,Santa Isabel,Despensa,7250.0,3695.8256532066507,96.17,0
Pimentón Dulce Carmencita Basic 30 g,Carmencita,Santa Isabel,Despensa,1690.0,3695.8256532066507,-54.27,2
Salsa Untar Alcachofa Gourmet 200 g,Gourmet,Santa Isabel,Despensa,2190.0,3695.8256532066507,-40.74,0
Salsa de Mango Exotic Food 250 cc,Exotic Food,Santa Isabel,Despensa,1533.0,3695.8256532066507,-58.52,0
Fideos Instantáneos Sabor Camarón 65 g,Gourmet,Santa Isabel,Despensa,1290.0,3695.8256532066507,-65.1,0
Mayonesa McCormick Guacamole,McCormick,Santa Isabel,Despensa,3990.0,3695.8256532066507,7.96,2
Comida Instantánea Cuisine & Co Pollo Pica 64 g,Cuisine & Co,Santa Isabel,Despensa,990.0,3695.8256532066507,-73.21,0
Ají Pebre Traverso 450 g,Traverso,Santa Isabel,Despensa,2190.0,3695.8256532066507,-40.74,0
Aderezo Cuisine & Co American Dream Mostaza y Miel 596 g,Cuisine & Co,Santa Isabel,Despensa,3490.0,3695.8256532066507,-5.57,0
Pimiento Piquillo Perfect Choice 290 g,Perfect Choice,Santa Isabel,Despensa,3840.0,3695.8256532066507,3.9,2
Crema Individual Gourmet Champiñónes Sopa Para Uno Sobre 15 g,Gourmet,Santa Isabel,Despensa,500.0,3695.8256532066507,-86.47,0
Salsa BBQ Baby Rays Hickory 510 g,Baby Rays,Santa Isabel,Despensa,3190.0,3695.8256532066507,-13.69,2
Sopa Individual Gourmet Tomate Albahaca 14 g,Gourmet,Santa Isabel,Despensa,500.0,3695.8256532066507,-86.47,0
Canela Molida Gourmet 18 g,Gourmet,Santa Isabel,Despensa,1760.0,3695.8256532066507,-52.38,0
Duraznos en Conserva Dos Caballos Trocitos 340 g drenado,Dos Caballos,Santa Isabel,Despensa,2550.0,3695.8256532066507,-31.0,2
Barra de Proteína NotSquare Choco Tentación 30 g 5 un.,NotCo,Santa Isabel,Despensa,6590.0,3695.8256532066507,78.31,0
Ají Traverso en Crema Vintage 450 g,Traverso,Santa Isabel,Despensa,2490.0,3695.8256532066507,-32.63,0
Pasta Multicereal Wakas Amaranto 300 g,Wakas,Santa Isabel,Despensa,2490.0,3695.8256532066507,-32.63,2
Piñas en Conserva Esmeralda Rodajas 425 g drenado,Esmeralda,Santa Isabel,Despensa,3210.0,3695.8256532066507,-13.15,0
Cereal Cola Cao Flakes 300 g,Cola Cao,Santa Isabel,Despensa,2450.0,3695.8256532066507,-33.71,0
Mayonesa McCormick Limón 828 ml,McCormick,Santa Isabel,Despensa,7990.0,3695.8256532066507,116.19,2
Ají Traverso en Crema 350 g,Traverso,Santa Isabel,Despensa,1450.0,3695.8256532066507,-60.77,0
Bicarbonato Gourmet Refinado Sobre 30 g,Gourmet,Santa Isabel,Despensa,220.0,3695.8256532066507,-94.05,0
Semillas de Girasol 125 g,La Fuente Natural,Santa Isabel,Despensa,1950.0,3695.8256532066507,-47.24,2
Endulzante Alusweet Tagatosa 500 g,AluSweet,Santa Isabel,Despensa,8000.0,3695.8256532066507,116.46,2
Cereal Cheerios 350 g,Nestlé,Santa Isabel,Despensa,4320.0,3695.8256532066507,16.89,0
Passata Tradicional Cuisine & Co 680 g,Cuisine & Co,Santa Isabel,Despensa,2590.0,3695.8256532066507,-29.92,0
Fideos Maruchan Yaki Pollo 113 g,Maruchan,Santa Isabel,Despensa,2230.0,3695.8256532066507,-39.66,0
Pimienta Negra Gourmet Molida Frasco 28 g,Gourmet,Santa Isabel,Despensa,2650.0,3695.8256532066507,-28.3,0
Rollo de Fruta Bear Strawberry Caja 100 g,Bear,Santa Isabel,Despensa,5810.0,3695.8256532066507,57.2,2
Pimienta Blanca Molida Gourmet Sobre 15 g,Gourmet,Santa Isabel,Despensa,1240.0,3695.8256532066507,-66.45,0
Cereal Inflado de Arroz Cuisine & Co 100 g,Cuisine & Co,Santa Isabel,Despensa,928.0,3695.8256532066507,-74.89,0
Pack Complepack Traverso 480 g,Traverso,Santa Isabel,Despensa,2290.0,3695.8256532066507,-38.04,0
Té Ceylon Royal 20 un.,Lipton,Santa Isabel,Despensa,2490.0,3695.8256532066507,-32.63,2
Pack 6 un. Crema Colun Pote 200 ml,Colun,Santa Isabel,Despensa,7140.0,3695.8256532066507,93.19,0
Miel Abejas 1 kg,Colmenares Villa Alemana,Santa Isabel,Despensa,10600.0,3695.8256532066507,186.81,2
Cereal Pillows Mantequilla de Maní 350 g,Cola Cao,Santa Isabel,Despensa,3840.0,3695.8256532066507,3.9,0
Crema Ácida Quillayes 160 g,Quillayes,Santa Isabel,Despensa,2990.0,3695.8256532066507,-19.1,0
Salsa BBQ Baby Rays Original 510 g,Baby Rays,Santa Isabel,Despensa,3190.0,3695.8256532066507,-13.69,2
Café Cápsulas Gold Espresso Lungo 10 un.,Gold,Santa Isabel,Despensa,4490.0,3695.8256532066507,21.49,0
Sopa Gourmet Para Uno Pollo Merkén 15 g,Gourmet,Santa Isabel,Despensa,500.0,3695.8256532066507,-86.47,0
Endulzante Iansa Cero K Tabletas Stevia Sucralosa 500 un.,Iansa Cero K,Santa Isabel,Despensa,4050.0,3695.8256532066507,9.58,0
Humo Líquido Gourmet Sabor Ahumado 165 cc,Gourmet,Santa Isabel,Despensa,3530.0,3695.8256532066507,-4.49,0
Café en Cápsulas Starbucks Blonde Espresso Roast 53 g 10 un.,Starbucks by Nespresso,Santa Isabel,Despensa,6650.0,3695.8256532066507,79.93,2
Endulzante Splenda Caja 100 g,Splenda,Santa Isabel,Despensa,4590.0,3695.8256532066507,24.19,2
Alulosa Líquida Cuisine & Co 270 ml,Cuisine & Co,Santa Isabel,Despensa,3840.0,3695.8256532066507,3.9,0
Sazonador Cuisine & Co Provenzal 120 g,Cuisine & Co,Santa Isabel,Despensa,4060.0,3695.8256532066507,9.85,0
Base para Glaseado Vainilla Gourmet 170 g,Gourmet,Santa Isabel,Despensa,1450.0,3695.8256532066507,-60.77,0
Endulzante Iansa Cero K Líquido Sucralosa 180 ml,Iansa Cero K,Santa Isabel,Despensa,2650.0,3695.8256532066507,-28.3,0
Té Negro Twinings English Breakfast 10 un.,Twinings,Santa Isabel,Despensa,3320.0,3695.8256532066507,-10.17,2
Cóctel de Frutas Aconcagua 340 g drenado,Aconcagua,Santa Isabel,Despensa,2250.0,3695.8256532066507,-39.12,0
Fondo de Alcachofa Perfect Choice 210 g drenado,Perfect Choice,Santa Isabel,Despensa,4890.0,3695.8256532066507,32.31,2
Barra de Cereal Bicentury Chocolate Blanco y Frutos Rojos 90 g 5 un.,Bicentury,Santa Isabel,Despensa,4390.0,3695.8256532066507,18.78,2
Mayonesa Hellmann's Churrasco Squeeze 335 g,Hellmann's,Santa Isabel,Despensa,3490.0,3695.8256532066507,-5.57,0
Mayonesa con Ajo Chovi 820 cc,Chovi,Santa Isabel,Despensa,7390.0,3695.8256532066507,99.96,2
Salsa Picante Tabasco Botella 150 cc,Tabasco,Santa Isabel,Despensa,7490.0,3695.8256532066507,102.66,2
Tajín Escarchador 120 g,Tajín,Santa Isabel,Despensa,7590.0,3695.8256532066507,105.37,2
Ensalada de Atún Robinson Crusoe Mexicana 160 g neto,Robinson Crusoe,Santa Isabel,Despensa,2890.0,3695.8256532066507,-21.8,0
Mezcla de Pimientas Mc Cormick Molinillo 24 g,McCormick,Santa Isabel,Despensa,3190.0,3695.8256532066507,-13.69,2
Crema de Coco Deyco 396 ml,Deyco,Santa Isabel,Despensa,3320.0,3695.8256532066507,-10.17,2
Té Earl Gray Twinings 10 un.,Twinings,Santa Isabel,Despensa,3320.0,3695.8256532066507,-10.17,2
Fideos Instantáneos Sabor Pollo 65 g,Gourmet,Santa Isabel,Despensa,1300.0,3695.8256532066507,-64.83,0
Crema de Avellana Nutella Alemana 750 g,Nutella,Santa Isabel,Despensa,12490.0,3695.8256532066507,237.95,2
Mermelada Cuisine & Co Damasco Sin Azúcar 200 g,Cuisine & Co,Santa Isabel,Despensa,1330.0,3695.8256532066507,-64.01,0
Aceto Balsámico Talliani 500 cc,Talliani,Santa Isabel,Despensa,5090.0,3695.8256532066507,37.72,0
Compota Livean Manzana Mango 90 g,Livean,Santa Isabel,Despensa,560.0,3695.8256532066507,-84.85,0
Premezcla Queque Sabor Yogurt 450 g,Gourmet,Santa Isabel,Despensa,2900.0,3695.8256532066507,-21.53,0
Té Club Ceylan Classic 80 un.,Club,Santa Isabel,Despensa,3210.0,3695.8256532066507,-13.15,2
"Atún Lomitos en Agua Reducido en Sodio 91 g drenado, 140 g neto",Robinson Crusoe,Santa Isabel,Despensa,1950.0,3695.8256532066507,-47.24,0
Barra Proteína Wild Protein Munchy Choco Maní 4 un.,The Wild Foods,Santa Isabel,Despensa,5090.0,3695.8256532066507,37.72,0
Mermelada En Línea Sin Azúcar Damasco Doypack 350 g,En Línea,Santa Isabel,Despensa,3110.0,3695.8256532066507,-15.85,0
Panela Fonce Fraccionada 454 g,Del Fonce,Santa Isabel,Despensa,3290.0,3695.8256532066507,-10.98,2
Barra Proteína Notsquare Maní Cubierto en Chocolate 150 g,NotCo,Santa Isabel,Despensa,6540.0,3695.8256532066507,76.96,0
Kétchup Cuisine & Co 1 kg,Cuisine & Co,Santa Isabel,Despensa,3650.0,3695.8256532066507,-1.24,0
Yerba Mate Supremo Argentina Sabor Naranja 500 g,Supremo,Santa Isabel,Despensa,3390.0,3695.8256532066507,-8.27,0
Paila Marina 425 g,Robinson Crusoe,Santa Isabel,Despensa,2990.0,3695.8256532066507,-19.1,0
Fideos Instantáneos Sabor Carne 65 g,Gourmet,Santa Isabel,Despensa,1300.0,3695.8256532066507,-64.83,0
Té Negro Twinings Lady Grey con Cáscara de Naranja y Limón 10 un.,Twinings,Santa Isabel,Despensa,3320.0,3695.8256532066507,-10.17,2
Crema de Leche Light Nestlé Tarro 157 g,Nestlé,Santa Isabel,Despensa,2070.0,3695.8256532066507,-43.99,0
Sazonador para Guacamole Gourmet Sobre 28 g,Gourmet,Santa Isabel,Despensa,1250.0,3695.8256532066507,-66.18,0
Kétchup Kraft Regular Squeeze 400 g,Kraft,Santa Isabel,Despensa,2690.0,3695.8256532066507,-27.22,0
Chips de Chocolate Blanco 200 g,Gourmet,Santa Isabel,Despensa,4990.0,3695.8256532066507,35.02,0
Mermelada Aconcagua Balance Durazno 200 g,Aconcagua,Santa Isabel,Despensa,1290.0,3695.8256532066507,-65.1,0
Pack 6 un. Crema Colun Light 200 ml,Colun,Santa Isabel,Despensa,6840.0,3695.8256532066507,85.07,0
Café Helado Nescafé Original 240 cc,Nescafé,Santa Isabel,Despensa,1790.0,3695.8256532066507,-51.57,0
Cereal Kellogg's Froot Loops 170 g,Kellogg's,Santa Isabel,Despensa,2080.0,3695.8256532066507,-43.72,2
Comida Instantánea Cuisine & Co Pollo 64 g,Cuisine & Co,Santa Isabel,Despensa,990.0,3695.8256532066507,-73.21,0
Café Juan Valdez Colina Molido 250 g,Juan Valdez,Santa Isabel,Despensa,13930.0,3695.8256532066507,276.91,2
Salsa para Postres Gourmet Manjar 280 g,Gourmet,Santa Isabel,Despensa,2130.0,3695.8256532066507,-42.37,0
Pasta Multicereal Wakas Quinoa 300 g,Wakas,Santa Isabel,Despensa,2490.0,3695.8256532066507,-32.63,2
Kétchup Hellmann's Regular Doypack 250 g,Hellmann's,Santa Isabel,Despensa,1860.0,3695.8256532066507,-49.67,0
Barra de Cereal Cuisine & Co Manzana 6 un.,Cuisine & Co,Santa Isabel,Despensa,1790.0,3695.8256532066507,-51.57,0
Pimiento Morrón Perfect Choice 220 g drenado,Perfect Choice,Santa Isabel,Despensa,2860.0,3695.8256532066507,-22.62,2
Chocolate Granulado Gourmet Sobre 100 g,Gourmet,Santa Isabel,Despensa,1450.0,3695.8256532066507,-60.77,0
Sopa Costilla con Fideos Gourmet 62 g,Gourmet,Santa Isabel,Despensa,610.0,3695.8256532066507,-83.49,0
Salsa para Postres Gourmet Frambuesa 280 g,Gourmet,Santa Isabel,Despensa,2130.0,3695.8256532066507,-42.37,0
Café Cápsulas Gold Espresso Clásico 10 un.,Gold,Santa Isabel,Despensa,4490.0,3695.8256532066507,21.49,0
Aceto Balsámico Imperatore 500 ml,Imperatore,Santa Isabel,Despensa,3070.0,3695.8256532066507,-16.93,2
Té Club Ceylán Exclusive 80 un.,Club,Santa Isabel,Despensa,4360.0,3695.8256532066507,17.97,2
Aliño Limón Traverso 60% Natural 320 ml,Traverso,Santa Isabel,Despensa,1790.0,3695.8256532066507,-51.57,0
Sopa Caracolitos Gourmet 74 g,Gourmet,Santa Isabel,Despensa,610.0,3695.8256532066507,-83.49,0
Bicarbonato Sódico Carmencita 200 g,Carmencita,Santa Isabel,Despensa,1690.0,3695.8256532066507,-54.27,2
Endulzante Iansa Cero K Líquido Stevia Sucralosa 180 ml,Iansa Cero K,Santa Isabel,Despensa,3390.0,3695.8256532066507,-8.27,0
Avena Semillas Cuisine & Co Manzana-Pasas 600 g,Cuisine & Co,Santa Isabel,Despensa,2990.0,3695.8256532066507,-19.1,0
"Mermelada Light Tía Lía Mora, 250 g",Tía Lía,Santa Isabel,Despensa,950.0,3695.8256532066507,-74.3,2
Choritos en Aceite San José 110 g drenado 190 g neto,San José,Santa Isabel,Despensa,1860.0,3695.8256532066507,-49.67,0
Compota Mother's Maid Manzana y Canela 113 g 6 un.,Mother's Maid,Santa Isabel,Despensa,4590.0,3695.8256532066507,24.19,2
Salsa Teriyaki Kikkoman Dulce 296 ml,Kikkoman,Santa Isabel,Despensa,6550.0,3695.8256532066507,77.23,2
Sal Rosada Los Boldos Gruesa Doypack 1 kg,Los Boldos,Santa Isabel,Despensa,3800.0,3695.8256532066507,2.82,2
Puré de Papas 1 kg,Máxima,Santa Isabel,Despensa,6520.0,3695.8256532066507,76.42,0
Sal Himalaya Cuisine & Co 90 g,Cuisine & Co,Santa Isabel,Despensa,4230.0,3695.8256532066507,14.45,0
Garbanzos Iansa Agro con Espinaca Listos 390 g,Iansa Agro,Santa Isabel,Despensa,2530.0,3695.8256532066507,-31.54,0
Kétchup Hellmann's Light Doypack 500 g,Hellmann's,Santa Isabel,Despensa,3010.0,3695.8256532066507,-18.56,0
Salsa para Postres Gourmet Chocolate 280 g,Gourmet,Santa Isabel,Despensa,2130.0,3695.8256532066507,-42.37,0
Salsa de Tomate Mutti para Pizza 400 g,Mutti,Santa Isabel,Despensa,2168.0,3695.8256532066507,-41.34,2
Café Cappuccino Cruzeiro Mix Chocolate 8 un.,Cruzeiro,Santa Isabel,Despensa,3190.0,3695.8256532066507,-13.69,2
Endulzante Iansa Cero K Granulado Alulosa 250 g,Iansa Cero K,Santa Isabel,Despensa,5050.0,3695.8256532066507,36.64,0
Barra de Cereal Cuisine & Co Frutillas 6 un.,Cuisine & Co,Santa Isabel,Despensa,1790.0,3695.8256532066507,-51.57,0
Sucedáneo Limón de Pica 500 ml,Cuisine & Co,Santa Isabel,Despensa,1490.0,3695.8256532066507,-59.68,0
Barra Proteína Your Goal Snack Chocolate Crispis 5 un.,Your Goal,Santa Isabel,Despensa,7370.0,3695.8256532066507,99.41,2
Crema Huancaína Alacena 450 g,Alacena,Santa Isabel,Despensa,7580.0,3695.8256532066507,105.1,2
Wok de Quinoa Andina Plato Listo Ya! 220 g,Iansa Agro,Santa Isabel,Despensa,3420.0,3695.8256532066507,-7.46,0
Primavera de Quinoa Plato Listo Ya! 220 g,Iansa Agro,Santa Isabel,Despensa,3420.0,3695.8256532066507,-7.46,0
Mezcla Torta Betty Crocker Choco Fudge,Betty Crocker,Santa Isabel,Despensa,4830.0,3695.8256532066507,30.69,2
Mostaza Heinz Clásica Regular Squeeze 396 g,Heinz,Santa Isabel,Despensa,5890.0,3695.8256532066507,59.37,0
Pack Salsa Boloñesa Lucchetti Mamma Mia 4 un.,Lucchetti,Santa Isabel,Despensa,2490.0,3695.8256532066507,-32.63,0
Harina Sin Polvos de Hornear 5 kg,Cuisine & Co,Santa Isabel,Despensa,6390.0,3695.8256532066507,72.9,0
Mayonesa Hellmann's Regular Doypack 372 g,Hellmann's,Santa Isabel,Despensa,2820.0,3695.8256532066507,-23.7,0
Mermelada Mora Sin Azúcar 200 g,Cuisine & Co,Santa Isabel,Despensa,1330.0,3695.8256532066507,-64.01,0
Crema de Espárragos Gourmet 68 g,Gourmet,Santa Isabel,Despensa,610.0,3695.8256532066507,-83.49,0
Endulzante Naturalist 100% Stevia 270 ml,Naturalist,Santa Isabel,Despensa,3486.0,3695.8256532066507,-5.68,2
Piñas en Rodajas Cuisine & Co 490 g drenado,Cuisine & Co,Santa Isabel,Despensa,2890.0,3695.8256532066507,-21.8,0
Castañas en Almibar Wasil 570 g,Wasil,Santa Isabel,Despensa,5400.0,3695.8256532066507,46.11,0
Mostaza Cuisine & Co American Dream Miel 340 g,Cuisine & Co,Santa Isabel,Despensa,3490.0,3695.8256532066507,-5.57,0
Cóctel de Frutas 480 g drenado,Cuisine & Co,Santa Isabel,Despensa,2790.0,3695.8256532066507,-24.51,0
Salsa Unagi Specia 480 g,Specia,Santa Isabel,Despensa,7270.0,3695.8256532066507,96.71,2
Crema de Avellana Nutella 200 g,Nutella,Santa Isabel,Despensa,6390.0,3695.8256532066507,72.9,2
"Fideos Instantáneos Maruchan Bowl Sabor Camarón, Limón y Habanero 94.3 g",Maruchan,Santa Isabel,Despensa,1840.0,3695.8256532066507,-50.21,0
Mayonesa Mavesa Frasco 445 g,Mavesa,Santa Isabel,Despensa,4690.0,3695.8256532066507,26.9,2
Harina Multicereal Selecta 1 kg,Selecta,Santa Isabel,Despensa,2350.0,3695.8256532066507,-36.41,2
Semillas de Sésamo Gourmet Tostado Bolsa 100 g,Gourmet,Santa Isabel,Despensa,2170.0,3695.8256532066507,-41.29,0
Sopa Maggi Vive Bien Pollo con Fideos 60 g,Maggi,Santa Isabel,Despensa,770.0,3695.8256532066507,-79.17,0
Salsa Deshidratada Maggi Champiñón 45 g,Maggi,Santa Isabel,Despensa,860.0,3695.8256532066507,-76.73,0
Café Liofilizado Juan Valdez Chocolate 95 g,Juan Valdez,Santa Isabel,Despensa,21730.0,3695.8256532066507,487.96,1
Nuez Moscada Entera Gourmet 1 un.,Gourmet,Santa Isabel,Despensa,650.0,3695.8256532066507,-82.41,0
Ají Merken Don Juan 240 g,Don Juan,Santa Isabel,Despensa,1430.0,3695.8256532066507,-61.31,0
Café Orgánico Marley Coffee Molido One Love 227 g,Marley Coffee,Santa Isabel,Despensa,14650.0,3695.8256532066507,296.39,2
Crema de Lentejas Wasil Receta Casera 380 g,Wasil,Santa Isabel,Despensa,2440.0,3695.8256532066507,-33.98,0
Cholgas en Aceite 100 g drenado,Cuisine & Co,Santa Isabel,Despensa,2350.0,3695.8256532066507,-36.41,0
Kétchup Traverso Vintage 450 g,Traverso,Santa Isabel,Despensa,2490.0,3695.8256532066507,-32.63,0
Base para Preparar Gourmet Pescado Frito 80 g,Gourmet,Santa Isabel,Despensa,860.0,3695.8256532066507,-76.73,0
Mayonesa Alacena 475 g,Alacena,Santa Isabel,Despensa,5400.0,3695.8256532066507,46.11,2
Mostacilla Multicolor para Repostería Sobre 100 g,Gourmet,Santa Isabel,Despensa,1450.0,3695.8256532066507,-60.77,0
Bicarbonato Gourmet 250 g,Gourmet,Santa Isabel,Despensa,2590.0,3695.8256532066507,-29.92,0
Gelatina Sin Sabor Gourmet Sachet 12 g Colapez 5 Hojas,Gourmet,Santa Isabel,Despensa,1760.0,3695.8256532066507,-52.38,0
Cereal Trix Sin Azúcar Añadida 290 g,Trix,Santa Isabel,Despensa,3900.0,3695.8256532066507,5.52,2
Caldo de Costilla Naturezza Tableta 8 un.,Naturezza,Santa Isabel,Despensa,980.0,3695.8256532066507,-73.48,2
Sopa Pollo con Fideos Gourmet 70 g,Gourmet,Santa Isabel,Despensa,610.0,3695.8256532066507,-83.49,0
Kétchup Heinz Regular Squeeze 567 g,Heinz,Santa Isabel,Despensa,5990.0,3695.8256532066507,62.07,0
Cereal Zucosos 390 g,Zucosos,Santa Isabel,Despensa,3490.0,3695.8256532066507,-5.57,2
Sucralosa Cuisine & Co Líquida 180 ml,Cuisine & Co,Santa Isabel,Despensa,2170.0,3695.8256532066507,-41.29,0
Avena Semillas Cuisine & Co Linaza-Chia 600 g,Cuisine & Co,Santa Isabel,Despensa,2990.0,3695.8256532066507,-19.1,0
Crema Chantilly Gourmet Decoración 420 g,Gourmet,Santa Isabel,Despensa,4350.0,3695.8256532066507,17.7,0
Salsa Street Gourmet Chipotle 250 g,Gourmet,Santa Isabel,Despensa,2550.0,3695.8256532066507,-31.0,0
Panko Bolsa Thai 200 g,Thai,Santa Isabel,Despensa,4050.0,3695.8256532066507,9.58,2
Trigo Mote Oso 1 kg,Oso,Santa Isabel,Despensa,2860.0,3695.8256532066507,-22.62,2
Alimento de Coco 400 ml,Exotic Food,Santa Isabel,Despensa,1533.0,3695.8256532066507,-58.52,0
Salsa de Tomate Pomarola Italiana 800 g,Pomarola,Santa Isabel,Despensa,2860.0,3695.8256532066507,-22.62,2
Adobo La Comadre 200 g,La Comadre,Santa Isabel,Despensa,3990.0,3695.8256532066507,7.96,2
"Ensalada de Atún Cuisine & Co Mexicana 104 g drenado, 160 g neto",Cuisine & Co,Santa Isabel,Despensa,1890.0,3695.8256532066507,-48.86,0
Salsa de Tomates Cirio Rústica 680 g,Cirio,Santa Isabel,Despensa,4190.0,3695.8256532066507,13.37,2
"Cholgas Al Natural Cuisine & Co 100 g drenado, 190 g neto",Cuisine & Co,Santa Isabel,Despensa,2350.0,3695.8256532066507,-36.41,0
Barra de Proteína NotProtein Bar Chocolate Fudge Brownie 45 g 5 un.,NotCo,Santa Isabel,Despensa,6650.0,3695.8256532066507,79.93,0
Barra Proteína Wild Protein Munchy Choco Chips 120 g 4 un.,The Wild Foods,Santa Isabel,Despensa,5090.0,3695.8256532066507,37.72,0
Comida Mexicana Pancho Villa Salsa Tacos Picante 200 g,Pancho Villa,Santa Isabel,Despensa,1400.0,3695.8256532066507,-62.12,2
Salero Cuisine & Co 250 g,Cuisine & Co,Santa Isabel,Despensa,640.0,3695.8256532066507,-82.68,0
Pimienta Negra Gourmet Entera 100 g,Gourmet,Santa Isabel,Despensa,3330.0,3695.8256532066507,-9.9,0
Salsa de Soya Kikkoman 591 ml,Kikkoman,Santa Isabel,Despensa,7750.0,3695.8256532066507,109.7,2
"Palmitos Wasil 220 g drenado, 400 g neto",Wasil,Santa Isabel,Despensa,4250.0,3695.8256532066507,14.99,0
Salsa BBQ Cuisine & Co American Dream Miel 510 g,Cuisine & Co,Santa Isabel,Despensa,3430.0,3695.8256532066507,-7.19,0
Pimienta Negra Gourmet Molida Sobre 100 g,Gourmet,Santa Isabel,Despensa,3940.0,3695.8256532066507,6.61,0
Cereal Fitness Sachet 30 g,Fitness,Santa Isabel,Despensa,650.0,3695.8256532066507,-82.41,2
Cobertura Gourmet Chocolate Blanco 500 g,Gourmet,Santa Isabel,Despensa,6490.0,3695.8256532066507,75.6,0
Cappuccino Krüger Dolce Vita Choc-Ave 125 g,Kruger,Santa Isabel,Despensa,2490.0,3695.8256532066507,-32.63,2
Levadura Seca Collico 250 g,Collico,Santa Isabel,Despensa,4460.0,3695.8256532066507,20.68,2
Aliño Ajo Ciboulette Gourmet Envase 250 g,Gourmet,Santa Isabel,Despensa,2650.0,3695.8256532066507,-28.3,0
Café Cápsulas Cuisine & Co Forte Compostables 10 un.,Cuisine & Co,Santa Isabel,Despensa,4590.0,3695.8256532066507,24.19,0
Barra Proteína Your Goal Chocolate Fudge 4 un.,Your Goal,Santa Isabel,Despensa,9660.0,3695.8256532066507,161.38,2
Porotos Tórtola Iansa Agro 1 kg,Iansa Agro,Santa Isabel,Despensa,4770.0,3695.8256532066507,29.06,0
Café en Cápsulas Starbucks Single-Origin Colombia 57 g 10 un.,Starbucks by Nespresso,Santa Isabel,Despensa,6650.0,3695.8256532066507,79.93,2
Cereal Cola Cao Balls 300 g,Cola Cao,Santa Isabel,Despensa,2450.0,3695.8256532066507,-33.71,0
Crema de Avellana Ambrosella 350 g,Ambrosoli,Santa Isabel,Despensa,3840.0,3695.8256532066507,3.9,0
Pasta de Arroz Rigati Tucapel 250 g,Tucapel,Santa Isabel,Despensa,1750.0,3695.8256532066507,-52.65,0
Spaguetti N°5 Lucchetti Protein 400 g,Lucchetti,Santa Isabel,Despensa,1610.0,3695.8256532066507,-56.44,0
Cereal Pillows Cola Cao Frambuesa 350 g,Cola Cao,Santa Isabel,Despensa,2890.0,3695.8256532066507,-21.8,0
Yerba Mate Taragüi Bolsa 250 g,Taragüi,Santa Isabel,Despensa,1860.0,3695.8256532066507,-49.67,2
Café Orgánico Marley Coffee Molido Buffalo Soldier 227 g,Marley Coffee,Santa Isabel,Despensa,12470.0,3695.8256532066507,237.41,2
Cereal Chocapic Choco-Crush 350 g,Nestlé,Santa Isabel,Despensa,3940.0,3695.8256532066507,6.61,0
Salsa Picante Tabasco Botella 60 ml,Tabasco,Santa Isabel,Despensa,4590.0,3695.8256532066507,24.19,2
Barra de Cereal Cuisine & Co Damasco 6 un.,Cuisine & Co,Santa Isabel,Despensa,1790.0,3695.8256532066507,-51.57,0
Salsa de Soya Gourmet Light 165 cc,Gourmet,Santa Isabel,Despensa,2690.0,3695.8256532066507,-27.22,0
Mermelada Cuisine & Co Frutilla Sin Azúcar 200 g,Cuisine & Co,Santa Isabel,Despensa,1350.0,3695.8256532066507,-63.47,0
Premezcla Tres Harinas Sin Gluten 700 g,No+Gluten,Santa Isabel,Despensa,4570.0,3695.8256532066507,23.65,2
Aliño Sabor Palta Cilantro Gourmet 250 g,Gourmet,Santa Isabel,Despensa,2650.0,3695.8256532066507,-28.3,0
Mermelada En Línea Sin Azúcar Mora Doypack 350 g,En Línea,Santa Isabel,Despensa,3010.0,3695.8256532066507,-18.56,0
Bizcochuelo Dolcezze Chocolate 500 g,Dolcezze,Santa Isabel,Despensa,5990.0,3695.8256532066507,62.07,2
Aceto Balsámico Di Modena 500 ml,Cuisine & Co,Santa Isabel,Despensa,3890.0,3695.8256532066507,5.25,0
Café Sobres Marley Coffee Soul Rebel Cappuccino Vainilla 160 g 8 un.,Marley Coffee,Santa Isabel,Despensa,4890.0,3695.8256532066507,32.31,2
Ramen Cuisine & Co Pollo Picante 85 g,Cuisine & Co,Santa Isabel,Despensa,570.0,3695.8256532066507,-84.58,0
Choritos en Aceite 100 g drenado,Robinson Crusoe,Santa Isabel,Despensa,2030.0,3695.8256532066507,-45.07,0
Caldo de Pescado Gourmet Polvo 48 g 6 un.,Gourmet,Santa Isabel,Despensa,830.0,3695.8256532066507,-77.54,0
Base Maggi Pescado Frito 85 g,Maggi,Santa Isabel,Despensa,850.0,3695.8256532066507,-77.0,0
Duraznos Trocitos Cuisine & Co 250 g drenado,Cuisine & Co,Santa Isabel,Despensa,1360.0,3695.8256532066507,-63.2,0
Base Maggi Carne A La Cacerola 36 g,Maggi,Santa Isabel,Despensa,850.0,3695.8256532066507,-77.0,0
Crema Pastelera Gourmet 400 g,Gourmet,Santa Isabel,Despensa,3490.0,3695.8256532066507,-5.57,0
Premezcla para Panqueque Gourmet 300 g,Gourmet,Santa Isabel,Despensa,2230.0,3695.8256532066507,-39.66,0
Trigo Precocido Burgol Suk Grano Medio 500 g,Suk,Santa Isabel,Despensa,3010.0,3695.8256532066507,-18.56,2
Crema Verduras Gourmet Natural 56 g,Gourmet,Santa Isabel,Despensa,670.0,3695.8256532066507,-81.87,0
Barra de Cereal Wild Soul Bar Semillas 35 g 5 un.,Soul Bar,Santa Isabel,Despensa,2990.0,3695.8256532066507,-19.1,2
Yerba Mate Taragüi Naranja Oriente 500 g,Taragüi,Santa Isabel,Despensa,4880.0,3695.8256532066507,32.04,2
Pimienta Negra Gourmet Entera Sobre 15 g,Gourmet,Santa Isabel,Despensa,680.0,3695.8256532066507,-81.6,0
Cappuccino Krüger Dolce Vita Clásico 125 g,Kruger,Santa Isabel,Despensa,2490.0,3695.8256532066507,-32.63,2
Compota Livean Pera 90 g,Livean,Santa Isabel,Despensa,560.0,3695.8256532066507,-84.85,0
Pasta Rigati Lucchetti Tr3S Vegetales 400 g,Lucchetti,Santa Isabel,Despensa,1130.0,3695.8256532066507,-69.42,0
Mostaza Traverso 350 g,Traverso,Santa Isabel,Despensa,1450.0,3695.8256532066507,-60.77,0
Crema Colun Sin Lactosa 1 L,Colun,Santa Isabel,Despensa,5990.0,3695.8256532066507,62.07,0
Dulce de Membrillo Eckart Light 330 g,Eckart,Santa Isabel,Despensa,2590.0,3695.8256532066507,-29.92,2
Café Grano Juan Valdez Volcán 250 g,Juan Valdez,Santa Isabel,Despensa,13930.0,3695.8256532066507,276.91,2
Papel Filtro Café Melitta N°2 30 un.,Melitta,Santa Isabel,Despensa,1660.0,3695.8256532066507,-55.08,2
Chiles Jalapeños La Costeña Picados Lata 220 g,La Costeña,Santa Isabel,Despensa,2070.0,3695.8256532066507,-43.99,0
Crema Vilay Clásica 200 ml,Vilay,Santa Isabel,Despensa,1510.0,3695.8256532066507,-59.14,0
Comida Instantánea Maruchan Queso 64 g,Maruchan,Santa Isabel,Despensa,1340.0,3695.8256532066507,-63.74,0
Quinoa Mediterránea Banquete 400 g,Banquete,Santa Isabel,Despensa,3190.0,3695.8256532066507,-13.69,0
Ajo Granulado Gourmet 100 g,Gourmet,Santa Isabel,Despensa,2380.0,3695.8256532066507,-35.6,0
Yerba Mate La Merced con Palo 500 g,La Merced,Santa Isabel,Despensa,5440.0,3695.8256532066507,47.19,2
Premezcla para Brownie Chocolate Gourmet 300 g,Gourmet,Santa Isabel,Despensa,2960.0,3695.8256532066507,-19.91,0
Endulzante Alusweet Alulosa Granulado 250 g,AluSweet,Santa Isabel,Despensa,4360.0,3695.8256532066507,17.97,2
Salsa de Tomate Mutti Pomodoro Italiano 240 g drenado,Mutti,Santa Isabel,Despensa,2018.0,3695.8256532066507,-45.4,2
Merquén Gourmet 100 g,Gourmet,Santa Isabel,Despensa,2240.0,3695.8256532066507,-39.39,0
Mayonesa Hellmann's Frasco 430 g,Hellmann's,Santa Isabel,Despensa,3070.0,3695.8256532066507,-16.93,0
Callampas Gourmet Sobre 35 g,Gourmet,Santa Isabel,Despensa,2900.0,3695.8256532066507,-21.53,0
Barra de Cereal Quaker Manzana 120 g,Quaker,Santa Isabel,Despensa,2130.0,3695.8256532066507,-42.37,0
Crema de Leche Loncoleche 250 g,Loncoleche,Santa Isabel,Despensa,1580.0,3695.8256532066507,-57.25,0
Sardinas en Aceite Vegetal Vigilante 88 g drenado,Vigilante,Santa Isabel,Despensa,2290.0,3695.8256532066507,-38.04,2
Mermelada Tía Lía Damasco 250 g,Tía Lía,Santa Isabel,Despensa,920.0,3695.8256532066507,-75.11,2
Mermelada Regimel Frutilla 0% Azúcar 200 g,Regimel,Santa Isabel,Despensa,1550.0,3695.8256532066507,-58.06,0
Ramen Cuisine & Co Vegetales 85 g,Cuisine & Co,Santa Isabel,Despensa,590.0,3695.8256532066507,-84.04,0
Salsa de Tomate Cuisine & Co American Dream con Champiñones 680 g,Cuisine & Co,Santa Isabel,Despensa,4250.0,3695.8256532066507,14.99,0
Ajo Granulado Gourmet Frasco 31 g,Gourmet,Santa Isabel,Despensa,2690.0,3695.8256532066507,-27.22,0
Ají Pebre JB Botella 240 g,JB,Santa Isabel,Despensa,1610.0,3695.8256532066507,-56.44,0
Cereal Gold 570 g,Nestlé,Santa Isabel,Despensa,4980.0,3695.8256532066507,34.75,0
Choclitos Cóctel Esmeralda 230 g drenado,Esmeralda,Santa Isabel,Despensa,2860.0,3695.8256532066507,-22.62,0
"Ensalada de Atún Cuisine & Co Quinoa 104 g drenado, 160 g neto",Cuisine & Co,Santa Isabel,Despensa,1890.0,3695.8256532066507,-48.86,0
Mermelada Aconcagua Balance Membrillo 200 g,Aconcagua,Santa Isabel,Despensa,1290.0,3695.8256532066507,-65.1,0
Harina Selecta Especial Repostería 650 g,Selecta,Santa Isabel,Despensa,2070.0,3695.8256532066507,-43.99,2
Ají Chileno Cuisine & Co 240 g,Cuisine & Co,Santa Isabel,Despensa,1190.0,3695.8256532066507,-67.8,0
Cappuccino Krüger Dolce Vita Choco 125 g,Kruger,Santa Isabel,Despensa,2490.0,3695.8256532066507,-32.63,2
Porotos Rojos Listos 390 g,Iansa Agro,Santa Isabel,Despensa,1570.0,3695.8256532066507,-57.52,0
"Duraznos Aconcagua en Mitades 340 g drenado, 590 g neto",Aconcagua,Santa Isabel,Despensa,2290.0,3695.8256532066507,-38.04,0
Crema de Espárragos Gourmet Receta Premium Sobre 53 g,Gourmet,Santa Isabel,Despensa,750.0,3695.8256532066507,-79.71,0
Salsa Japonesa Teriyaki 200 g,Passage Foods,Santa Isabel,Despensa,2490.0,3695.8256532066507,-32.63,2
Salsa Street Gourmet Acevichada 250 g,Gourmet,Santa Isabel,Despensa,2550.0,3695.8256532066507,-31.0,0
Kétchup Hellmann's Regular Doypack 100 g,Hellmann's,Santa Isabel,Despensa,970.0,3695.8256532066507,-73.75,0
Salsa Pesto Cuisine & Co Basilico 190 g,Cuisine & Co,Santa Isabel,Despensa,4590.0,3695.8256532066507,24.19,0
Wok de Arroz Salvaje Plato Listo Ya! 220 g,Iansa Agro,Santa Isabel,Despensa,3420.0,3695.8256532066507,-7.46,0
Cereal Chocapic Receta Original 30 g,Chocapic,Santa Isabel,Despensa,560.0,3695.8256532066507,-84.85,0
Base Maggi Sabores del Mundo Carne Mongoliana 26 g,Maggi,Santa Isabel,Despensa,1090.0,3695.8256532066507,-70.51,0
Cereal Vivo Good Hojuelas 350 g,Vivo,Santa Isabel,Despensa,2990.0,3695.8256532066507,-19.1,0
Mermelada Vieja Fábrica Durazno 280 g,La Vieja Fábrica,Santa Isabel,Despensa,2990.0,3695.8256532066507,-19.1,2
Cappuccino Krüger Dolce Vita Sin Lactosa 125 g,Kruger,Santa Isabel,Despensa,2490.0,3695.8256532066507,-32.63,2
Pasta Spaghetti Cuadrado La Molisana 500 g,La Molisana,Santa Isabel,Despensa,1294.0,3695.8256532066507,-64.99,2
Infusión Lipton Manzana Canela Pirámide,Lipton,Santa Isabel,Despensa,2990.0,3695.8256532066507,-19.1,2
Merengue Instantáneo Gourmet Sobre 180 g,Gourmet,Santa Isabel,Despensa,1950.0,3695.8256532066507,-47.24,0
Gyosas de Verduras Cuisine & Co 320 g,Cuisine & Co,Santa Isabel,Despensa,3990.0,3695.8256532066507,7.96,0
Choritos Robinson Crusoe Finas Hierbas 100 g drenado,Robinson Crusoe,Santa Isabel,Despensa,1690.0,3695.8256532066507,-54.27,0
Premezcla Gourmet Galleta Chips de Chocolate 450 g,Gourmet,Santa Isabel,Despensa,3790.0,3695.8256532066507,2.55,0
Mayonesa Hellmann's Supreme Squeeze 330 g,Hellmann's,Santa Isabel,Despensa,3690.0,3695.8256532066507,-0.16,0
Aliño Completo Gourmet Sobre 100 g,Gourmet,Santa Isabel,Despensa,1820.0,3695.8256532066507,-50.76,0
"Choclo Dulce Cuisine & Co 150 g drenado, 241 G neto",Cuisine & Co,Santa Isabel,Despensa,870.0,3695.8256532066507,-76.46,0
Ají de Color Gourmet Sobre 15 g,Gourmet,Santa Isabel,Despensa,330.0,3695.8256532066507,-91.07,0
Sopa Para Uno Maggi Carne con Crutones 12 g,Maggi,Santa Isabel,Despensa,530.0,3695.8256532066507,-85.66,0
Choritos en Aceite Angelmo 213 g drenado,Angelmo,Santa Isabel,Despensa,2152.0,3695.8256532066507,-41.77,2
Endulzante Daily Sucralosa Líquido 180 ml,Daily,Santa Isabel,Despensa,2380.0,3695.8256532066507,-35.6,0
Clavo de Olor Molido Gourmet 5 g,Gourmet,Santa Isabel,Despensa,440.0,3695.8256532066507,-88.09,0
Jalea Ambrosoli Flipy Pouch 100 g,Ambrosoli,Santa Isabel,Despensa,590.0,3695.8256532066507,-84.04,0
Cereal Trix 390 g,Trix,Santa Isabel,Despensa,3490.0,3695.8256532066507,-5.57,2
Ají Pebre Don Juan en Crema Botella 240 g,Don Juan,Santa Isabel,Despensa,1450.0,3695.8256532066507,-60.77,0
Decoración Multicolor Gourmet 100 g,Gourmet,Santa Isabel,Despensa,1450.0,3695.8256532066507,-60.77,0
Crema de Zapallo Wasil 380 g,Wasil,Santa Isabel,Despensa,2440.0,3695.8256532066507,-33.98,0
Sucedáneo Jugo Limón Pica Traverso 500 ml,Traverso,Santa Isabel,Despensa,1820.0,3695.8256532066507,-50.76,0
Compota Livean Manzana 90 g,Livean,Santa Isabel,Despensa,560.0,3695.8256532066507,-84.85,0
Cappuccino Krüger Dolce Vita Vainilla 125 g,Kruger,Santa Isabel,Despensa,2490.0,3695.8256532066507,-32.63,2
Mayonesa Vintage Traverso Doypack 700 g,Traverso,Santa Isabel,Despensa,3650.0,3695.8256532066507,-1.24,0
Molinillo Mix Pimientas Gourmet Premium Frasco 43 g,Gourmet,Santa Isabel,Despensa,4880.0,3695.8256532066507,32.04,0
Crema Zapallo Gourmet Natural 56 g,Gourmet,Santa Isabel,Despensa,670.0,3695.8256532066507,-81.87,0
Arroz Grado 2 Tucapel Grano Largo y Ancho Graneado 1 kg,Tucapel,Santa Isabel,Despensa,1990.0,3695.8256532066507,-46.16,0
Mermelada Cuisine & Co Frutilla 250 g,Cuisine & Co,Santa Isabel,Despensa,1080.0,3695.8256532066507,-70.78,0
Mayonesa Casera Traverso Vintage 425 g,Traverso,Santa Isabel,Despensa,2490.0,3695.8256532066507,-32.63,0
Premezcla Mont Blanc Cocina Fácil Queque Vainilla 450 g,Mont Blanc,Santa Isabel,Despensa,2130.0,3695.8256532066507,-42.37,2
"Atún Lomitos con Salsa de Tomate 91 g drenado, 140 g neto",Robinson Crusoe,Santa Isabel,Despensa,1490.0,3695.8256532066507,-59.68,0
Espárragos Verdes Esmeralda 230 g drenado,Esmeralda,Santa Isabel,Despensa,3190.0,3695.8256532066507,-13.69,0
Sal Parrillera Lobos Yodada Frasco 750 g,Lobos,Santa Isabel,Despensa,1650.0,3695.8256532066507,-55.36,0
Leche Evaporada 386 ml,Cuisine & Co,Santa Isabel,Despensa,1750.0,3695.8256532066507,-52.65,0
Mostaza Hellmann's Regular Doypack 100 g,Hellmann's,Santa Isabel,Despensa,670.0,3695.8256532066507,-81.87,0
Cereal Inflado de Maíz Cuisine & Co 300 g,Cuisine & Co,Santa Isabel,Despensa,1864.0,3695.8256532066507,-49.56,0
Endulzante Iansa Cero K Tabletas Sucralosa 500 un.,Iansa Cero K,Santa Isabel,Despensa,4000.0,3695.8256532066507,8.23,0
Cúrcuma Molida Gourmet 100 g,Gourmet,Santa Isabel,Despensa,3530.0,3695.8256532066507,-4.49,0
Salsa de Tomates Mamma Mia Boloñesa Doypack 200 g,Mamma Mia,Santa Isabel,Despensa,950.0,3695.8256532066507,-74.3,2
Postre Crema Ambrosoli Chocolate Nuss 100 g,Ambrosoli,Santa Isabel,Despensa,1230.0,3695.8256532066507,-66.72,0
Mermelada Casera Watt's Damasco 500 g,Watt's,Santa Isabel,Despensa,3790.0,3695.8256532066507,2.55,0
Caldo Costilla 80 g,Cuisine & Co,Santa Isabel,Despensa,970.0,3695.8256532066507,-73.75,0
Papayas en Trocitos Al Jugo 200 g drenado,Wasil,Santa Isabel,Despensa,3530.0,3695.8256532066507,-4.49,0
Cereal Trix 700 g,Trix,Santa Isabel,Despensa,6130.0,3695.8256532066507,65.86,2
Salsa de Soya Gourmet Light 500 cc,Gourmet,Santa Isabel,Despensa,4360.0,3695.8256532066507,17.97,0
Base Maggi Sabores del Mundo Lomo Saltado 26 g,Maggi,Santa Isabel,Despensa,1090.0,3695.8256532066507,-70.51,0
Ají Mostaza Suave Traverso Doypack 700 g,Traverso,Santa Isabel,Despensa,3150.0,3695.8256532066507,-14.77,0
Fideos Instantáneos Traverso Sachet Verduras 85 g,Traverso,Santa Isabel,Despensa,630.0,3695.8256532066507,-82.95,0
Caldo Polvo Gourmet Gallina 48 g 6 un.,Gourmet,Santa Isabel,Despensa,830.0,3695.8256532066507,-77.54,0
Salsa BBQ Traverso Vintage 450 g,Traverso,Santa Isabel,Despensa,1790.0,3695.8256532066507,-51.57,0
Puré de Papas Maggi 93 g,Maggi,Santa Isabel,Despensa,1190.0,3695.8256532066507,-67.8,0
Pasta de Arroz Spaguetti Tucapel 250 g,Tucapel,Santa Isabel,Despensa,1750.0,3695.8256532066507,-52.65,0
Crema Pollo Cuisine & Co 72 g,Cuisine & Co,Santa Isabel,Despensa,540.0,3695.8256532066507,-85.39,0
Crema Avellana Nutella Alemana 750 + 75 g,Importado Jumbo,Santa Isabel,Despensa,12490.0,3695.8256532066507,237.95,2
Base Maggi para Pollo Crispy 80 g,Maggi,Santa Isabel,Despensa,850.0,3695.8256532066507,-77.0,0
Muesli Viola Uva Bolsa 1 kg,Viola,Santa Isabel,Despensa,5290.0,3695.8256532066507,43.13,2
Espirales Lucchetti Protein 400 g,Lucchetti,Santa Isabel,Despensa,1610.0,3695.8256532066507,-56.44,0
Salero Biosal Light 125 g,Biosal,Santa Isabel,Despensa,1450.0,3695.8256532066507,-60.77,2
"Atún Lomitos en Aceite de Oliva 104 g drenado, 130 g neto",Robinson Crusoe,Santa Isabel,Despensa,2090.0,3695.8256532066507,-43.45,0
Sucralosa Cuisine & Co en Tabletas 500 un.,Cuisine & Co,Santa Isabel,Despensa,3340.0,3695.8256532066507,-9.63,0
Comida Instantánea Maruchan Camarones Pote 64 g,Maruchan,Santa Isabel,Despensa,1330.0,3695.8256532066507,-64.01,0
Salsa para Sandwich Kühne 250 g,Kühne,Santa Isabel,Despensa,3490.0,3695.8256532066507,-5.57,2
Sopa Para Uno Maggi Pollo Merkén 16 g,Maggi,Santa Isabel,Despensa,530.0,3695.8256532066507,-85.66,0
Mermelada Vieja Fábrica Mora 280 g,La Vieja Fábrica,Santa Isabel,Despensa,2990.0,3695.8256532066507,-19.1,2
Palmitos Cuisine & Co Corte Arroz 220 g drenado,Cuisine & Co,Santa Isabel,Despensa,1990.0,3695.8256532066507,-46.16,0
Base Maggi Jugoso Al Horno Pollo Mediterráneo 25 g,Maggi,Santa Isabel,Despensa,1090.0,3695.8256532066507,-70.51,0
Tajín Chamoy 475 ml,Tajín,Santa Isabel,Despensa,6590.0,3695.8256532066507,78.31,2
Mantequilla de Maní Crunchy King 350 g,Mani King,Santa Isabel,Despensa,2190.0,3695.8256532066507,-40.74,2
Kétchup JB Regular Doypack 240 g,JB,Santa Isabel,Despensa,1730.0,3695.8256532066507,-53.19,0
Choritos Al Natural San José 100 g drenado 190 g neto,San José,Santa Isabel,Despensa,1860.0,3695.8256532066507,-49.67,0
"Colorantes Azul, Amarillo y Rojo 25 cc 3 un.",Gourmet,Santa Isabel,Despensa,3210.0,3695.8256532066507,-13.15,0
Yerba Mate Supremo Argentina 8 Hierbas 500 g,Supremo,Santa Isabel,Despensa,3390.0,3695.8256532066507,-8.27,0
Infusión Lipton Manzanilla 20 un.,Lipton,Santa Isabel,Despensa,1720.0,3695.8256532066507,-53.46,0
Café Cápsulas Cuisine & Co Fortissimo Compostables 10 un.,Cuisine & Co,Santa Isabel,Despensa,4590.0,3695.8256532066507,24.19,0
Sal Lobos de Selección Yodada Frasco 250 g,Lobos,Santa Isabel,Despensa,990.0,3695.8256532066507,-73.21,0
Cúrcuma Molida Carmencita Basic 31 g,Carmencita,Santa Isabel,Despensa,1690.0,3695.8256532066507,-54.27,2
Duraznos Trozos Cuisine & Co 340 g drenado,Cuisine & Co,Santa Isabel,Despensa,2190.0,3695.8256532066507,-40.74,0
Fideos Spaghetti 5 Proteínas Carozzi 350 g,Carozzi,Santa Isabel,Despensa,1190.0,3695.8256532066507,-67.8,0
Salsa de Tomate Cuisine & Co American Dream Marinara 680 g,Cuisine & Co,Santa Isabel,Despensa,4250.0,3695.8256532066507,14.99,0
Harina Tostada Kunstmann 500 g,Kunstmann,Santa Isabel,Despensa,1240.0,3695.8256532066507,-66.45,2
Crema Maggi de La Huerta Espinaca Puerro Ciboulette 42G 2 Porciones,Maggi,Santa Isabel,Despensa,970.0,3695.8256532066507,-73.75,0
Barra de Cereal Cuisine & Co Chocolate 6 un.,Cuisine & Co,Santa Isabel,Despensa,1790.0,3695.8256532066507,-51.57,0
Pimiento Morrón Deyco Entero 125 g drenado,Deyco,Santa Isabel,Despensa,1690.0,3695.8256532066507,-54.27,2
Café Instantáneo Nescafé Black Roast Frasco 170 g,Nescafé,Santa Isabel,Despensa,9350.0,3695.8256532066507,152.99,0
Cereal Kit Kat 210 g,Nestlé,Santa Isabel,Despensa,2590.0,3695.8256532066507,-29.92,0
Avena Tradicional Cuisine & Co 450 g,Cuisine & Co,Santa Isabel,Despensa,1750.0,3695.8256532066507,-52.65,0
Barra de Cereal Costa Nuts Almendras 5 un.,Costa,Santa Isabel,Despensa,1690.0,3695.8256532066507,-54.27,0
"Cóctel de Frutas Wasil 340 g drenado, 560 g neto",Wasil,Santa Isabel,Despensa,3320.0,3695.8256532066507,-10.17,0
Arroz Risotto Miraflores 400 g,Miraflores,Santa Isabel,Despensa,2280.0,3695.8256532066507,-38.31,0
Miel de Palma Cocalan Botella 330 g,Cocalan,Santa Isabel,Despensa,6960.0,3695.8256532066507,88.32,2
"Trozos de Salmón en Aceite 100 g drenado, 170 g neto",Cuisine & Co,Santa Isabel,Despensa,3310.0,3695.8256532066507,-10.44,0
Té Ceylán Supremo Línea Oro Caja 200 g 100 un.,Supremo,Santa Isabel,Despensa,4190.0,3695.8256532066507,13.37,0
Alimento de Coco Samui Libre de Gluten y Lactosa 400 ml,Samui,Santa Isabel,Despensa,1832.0,3695.8256532066507,-50.43,2
Cobertura Gourmet Chocolate de Leche 500 g,Gourmet,Santa Isabel,Despensa,6850.0,3695.8256532066507,85.34,0
Pasta Para Uno Carozzi Caracoqueso 70 g,Carozzi,Santa Isabel,Despensa,1340.0,3695.8256532066507,-63.74,0
Café Juan Valdez Volcán Molido 250 g,Juan Valdez,Santa Isabel,Despensa,13930.0,3695.8256532066507,276.91,2
Café Cápsulas Cuisine & Co Classico Decaf 10 un.,Cuisine & Co,Santa Isabel,Despensa,4590.0,3695.8256532066507,24.19,0
Yerba Mate Playadito con Hierbas 500 g,Playadito,Santa Isabel,Despensa,3493.0,3695.8256532066507,-5.49,2
Corbata Tr3S Lucchetti 400 g,Lucchetti,Santa Isabel,Despensa,1130.0,3695.8256532066507,-69.42,0
Mayonesa Kraft Real Mayo Light Frasco 447 g,Kraft,Santa Isabel,Despensa,4990.0,3695.8256532066507,35.02,0
Cereal Zucosos 700 g,Zucosos,Santa Isabel,Despensa,6130.0,3695.8256532066507,65.86,2
"Duraznos en Trocitos Dos Caballos 480 g drenado, 820 g neto",Dos Caballos,Santa Isabel,Despensa,3250.0,3695.8256532066507,-12.06,2
Nutella 140 g,Ferrero,Santa Isabel,Despensa,4460.0,3695.8256532066507,20.68,2
Eneldo Gourmet Sobre 8 g,Gourmet,Santa Isabel,Despensa,690.0,3695.8256532066507,-81.33,0
Sazonador para Tacos Gourmet Sobre 48 g,Gourmet,Santa Isabel,Despensa,1250.0,3695.8256532066507,-66.18,0
Sopa Maggi Para Uno Consomé de Pollo 12 g,Maggi,Santa Isabel,Despensa,530.0,3695.8256532066507,-85.66,0
Cabellitos de Ángel Talliani 400 g,Talliani,Santa Isabel,Despensa,1000.0,3695.8256532066507,-72.94,0
Pack 6 un. Crema de Leche Soprole Natural 200 ml,Soprole,Santa Isabel,Despensa,8520.0,3695.8256532066507,130.53,0
Chuchoca Oso 250 g,Oso,Santa Isabel,Despensa,850.0,3695.8256532066507,-77.0,2
Aliño César Gourmet Envase 250 g,Gourmet,Santa Isabel,Despensa,2650.0,3695.8256532066507,-28.3,0
Café Instantáneo Nescafé Tradición Tarro 100 g,Nescafé,Santa Isabel,Despensa,6290.0,3695.8256532066507,70.19,0
"Choritos Lata 200 g drenado, 425 g neto",Robinson Crusoe,Santa Isabel,Despensa,4360.0,3695.8256532066507,17.97,0
Lentejas 5 mm Iansa Agro 1 kg,Iansa Agro,Santa Isabel,Despensa,2890.0,3695.8256532066507,-21.8,0
Aceite de Maravilla Natura Libre de Colesterol 1.5 L,Natura,Santa Isabel,Despensa,5710.0,3695.8256532066507,54.5,2
Pesto Genovese Barilla 190 g,Barilla,Santa Isabel,Despensa,5610.0,3695.8256532066507,51.79,2
Quinoa Lavada Mi Tierra 600 g,Mi Tierra,Santa Isabel,Despensa,6090.0,3695.8256532066507,64.78,2
Crema de Leche Soprole Sin Lactosa 1 L,Soprole,Santa Isabel,Despensa,5950.0,3695.8256532066507,60.99,0
Base Maggi Jugoso Al Horno Pollo Finas Hierbas 24 g,Maggi,Santa Isabel,Despensa,1090.0,3695.8256532066507,-70.51,0
Arroz Grado 1 Tucapel Grano Largo Delgado 1 kg,Tucapel,Santa Isabel,Despensa,2340.0,3695.8256532066507,-36.69,0
Vinagre de Manzana Orgánico 500 ml,Vitta,Santa Isabel,Despensa,6230.0,3695.8256532066507,68.57,2
Mostaza Heinz Clásica Regular Squeeze 226 g,Heinz,Santa Isabel,Despensa,4050.0,3695.8256532066507,9.58,0
"Duraznos en Cubitos Wasil 200 g drenado, 380 g neto",Wasil,Santa Isabel,Despensa,1190.0,3695.8256532066507,-67.8,0
Sémola Ambrosoli con Caramelo 150 g,Ambrosoli,Santa Isabel,Despensa,1260.0,3695.8256532066507,-65.91,0
Syrup Cuisine & Co American Dream Original 709 ml,Cuisine & Co,Santa Isabel,Despensa,2990.0,3695.8256532066507,-19.1,0
Barra Proteína Your Goal Snack Banana Chips & Caramel 5 un.,Your Goal,Santa Isabel,Despensa,6990.0,3695.8256532066507,89.13,2
Choritos Salsa Picante 100 g drenado,Cuisine & Co,Santa Isabel,Despensa,1750.0,3695.8256532066507,-52.65,0
Mermelada Cuisine & Co Damasco 250 g,Cuisine & Co,Santa Isabel,Despensa,1080.0,3695.8256532066507,-70.78,0
Mostaza Traverso Suave Vintage 450 g,Traverso,Santa Isabel,Despensa,2190.0,3695.8256532066507,-40.74,0
"Duraznos Aconcagua Mitades 480 g drenado, 820 g neto",Aconcagua,Santa Isabel,Despensa,2690.0,3695.8256532066507,-27.22,0
Miel de Abeja Trapense Pote 200 g,Trapense,Santa Isabel,Despensa,2690.0,3695.8256532066507,-27.22,2
Caldo Gallina Cuisine & Co 88 g,Cuisine & Co,Santa Isabel,Despensa,970.0,3695.8256532066507,-73.75,0
Cereal En Línea Hojuelas de Maíz 330 g,En Línea,Santa Isabel,Despensa,2890.0,3695.8256532066507,-21.8,0
Miel Pura de Abejas Mailemu Bosque Nativo 300 g,Mailemu,Santa Isabel,Despensa,3900.0,3695.8256532066507,5.52,2
Canelones Lucchetti 250 g,Lucchetti,Santa Isabel,Despensa,2340.0,3695.8256532066507,-36.69,0
"Choritos en Aceite 200 g drenado, 425 g neto",Robinson Crusoe,Santa Isabel,Despensa,4360.0,3695.8256532066507,17.97,0
Trigo Mote Oso 500 g,Oso,Santa Isabel,Despensa,1470.0,3695.8256532066507,-60.23,2
Crema de Champiñónes Gourmet Receta Premium Sobre 50 g,Gourmet,Santa Isabel,Despensa,750.0,3695.8256532066507,-79.71,0
Harina Tostada Oso 500 g,Oso,Santa Isabel,Despensa,1300.0,3695.8256532066507,-64.83,2
Té Negro Ceylon Dilmah Premium 20 un.,Dilmah,Santa Isabel,Despensa,2550.0,3695.8256532066507,-31.0,2
Barra de Cereal Quaker Frutilla 108 g 6 un.,Quaker,Santa Isabel,Despensa,2130.0,3695.8256532066507,-42.37,0
Ensalada de Atún Robinson Crusoe con Quinoa y Cúrcuma 160 g neto,Robinson Crusoe,Santa Isabel,Despensa,2890.0,3695.8256532066507,-21.8,0
Salsa de Soya Gourmet 165 cc,Gourmet,Santa Isabel,Despensa,2380.0,3695.8256532066507,-35.6,0
Mango en Trocitos Watt 500 g,Wasil,Santa Isabel,Despensa,2690.0,3695.8256532066507,-27.22,0
Aceite de Pepita de Uva Olitalia 500 ml,Olitalia,Santa Isabel,Despensa,4690.0,3695.8256532066507,26.9,2
Tallarín Cuisine & Co Vitaminizado 400 g,Cuisine & Co,Santa Isabel,Despensa,790.0,3695.8256532066507,-78.62,0
Aceite Freidora Spray La Española 200 ml,La Española,Santa Isabel,Despensa,3990.0,3695.8256532066507,7.96,2
Mermelada Cuisine & Co Durazno 250 g,Cuisine & Co,Santa Isabel,Despensa,1080.0,3695.8256532066507,-70.78,0
Salsa Alfredo Gourmet Sobre 41 G,Gourmet,Santa Isabel,Despensa,840.0,3695.8256532066507,-77.27,0
Sal Rosada Los Boldos Fina Doypack 1 kg,Los Boldos,Santa Isabel,Despensa,3800.0,3695.8256532066507,2.82,2
Mayonesa NotMayo Doypack 200 g,NotCo,Santa Isabel,Despensa,1990.0,3695.8256532066507,-46.16,0
Cereal Mini Pillows 350 g,Pillows,Santa Isabel,Despensa,2890.0,3695.8256532066507,-21.8,2
Champiñónes Enteros 230 g drenado,Cuisine & Co,Santa Isabel,Despensa,1490.0,3695.8256532066507,-59.68,0
Stevia Cuisine & Co 100% Líquida 180 ml,Cuisine & Co,Santa Isabel,Despensa,3490.0,3695.8256532066507,-5.57,0
Endulzante Líquido Daily Stevia 270 ml,Daily,Santa Isabel,Despensa,3840.0,3695.8256532066507,3.9,0
Cous Cous de Sémola La Molisana 500 g,La Molisana,Santa Isabel,Despensa,1684.0,3695.8256532066507,-54.44,2
Sopa Pollo Fideos 70 g,Cuisine & Co,Santa Isabel,Despensa,540.0,3695.8256532066507,-85.39,0
Base para Preparar Gourmet Pollo Crispy 80 g,Gourmet,Santa Isabel,Despensa,860.0,3695.8256532066507,-76.73,0
Aceite de Oliva Olitalia Extra Virgen 500 ml,Olitalia,Santa Isabel,Despensa,7990.0,3695.8256532066507,116.19,2
Mermelada Tía Lía Frutilla 250 g,Tía Lía,Santa Isabel,Despensa,830.0,3695.8256532066507,-77.54,2
"Mermelada Light Tía Lía Sabor Frutilla, 250 g",Tía Lía,Santa Isabel,Despensa,950.0,3695.8256532066507,-74.3,2
Sal Parrillera Cuisine & Co 750 g,Cuisine & Co,Santa Isabel,Despensa,1460.0,3695.8256532066507,-60.5,0
Endulzante Daily Stevia Ingredientes Orgánicos 180 ml,Daily Sweet,Santa Isabel,Despensa,3072.0,3695.8256532066507,-16.88,2
Salsa para Carne Gourmet Sobre 30 g,Gourmet,Santa Isabel,Despensa,840.0,3695.8256532066507,-77.27,0
Gelatina Vivo Sin Azúcar Durazno 22 g,Vivo,Santa Isabel,Despensa,870.0,3695.8256532066507,-76.46,0
"Duraznos Mitades Wasil 220 g drenado, 500 g neto",Wasil,Santa Isabel,Despensa,1820.0,3695.8256532066507,-50.76,0
Sal Lobos Fina de Mesa Pote 850 g,Lobos,Santa Isabel,Despensa,1720.0,3695.8256532066507,-53.46,0
Café Liofilizado Cuisine & Co 100 g,Cuisine & Co,Santa Isabel,Despensa,7850.0,3695.8256532066507,112.4,0
Pasta Granizo N°73 Carozzi 250 g,Carozzi,Santa Isabel,Despensa,690.0,3695.8256532066507,-81.33,0
Crema Espárragos 68 g,Cuisine & Co,Santa Isabel,Despensa,540.0,3695.8256532066507,-85.39,0
Proteína de Soya XL Gourmet 180 g,Gourmet,Santa Isabel,Despensa,2690.0,3695.8256532066507,-27.22,0
Crema de Zapallo Gourmet Receta Premium Sobre 53 g,Gourmet,Santa Isabel,Despensa,750.0,3695.8256532066507,-79.71,0
Muesli Viola Clásico Bolsa 1 kg,Viola,Santa Isabel,Despensa,5290.0,3695.8256532066507,43.13,2
Té Club Ceylán Premium 50 un.,Club,Santa Isabel,Despensa,2350.0,3695.8256532066507,-36.41,2
Sésamo Tostado Mi Tierra 100 g,Mi Tierra,Santa Isabel,Despensa,1570.0,3695.8256532066507,-57.52,2
Crema Maggi de La Huerta Champiñones 42 g 2 Porciones,Maggi,Santa Isabel,Despensa,970.0,3695.8256532066507,-73.75,0
Salsa de Tomate Basilico Barilla con Albahaca 400 g,Barilla,Santa Isabel,Despensa,4670.0,3695.8256532066507,26.36,2
Té Supremo Luxury 80 un.,Supremo,Santa Isabel,Despensa,5710.0,3695.8256532066507,54.5,0
Puré de Papas Maggi 751 G,Maggi,Santa Isabel,Despensa,5690.0,3695.8256532066507,53.96,0
"Cerezas con Carozo Wasil 250 g drenado, 500 g neto",Wasil,Santa Isabel,Despensa,1990.0,3695.8256532066507,-46.16,0
Mostaza Kraft Clásica Regular Doypack 220 g,Kraft,Santa Isabel,Despensa,1000.0,3695.8256532066507,-72.94,0
Café Juan Valdez Liofilizado Instantáneo 95 g,Juan Valdez,Santa Isabel,Despensa,20270.0,3695.8256532066507,448.46,1
Endulzante Stevia Daily 300 Comprimidos,Daily,Santa Isabel,Despensa,2232.0,3695.8256532066507,-39.61,0
Sal de Mar Lobos Extra Gruesa 800 g,Lobos,Santa Isabel,Despensa,2280.0,3695.8256532066507,-38.31,0
Mayonesa Regular 760 g,Cuisine & Co,Santa Isabel,Despensa,2590.0,3695.8256532066507,-29.92,0
"Champiñones Enteros Esmeralda 230 g drenado, 400 g neto",Esmeralda,Santa Isabel,Despensa,2190.0,3695.8256532066507,-40.74,0
Leche Condensada Soprole Tarro 396 g,Soprole,Santa Isabel,Despensa,1860.0,3695.8256532066507,-49.67,0
Lentejón 7 mm Martini Laird Grado 1 - 500 g,Martini,Santa Isabel,Despensa,1860.0,3695.8256532066507,-49.67,0
Mayonesa Hellmann's Ajo Squeeze 335 g,Hellmann's,Santa Isabel,Despensa,3490.0,3695.8256532066507,-5.57,0
Crema Ácida Refrigerada Loncoleche 140 g,Loncoleche,Santa Isabel,Despensa,2000.0,3695.8256532066507,-45.88,0
Salsa Deshidratada Maggi Blanca 36 g,Maggi,Santa Isabel,Despensa,860.0,3695.8256532066507,-76.73,0
Aliño Completo Sobre 15 g,Gourmet,Santa Isabel,Despensa,320.0,3695.8256532066507,-91.34,0
Arroz Preparado Miraflores Curry 175 g,Miraflores,Santa Isabel,Despensa,1150.0,3695.8256532066507,-68.88,0
Pack 2 un. Mayonesa Kraft Real Mayo Regular 1.58 kg,Kraft,Santa Isabel,Despensa,12490.0,3695.8256532066507,237.95,0
Vinagre Manzana Traverso 1 L,Traverso,Santa Isabel,Despensa,4150.0,3695.8256532066507,12.29,0
Caldo de Carne 80 g,Cuisine & Co,Santa Isabel,Despensa,970.0,3695.8256532066507,-73.75,0
Té Matcha Latte Krüger Coco 25 g 10 un.,Kruger,Santa Isabel,Despensa,3890.0,3695.8256532066507,5.25,2
Crema de Avellanas Cuisine & Co Dúo 350 g,Cuisine & Co,Santa Isabel,Despensa,3290.0,3695.8256532066507,-10.98,0
Lentejas Iansa Agro Listas 390 g,Iansa Agro,Santa Isabel,Despensa,1450.0,3695.8256532066507,-60.77,0
Cereal Chocapic Receta Original 390 g,Chocapic,Santa Isabel,Despensa,3490.0,3695.8256532066507,-5.57,0
Cereal Milo 390 g,Milo,Santa Isabel,Despensa,3490.0,3695.8256532066507,-5.57,0
Ají Crema Don Juan Chile 900 g,Don Juan,Santa Isabel,Despensa,2070.0,3695.8256532066507,-43.99,0
Polenta Italina Martini 500 g,Martini,Santa Isabel,Despensa,1240.0,3695.8256532066507,-66.45,0
Pimienta Negra Gourmet Molida Gruesa Sobre 15 g,Gourmet,Santa Isabel,Despensa,700.0,3695.8256532066507,-81.06,0
"Barra Proteína Vegana Wild Protein Chocolate Bitter 5 un. 45 g, 225 g neto",The Wild Foods,Santa Isabel,Despensa,4990.0,3695.8256532066507,35.02,0
"Duraznos en Conserva Dos Caballos Lata 340 g drenado, 590 g neto",Dos Caballos,Santa Isabel,Despensa,2550.0,3695.8256532066507,-31.0,2
Jurel en Salsa de Tomate 300 g drenado,Cuisine & Co,Santa Isabel,Despensa,2180.0,3695.8256532066507,-41.01,0
Azúcar Cuisine & Co 5 kg,Cuisine & Co,Santa Isabel,Despensa,4950.0,3695.8256532066507,33.93,0
Base para Preparar Gourmet Hamburguesas 90 g,Gourmet,Santa Isabel,Despensa,860.0,3695.8256532066507,-76.73,0
"Pack 3 un. Atún Lomitos en Aceite 52 g drenado, 65 g neto",Robinson Crusoe,Santa Isabel,Despensa,3690.0,3695.8256532066507,-0.16,0
Sopa Caracolitos 76 g,Cuisine & Co,Santa Isabel,Despensa,540.0,3695.8256532066507,-85.39,0
Café Helado Nescafé Latte 240 cc,Nescafé,Santa Isabel,Despensa,1790.0,3695.8256532066507,-51.57,0
Fideos Espiral Proteínas Carozzi 350 g,Carozzi,Santa Isabel,Despensa,1190.0,3695.8256532066507,-67.8,0
Ají Chileno JB Botella 240 g,JB,Santa Isabel,Despensa,1610.0,3695.8256532066507,-56.44,0
Pasta Fetuccine La Molisana 500 g,La Molisana,Santa Isabel,Despensa,1294.0,3695.8256532066507,-64.99,2
Cereal Vivo Line Yogurt 350 g,Vivo,Santa Isabel,Despensa,2850.0,3695.8256532066507,-22.89,0
Semilla de Linaza Mi Tierra Bolsa 200 g,Mi Tierra,Santa Isabel,Despensa,1390.0,3695.8256532066507,-62.39,2
Merkén Cuisine & Co 15 g,Cuisine & Co,Santa Isabel,Despensa,410.0,3695.8256532066507,-88.91,0
Corbatas Vitaminizadas 400 g,Cuisine & Co,Santa Isabel,Despensa,790.0,3695.8256532066507,-78.62,0
Vinagre Manzana Sin Filtrar Traverso 500 ml,Traverso,Santa Isabel,Despensa,4290.0,3695.8256532066507,16.08,0
Salsa para Postres Gourmet Caramelo 300 g,Gourmet,Santa Isabel,Despensa,2130.0,3695.8256532066507,-42.37,0
Aji Chileno Cuisine & Co Doypack 500 g,Cuisine & Co,Santa Isabel,Despensa,1520.0,3695.8256532066507,-58.87,0
Crema de Tomates Gourmet Al Parmesano Sobre 53 g,Gourmet,Santa Isabel,Despensa,750.0,3695.8256532066507,-79.71,0
Pasta Mascarroni N°45 Carozzi 400 g,Carozzi,Santa Isabel,Despensa,790.0,3695.8256532066507,-78.62,0
Sal de Mar Fina Cuisine & Co 800 g,Cuisine & Co,Santa Isabel,Despensa,1490.0,3695.8256532066507,-59.68,0
Sopa Costilla Fideos 60 g,Cuisine & Co,Santa Isabel,Despensa,540.0,3695.8256532066507,-85.39,0
Harina Mont Blanc Sin Polvos de Hornear 5 kg,Mont Blanc,Santa Isabel,Despensa,6630.0,3695.8256532066507,79.39,2
Choritos Al Natural Angelmo 213 g drenado,Angelmo,Santa Isabel,Despensa,2120.0,3695.8256532066507,-42.64,2
Duraznos Mitades 230 g drenado,Cuisine & Co,Santa Isabel,Despensa,1360.0,3695.8256532066507,-63.2,0
Aceite de Oliva Olave Premium Extra Virgen 1 L,Olave,Santa Isabel,Despensa,15890.0,3695.8256532066507,329.94,2
Salsa BBQ Cuisine & Co American Dream Original 510 g,Cuisine & Co,Santa Isabel,Despensa,3430.0,3695.8256532066507,-7.19,0
Chorito Al Natural San José Bajo en Sodio 190 g neto,San José,Santa Isabel,Despensa,1970.0,3695.8256532066507,-46.7,0
Crema Chantilly Soprole 250 g,Soprole,Santa Isabel,Despensa,4840.0,3695.8256532066507,30.96,0
"Barra Proteína Wild Protein Lemon Pie 5 un. 45 g, 225 g neto",The Wild Foods,Santa Isabel,Despensa,4990.0,3695.8256532066507,35.02,0
Flan Ambrosoli Chocolate 90 g,Ambrosoli,Santa Isabel,Despensa,1280.0,3695.8256532066507,-65.37,0
Caldo Verduras 80 g,Cuisine & Co,Santa Isabel,Despensa,970.0,3695.8256532066507,-73.75,0
Ajo en Polvo Carmencita Basic 40 g,Carmencita,Santa Isabel,Despensa,1890.0,3695.8256532066507,-48.86,2
Palmitos Cuisine & Co Corte Cabello de Ángel 400 g,Cuisine & Co,Santa Isabel,Despensa,1990.0,3695.8256532066507,-46.16,0
Papel de Arroz Exotic Food Caja 100 g,Exotic Food,Santa Isabel,Despensa,1043.0,3695.8256532066507,-71.78,0
Avena Quaker Multisemillas 600 g,Quaker,Santa Isabel,Despensa,3730.0,3695.8256532066507,0.92,0
Sopa Maggi Sabor Carne con Fideos 60 g,Maggi,Santa Isabel,Despensa,600.0,3695.8256532066507,-83.77,0
Sopa Naturezza Casera Pantrucas 110 g,Naturezza,Santa Isabel,Despensa,1170.0,3695.8256532066507,-68.34,2
Preparado Panificable 700 g,No+Gluten,Santa Isabel,Despensa,6960.0,3695.8256532066507,88.32,2
Cereal Mono Crunch Rolls 360 g,Costa,Santa Isabel,Despensa,3940.0,3695.8256532066507,6.61,0
Leche Condensada Nestlé Sin Lactosa Tarro 397 g,Nestlé,Santa Isabel,Despensa,3110.0,3695.8256532066507,-15.85,0
Gelatina Livean Sin Azúcar Naranja 20 g,Livean,Santa Isabel,Despensa,820.0,3695.8256532066507,-77.81,0
Puré de Papas Instantáneo Alcafood Tradicional 250 g,Alcafood,Santa Isabel,Despensa,2130.0,3695.8256532066507,-42.37,2
Tajín Clásico 142 g,Tajín,Santa Isabel,Despensa,4690.0,3695.8256532066507,26.9,2
Mostacholi Noglut Sin Gluten 250 g,NoGlut,Santa Isabel,Despensa,1970.0,3695.8256532066507,-46.7,2
Salsa de Tomate Cuisine & Co Boloñesa 200 g,Cuisine & Co,Santa Isabel,Despensa,830.0,3695.8256532066507,-77.54,0
Crema de Cacao Krüger con Avellanas 400 g,Krüger,Santa Isabel,Despensa,4790.0,3695.8256532066507,29.61,2
Mantequilla de Maní American Classic Crocante 510 g,American Classic,Santa Isabel,Despensa,2590.0,3695.8256532066507,-29.92,2
Arroz Grado 1 Iansa Agro Gran Selección 1 kg,Iansa Agro,Santa Isabel,Despensa,2290.0,3695.8256532066507,-38.04,0
Cereal Milo 30 g,Milo,Santa Isabel,Despensa,640.0,3695.8256532066507,-82.68,0
Salsa de Champiñones Gourmet Sobre 30 g,Gourmet,Santa Isabel,Despensa,840.0,3695.8256532066507,-77.27,0
Stevia Sucralosa Cuisine & Co Líquida 400 ml,Cuisine & Co,Santa Isabel,Despensa,4030.0,3695.8256532066507,9.04,0
Arrollado Primavera Cuisine & Co 400 g,Cuisine & Co,Santa Isabel,Despensa,3990.0,3695.8256532066507,7.96,0
Barra de Cereal En Línea Manzana 15 g 6 un.,En Línea,Santa Isabel,Despensa,1790.0,3695.8256532066507,-51.57,0
Yerba Mate Taragüi con Palo 500 g,Taragüi,Santa Isabel,Despensa,3530.0,3695.8256532066507,-4.49,2
Ají Color Cuisine & Co 15 g,Cuisine & Co,Santa Isabel,Despensa,260.0,3695.8256532066507,-92.97,0
Kétchup Heinz Regular Squeeze 397 g,Heinz,Santa Isabel,Despensa,4050.0,3695.8256532066507,9.58,0
Kétchup Cuisine & Co 500 g,Cuisine & Co,Santa Isabel,Despensa,1990.0,3695.8256532066507,-46.16,0
Fideos Instantáneos Traverso Sachet Pollo 85 g,Traverso,Santa Isabel,Despensa,630.0,3695.8256532066507,-82.95,0
Fusilli Vivo Sin Gluten 400 g,Vivo,Santa Isabel,Despensa,3530.0,3695.8256532066507,-4.49,0
Salsa Tártara Don Juan 250 g,Don Juan,Santa Isabel,Despensa,1350.0,3695.8256532066507,-63.47,0
Pack 6 un. Crema de Leche Light 200 ml,Cuisine & Co,Santa Isabel,Despensa,7500.0,3695.8256532066507,102.93,0
Ajo en Polvo Gourmet 100 g,Gourmet,Santa Isabel,Despensa,1610.0,3695.8256532066507,-56.44,0
Mayonesa Kraft MayoDeli Doypack 650 g,Kraft,Santa Isabel,Despensa,2290.0,3695.8256532066507,-38.04,0
Habas Wasil 190 g drenado,Wasil,Santa Isabel,Despensa,2550.0,3695.8256532066507,-31.0,0
Surtido de Mariscos Cuisine & Co en Aceite 100 g drenado,Cuisine & Co,Santa Isabel,Despensa,1890.0,3695.8256532066507,-48.86,0
"Albóndigas de Atún en Salsa de Tomate Cuisine & Co 104 g drenado, 160 g neto",Cuisine & Co,Santa Isabel,Despensa,2650.0,3695.8256532066507,-28.3,0
Té Negro Lipton Naranja Caja Pirámide,Lipton,Santa Isabel,Despensa,2990.0,3695.8256532066507,-19.1,2
Kétchup Máxima 240 g,Máxima,Santa Isabel,Despensa,770.0,3695.8256532066507,-79.17,0
Harina Sin Polvos de Hornear 3 kg,Cuisine & Co,Santa Isabel,Despensa,3890.0,3695.8256532066507,5.25,0
Gelatina Stevia Durazno 22 g,Cuisine & Co,Santa Isabel,Despensa,608.0,3695.8256532066507,-83.55,0
Pickles nuestra cocina 400 g,NUESTRA COCINA,Unimarc,Despensa,1550.0,3695.8256532066507,-58.06,0
Base maggi lomo saltado 26 g,MAGGI,Unimarc,Despensa,1090.0,3695.8256532066507,-70.51,0
Sal fina nuestra cocina salero 500 g,NUESTRA COCINA,Unimarc,Despensa,1250.0,3695.8256532066507,-66.18,0
Arroz preparado miraflores campesino 210 g,MIRAFLORES,Unimarc,Despensa,1190.0,3695.8256532066507,-67.8,0
Puri ramitas purisnacks garbanzos queso 125 g,PURISNACKS,Unimarc,Despensa,2650.0,3695.8256532066507,-28.3,0
Aceitunas verdes nucete rellenas con pimentón frasco 330 g,NUCETE,Unimarc,Despensa,3450.0,3695.8256532066507,-6.65,2
Semilla de zapallo granel 200 g,FRUTOS SECOS GRANEL,Unimarc,Despensa,2728.0,3695.8256532066507,-26.19,2
Salsa de tomate malloa italiana 200 g,MALLOA,Unimarc,Despensa,890.0,3695.8256532066507,-75.92,2
Porotos negros esmeralda lata 400 g neto - 240 g drenado,ESMERALDA,Unimarc,Despensa,1350.0,3695.8256532066507,-63.47,0
Chuchoca molida dimme 500 g,DIMME,Unimarc,Despensa,2690.0,3695.8256532066507,-27.22,2
Ramitas evercrisp sabor queso mantecoso 40 g,EVERCRISP,Unimarc,Despensa,590.0,3695.8256532066507,-84.04,0
Endulzante líquido brota natural stevia 100 ml,BROTA,Unimarc,Despensa,6990.0,3695.8256532066507,89.13,2
Chucrut sauerkraut la fermentista verdes vivos frasco 400 g,LA FERMENTISTA,Unimarc,Despensa,6290.0,3695.8256532066507,70.19,2
Caldo en polvo nuestra cocina pollo 6 un de 8 g,NUESTRA COCINA,Unimarc,Despensa,690.0,3695.8256532066507,-81.33,0
Ketchup vintage traverso doypack 250gr,TRAVERSO,Unimarc,Despensa,1190.0,3695.8256532066507,-67.8,0
Aceite vegetal belmont 5 l,BELMONT,Unimarc,Despensa,16290.0,3695.8256532066507,340.77,2
Doritos evercrisp sabor queso tamaño l bolsa 150 g,EVERCRISP,Unimarc,Despensa,1590.0,3695.8256532066507,-56.98,0
Fideos instant?neos maruchan camar?n pote 64 g,MARUCHAN,Unimarc,Despensa,1390.0,3695.8256532066507,-62.39,0
Poroto negro banquete 1 kg,BANQUETE,Unimarc,Despensa,3190.0,3695.8256532066507,-13.69,0
Cerezas perelló marrasquino rojas frasco 250 g neto - 140 g drenado,PERELLO,Unimarc,Despensa,2990.0,3695.8256532066507,-19.1,2
Papas fritas kryzpo wavy sal de mar lata 110 g,KRYZPO,Unimarc,Despensa,2290.0,3695.8256532066507,-38.04,0
Palmitos en rodajas esmeralda lata 400 g neto - 220 g drenado,ESMERALDA,Unimarc,Despensa,2790.0,3695.8256532066507,-24.51,0
Aceitunas huasco nuestra cocina bolsa 340 g,NUESTRA COCINA,Unimarc,Despensa,1650.0,3695.8256532066507,-55.36,0
Mix frutisa trail 70 g,FRUTISA,Unimarc,Despensa,1590.0,3695.8256532066507,-56.98,2
Choclitos cocktail esmeralda lata 425 g neto - 230 g drenado,ESMERALDA,Unimarc,Despensa,2950.0,3695.8256532066507,-20.18,0
Pepinillo picante stollenwerk ving 1.55 kg,STOLLENWERK,Unimarc,Despensa,6550.0,3695.8256532066507,77.23,2
Crunchy garbanzos sabor queso puri 140 g,PURISNACKS,Unimarc,Despensa,2990.0,3695.8256532066507,-19.1,0
Papaya andina giada frasco 580 g neto - 300 g drenado,GIADA,Unimarc,Despensa,6950.0,3695.8256532066507,88.05,2
Flan vivo chocolate con caramelo 90 g,VIVO,Unimarc,Despensa,1150.0,3695.8256532066507,-68.88,0
Pasta espirales lucchetti integral 400 g,LUCCHETTI,Unimarc,Despensa,1350.0,3695.8256532066507,-63.47,0
Porotos rojos iansa agro listos 390 g neto - 390 g drenado,IANSA AGRO,Unimarc,Despensa,1690.0,3695.8256532066507,-54.27,0
Frutillas esmeralda lata 410 g neto - 160 g drenado,ESMERALDA,Unimarc,Despensa,2690.0,3695.8256532066507,-27.22,0
Harina tostada oso 500 g,OSO,Unimarc,Despensa,1490.0,3695.8256532066507,-59.68,2
Proteína vegetal de soya la fuente natural 300 g,LA FUENTE NATURAL,Unimarc,Despensa,3590.0,3695.8256532066507,-2.86,2
Aceite de oliva extra virgen huasco 2lt,HUASCO,Unimarc,Despensa,26850.0,3695.8256532066507,626.5,1
Maní sin sal evercrisp 140 g,EVERCRISP,Unimarc,Despensa,1290.0,3695.8256532066507,-65.1,0
Sal rosada del himalaya lobos fina doypack 800 g,LOBOS,Unimarc,Despensa,3790.0,3695.8256532066507,2.55,0
Choclos wasil tetra 340 g neto - 190 g drenado,WASIL,Unimarc,Despensa,1650.0,3695.8256532066507,-55.36,0
Salsa teriyaki gourmet 165 ml,GOURMET,Unimarc,Despensa,3750.0,3695.8256532066507,1.47,0
Charqui de carne equina sembrasol 36 gr,SEMBRASOL,Unimarc,Despensa,4190.0,3695.8256532066507,13.37,2
Maní japonés de la rosa kazai 400 g,KAZAI,Unimarc,Despensa,4750.0,3695.8256532066507,28.52,2
Duraznos en cubitos esmeralda lata 425 g neto - 235 g drenado,ESMERALDA,Unimarc,Despensa,1990.0,3695.8256532066507,-46.16,0
Aceto balsámico kardamili 500 ml,KARDAMILI,Unimarc,Despensa,4690.0,3695.8256532066507,26.9,2
Piñas en trocitos esmeralda lata 565 g neto - 340 g drenado,ESMERALDA,Unimarc,Despensa,2250.0,3695.8256532066507,-39.12,0
Caldo de huesos vacuno manada pote 200 ml,MANADA,Unimarc,Despensa,3490.0,3695.8256532066507,-5.57,2
Pepinillos nuestra cocina 200 gr neto - 400 gr drenado,NUESTRA COCINA,Unimarc,Despensa,1390.0,3695.8256532066507,-62.39,0
Maní con pasas nuestra cocina 180 g,NUESTRA COCINA,Unimarc,Despensa,1190.0,3695.8256532066507,-67.8,0
Salsa barbecue vintage traverso doypack 250gr,TRAVERSO,Unimarc,Despensa,1190.0,3695.8256532066507,-67.8,0
Piñas en rodajas esmeralda lata 567 g neto - 340 g drenado,ESMERALDA,Unimarc,Despensa,2390.0,3695.8256532066507,-35.33,0
Duraznos en mitades esmeralda lata 425 g neto - 235 g drenado,ESMERALDA,Unimarc,Despensa,1990.0,3695.8256532066507,-46.16,0
Maíz curagua la fuente natural sin gluten 500 g,LA FUENTE NATURAL,Unimarc,Despensa,2390.0,3695.8256532066507,-35.33,2
Palmitos enteros esmeralda lata 400 g neto - 220 g drenado,ESMERALDA,Unimarc,Despensa,3490.0,3695.8256532066507,-5.57,0
Tortilla de maíz enrollada takis fuego 100 g,TAKIS,Unimarc,Despensa,1090.0,3695.8256532066507,-70.51,0
Champiñones laminados esmeralda lata 400 g neto - 230 g drenado,ESMERALDA,Unimarc,Despensa,2250.0,3695.8256532066507,-39.12,0
Mix de vegetales buka 35 g,BUKA,Unimarc,Despensa,500.0,3695.8256532066507,-86.47,0
Pepinillos stollenwerk encurtido en vinagre 720 g,STOLLENWERK,Unimarc,Despensa,5390.0,3695.8256532066507,45.84,2
Atún desmenuzado esmeralda en aceite 160 g drenado 104 g,ESMERALDA,Unimarc,Despensa,890.0,3695.8256532066507,-75.92,0
Passata di pomodoro nuestra cocina frasco 680 g,NUESTRA COCINA,Unimarc,Despensa,3990.0,3695.8256532066507,7.96,0
Gnocchi de papa nuestra cocina 500 g,NUESTRA COCINA,Unimarc,Despensa,2990.0,3695.8256532066507,-19.1,0
Pasta express nuestra cocina sabor verduras 85 g,NUESTRA COCINA,Unimarc,Despensa,560.0,3695.8256532066507,-84.85,0
Puré de papas instantáneo hoffmann bolsa 125gr,HOFFMANN,Unimarc,Despensa,1490.0,3695.8256532066507,-59.68,2
Salsa de soya pearl river bridge 500 ml,PEARL RIVER BRIDGE,Unimarc,Despensa,3490.0,3695.8256532066507,-5.57,2
Doritos evercrisp sabor burger 180 gr,EVERCRISP,Unimarc,Despensa,2000.0,3695.8256532066507,-45.88,0
Harina de avena selecta integral 850 g,SELECTA,Unimarc,Despensa,2390.0,3695.8256532066507,-35.33,0
Pasta de sésamo tahina alwadi 454 g,ALWADI,Unimarc,Despensa,9500.0,3695.8256532066507,157.05,2
Maní salado millantú doy pack 200 g,MILLANTU,Unimarc,Despensa,1230.0,3695.8256532066507,-66.72,0
Vinagre blanco nuestra cocina botella 500 ml,NUESTRA COCINA,Unimarc,Despensa,990.0,3695.8256532066507,-73.21,0
Popcorn pops costa frac 220 g,COSTA,Unimarc,Despensa,1770.0,3695.8256532066507,-52.11,2
Jalea livean berries libre de azúcar 20 g,LIVEAN,Unimarc,Despensa,890.0,3695.8256532066507,-75.92,0
Hoja de parra suk frasco 650 g,SUK,Unimarc,Despensa,5250.0,3695.8256532066507,42.05,2
Papas rústicas mostaza y miel marco polo 185gr,MARCO POLO,Unimarc,Despensa,2350.0,3695.8256532066507,-36.41,0
Maní confitado millantún bolsa 100 g,MILLANTU,Unimarc,Despensa,730.0,3695.8256532066507,-80.25,0
Tostadas artesanales nat crackers cranberry nuez 160 g,NAT,Unimarc,Despensa,4120.0,3695.8256532066507,11.48,2
Maní crocante millantú provenzal doy pack 100 g,MILLANTU,Unimarc,Despensa,690.0,3695.8256532066507,-81.33,0
Castañas en almíbar wasil tetra 570 gr,WASIL,Unimarc,Despensa,4900.0,3695.8256532066507,32.58,0
Nut mix con toque merkén sembrasol 270 g,SEMBRASOL,Unimarc,Despensa,3300.0,3695.8256532066507,-10.71,2
Maní crocante millantú barbecue bolsa 100 g,MILLANTU,Unimarc,Despensa,690.0,3695.8256532066507,-81.33,0
Flan caricia chocolate con salsa caramelo 110 g,CARICIA,Unimarc,Despensa,830.0,3695.8256532066507,-77.54,2
Mayonesa supreme hellmann's squeeze 330 gr,HELLMANNS,Unimarc,Despensa,3490.0,3695.8256532066507,-5.57,0
Papas fritas pringles queso 109 g,PRINGLES,Unimarc,Despensa,1870.0,3695.8256532066507,-49.4,2
Lasaña jamón queso pf listo refrigerada 350 g,PF LISTO,Unimarc,Despensa,3690.0,3695.8256532066507,-0.16,0
Papas rústicas sabor trufa y sal de mar marco polo 185gr,MARCO POLO,Unimarc,Despensa,2350.0,3695.8256532066507,-36.41,0
Lasaña espinaca champiñón pf listo refrigerado 350 g,PF LISTO,Unimarc,Despensa,3690.0,3695.8256532066507,-0.16,0
Mayonesa hellmann's churrasco squeeze 335 gr,HELLMANNS,Unimarc,Despensa,3490.0,3695.8256532066507,-5.57,0
Ketchup heinz squeeze 567 g,HEINZ,Unimarc,Despensa,5290.0,3695.8256532066507,43.13,0
Ensalada verduras wasil tetra 340 g neto - 190 g drenado,WASIL,Unimarc,Despensa,1250.0,3695.8256532066507,-66.18,0
Maní crocante millantú jamón ahumado doy pack 100 g,MILLANTU,Unimarc,Despensa,690.0,3695.8256532066507,-81.33,0
Pasta fresca etre bien spaguetti al huevo sin gluten 400 g,ETRE BIEN,Unimarc,Despensa,4990.0,3695.8256532066507,35.02,2
Pasta fusilli n° 98 barilla 500 g,BARILLA,Unimarc,Despensa,2850.0,3695.8256532066507,-22.89,2
Maní japonés kazai spicy cheddar 80 g,KAZAI,Unimarc,Despensa,1120.0,3695.8256532066507,-69.7,2
Castañas de cajú millantú caramelizada y sésamo bolsa 80 g,MILLANTU,Unimarc,Despensa,2740.0,3695.8256532066507,-25.86,0
Mix frutisa cóctel go doypack 700 g,FRUTISA,Unimarc,Despensa,5950.0,3695.8256532066507,60.99,2
Endulzante líquido iansa cero k alulosa 180 ml,IANSA CERO K,Unimarc,Despensa,3520.0,3695.8256532066507,-4.76,2
Cebollas perla nuestra cocina 400 gr,NUESTRA COCINA,Unimarc,Despensa,1290.0,3695.8256532066507,-65.1,0
Poroto hallado banquete 1 kg,BANQUETE,Unimarc,Despensa,3750.0,3695.8256532066507,1.47,0
Papayas en trocitos tetra 380 g neto - 200 g drenado,WASIL,Unimarc,Despensa,3590.0,3695.8256532066507,-2.86,0
Azúcar granulada iansa 1.7 kg,IANSA,Unimarc,Despensa,2000.0,3695.8256532066507,-45.88,0
Maní japonés kazai merkén 80 g,KAZAI,Unimarc,Despensa,1120.0,3695.8256532066507,-69.7,2
Ensalada de atún mexicana robinson crusoe lata 160 g neto - 160 g drenado,ROBINSON CRUSOE,Unimarc,Despensa,2730.0,3695.8256532066507,-26.13,0
Pasta penne rigate n°73 barilla 500 g,BARILLA,Unimarc,Despensa,2850.0,3695.8256532066507,-22.89,2
Mostaza traverso vintage fuerte 450 g,TRAVERSO,Unimarc,Despensa,2550.0,3695.8256532066507,-31.0,0
Frijoles negros refritos pancho villa lata 430 g neto - 430 g drenado,PANCHO VILLA,Unimarc,Despensa,3290.0,3695.8256532066507,-10.98,0
Maní japonés kazai clásico 80 g,KAZAI,Unimarc,Despensa,1120.0,3695.8256532066507,-69.7,2
Maní con miel millantú 100 g,MILLANTU,Unimarc,Despensa,650.0,3695.8256532066507,-82.41,0
Mayonesa kraft pote 394 g,KRAFT,Unimarc,Despensa,4950.0,3695.8256532066507,33.93,0
Popcorn pops costa frugelé 220 g,COSTA,Unimarc,Despensa,1770.0,3695.8256532066507,-52.11,2
Fideos instantáneos gourmet sabor carne 65 gr,GOURMET,Unimarc,Despensa,1000.0,3695.8256532066507,-72.94,0
Mayonesa not mayo sabor original squeeze 350 g,NOT MAYO,Unimarc,Despensa,2990.0,3695.8256532066507,-19.1,2
Papas rústicas marco polo mix vegetales 150 g,MARCO POLO,Unimarc,Despensa,2790.0,3695.8256532066507,-24.51,0
Maní sin sal evercrisp 380g,EVERCRISP,Unimarc,Despensa,2300.0,3695.8256532066507,-37.77,0
Snack camotes marco polo rústicas 150 g,MARCO POLO,Unimarc,Despensa,2790.0,3695.8256532066507,-24.51,0
Duraznos nuestra cocina en cubitos 580 g neto - 340 g drenado,NUESTRA COCINA,Unimarc,Despensa,1790.0,3695.8256532066507,-51.57,0
Mayonesa kraft deli doypack 200 gr,KRAFT,Unimarc,Despensa,1000.0,3695.8256532066507,-72.94,0
Harina selecta sin polvos 3 kg,SELECTA,Unimarc,Despensa,4550.0,3695.8256532066507,23.11,0
Fideos instantáneos gourmet sabor camarón 65 gr,GOURMET,Unimarc,Despensa,1000.0,3695.8256532066507,-72.94,0
Mostaza traverso vintage suave 450 g,TRAVERSO,Unimarc,Despensa,2550.0,3695.8256532066507,-31.0,0
Fideos instantáneos gourmet sabor pollo 65 gr,GOURMET,Unimarc,Despensa,1000.0,3695.8256532066507,-72.94,0
Popcorn marco polo caramelo doy pack 250 g,MARCO POLO,Unimarc,Despensa,2080.0,3695.8256532066507,-43.72,0
Almendras naturales tento 100 gr,TENTO,Unimarc,Despensa,2650.0,3695.8256532066507,-28.3,0
Sazonador para guacamole pancho villa 30 g,PANCHO VILLA,Unimarc,Despensa,1350.0,3695.8256532066507,-63.47,0
Harina selecta con polvos 1 kg,SELECTA,Unimarc,Despensa,1330.0,3695.8256532066507,-64.01,0
Doritos evercrisp sabor queso bolsa 285 g,EVERCRISP,Unimarc,Despensa,3190.0,3695.8256532066507,-13.69,0
Lasaña precocida lucchetti clásica 200 g,LUCCHETTI,Unimarc,Despensa,1090.0,3695.8256532066507,-70.51,0
Caldo maggi sabor costilla tableta 12 un de 10 g,MAGGI,Unimarc,Despensa,1290.0,3695.8256532066507,-65.1,0
Palmitos wasil en rodajas lata 400 g neto - 220 g drenado,WASIL,Unimarc,Despensa,2590.0,3695.8256532066507,-29.92,0
Caldo naturezza verduras 8 tabletas 88 g,NATUREZZA,Unimarc,Despensa,21490.0,3695.8256532066507,481.47,1
Caldo naturezza gallina 8 tabletas 88 g,NATUREZZA,Unimarc,Despensa,21490.0,3695.8256532066507,481.47,1
Caballa mas ahorro unimarc 425 g,U MAS AHORRO,Unimarc,Despensa,1190.0,3695.8256532066507,-67.8,2
Sémola vivo con caramelo 150 g,VIVO,Unimarc,Despensa,1090.0,3695.8256532066507,-70.51,0
Harina selecta integral multicereal 1 kg,SELECTA,Unimarc,Despensa,2490.0,3695.8256532066507,-32.63,0
Papas fritas sabor jamón lays 170gr,LAYS,Unimarc,Despensa,2490.0,3695.8256532066507,-32.63,0
Crema de tomate maggi sobre 45 g,MAGGI,Unimarc,Despensa,31580.0,3695.8256532066507,754.48,1
Harina integral nuestra cocina sin polvo 1 kg,NUESTRA COCINA,Unimarc,Despensa,1590.0,3695.8256532066507,-56.98,0
Pasta capellini carozzi 400 g,CAROZZI,Unimarc,Despensa,21590.0,3695.8256532066507,484.17,1
Puré de papas maggi 187 g,MAGGI,Unimarc,Despensa,2000.0,3695.8256532066507,-45.88,0
Papas fritas marco polo rústicas sal de mar bolsa 185 g,MARCO POLO,Unimarc,Despensa,2350.0,3695.8256532066507,-36.41,0
Chis pop sabor tutti frutti evercrisp 200g,EVERCRISP,Unimarc,Despensa,4180.0,3695.8256532066507,13.1,0
Porotos negros wasil tetra 380 g neto - 230 g drenado,WASIL,Unimarc,Despensa,22600.0,3695.8256532066507,511.5,1
Garbanzos wasil tetra 380 g neto - 230 g drenado,WASIL,Unimarc,Despensa,22600.0,3695.8256532066507,511.5,1
Papas fritas lays asado americano 160 gr,LAYS,Unimarc,Despensa,1750.0,3695.8256532066507,-52.65,0
Ketchup hellmann's doypack 900 g,HELLMANNS,Unimarc,Despensa,3000.0,3695.8256532066507,-18.83,0
Arroz miraflores g1 largo ancho bolsa 1 kg,MIRAFLORES,Unimarc,Despensa,2690.0,3695.8256532066507,-27.22,0
Pasta espirales carozzi 400 g,CAROZZI,Unimarc,Despensa,21590.0,3695.8256532066507,484.17,1
Harina merkat sin polvos de hornear 25 kg,MERKAT,Unimarc,Despensa,15990.0,3695.8256532066507,332.65,1
Pasta spaghetti n° 5 carozzi 400 g,CAROZZI,Unimarc,Despensa,21590.0,3695.8256532066507,484.17,1
Atún lomito nuestra cocina en aceite 160 g neto - 104 g drenado,NUESTRA COCINA,Unimarc,Despensa,1000.0,3695.8256532066507,-72.94,0
Aceite miraflores maravilla botella 900 cc,MIRAFLORES,Unimarc,Despensa,2990.0,3695.8256532066507,-19.1,0
Leche condensada nestlé azucarada lata 397 g,NESTLE,Unimarc,Despensa,23140.0,3695.8256532066507,526.11,1
Maní tipo japonés tento original 200 gr,TENTO,Unimarc,Despensa,1790.0,3695.8256532066507,-51.57,0
Papas fritas lays tipo americano sour cream onion 45 gr,LAYS,Unimarc,Despensa,990.0,3695.8256532066507,-73.21,0
Premezcla panqueque gourmet 300 g,GOURMET,Unimarc,Despensa,2290.0,3695.8256532066507,-38.04,0
Saborizante gourmet chocolate dulce bolsa 200 g,GOURMET,Unimarc,Despensa,1690.0,3695.8256532066507,-54.27,0
Caldo nuestra cocina gallina 8 un de 11 g,NUESTRA COCINA,Unimarc,Despensa,950.0,3695.8256532066507,-74.3,0
Chips papas nativas tika crema y ciboulette 150 g,TIKA,Unimarc,Despensa,2500.0,3695.8256532066507,-32.36,0
Chorito angelmó en aceite lata 190 g neto - 100 g drenado,ANGELMO,Unimarc,Despensa,1190.0,3695.8256532066507,-67.8,0
Tortilla de maíz enrollada takis intense nacho queso 190 g,TAKIS,Unimarc,Despensa,1740.0,3695.8256532066507,-52.92,0
Levadura seca collico 250 g,COLLICO,Unimarc,Despensa,4690.0,3695.8256532066507,26.9,0
Ketchup hellmann's light doypack 500 g,HELLMANNS,Unimarc,Despensa,2950.0,3695.8256532066507,-20.18,0
Galletas saladas ritz rellenas de queso 75 gr,RITZ,Unimarc,Despensa,940.0,3695.8256532066507,-74.57,2
Puré de papas nuestra cocina instantáneo caja 125 g,NUESTRA COCINA,Unimarc,Despensa,1390.0,3695.8256532066507,-62.39,0
Mayonesa hellmann´s doy pack 372 g,HELLMANNS,Unimarc,Despensa,2990.0,3695.8256532066507,-19.1,0
Aceitunas azapa don juan bolsa 330 g,DON JUAN,Unimarc,Despensa,3090.0,3695.8256532066507,-16.39,0
Arvejitas fina wasil 310 g neto - 180 g drenado,WASIL,Unimarc,Despensa,990.0,3695.8256532066507,-73.21,0
Papas fritas marco polo sabor barbecue 180 g,MARCO POLO,Unimarc,Despensa,1990.0,3695.8256532066507,-46.16,0
Mayonesa kraft light pote 449 g,KRAFT,Unimarc,Despensa,5190.0,3695.8256532066507,40.43,0
Caldo maggi pollo de campo tableta 8 un de 10 g,MAGGI,Unimarc,Despensa,1250.0,3695.8256532066507,-66.18,0
Endulzante líquido nuestra cocina stevia 270 ml,NUESTRA COCINA,Unimarc,Despensa,3090.0,3695.8256532066507,-16.39,0
Sal winkler specia ajo pimienta 300 g,WINKLER SPECIA,Unimarc,Despensa,1390.0,3695.8256532066507,-62.39,2
Garbanzos sin piel nuestra cocina 500 g,NUESTRA COCINA,Unimarc,Despensa,1890.0,3695.8256532066507,-48.86,0
Sésamo tostado nuestra cocina 30 g,NUESTRA COCINA,Unimarc,Despensa,530.0,3695.8256532066507,-85.66,0
Merquén gourmet 100gr,GOURMET,Unimarc,Despensa,2450.0,3695.8256532066507,-33.71,0
Maní sin sal tento pote 300 g,TENTO,Unimarc,Despensa,2090.0,3695.8256532066507,-43.45,0
Harina merkat sin polvos 5 kg,MERKAT,Unimarc,Despensa,4190.0,3695.8256532066507,13.37,0
Ají de color nuestra cocina 100 g,NUESTRA COCINA,Unimarc,Despensa,1090.0,3695.8256532066507,-70.51,0
Atún lomito robinson crusoe en agua 3 un de 56 g neto - 168 g drenado,ROBINSON CRUSOE,Unimarc,Despensa,3790.0,3695.8256532066507,2.55,0
Ají chileno en crema don juan bolsa 900 g,DON JUAN,Unimarc,Despensa,2090.0,3695.8256532066507,-43.45,0
Arroz especial para sushi tostani 1 kg,TOSTANI,Unimarc,Despensa,4290.0,3695.8256532066507,16.08,2
Aceto balsámico nuestra cocina 500 ml,NUESTRA COCINA,Unimarc,Despensa,3750.0,3695.8256532066507,1.47,0
Doritos evercrisp sabor queso bolsa 200 g,EVERCRISP,Unimarc,Despensa,1750.0,3695.8256532066507,-52.65,0
Endulzante tagasweet tagatosa gotas 180 ml,ALUSWEET,Unimarc,Despensa,4190.0,3695.8256532066507,13.37,2
Cobertura de chocolate ambrosoli pastelería 1 kg,AMBROSOLI,Unimarc,Despensa,7990.0,3695.8256532066507,116.19,0
Pepino extra don juan 360 g,DON JUAN,Unimarc,Despensa,1550.0,3695.8256532066507,-58.06,0
Semillas de chía mi tierra 175 g,MI TIERRA,Unimarc,Despensa,4150.0,3695.8256532066507,12.29,0
Sándwich pf listo de jamón y queso 175 gr,PF LISTO,Unimarc,Despensa,2690.0,3695.8256532066507,-27.22,0
Garbanzos nuestra cocina sin piel bolsa 1 kg,NUESTRA COCINA,Unimarc,Despensa,3790.0,3695.8256532066507,2.55,0
Arroz basmati g1 nuestra cocina 1 kg,NUESTRA COCINA,Unimarc,Despensa,4190.0,3695.8256532066507,13.37,0
Tortilla de maíz enrollada takis intense nacho 100 g,TAKIS,Unimarc,Despensa,1090.0,3695.8256532066507,-70.51,0
Pasta pappardelle rana al huevo 300 g,RANA,Unimarc,Despensa,3860.0,3695.8256532066507,4.44,0
Tortillas kraks queso marco polo 200 g,MARCO POLO,Unimarc,Despensa,1510.0,3695.8256532066507,-59.14,0
Porotos granados wasil tetra 380 g neto - 380 g drenado,WASIL,Unimarc,Despensa,2490.0,3695.8256532066507,-32.63,0
Papas fritas marco polo rústicas cebolla caramelizada bolsa 185 g,MARCO POLO,Unimarc,Despensa,2350.0,3695.8256532066507,-36.41,0
Chucrut traverso bolsa 400 g,TRAVERSO,Unimarc,Despensa,1290.0,3695.8256532066507,-65.1,0
Salsa barilla pesto a la genovese frasco 190 g,BARILLA,Unimarc,Despensa,6390.0,3695.8256532066507,72.9,2
Endulzante líquido daily gotas sucralosa 270 ml,DAILY,Unimarc,Despensa,2490.0,3695.8256532066507,-32.63,0
Puré de tomate de la huerta 530 g,DE LA HUERTA,Unimarc,Despensa,1590.0,3695.8256532066507,-56.98,2
Endulzante líquido daily gotas stevia 180 ml,DAILY,Unimarc,Despensa,2490.0,3695.8256532066507,-32.63,0
Mayonesa kraft frasco 1262 g,KRAFT,Unimarc,Despensa,10690.0,3695.8256532066507,189.25,0
Salsa dip de finas hierbas crackelet sachet 110 gr,CRACKELET,Unimarc,Despensa,1000.0,3695.8256532066507,-72.94,2
Pasta spaghetti n° 5 talliani al huevo 400 g,TALLIANI,Unimarc,Despensa,1350.0,3695.8256532066507,-63.47,0
Pasta sémola rizzo carozzi 800 gr,CAROZZI,Unimarc,Despensa,1490.0,3695.8256532066507,-59.68,0
Pasta tallarines n° 87 al huevo trattoria 400 g,TRATTORIA,Unimarc,Despensa,930.0,3695.8256532066507,-74.84,0
Garbanzos listos iansa agro 390 g neto - 230 g drenado,IANSA AGRO,Unimarc,Despensa,1350.0,3695.8256532066507,-63.47,0
Crema naturezza espárragos 65 g,NATUREZZA,Unimarc,Despensa,31000.0,3695.8256532066507,738.78,1
Crema maggi de la huerta champiñones 40 g,MAGGI,Unimarc,Despensa,32550.0,3695.8256532066507,780.72,1
Crema solo para uno choclo gourmet sobre 18 g,GOURMET,Unimarc,Despensa,31000.0,3695.8256532066507,738.78,1
Salsa dip de ajo crackelet sachet 110 gr,CRACKELET,Unimarc,Despensa,1000.0,3695.8256532066507,-72.94,2
Arroz nuestra cocina pregraneado 1 kg,NUESTRA COCINA,Unimarc,Despensa,2250.0,3695.8256532066507,-39.12,0
Crema sólo para uno zapallo gourmet sobre 20 g,GOURMET,Unimarc,Despensa,31000.0,3695.8256532066507,738.78,1
Leche evaporada ideal tarro 390g,IDEAL,Unimarc,Despensa,23180.0,3695.8256532066507,527.19,1
Consomé sabor pollo maggi 50 g,MAGGI,Unimarc,Despensa,31460.0,3695.8256532066507,751.23,1
Atún lomito robinson crusoe en aceite 140 g neto - 91 g drenado,ROBINSON CRUSOE,Unimarc,Despensa,1990.0,3695.8256532066507,-46.16,0
Leche condensada soprole 396 g,SOPROLE,Unimarc,Despensa,23000.0,3695.8256532066507,522.32,1
Papas fritas lay's stax cheddar lata 134 g,LAYS,Unimarc,Despensa,1900.0,3695.8256532066507,-48.59,0
Caldo maggi sabor gallina tableta 12 un de 11 g,MAGGI,Unimarc,Despensa,1290.0,3695.8256532066507,-65.1,0
Pack salsa de tomate malloa italiana 6 un de 175 g,MALLOA,Unimarc,Despensa,3000.0,3695.8256532066507,-18.83,2
Crema de mariscos maggi sobre 45 g,MAGGI,Unimarc,Despensa,31510.0,3695.8256532066507,752.58,1
Quinoa mediterránea banquete 400 g,BANQUETE,Unimarc,Despensa,4090.0,3695.8256532066507,10.67,0
Endulzante líquido daily gotas stevia 270 ml,DAILY,Unimarc,Despensa,3890.0,3695.8256532066507,5.25,0
Pasta caracoles nuestra cocina 400 g,NUESTRA COCINA,Unimarc,Despensa,690.0,3695.8256532066507,-81.33,0
Papas fritas lay's stax original lata 134 g,LAYS,Unimarc,Despensa,1900.0,3695.8256532066507,-48.59,0
Aceite belmont vegetal con canola 1 l,BELMONT,Unimarc,Despensa,3250.0,3695.8256532066507,-12.06,2
Azúcar blanca iansa 1 kg,IANSA,Unimarc,Despensa,1490.0,3695.8256532066507,-59.68,0
Papas fritas kryzpo original lata 130 g,KRYZPO,Unimarc,Despensa,23000.0,3695.8256532066507,522.32,1
"Base para Carne a la Cacerola Maggi, 36g",MAGGI,Cugat,Despensa,1090.0,3695.8256532066507,-70.51,0
"Base para Pollo Crispy Crocante Gourmet, 80g",GOURMET,Cugat,Despensa,890.0,3695.8256532066507,-75.92,0
"Caldo en Polvo Sabor Carne Maggi, 12 Unid. x 10g",MAGGI,Cugat,Despensa,1690.0,3695.8256532066507,-54.27,0
"Caldo en Polvo Sabor Costilla Maggi, 8 Unid. x 10g.",MAGGI,Cugat,Despensa,1190.0,3695.8256532066507,-67.8,0
"Caldo en Polvo Sabor Gallina Maggi, 8 Unid. x 11g",MAGGI,Cugat,Despensa,1190.0,3695.8256532066507,-67.8,0
"Caldo en Polvo Sabor Verduras Maggi, 12 Unid. x 10g",MAGGI,Cugat,Despensa,1690.0,3695.8256532066507,-54.27,0
"Caldo en Polvo Sabor Verduras Maggi, 8 Unid. x 10g",MAGGI,Cugat,Despensa,1190.0,3695.8256532066507,-67.8,0
"Fideos Lucchetti Canutos, 400g",LUCCHETTI,Cugat,Despensa,849.0,3695.8256532066507,-77.03,0
"Fideos Carozzi Corbatas, 400g",CAROZZI,Cugat,Despensa,859.0,3695.8256532066507,-76.76,0
"Crema de Champiñones Premium Gourmet, 50g",GOURMET,Cugat,Despensa,1099.0,3695.8256532066507,-70.26,0
"Crema de Choclo Maggi, 79g",MAGGI,Cugat,Despensa,890.0,3695.8256532066507,-75.92,0
"Crema de Tomate al Parmesano Gourmet, 53g",GOURMET,Cugat,Despensa,1069.0,3695.8256532066507,-71.08,0
"Esencia de Vainilla Gourmet, 165ml",GOURMET,Cugat,Despensa,1590.0,3695.8256532066507,-56.98,0
"Fideos Lucchetti Espirales, 400g",LUCCHETTI,Cugat,Despensa,849.0,3695.8256532066507,-77.03,0
"Gelatina Vivo 0% Azúcar Sabor Berries, 22g",VIVO,Cugat,Despensa,969.0,3695.8256532066507,-73.78,0
"Gelatina Ambrosoli Sabor Cereza, 100g",OTRA,Cugat,Despensa,899.0,3695.8256532066507,-75.68,0
"Gelatina Ambrosoli Sabor Frambuesa, 100g",OTRA,Cugat,Despensa,899.0,3695.8256532066507,-75.68,0
"Gelatina Ambrosoli Sabor Frutilla, 100g",OTRA,Cugat,Despensa,899.0,3695.8256532066507,-75.68,0
"Gelatina Ambrosoli Sabor Naranja, 100g",OTRA,Cugat,Despensa,899.0,3695.8256532066507,-75.68,0
"Gelatina Ambrosoli Sabor Piña, 100g",OTRA,Cugat,Despensa,899.0,3695.8256532066507,-75.68,0
"Gelatina Vivo 0% Azúcar Sabor Piña, 22g",VIVO,Cugat,Despensa,969.0,3695.8256532066507,-73.78,0
"Gelatina Gourmet sin Sabor, 30g",GOURMET,Cugat,Despensa,1790.0,3695.8256532066507,-51.57,0
"Harina Selecta con Polvo de Hornear, 1kg",OTRA,Cugat,Despensa,1690.0,3695.8256532066507,-54.27,0
"Harina Selecta sin Polvo de Hornear, 1kg",OTRA,Cugat,Despensa,1690.0,3695.8256532066507,-54.27,0
"Lasaña Lucchetti Precocida, 200g",LUCCHETTI,Cugat,Despensa,998.0,3695.8256532066507,-73.0,0
"Lasaña Lucchetti Precocida, 360g",LUCCHETTI,Cugat,Despensa,1690.0,3695.8256532066507,-54.27,0
"Lasaña Talliani Precocida, 360g",TALLIANI,Cugat,Despensa,2590.0,3695.8256532066507,-29.92,0
"Leche Condensada Nestlé, 397g",OTRA,Cugat,Despensa,2390.0,3695.8256532066507,-35.33,0
"Leche Condensada Sin Lactosa Nestlé, 397g",OTRA,Cugat,Despensa,2290.0,3695.8256532066507,-38.04,0
"Levadura Lefersa Fresca Tradicional, 500g",OTRA,Cugat,Despensa,2890.0,3695.8256532066507,-21.8,0
"Levadura Collico Seca, 125g",OTRA,Cugat,Despensa,2590.0,3695.8256532066507,-29.92,0
"Levadura Lefersa Seca, 125g",OTRA,Cugat,Despensa,2390.0,3695.8256532066507,-35.33,0
"Levadura Lefersa Seca, 250g",OTRA,Cugat,Despensa,4590.0,3695.8256532066507,24.19,0
"Maizena Almidón de Maíz Dropa, 250g",OTRA,Cugat,Despensa,2790.0,3695.8256532066507,-24.51,0
"Maizena Almidón de Maíz Dropa Bolsa, 400g",OTRA,Cugat,Despensa,3990.0,3695.8256532066507,7.96,0
"Maizena Almidón de Maíz Dropa Bolsa, 500g",OTRA,Cugat,Despensa,4990.0,3695.8256532066507,35.02,0
"Fideos Carozzi Mariposa, 250g",CAROZZI,Cugat,Despensa,690.0,3695.8256532066507,-81.33,0
"Pack Salsa de Tomate Pomarola, 6 Unid. x 200g",OTRA,Cugat,Despensa,4690.0,3695.8256532066507,26.9,0
"Pack Salsa de Tomates Italiana Lucchetti, 6 Unid. x 200g",LUCCHETTI,Cugat,Despensa,4290.0,3695.8256532066507,16.08,0
"Polvos de Hornear Gourmet, 100g",GOURMET,Cugat,Despensa,998.0,3695.8256532066507,-73.0,0
"Polvos de Hornear Imperial Nestlé, 20g",OTRA,Cugat,Despensa,389.0,3695.8256532066507,-89.47,0
"Polvos de Hornear Imperial Nestlé, 200g",OTRA,Cugat,Despensa,2590.0,3695.8256532066507,-29.92,0
"Premezcla Selecta Tortalista Bizcochuelo Clásico, 500g",OTRA,Cugat,Despensa,2790.0,3695.8256532066507,-24.51,0
"Premezcla Selecta Tortalista Bizcochuelo Chocolate, 500g",OTRA,Cugat,Despensa,2490.0,3695.8256532066507,-32.63,0
"Premezcla Gourmet Brownies Chocolate, 300g",GOURMET,Cugat,Despensa,3390.0,3695.8256532066507,-8.27,0
"Premezcla Mont Blanc Cocina Fácil Brownies Chocolate, 400g",OTRA,Cugat,Despensa,2490.0,3695.8256532066507,-32.63,0
"Premezcla Selecta Tortalista Brownies Chocolate, 350g",OTRA,Cugat,Despensa,3290.0,3695.8256532066507,-10.98,0
"Premezcla Gourmet Cupcakes Chocolate, 300g",GOURMET,Cugat,Despensa,2990.0,3695.8256532066507,-19.1,0
"Premezcla Gourmet Cupcakes Vainilla, 300g",GOURMET,Cugat,Despensa,3390.0,3695.8256532066507,-8.27,0
"Premezcla Gourmet Galletas Chips de Chocolate, 450g",GOURMET,Cugat,Despensa,4890.0,3695.8256532066507,32.31,0
"Fideos Carozzi Ravioli Carne, 400g",CAROZZI,Cugat,Despensa,2990.0,3695.8256532066507,-19.1,0
"Salsa Blanca Maggi Sobre, 36g",MAGGI,Cugat,Despensa,1090.0,3695.8256532066507,-70.51,0
"Salsa de Tomate Italiana Pomarola, 200g",OTRA,Cugat,Despensa,749.0,3695.8256532066507,-79.73,0
"Salsa de Tomates Italiana San Remo, 200g",OTRA,Cugat,Despensa,469.0,3695.8256532066507,-87.31,0
"Salsa de Tomate Bolognesa Toscana Carozzi, 200g",CAROZZI,Cugat,Despensa,998.0,3695.8256532066507,-73.0,0
"Sopa Maggi de Caracolitos, 76g",MAGGI,Cugat,Despensa,798.0,3695.8256532066507,-78.41,0
"Sopa de Costilla Maggi, 60g",MAGGI,Cugat,Despensa,798.0,3695.8256532066507,-78.41,0
"Sopa de Pollo con Arroz Maggi, 70g",MAGGI,Cugat,Despensa,798.0,3695.8256532066507,-78.41,0
"Sopa de Pollo con Sémola Maggi, 68g",MAGGI,Cugat,Despensa,798.0,3695.8256532066507,-78.41,0
"Fideos Carozzi Spaghetti N°5, 400g",CAROZZI,Cugat,Despensa,859.0,3695.8256532066507,-76.76,0
"Fideos Don Vittorio Spaghetti, 400g",OTRA,Cugat,Despensa,1090.0,3695.8256532066507,-70.51,0
"Fideos Lucchetti Spaghetti Nº5, 400g",LUCCHETTI,Cugat,Despensa,849.0,3695.8256532066507,-77.03,0
"Fideos Talliani Spaghetti N°5 al Huevo, 400g",TALLIANI,Cugat,Despensa,1190.0,3695.8256532066507,-67.8,0
"Fideos Carozzi Tallarín N°87, 400g",CAROZZI,Cugat,Despensa,859.0,3695.8256532066507,-76.76,0
"Fideos Talliani Tallarín N° 77 al Huevo, 400g",TALLIANI,Cugat,Despensa,1190.0,3695.8256532066507,-67.8,0
"Papel de Aluminio Standard Alufoil, 7.5mts.",PAP,Cugat,Despensa,1790.0,3695.8256532066507,-51.57,0
"Film Plástico Económico Aluplast, 20mts.",OTRA,Cugat,Despensa,1690.0,3695.8256532066507,-54.27,0
"Papel de Aluminio Alufoil Pack, 11.5mt.",PAP,Cugat,Despensa,2390.0,3695.8256532066507,-35.33,0
"Fósforos Andes Hogar Gigante, 250 Unid.",OTRA,Cugat,Despensa,1990.0,3695.8256532066507,-46.16,0
"Fósforos Copihue Extra Grande, 250 Unid.",OTRA,Cugat,Despensa,1890.0,3695.8256532066507,-48.86,0
"Fósforos Copihue Grande, 150 Unid.",OTRA,Cugat,Despensa,799.0,3695.8256532066507,-78.38,0
"Fósforos Los Andes, Pack de 10 Unid.",OTRA,Cugat,Despensa,2490.0,3695.8256532066507,-32.63,0
"Caldo en Polvo Sabor Carne Gourmet, 48g",GOURMET,Cugat,Despensa,859.0,3695.8256532066507,-76.76,0
"Caldo en Polvo Sabor Pollo Gourmet, 48g",GOURMET,Cugat,Despensa,859.0,3695.8256532066507,-76.76,0
"Caldo en Polvo Sabor Verduras Gourmet, 48g",GOURMET,Cugat,Despensa,859.0,3695.8256532066507,-76.76,0
"Harina Cisne Perla Panificadora, 25kg",OTRA,Cugat,Despensa,17990.0,3695.8256532066507,386.77,1
"Harina Mont Blanc con Polvos de Hornear, 1kg",OTRA,Cugat,Despensa,1190.0,3695.8256532066507,-67.8,0
"Salsa de Tomate Italiana Malloa, 200g",OTRA,Cugat,Despensa,890.0,3695.8256532066507,-75.92,0
"Sopa de Pollo con Arroz Naturezza, 55g",OTRA,Cugat,Despensa,499.0,3695.8256532066507,-86.5,0
"Sopa de Pollo con Fideos Naturezza, 55g",OTRA,Cugat,Despensa,499.0,3695.8256532066507,-86.5,0
"Sopa de Posta con Cabellos Naturezza, 55g",OTRA,Cugat,Despensa,499.0,3695.8256532066507,-86.5,0
"Crema de Espárragos Maggi, 68g",MAGGI,Cugat,Despensa,890.0,3695.8256532066507,-75.92,0
"Crema de Pollo Maggi, 72g",MAGGI,Cugat,Despensa,890.0,3695.8256532066507,-75.92,0
"Sopa de Pollo con Fideos Maggi, 70g",MAGGI,Cugat,Despensa,798.0,3695.8256532066507,-78.41,0
"Fideos Don Vittorio Quífaros, 400g",OTRA,Cugat,Despensa,1090.0,3695.8256532066507,-70.51,0
"Fideos Lucchetti Cabello de Ángel, 400g",LUCCHETTI,Cugat,Despensa,849.0,3695.8256532066507,-77.03,0
"Fideos Lucchetti Tallarín N°77, 400g",LUCCHETTI,Cugat,Despensa,849.0,3695.8256532066507,-77.03,0
"Fideos Lucchetti Tallarín N°78, 400g",LUCCHETTI,Cugat,Despensa,849.0,3695.8256532066507,-77.03,0
"Fideos Lucchetti Cabellitos, 400g",LUCCHETTI,Cugat,Despensa,849.0,3695.8256532066507,-77.03,0
"Fideos Lucchetti Quífaros, 400g",LUCCHETTI,Cugat,Despensa,849.0,3695.8256532066507,-77.03,0
"Fideos Lucchetti Mostacholi, 400g",LUCCHETTI,Cugat,Despensa,849.0,3695.8256532066507,-77.03,0
"Fideos Lucchetti Corbatitas, 400g",LUCCHETTI,Cugat,Despensa,849.0,3695.8256532066507,-77.03,0
"Fideos Lucchetti Corbatas, 400g",LUCCHETTI,Cugat,Despensa,849.0,3695.8256532066507,-77.03,0
"Fideos Lucchetti Caracoles, 400g",LUCCHETTI,Cugat,Despensa,849.0,3695.8256532066507,-77.03,0
"Fideos Lucchetti Rigati, 400g",LUCCHETTI,Cugat,Despensa,849.0,3695.8256532066507,-77.03,0
"Fideos Talliani Spaguetti Tres Sabores N°5 al Huevo, 400g",TALLIANI,Cugat,Despensa,1190.0,3695.8256532066507,-67.8,0
"Fideos Talliani Tallarín N°78 al Huevo, 400g.",TALLIANI,Cugat,Despensa,1190.0,3695.8256532066507,-67.8,0
"Fideos Talliani Cabellitos al Huevo, 400g.",TALLIANI,Cugat,Despensa,1190.0,3695.8256532066507,-67.8,0
"Fideos Talliani Farfalle al Huevo, 400g",TALLIANI,Cugat,Despensa,1190.0,3695.8256532066507,-67.8,0
"Fideos Talliani Espirales al Huevo, 400g",TALLIANI,Cugat,Despensa,1190.0,3695.8256532066507,-67.8,0
"Fideos Talliani Caracoles al Huevo, 400grs.",TALLIANI,Cugat,Despensa,1190.0,3695.8256532066507,-67.8,0
"Fideos Talliani Rigati al Huevo, 400g",TALLIANI,Cugat,Despensa,1190.0,3695.8256532066507,-67.8,0
"Fideos Lucchetti Pack Spaghetti N°5, 3 Unid. 400g + Salsa Tomate 1 Unidad 200g",LUCCHETTI,Cugat,Despensa,3990.0,3695.8256532066507,7.96,0
"Fideos Talliani Caracoles Tres Sabores al Huevo, 400g",TALLIANI,Cugat,Despensa,1190.0,3695.8256532066507,-67.8,0
"Fideos Talliani Farfalle Tres Sabores al Huevo, 400g.",TALLIANI,Cugat,Despensa,1490.0,3695.8256532066507,-59.68,0
"Fideos Talliani Rigati Tres Sabores al Huevo, 400g",TALLIANI,Cugat,Despensa,1190.0,3695.8256532066507,-67.8,0
"Crema de Champiñones Naturezza, 60g",OTRA,Cugat,Despensa,479.0,3695.8256532066507,-87.04,0
"Crema de Pollo Naturezza, 60g",OTRA,Cugat,Despensa,479.0,3695.8256532066507,-87.04,0
"Crema de Espárragos Naturezza, 60g",OTRA,Cugat,Despensa,479.0,3695.8256532066507,-87.04,0
"Crema de Choclo Naturezza, 60g",OTRA,Cugat,Despensa,479.0,3695.8256532066507,-87.04,0
"Sopa de Costilla con Fideos Naturezza, 55g",OTRA,Cugat,Despensa,499.0,3695.8256532066507,-86.5,0
"Manteca Vegetal Astra, 900g",OTRA,Cugat,Despensa,5990.0,3695.8256532066507,62.07,0
"Harina Linderos con Polvos de Hornear, 1kg",OTRA,Cugat,Despensa,899.0,3695.8256532066507,-75.68,0
"Fideos Lucchetti Corbatas tres Sabores, 400g",LUCCHETTI,Cugat,Despensa,998.0,3695.8256532066507,-73.0,0
"Fideos Lucchetti Espiral Tres Sabores, 400g",LUCCHETTI,Cugat,Despensa,998.0,3695.8256532066507,-73.0,0
"Fideos Lucchetti Rigati Tres Sabores, 400g",LUCCHETTI,Cugat,Despensa,998.0,3695.8256532066507,-73.0,0
"Fideos Talliani Nidos de Fetuccini 3 Sabores al Huevo, 400g",TALLIANI,Cugat,Despensa,2390.0,3695.8256532066507,-35.33,0
"Fideos Talliani Nidos de Fetuccini al Huevo, 400g",TALLIANI,Cugat,Despensa,2390.0,3695.8256532066507,-35.33,0
"Fideos Makaroma Spaghetti de Semola, 500g",OTRA,Cugat,Despensa,790.0,3695.8256532066507,-78.62,0
"Fideos Romano Cabellitos N°51, 400g",OTRA,Cugat,Despensa,598.0,3695.8256532066507,-83.82,0
"Fideos Romano Espirales, 400g",OTRA,Cugat,Despensa,598.0,3695.8256532066507,-83.82,0
"Fideos Romano Mostacholi, 400g",OTRA,Cugat,Despensa,598.0,3695.8256532066507,-83.82,0
"Fideos Romano Quífaros, 400g",OTRA,Cugat,Despensa,598.0,3695.8256532066507,-83.82,0
"Fideos Romano Spaghetti N°5, 400g",OTRA,Cugat,Despensa,598.0,3695.8256532066507,-83.82,0
"Fideos Romano Tallarines N°77, 400g",OTRA,Cugat,Despensa,598.0,3695.8256532066507,-83.82,0
"Salsa de Tomate Italiana Coliseo, 200g",OTRA,Cugat,Despensa,290.0,3695.8256532066507,-92.15,0
"Fósforos Copihue, Pack 10 Unid.",OTRA,Cugat,Despensa,1890.0,3695.8256532066507,-48.86,0
"Harina Yanine con Polvos de Hornear, 1kg",OTRA,Cugat,Despensa,990.0,3695.8256532066507,-73.21,0
"Caldo en Polvo Sabor Costilla Maggi, 35g",MAGGI,Cugat,Despensa,699.0,3695.8256532066507,-81.09,0
"Caldo en Polvo Sabor Verduras Maggi, 35g",MAGGI,Cugat,Despensa,699.0,3695.8256532066507,-81.09,0
"Caldo en Polvo Sabor Carne Maggi, 35g",MAGGI,Cugat,Despensa,699.0,3695.8256532066507,-81.09,0
"Atún Lomito en Aceite Otuna, 140g neto (91g drenado)",OTRA,Cugat,Despensa,1590.0,3695.8256532066507,-56.98,0
"Harina Mariposa de Primera Todo Uso, 25kg.",OTRA,Cugat,Despensa,18990.0,3695.8256532066507,413.82,1
Ramitas marco polo queso 230 g,MARCO POLO,Unimarc,Despensa,2090.0,3695.8256532066507,-43.45,0
Mostaza a la miel maille frasco 230 g,MAILLE,Unimarc,Despensa,4650.0,3695.8256532066507,25.82,2
Ajo granulado gourmet frasco 31 g,GOURMET,Unimarc,Despensa,2750.0,3695.8256532066507,-25.59,0
Salsa de soya gourmet suave 500 ml,GOURMET,Unimarc,Despensa,4190.0,3695.8256532066507,13.37,0
Base maggi hamburguesas sobre 90 g,MAGGI,Unimarc,Despensa,880.0,3695.8256532066507,-76.19,0
Chips tika patagonia 100 g,TIKA,Unimarc,Despensa,2590.0,3695.8256532066507,-29.92,0
Cóctel de fruta wasil 560 g neto - 340 g drenado,WASIL,Unimarc,Despensa,3190.0,3695.8256532066507,-13.69,0
Ramitas de garbanzos sal de mar puri 125 g,PURISNACKS,Unimarc,Despensa,2790.0,3695.8256532066507,-24.51,0
Pastel de papas pf listo 350 g,PF LISTO,Unimarc,Despensa,4290.0,3695.8256532066507,16.08,0
Ciboulette gourmet 2 g,GOURMET,Unimarc,Despensa,660.0,3695.8256532066507,-82.14,0
Cabritas tento endulzadas 91 g,TENTO,Unimarc,Despensa,1250.0,3695.8256532066507,-66.18,0
Ravioles a la crema genial pote 380 g,GENIAL,Unimarc,Despensa,4150.0,3695.8256532066507,12.29,2
Maní evercrisp maniax original 200 g,EVERCRISP,Unimarc,Despensa,1990.0,3695.8256532066507,-46.16,0
Comino molido gourmet sobre 15 g,GOURMET,Unimarc,Despensa,490.0,3695.8256532066507,-86.74,0
Salsa blanca nuestra cocina 36 g,NUESTRA COCINA,Unimarc,Despensa,730.0,3695.8256532066507,-80.25,0
Sal light biosal con 50% menos de sodio salero 500 g,BIOSAL,Unimarc,Despensa,3690.0,3695.8256532066507,-0.16,2
Galletas crackelet costa snack 6 un,COSTA,Unimarc,Despensa,1290.0,3695.8256532066507,-65.1,2
Condimento ajo en polvo organico badia 85g,BADIA,Unimarc,Despensa,6190.0,3695.8256532066507,67.49,2
Base maggi pescado frito sobre 85 g,MAGGI,Unimarc,Despensa,880.0,3695.8256532066507,-76.19,0
Jengibre molido nuestra cocina 15 g,NUESTRA COCINA,Unimarc,Despensa,370.0,3695.8256532066507,-89.99,0
Mix sembrasol maní pasas y almendras 300 g,SEMBRASOL,Unimarc,Despensa,3990.0,3695.8256532066507,7.96,2
Mostaza heinz yellow mustard squeezy 226 g,HEINZ,Unimarc,Despensa,4090.0,3695.8256532066507,10.67,0
Flan caricia de vainilla con caramelo 110 gr.,CARICIA,Unimarc,Despensa,830.0,3695.8256532066507,-77.54,2
Pimienta negra molida gruesa gourmet frasco 29 g,GOURMET,Unimarc,Despensa,2750.0,3695.8256532066507,-25.59,0
Canela molida gourmet frasco 18 g,GOURMET,Unimarc,Despensa,1790.0,3695.8256532066507,-51.57,0
Fetuccini de espinaca sin gluten etre bien 400 g,ETRE BIEN,Unimarc,Despensa,4990.0,3695.8256532066507,35.02,2
Azúcar blanca iansa cubitos 500 g,IANSA,Unimarc,Despensa,1990.0,3695.8256532066507,-46.16,0
Maní con pasas marco polo doy pack 180 g,MARCO POLO,Unimarc,Despensa,1450.0,3695.8256532066507,-60.77,0
Tomillo en hojas gourmet sobre 7 g,GOURMET,Unimarc,Despensa,630.0,3695.8256532066507,-82.95,0
Aceitunas verdes don juan descarozadas bolsa 250 g,DON JUAN,Unimarc,Despensa,2540.0,3695.8256532066507,-31.27,0
Tortilla española la casona monteclaro tradicional bolsa 400 g,LA CASONA MONTECLARO,Unimarc,Despensa,6390.0,3695.8256532066507,72.9,2
Papas fritas lays tipo americano 50 gr,LAYS,Unimarc,Despensa,1090.0,3695.8256532066507,-70.51,0
Almendras saladas tento 80 gr,TENTO,Unimarc,Despensa,1850.0,3695.8256532066507,-49.94,0
Doritos evercrisp sabor queso bolsa 54 gr,DORITOS,Unimarc,Despensa,990.0,3695.8256532066507,-73.21,2
Chorito robinson crusoe al natural lata 425 g neto - 213 g drenado,ROBINSON CRUSOE,Unimarc,Despensa,4690.0,3695.8256532066507,26.9,0
Porotos blancos esmeralda lata 400 g neto - 240 g drenado,ESMERALDA,Unimarc,Despensa,1350.0,3695.8256532066507,-63.47,0
Mix tropical tento pote 250 g,TENTO,Unimarc,Despensa,3420.0,3695.8256532066507,-7.46,0
Semillas de maravilla pelada granel 200 g,FRUTOS SECOS GRANEL,Unimarc,Despensa,832.0,3695.8256532066507,-77.49,2
Almendras laminadas tento pote 140 g,TENTO,Unimarc,Despensa,3590.0,3695.8256532066507,-2.86,0
Salsa buka bruschetta alcachofa frasco 295 g,BUKA,Unimarc,Despensa,3390.0,3695.8256532066507,-8.27,0
Azúcar blanca light iansa con stevia 500 g,IANSA,Unimarc,Despensa,1990.0,3695.8256532066507,-46.16,0
Azúcar rubia mi tierra 750 g,MI TIERRA,Unimarc,Despensa,5750.0,3695.8256532066507,55.58,0
Aceitunas azapa don juan amarga natural bolsa 330 g,DON JUAN,Unimarc,Despensa,3550.0,3695.8256532066507,-3.95,0
Chips de plátano salado samai 34 gr,SAMAI,Unimarc,Despensa,940.0,3695.8256532066507,-74.57,2
Azafrán en hebras gourmet premium 0.5 g,GOURMET,Unimarc,Despensa,5190.0,3695.8256532066507,40.43,0
Levadura fresca lefersa pan 500 g,LEFERSA,Unimarc,Despensa,2690.0,3695.8256532066507,-27.22,2
Ají de color nuestra cocina 15 g,NUESTRA COCINA,Unimarc,Despensa,260.0,3695.8256532066507,-92.97,0
Gohan pollo palta genial 300 g,GENIAL,Unimarc,Despensa,4890.0,3695.8256532066507,32.31,2
Cholgas robinson crusoe al natural lata 190 g neto - 100 g drenado,ROBINSON CRUSOE,Unimarc,Despensa,2890.0,3695.8256532066507,-21.8,0
Salsa deshidratada maggi carne sobre 33 g,MAGGI,Unimarc,Despensa,880.0,3695.8256532066507,-76.19,0
Mermelada buka pimentón rojo frasco 160 g,BUKA,Unimarc,Despensa,3390.0,3695.8256532066507,-8.27,0
Salsa unagi winkler specia 480 gr,WINKLER SPECIA,Unimarc,Despensa,5250.0,3695.8256532066507,42.05,2
Fondant gourmet polvo bolsa 200 g,GOURMET,Unimarc,Despensa,2090.0,3695.8256532066507,-43.45,0
Aceitunas verdes don juan rellenas pasta de pimiento bolsa 250 g,DON JUAN,Unimarc,Despensa,2940.0,3695.8256532066507,-20.45,0
Comino molido gourmet bolsa 100 g,GOURMET,Unimarc,Despensa,2250.0,3695.8256532066507,-39.12,0
Maní nuestra cocina sin sal bolsa 160 g,NUESTRA COCINA,Unimarc,Despensa,1190.0,3695.8256532066507,-67.8,0
Decoración gourmet choco crunch 80 g,GOURMET,Unimarc,Despensa,2090.0,3695.8256532066507,-43.45,0
Frutillas enteras nuestra cocina 570 g neto - 200 g drenado,NUESTRA COCINA,Unimarc,Despensa,2390.0,3695.8256532066507,-35.33,0
Mix de vegetales tento 185 g,TENTO,Unimarc,Despensa,2490.0,3695.8256532066507,-32.63,0
Papas fritas lays artesanas caprese 150 g,LAYS,Unimarc,Despensa,2350.0,3695.8256532066507,-36.41,0
Salsa para untar gourmet yogurt ciboulette light doy pack 200 g,GOURMET,Unimarc,Despensa,2090.0,3695.8256532066507,-43.45,0
Snack tika royal chips sabor trufa negra 150 gr,TIKA,Unimarc,Despensa,3150.0,3695.8256532066507,-14.77,0
Tostadas artesanales nat crackers pistacho romero 160 g,NAT,Unimarc,Despensa,4120.0,3695.8256532066507,11.48,2
Mayonesa kraft light squezze 659 g,KRAFT,Unimarc,Despensa,7550.0,3695.8256532066507,104.28,0
Maní nut mix 2 marco polo 350 g,MARCO POLO,Unimarc,Despensa,4350.0,3695.8256532066507,17.7,0
Papas fritas extra wavy marco polo 200gr,MARCO POLO,Unimarc,Despensa,2450.0,3695.8256532066507,-33.71,0
Pimienta limón badia frasco 184 g,BADIA,Unimarc,Despensa,5350.0,3695.8256532066507,44.76,2
Sopa nuestra cocina sabor costilla 60 g,NUESTRA COCINA,Unimarc,Despensa,500.0,3695.8256532066507,-86.47,0
Endulzante líquido alusweet 180 ml,ALUSWEET,Unimarc,Despensa,3790.0,3695.8256532066507,2.55,2
Salsa de soya manare orgánica 150 ml,MANARE,Unimarc,Despensa,3990.0,3695.8256532066507,7.96,2
Caldo maggi de verduras tableta 8 un de 10 g,MAGGI,Unimarc,Despensa,1250.0,3695.8256532066507,-66.18,0
Azúcar de coco be organics orgánica 500 g,BE ORGANICS,Unimarc,Despensa,5650.0,3695.8256532066507,52.88,2
Nut mix sembrasol 300 g,SEMBRASOL,Unimarc,Despensa,3990.0,3695.8256532066507,7.96,2
Salsa de tomate lucchetti italiana 200 g,LUCCHETTI,Unimarc,Despensa,790.0,3695.8256532066507,-78.62,0
Papas fritas lisa de moms 180gr,MOMS,Unimarc,Despensa,1450.0,3695.8256532066507,-60.77,2
Suflé buka maní 200 g,BUKA,Unimarc,Despensa,2090.0,3695.8256532066507,-43.45,0
Sopa nuestra cocina pollo con fideos 70 g,NUESTRA COCINA,Unimarc,Despensa,500.0,3695.8256532066507,-86.47,0
Mix pimientas gourmet premium con molinillo 43 g,GOURMET,Unimarc,Despensa,4990.0,3695.8256532066507,35.02,0
Hummus love co tomate orégano frasco 220 g,LOVE CO,Unimarc,Despensa,4790.0,3695.8256532066507,29.61,2
Chucrut sauerkraut la fermentistas púrpura frasco 400 g,LA FERMENTISTA,Unimarc,Despensa,6290.0,3695.8256532066507,70.19,2
Mostaza waitrose francesa 180 g,WAITROSE,Unimarc,Despensa,2090.0,3695.8256532066507,-43.45,2
Salsa agridulce lee kum kee 240 g,LEE KUM KEE,Unimarc,Despensa,4890.0,3695.8256532066507,32.31,2
Mezcla lista p&m muffin keto vainilla 120g,P&M FOODS,Unimarc,Despensa,3350.0,3695.8256532066507,-9.36,2
Canelones de carne pf listo 350 g,PF LISTO,Unimarc,Despensa,3690.0,3695.8256532066507,-0.16,0
Curry gourmet sobre 15 g,GOURMET,Unimarc,Despensa,440.0,3695.8256532066507,-88.09,0
Papas fritas lays artesanas merkén 150 g,LAYS,Unimarc,Despensa,2690.0,3695.8256532066507,-27.22,0
Cholgas robinson crusoe en aceite lata 190 g neto - 100 g drenado,ROBINSON CRUSOE,Unimarc,Despensa,2790.0,3695.8256532066507,-24.51,0
Pasta de ajo huerto del sur frasco 130 g,HUERTO DEL SUR,Unimarc,Despensa,2590.0,3695.8256532066507,-29.92,2
Maní marco polo sin sal 150 g,MARCO POLO,Unimarc,Despensa,1290.0,3695.8256532066507,-65.1,0
Perejil deshidratado gourmet sobre 12 g,GOURMET,Unimarc,Despensa,740.0,3695.8256532066507,-79.98,0
Porotos rojos wasil tetra 380 g neto - 230 g drenado,WASIL,Unimarc,Despensa,1650.0,3695.8256532066507,-55.36,0
Mix natural tento pote 300 g,TENTO,Unimarc,Despensa,3290.0,3695.8256532066507,-10.98,0
Leche evaporada loncoleche sin lactosa 200 ml,LONCOLECHE,Unimarc,Despensa,21690.0,3695.8256532066507,486.88,1
Sopa nuestra cocina de caracolitos 76 g,NUESTRA COCINA,Unimarc,Despensa,500.0,3695.8256532066507,-86.47,0
Caldo maggi sabor carne tableta 8 un de 10 g,MAGGI,Unimarc,Despensa,1250.0,3695.8256532066507,-66.18,0
Salsa de ají inferno red 250 g,INFERNO,Unimarc,Despensa,2690.0,3695.8256532066507,-27.22,2
Pasta penne cosecha justa garbanzo 227 g,COSECHA JUSTA,Unimarc,Despensa,2490.0,3695.8256532066507,-32.63,2
Sal light biosal con 50% menos de sodio salero 125 g,BIOSAL,Unimarc,Despensa,1490.0,3695.8256532066507,-59.68,2
Eneldo gourmet sobre 8 g,GOURMET,Unimarc,Despensa,690.0,3695.8256532066507,-81.33,0
Aliño completo gourmet sobre 100 g,GOURMET,Unimarc,Despensa,1950.0,3695.8256532066507,-47.24,0
Salmón ahumado en caliente south wind 200 g,SOUTH WIND,Unimarc,Despensa,9590.0,3695.8256532066507,159.48,2
Alcaparras gourmet frasco 110 g,GOURMET,Unimarc,Despensa,2790.0,3695.8256532066507,-24.51,0
Ramitas saladas marco polo 230 g,MARCO POLO,Unimarc,Despensa,2090.0,3695.8256532066507,-43.45,0
Postre crema ambrosoli chocolate nuss 100 g,AMBROSOLI,Unimarc,Despensa,1250.0,3695.8256532066507,-66.18,0
Mix cajuna tribu 30 g,TRIBU,Unimarc,Despensa,800.0,3695.8256532066507,-78.35,2
Maní salado tento pote 300 g,TENTO,Unimarc,Despensa,2090.0,3695.8256532066507,-43.45,0
Maní tostado sin sal tribu doypack 700 g,TRIBU,Unimarc,Despensa,4790.0,3695.8256532066507,29.61,2
Papas ramitas tika con cebolla grillada 170 g,TIKA,Unimarc,Despensa,2890.0,3695.8256532066507,-21.8,0
Garbanzos con tocino bavaria 400 g,BAVARIA,Unimarc,Despensa,3790.0,3695.8256532066507,2.55,2
Crunchy garbanzos pasta maní puri 140 g,PURISNACKS,Unimarc,Despensa,2990.0,3695.8256532066507,-19.1,0
Atún lomito robinson crusoe limón 160 g neto - 104 g drenado,ROBINSON CRUSOE,Unimarc,Despensa,1990.0,3695.8256532066507,-46.16,0
Papas fritas lays artesanas sabor cebolla 150 g,LAYS,Unimarc,Despensa,2690.0,3695.8256532066507,-27.22,0
Duraznos wasil en cubitos tetra 380 g neto - 200 g drenado,WASIL,Unimarc,Despensa,1550.0,3695.8256532066507,-58.06,0
Flan vivo vainilla con caramelo 80 g,VIVO,Unimarc,Despensa,1150.0,3695.8256532066507,-68.88,0
Pimienta negra entera gourmet sobre 15 g,GOURMET,Unimarc,Despensa,660.0,3695.8256532066507,-82.14,0
Pasta mariposas lucchetti 250 g,LUCCHETTI,Unimarc,Despensa,820.0,3695.8256532066507,-77.81,0
Sal rosada del himalaya ka parrillera doypack 500 g,KA,Unimarc,Despensa,3150.0,3695.8256532066507,-14.77,2
Aliño completo gourmet sobre 15 g,GOURMET,Unimarc,Despensa,330.0,3695.8256532066507,-91.07,0
Ramitas saladas xl marco polo 330 g,MARCO POLO,Unimarc,Despensa,2850.0,3695.8256532066507,-22.89,0
Canela molida gourmet sobre 15 g,GOURMET,Unimarc,Despensa,610.0,3695.8256532066507,-83.49,0
Ketchup nuestra cocina 500 g,NUESTRA COCINA,Unimarc,Despensa,2150.0,3695.8256532066507,-41.83,0
Arroz especial para paella tostani 1 kg,TOSTANI,Unimarc,Despensa,3790.0,3695.8256532066507,2.55,2
Ají chileno traverso 350 g,TRAVERSO,Unimarc,Despensa,1490.0,3695.8256532066507,-59.68,0
Papas fritas buka con sal de mar 35 g,BUKA,Unimarc,Despensa,500.0,3695.8256532066507,-86.47,0
Pizza la española chorizo 425 g,LA ESPAÑOLA,Unimarc,Despensa,3990.0,3695.8256532066507,7.96,2
Salsa de tomate nuestra cocina arrabiata 420 g,NUESTRA COCINA,Unimarc,Despensa,3790.0,3695.8256532066507,2.55,0
Cabritas tento sabor mantequilla 91 g,TENTO,Unimarc,Despensa,1250.0,3695.8256532066507,-66.18,0
Mix frutisa cóctel tropical doypack 700 g,FRUTISA,Unimarc,Despensa,7750.0,3695.8256532066507,109.7,2
Sopa naturezza recetas caseras pantruca 110 g,NATUREZZA,Unimarc,Despensa,1250.0,3695.8256532066507,-66.18,2
Endulzante tableta naturalist stevia y sucralosa 900 un,NATURALIST,Unimarc,Despensa,4390.0,3695.8256532066507,18.78,2
Aceite chef maravilla 0% colesterol bidón 5 l,CHEF,Unimarc,Despensa,14650.0,3695.8256532066507,296.39,0
Salsa de tomate nuestra cocina parmesana 420 g,NUESTRA COCINA,Unimarc,Despensa,3790.0,3695.8256532066507,2.55,0
Endulzante líquido nuestra cocina sucralosa 270 ml,NUESTRA COCINA,Unimarc,Despensa,2950.0,3695.8256532066507,-20.18,0
Chucrut sauerkraut la fermentista raíces nobles frasco 400 g,LA FERMENTISTA,Unimarc,Despensa,6290.0,3695.8256532066507,70.19,2
Caldo nuestra cocina verduras 8 un de 11 g,NUESTRA COCINA,Unimarc,Despensa,950.0,3695.8256532066507,-74.3,0
Palmitos esmeralda en rodajas lata 400 g neto - 220 g drenado,ESMERALDA,Unimarc,Despensa,2890.0,3695.8256532066507,-21.8,0
Sal parrillera nuestra cocina 750 g,NUESTRA COCINA,Unimarc,Despensa,1390.0,3695.8256532066507,-62.39,0
Salsa soya kikkoman 148 ml,KIKKOMAN,Unimarc,Despensa,3000.0,3695.8256532066507,-18.83,2
Chips de plátano rustico marco polo 240gr,MARCO POLO,Unimarc,Despensa,2390.0,3695.8256532066507,-35.33,0
Endulzante polvo en sobres naturalist stevia y sucralosa 400 un,NATURALIST,Unimarc,Despensa,6590.0,3695.8256532066507,78.31,2
Salsa de ajo gourmet 165 ml,GOURMET,Unimarc,Despensa,1650.0,3695.8256532066507,-55.36,0
Chips buka camote frito flow toque de ají 200g,BUKA,Unimarc,Despensa,2490.0,3695.8256532066507,-32.63,0
Pre mezcla gourmet cupcake vainilla 300 g,GOURMET,Unimarc,Despensa,2990.0,3695.8256532066507,-19.1,0
Azúcar blanca iansa doypack 3 kg,IANSA,Unimarc,Despensa,5350.0,3695.8256532066507,44.76,0
Sésamo tostado gourmet sobre 100 g,GOURMET,Unimarc,Despensa,2190.0,3695.8256532066507,-40.74,0
Caldo en polvo gourmet sabor gallina 48 g,GOURMET,Unimarc,Despensa,31850.0,3695.8256532066507,761.78,1
Papas fritas lay's artesanas salsa verde 150 g,LAYS,Unimarc,Despensa,2350.0,3695.8256532066507,-36.41,0
Duraznos regimel en cubitos tetra 380 g neto - 230 g drenado,REGIMEL,Unimarc,Despensa,22360.0,3695.8256532066507,505.01,1
Pasta corbatas lucchetti tres sabores 400 g,LUCCHETTI,Unimarc,Despensa,1150.0,3695.8256532066507,-68.88,0
Mostaza hellmann´s 250 g,HELLMANNS,Unimarc,Despensa,1550.0,3695.8256532066507,-58.06,0
Sazonador para carne nuestra cocina con molinillo 35 g,NUESTRA COCINA,Unimarc,Despensa,3790.0,3695.8256532066507,2.55,0
Doritos evercrisp sweet chili bolsa 180 g,DORITOS,Unimarc,Despensa,2090.0,3695.8256532066507,-43.45,2
Pasta spaghetti n° 5 lucchetti integral 400 g,LUCCHETTI,Unimarc,Despensa,1350.0,3695.8256532066507,-63.47,0
Ketchup heinz doy pack 397 g,HEINZ,Unimarc,Despensa,2490.0,3695.8256532066507,-32.63,0
Sal fina lobos pote 850 g,LOBOS,Unimarc,Despensa,1690.0,3695.8256532066507,-54.27,0
Harina tostada dimme 500 g,DIMME,Unimarc,Despensa,1550.0,3695.8256532066507,-58.06,2
Pack buka colación 155 g,BUKA,Unimarc,Despensa,2850.0,3695.8256532066507,-22.89,0
Pasta para uno carozzi bolognesa 70 g,CAROZZI,Unimarc,Despensa,1390.0,3695.8256532066507,-62.39,0
Papas fritas buka sabor limón flow 200 gr,BUKA,Unimarc,Despensa,2090.0,3695.8256532066507,-43.45,0
Salsa barbecue kraft spicy honey 510 g,KRAFT,Unimarc,Despensa,3990.0,3695.8256532066507,7.96,0
Papas fritas marco polo caseras bolsa 200 g,MARCO POLO,Unimarc,Despensa,1990.0,3695.8256532066507,-46.16,0
Arroz preparado miraflores risotto 3 quesos 180 g,MIRAFLORES,Unimarc,Despensa,1950.0,3695.8256532066507,-47.24,0
Surtido caldillo angelmó en aceite 425 g neto - 213 g drenado,ANGELMO,Unimarc,Despensa,2790.0,3695.8256532066507,-24.51,0
Sal de mar fina lobos salero 500 g,LOBOS,Unimarc,Despensa,1850.0,3695.8256532066507,-49.94,0
Papas fritas marco polo corte americano 200 g,MARCO POLO,Unimarc,Despensa,1500.0,3695.8256532066507,-59.41,0
Cabritas tento sabor caramelo 250 g,TENTO,Unimarc,Despensa,2150.0,3695.8256532066507,-41.83,0
Salmón robinson crusoe trozos en agua lata 170 g neto - 120 g drenado,ROBINSON CRUSOE,Unimarc,Despensa,3890.0,3695.8256532066507,5.25,0
Cabritas endulzadas puripop 170 g,PURIPOP,Unimarc,Despensa,3090.0,3695.8256532066507,-16.39,2
Salsa deshidratada maggi champiñón sobre 45 g,MAGGI,Unimarc,Despensa,880.0,3695.8256532066507,-76.19,0
Comino molido nuestra cocina 15 g,NUESTRA COCINA,Unimarc,Despensa,380.0,3695.8256532066507,-89.72,0
Salsa caracoquesos carozzi 200 g,CAROZZI,Unimarc,Despensa,2090.0,3695.8256532066507,-43.45,0
Gelatina gourmet sin sabor colapez 5 hojas 12 g,GOURMET,Unimarc,Despensa,1750.0,3695.8256532066507,-52.65,0
Azúcar rubia iansa cubitos 420 g,IANSA,Unimarc,Despensa,1990.0,3695.8256532066507,-46.16,0
Fideos instantáneos maruchan queso pote 64 g,MARUCHAN,Unimarc,Despensa,1390.0,3695.8256532066507,-62.39,0
Ketchup kraft doypack 450 g,KRAFT,Unimarc,Despensa,2450.0,3695.8256532066507,-33.71,0
Cebolla perla don juan doy pack 400 g,DON JUAN,Unimarc,Despensa,1790.0,3695.8256532066507,-51.57,0
Sal light biosal con 50% menos de sodio pote 850 g,BIOSAL,Unimarc,Despensa,4290.0,3695.8256532066507,16.08,2
Mayonesa hellmann's vegana doypack 630 gr,HELLMANNS,Unimarc,Despensa,3790.0,3695.8256532066507,2.55,0
Sazonador para arroz nuestra cocina 6 un de 8 g,NUESTRA COCINA,Unimarc,Despensa,690.0,3695.8256532066507,-81.33,0
Fideos instant?neos nuestra cocina sabor camar?n pote 65 g,NUESTRA COCINA,Unimarc,Despensa,960.0,3695.8256532066507,-74.02,0
Linguini moccagatta al bronce 400 g,MOCCAGATTA,Unimarc,Despensa,1190.0,3695.8256532066507,-67.8,2
Mostaza dijon bornier frasco 370 g,BORNIER,Unimarc,Despensa,6390.0,3695.8256532066507,72.9,2
Sésamo tostado mi tierra 100 g,MI TIERRA,Unimarc,Despensa,1450.0,3695.8256532066507,-60.77,0
Pasta vivo spaghetti sin gluten 400 g,VIVO,Unimarc,Despensa,3690.0,3695.8256532066507,-0.16,0
Papas fritas marco polo sabor jamón serrano 180 g,MARCO POLO,Unimarc,Despensa,1990.0,3695.8256532066507,-46.16,0
Caldo maggi sabor gallina 8 tabletas de 11 g,MAGGI,Unimarc,Despensa,1250.0,3695.8256532066507,-66.18,0
Cabritas sabor coco vainilla puripop 25 g,PURIPOP,Unimarc,Despensa,660.0,3695.8256532066507,-82.14,2
"Mix maní, pasas y almendras nuestra cocina 150 g",NUESTRA COCINA,Unimarc,Despensa,1790.0,3695.8256532066507,-51.57,0
Postre sémola ambrosoli sabor caramelo 150 g,AMBROSOLI,Unimarc,Despensa,1350.0,3695.8256532066507,-63.47,0
Salsa alfredo gourmet sobre 45 g,GOURMET,Unimarc,Despensa,840.0,3695.8256532066507,-77.27,0
Sal rosada nuestra cocina con molinillo 100 g,NUESTRA COCINA,Unimarc,Despensa,3790.0,3695.8256532066507,2.55,0
Gelatina ambrosoli naranja 100 g,AMBROSOLI,Unimarc,Despensa,970.0,3695.8256532066507,-73.75,0
Ají chileno jb crema 240 g,JB,Unimarc,Despensa,1890.0,3695.8256532066507,-48.86,0
Fusilli moccagatta al bronce 400 g,MOCCAGATTA,Unimarc,Despensa,1190.0,3695.8256532066507,-67.8,2
Choclitos cóctel esmeralda lata 425 g neto - 230 g drenado,ESMERALDA,Unimarc,Despensa,2950.0,3695.8256532066507,-20.18,0
Pickles surtido don juan bolsa 360 g,DON JUAN,Unimarc,Despensa,1690.0,3695.8256532066507,-54.27,0
Orégano nuestra cocina 20 g,NUESTRA COCINA,Unimarc,Despensa,520.0,3695.8256532066507,-85.93,0
Aceite de oliva kardamili extra virgen 500 ml,KARDAMILI,Unimarc,Despensa,10390.0,3695.8256532066507,181.13,2
Jugoso al horno maggi pollo mediterráneo sobre 25 g,MAGGI,Unimarc,Despensa,1090.0,3695.8256532066507,-70.51,0
Tortilla española la casona monteclaro con chorizo bolsa 400 g,LA CASONA MONTECLARO,Unimarc,Despensa,6390.0,3695.8256532066507,72.9,2
Papas fritas buka flow corte americano 35 g,BUKA,Unimarc,Despensa,500.0,3695.8256532066507,-86.47,0
Bicarbonato de sodio gourmet frasco 250 g,GOURMET,Unimarc,Despensa,2650.0,3695.8256532066507,-28.3,0
Salsa rana pesto a la genovese 140 g,RANA,Unimarc,Despensa,4590.0,3695.8256532066507,24.19,0
Lasaña boloñesa pf listo refrigerado 350 g,PF LISTO,Unimarc,Despensa,3690.0,3695.8256532066507,-0.16,0
Mix papas nativas tika roots sal de mar 135 g,TIKA,Unimarc,Despensa,2790.0,3695.8256532066507,-24.51,0
Sucedáneo jugo limón de pica traverso 500 ml,TRAVERSO,Unimarc,Despensa,2090.0,3695.8256532066507,-43.45,0
Azúcar flor iansa 1 kg,IANSA,Unimarc,Despensa,2390.0,3695.8256532066507,-35.33,0
Salsa crying thaiger sriracha original 440 ml,NUESTRA COCINA,Unimarc,Despensa,6150.0,3695.8256532066507,66.4,0
Harina selecta especial bake bolsa 650 g,SELECTA,Unimarc,Despensa,2090.0,3695.8256532066507,-43.45,0
Mayonesa hellmann's supreme artesana frasco 380 g,HELLMANNS,Unimarc,Despensa,4290.0,3695.8256532066507,16.08,0
Papas fritas pringles original 104 g,PRINGLES,Unimarc,Despensa,2350.0,3695.8256532066507,-36.41,2
Psyllium husk orgánico sin gluten manare 200g,MANARE,Unimarc,Despensa,10790.0,3695.8256532066507,191.95,2
Lasagna bolognesa congelada carozzi 320gr,CAROZZI,Unimarc,Despensa,3990.0,3695.8256532066507,7.96,0
Pasta ravioles la salteña jamón y queso 450 g,LA SALTEÑA,Unimarc,Despensa,3990.0,3695.8256532066507,7.96,2
Burgol trigo precocido suk 500 g,SUK,Unimarc,Despensa,2800.0,3695.8256532066507,-24.24,2
Lentejas rojas suk 500 g,SUK,Unimarc,Despensa,3350.0,3695.8256532066507,-9.36,2
Cheetos evercrisp sabor maní 250 g,CHEETOS,Unimarc,Despensa,1850.0,3695.8256532066507,-49.94,2
Polenta oso doypack 250 g,OSO,Unimarc,Despensa,1090.0,3695.8256532066507,-70.51,2
Maní nut mix 1 marco polo 350 g,MARCO POLO,Unimarc,Despensa,4150.0,3695.8256532066507,12.29,0
Salsa buka dip hummus de garbanzo frasco 220 g,BUKA,Unimarc,Despensa,2890.0,3695.8256532066507,-21.8,0
Espárragos verdes esmeralda lata 425 g neto - 230 g drenado,ESMERALDA,Unimarc,Despensa,3350.0,3695.8256532066507,-9.36,0
Pasta canelones lucchetti 250 g,LUCCHETTI,Unimarc,Despensa,2290.0,3695.8256532066507,-38.04,0
Fideos instantáneos nuestra cocina sabor queso pote 65 g,NUESTRA COCINA,Unimarc,Despensa,960.0,3695.8256532066507,-74.02,0
Maní confitado tento sin colorantes pote 300 g,TENTO,Unimarc,Despensa,2190.0,3695.8256532066507,-40.74,0
Mostacilla gourmet multicolor 100 g,GOURMET,Unimarc,Despensa,1490.0,3695.8256532066507,-59.68,0
Sazonador para pollo nuestra cocina con molinillo 27 g,NUESTRA COCINA,Unimarc,Despensa,3790.0,3695.8256532066507,2.55,0
Salsa aliño gourmet cesar light 250 g,GOURMET,Unimarc,Despensa,2650.0,3695.8256532066507,-28.3,0
Pasta sorrentino la salteña jamón y mozzarella 300 g,LA SALTEÑA,Unimarc,Despensa,3990.0,3695.8256532066507,7.96,2
Palitos cheetos sabor queso crema 220 g,CHEETOS,Unimarc,Despensa,1990.0,3695.8256532066507,-46.16,2
Salsa heinz sweet relish 396 g,HEINZ,Unimarc,Despensa,5350.0,3695.8256532066507,44.76,0
Corazones de alcachofas esmeralda lata 400 g neto - 240 g drenado,ESMERALDA,Unimarc,Despensa,3890.0,3695.8256532066507,5.25,0
Levadura lefersa doy pack 125 g,LEFERSA,Unimarc,Despensa,2450.0,3695.8256532066507,-33.71,2
Mayonesa not mayo original frasco 500 g,NOT MAYO,Unimarc,Despensa,4990.0,3695.8256532066507,35.02,2
Chuno oso doypack 250gr,OSO,Unimarc,Despensa,1350.0,3695.8256532066507,-63.47,2
Pasta nidos fettuccini talliani tres sabores 400 g,TALLIANI,Unimarc,Despensa,2750.0,3695.8256532066507,-25.59,0
Choclo en conserva nuestra cocina 425 g neto - 250 g drenado,NUESTRA COCINA,Unimarc,Despensa,1290.0,3695.8256532066507,-65.1,0
Salmón ahumado en frío south wind 150 g,SOUTH WIND,Unimarc,Despensa,8890.0,3695.8256532066507,140.54,2
Mix pimienta nuestra cocina con molinillo 35 g,NUESTRA COCINA,Unimarc,Despensa,3950.0,3695.8256532066507,6.88,0
Mezcla lista p&m muffin keto chocolate 120g,P&M FOODS,Unimarc,Despensa,3350.0,3695.8256532066507,-9.36,2
Papas fritas saldas nativas tento 185gr,TENTO,Unimarc,Despensa,2790.0,3695.8256532066507,-24.51,0
Cebolla en polvo gourmet sobre 15 g,GOURMET,Unimarc,Despensa,510.0,3695.8256532066507,-86.2,0
Aceite de oliva banquete extra virgen 250 ml,BANQUETE,Unimarc,Despensa,5890.0,3695.8256532066507,59.37,0
Galletas selz cracker merkén 90 g,SELZ,Unimarc,Despensa,550.0,3695.8256532066507,-85.12,2
Aceite de oliva extra virgen en spray chef 180ml,CHEF,Unimarc,Despensa,6190.0,3695.8256532066507,67.49,0
Galletas saladas tento originales 6 un de 22.8 gr,TENTO,Unimarc,Despensa,1190.0,3695.8256532066507,-67.8,0
Ketchup heinz no sugar added 369 g,HEINZ,Unimarc,Despensa,4790.0,3695.8256532066507,29.61,0
Alcaparras nuestra cocina frasco 99 g,NUESTRA COCINA,Unimarc,Despensa,2190.0,3695.8256532066507,-40.74,0
Aceitunas verdes don juan sevillanas bolsa 340 g,DON JUAN,Unimarc,Despensa,3190.0,3695.8256532066507,-13.69,0
Pasta ravioles la salteña carne y verdura 450 g,LA SALTEÑA,Unimarc,Despensa,3990.0,3695.8256532066507,7.96,2
Salsa soya kikkoman 591 ml,KIKKOMAN,Unimarc,Despensa,7990.0,3695.8256532066507,116.19,2
Arroz preparado miraflores primavera 210 g,MIRAFLORES,Unimarc,Despensa,1190.0,3695.8256532066507,-67.8,0
Bicarbonato gourmet sobre 30 g,GOURMET,Unimarc,Despensa,220.0,3695.8256532066507,-94.05,0
Chocolate gourmet granulado 100 g,GOURMET,Unimarc,Despensa,1490.0,3695.8256532066507,-59.68,0
Mayonesa kraft squezze 315 g,KRAFT,Unimarc,Despensa,4890.0,3695.8256532066507,32.31,0
Frutillas enteras esmeralda lata 410 g neto - 160 g drenado,ESMERALDA,Unimarc,Despensa,2690.0,3695.8256532066507,-27.22,0
Puré de papas hoffmann instantáneo con leche 1 kg,HOFFMANN,Unimarc,Despensa,8590.0,3695.8256532066507,132.42,2
Ají de color gourmet bolsa 100 g,GOURMET,Unimarc,Despensa,1350.0,3695.8256532066507,-63.47,0
Sal parrillera lobos 750 g,LOBOS,Unimarc,Despensa,1790.0,3695.8256532066507,-51.57,0
Cuscús tradicional nuestra cocina 500 g,NUESTRA COCINA,Unimarc,Despensa,2990.0,3695.8256532066507,-19.1,0
Pasta de arroz tucapel rigati 250 g,TUCAPEL,Unimarc,Despensa,2290.0,3695.8256532066507,-38.04,0
Salsa americana don juan 400 g,DON JUAN,Unimarc,Despensa,1190.0,3695.8256532066507,-67.8,0
Panchitos pancho villa redondos 320 g,PANCHO VILLA,Unimarc,Despensa,2200.0,3695.8256532066507,-40.47,0
Harina de coco mi tierra 400 g,MI TIERRA,Unimarc,Despensa,2890.0,3695.8256532066507,-21.8,0
Ramitas garbanzos buka queso mantecoso 35 g,BUKA,Unimarc,Despensa,500.0,3695.8256532066507,-86.47,0
Salsa picante tabasco 60 ml,TABASCO,Unimarc,Despensa,4950.0,3695.8256532066507,33.93,2
Pasta spaghetti n° 5 barilla 500 g,BARILLA,Unimarc,Despensa,2650.0,3695.8256532066507,-28.3,2
Lentejas con tocino bavaria bandeja 400 g,BAVARIA,Unimarc,Despensa,3390.0,3695.8256532066507,-8.27,2
Pimienta negra molida nuestra cocina 15 g,NUESTRA COCINA,Unimarc,Despensa,540.0,3695.8256532066507,-85.39,0
Salsa tártara don juan doy pack 250 g,DON JUAN,Unimarc,Despensa,1450.0,3695.8256532066507,-60.77,0
Salsa pesto gourmet 30 g,GOURMET,Unimarc,Despensa,840.0,3695.8256532066507,-77.27,0
Mostaza maille dijon original frasco 215 g,MAILLE,Unimarc,Despensa,4690.0,3695.8256532066507,26.9,2
Chorito angelmó al natural lata 190 g neto - 100 g drenado,ANGELMO,Unimarc,Despensa,1390.0,3695.8256532066507,-62.39,0
Maní salado marco polo 150 g,MARCO POLO,Unimarc,Despensa,1250.0,3695.8256532066507,-66.18,0
Galletas grill jamón serrano 140 g,GRILL,Unimarc,Despensa,1750.0,3695.8256532066507,-52.65,2
Caldo casero gallina blanca carne 1 l,GALLINA BLANCA,Unimarc,Despensa,3850.0,3695.8256532066507,4.17,2
Trigo mote oso 500 g,OSO,Unimarc,Despensa,1490.0,3695.8256532066507,-59.68,2
Ajo en polvo gourmet sobre 100 g,GOURMET,Unimarc,Despensa,1650.0,3695.8256532066507,-55.36,0
Aceitunas negras don juan descarozadas bolsa 250 g,DON JUAN,Unimarc,Despensa,2540.0,3695.8256532066507,-31.27,0
Salsa mexicana pancho villa taquera picante doy pack 200 g,PANCHO VILLA,Unimarc,Despensa,1450.0,3695.8256532066507,-60.77,0
Salsa de tomate lucchetti natural 200 g,LUCCHETTI,Unimarc,Despensa,790.0,3695.8256532066507,-78.62,0
Nachos de jalapeños la costeña lata 220 g neto - 121 g drenado,LA COSTEÑA,Unimarc,Despensa,1990.0,3695.8256532066507,-46.16,2
Popcorn act ii mantequilla light 85 g,ACT II,Unimarc,Despensa,1550.0,3695.8256532066507,-58.06,2
Porotos con rienda bavaria bandeja 400 g,BAVARIA,Unimarc,Despensa,3390.0,3695.8256532066507,-8.27,2
Twistos queso 100 g,TWISTOS,Unimarc,Despensa,1390.0,3695.8256532066507,-62.39,2
Tortillas de maíz nuestra cocina sabor queso 180 g,NUESTRA COCINA,Unimarc,Despensa,1290.0,3695.8256532066507,-65.1,0
Pistacho tostado tento salado pote 120 g,TENTO,Unimarc,Despensa,3590.0,3695.8256532066507,-2.86,0
Azúcar blanca light iansa con sucralosa 500 g,IANSA,Unimarc,Despensa,1850.0,3695.8256532066507,-49.94,0
Espárragos verdes nuestra cocina 425 g neto - 240 g drenado,NUESTRA COCINA,Unimarc,Despensa,2690.0,3695.8256532066507,-27.22,0
Sal winkler specia mostaza 300 g,WINKLER SPECIA,Unimarc,Despensa,1390.0,3695.8256532066507,-62.39,2
Pepinos dulces by maria frasco 430 g,BY MARIA,Unimarc,Despensa,6190.0,3695.8256532066507,67.49,2
Surtido de mariscos robinson crusoe en aceite lata 425 g neto - 213 g drenado,ROBINSON CRUSOE,Unimarc,Despensa,4490.0,3695.8256532066507,21.49,0
Salsa inglesa gourmet 165 ml,GOURMET,Unimarc,Despensa,3550.0,3695.8256532066507,-3.95,0
Gelatina ambrosoli frutilla 100 g,AMBROSOLI,Unimarc,Despensa,830.0,3695.8256532066507,-77.54,0
Porotos blanco los granos 1kg,LOS GRANOS,Unimarc,Despensa,3090.0,3695.8256532066507,-16.39,0
Hummus suk 380 g,SUK,Unimarc,Despensa,3550.0,3695.8256532066507,-3.95,2
Humitas campo fernández bandeja 2 un,CAMPO FERNANDEZ,Unimarc,Despensa,4450.0,3695.8256532066507,20.41,2
Chorito angelmó en aceite lata 425 g neto - 213 g drenado,ANGELMO,Unimarc,Despensa,2690.0,3695.8256532066507,-27.22,0
Pasta ravioli trattoría con carne 400 g,TRATTORIA,Unimarc,Despensa,2600.0,3695.8256532066507,-29.65,0
Duraznos esmeralda en cubitos lata 425 g neto - 235 g drenado,ESMERALDA,Unimarc,Despensa,1990.0,3695.8256532066507,-46.16,0
Perlitas poroto banquete 220 g,BANQUETE,Unimarc,Despensa,2190.0,3695.8256532066507,-40.74,0
Passata cirio verave frasco 700 g,CIRIO,Unimarc,Despensa,3190.0,3695.8256532066507,-13.69,2
Vinagre de manzana traverso 1 l,TRAVERSO,Unimarc,Despensa,4550.0,3695.8256532066507,23.11,0
Atún lomito robinson crusoe finas hierbas 140 g neto - 91 g drenado,ROBINSON CRUSOE,Unimarc,Despensa,1490.0,3695.8256532066507,-59.68,0
Almendras natural tento pote 300 g,TENTO,Unimarc,Despensa,5790.0,3695.8256532066507,56.66,0
Popcorn act ii cinema dulce sobre 91 g,ACT II,Unimarc,Despensa,1550.0,3695.8256532066507,-58.06,2
Mayonesa hellmann's doypack 630 gr,HELLMANNS,Unimarc,Despensa,2700.0,3695.8256532066507,-26.94,0
Snack sembrasol mega pipona salada tostada 370 g,SEMBRASOL,Unimarc,Despensa,3490.0,3695.8256532066507,-5.57,2
Arvejas verdes nuestra cocina partidas bolsa 500 g,NUESTRA COCINA,Unimarc,Despensa,1190.0,3695.8256532066507,-67.8,0
Levadura collico pan 38 g,COLLICO,Unimarc,Despensa,510.0,3695.8256532066507,-86.2,0
Maizena dropa caja 250 g,MAIZENA,Unimarc,Despensa,3650.0,3695.8256532066507,-1.24,2
Orégano entero gourmet sobre 20 g,GOURMET,Unimarc,Despensa,650.0,3695.8256532066507,-82.41,0
Crema de coco lolo lópez 425 g,COCO LOPEZ,Unimarc,Despensa,6650.0,3695.8256532066507,79.93,2
Popcorn act ii natural 91 g,ACT II,Unimarc,Despensa,1550.0,3695.8256532066507,-58.06,2
Aceite belmont vegetal para freir 1 l,BELMONT,Unimarc,Despensa,4950.0,3695.8256532066507,33.93,2
Mostaza essential waitrose con semillas frasco 185 g,WAITROSE,Unimarc,Despensa,2650.0,3695.8256532066507,-28.3,2
Almidón de maíz nuestra cocina 250 g,NUESTRA COCINA,Unimarc,Despensa,2990.0,3695.8256532066507,-19.1,0
Vinagre rosado nuestra cocina botella 500 ml,NUESTRA COCINA,Unimarc,Despensa,990.0,3695.8256532066507,-73.21,0
Premezcla gourmet galletas chips chocolate 450 g,GOURMET,Unimarc,Despensa,4250.0,3695.8256532066507,14.99,0
Tahine suk 225 g,SUK,Unimarc,Despensa,5590.0,3695.8256532066507,51.25,2
Laurel gourmet seleccionado 5 g,GOURMET,Unimarc,Despensa,620.0,3695.8256532066507,-83.22,0
Arroz scotti arborio risotto caja 1 kg,SCOTTI,Unimarc,Despensa,5790.0,3695.8256532066507,56.66,2
Cúrcuma nuestra cocina 16 g,NUESTRA COCINA,Unimarc,Despensa,660.0,3695.8256532066507,-82.14,0
Jugoso al horno maggi pollo a las finas hierbas 24 g,MAGGI,Unimarc,Despensa,1090.0,3695.8256532066507,-70.51,0
Frutos secos tribu power mix 30 g,TRIBU,Unimarc,Despensa,800.0,3695.8256532066507,-78.35,2
Vinagre vino rosado traverso 500 ml,TRAVERSO,Unimarc,Despensa,1290.0,3695.8256532066507,-65.1,0
Harina de avena quaker integral 450 g,QUAKER,Unimarc,Despensa,3190.0,3695.8256532066507,-13.69,2
Salsa de soya gourmet 165 ml,GOURMET,Unimarc,Despensa,2000.0,3695.8256532066507,-45.88,0
Pasta espirales lucchetti tres sabores 400 g,LUCCHETTI,Unimarc,Despensa,1150.0,3695.8256532066507,-68.88,0
Aceite ajonjolí lee kum kee sesamo puro 207 ml,LEE KUM KEE,Unimarc,Despensa,8390.0,3695.8256532066507,127.01,2
Papas fritas corte americano mostaza marco polo 180 g,MARCO POLO,Unimarc,Despensa,1990.0,3695.8256532066507,-46.16,0
Tortilla de maíz takis original 190 g,TAKIS,Unimarc,Despensa,1740.0,3695.8256532066507,-52.92,0
Caldo casero gallina blanca pollo 1 l,GALLINA BLANCA,Unimarc,Despensa,3850.0,3695.8256532066507,4.17,2
Piñas esmeralda trozo lata 565 g neto - 340 g drenado,ESMERALDA,Unimarc,Despensa,2590.0,3695.8256532066507,-29.92,0
Leche condensada nestlé doypack 180 g,NESTLE,Unimarc,Despensa,1450.0,3695.8256532066507,-60.77,0
Atún lomito robinson crusoe en aceite 3 un de 56 g neto - 156 g drenado,ROBINSON CRUSOE,Unimarc,Despensa,3790.0,3695.8256532066507,2.55,0
Quinoa banquete 400 g,BANQUETE,Unimarc,Despensa,3550.0,3695.8256532066507,-3.95,0
Fideos instantáneos maruchan pollo 85 g,MARUCHAN,Unimarc,Despensa,740.0,3695.8256532066507,-79.98,0
Aceite girasol natura 500 ml,NATURA,Unimarc,Despensa,1990.0,3695.8256532066507,-46.16,0
Ajo en polvo nuestra cocina 15 g,NUESTRA COCINA,Unimarc,Despensa,280.0,3695.8256532066507,-92.42,0
Sazonador chiquilín paella con azafrán 125 g,CHIQUILIN,Unimarc,Despensa,5450.0,3695.8256532066507,47.46,2
Crema pastelera van cook para preparar sobre 72 g,VAN COOK,Unimarc,Despensa,770.0,3695.8256532066507,-79.17,2
Tomates nuestra cocina enteros 400 g neto - 240 g drenado,NUESTRA COCINA,Unimarc,Despensa,1490.0,3695.8256532066507,-59.68,0
Poroto rojo nuestra cocina 1 kg,NUESTRA COCINA,Unimarc,Despensa,3690.0,3695.8256532066507,-0.16,0
Mix millantú maní salado pasas avellanas y almendras doy pack 120 g,MILLANTU,Unimarc,Despensa,1990.0,3695.8256532066507,-46.16,0
Puff quinoa buka maní natural 25 g,BUKA,Unimarc,Despensa,500.0,3695.8256532066507,-86.47,0
Locos robinson crusoe en agua 425 g neto - 200 g drenado,ROBINSON CRUSOE,Unimarc,Despensa,27850.0,3695.8256532066507,653.55,1
Aceite nuestra cocina pepita uva 500 ml,NUESTRA COCINA,Unimarc,Despensa,4950.0,3695.8256532066507,33.93,0
Pasta de arroz tucapel spaguetti 250 g,TUCAPEL,Unimarc,Despensa,2090.0,3695.8256532066507,-43.45,0
Arroz paella tucapel 1 kg,TUCAPEL,Unimarc,Despensa,3490.0,3695.8256532066507,-5.57,0
Leche condensada nestlé sin lactosa 397 g,NESTLE,Unimarc,Despensa,2440.0,3695.8256532066507,-33.98,0
Ajo huertos del sur picado frasco 200 g,HUERTO DEL SUR,Unimarc,Despensa,3450.0,3695.8256532066507,-6.65,2
Choritos nuestra cocina en agua lata 425 g neto - 213 g drenado,NUESTRA COCINA,Unimarc,Despensa,3750.0,3695.8256532066507,1.47,0
Mix millantú maní-avellana-almendra-castañas de cajú 200 g,MILLANTU,Unimarc,Despensa,3850.0,3695.8256532066507,4.17,0
Pasta para uno carozzi caracoquesos 70 g,CAROZZI,Unimarc,Despensa,1390.0,3695.8256532066507,-62.39,0
Aceitunas rellenas nuestra cocina con anchoa lata 350 g,NUESTRA COCINA,Unimarc,Despensa,2190.0,3695.8256532066507,-40.74,0
Salsa dip untable buka guacamole frasco 180 g,BUKA,Unimarc,Despensa,2490.0,3695.8256532066507,-32.63,0
Crema chantilly gourmet sobre 60 g,GOURMET,Unimarc,Despensa,970.0,3695.8256532066507,-73.75,0
Salsa deshidratada maggi blanca sobre 36 g,MAGGI,Unimarc,Despensa,880.0,3695.8256532066507,-76.19,0
Comino molido nuestra cocina 100 g,NUESTRA COCINA,Unimarc,Despensa,1790.0,3695.8256532066507,-51.57,0
Fideos de arroz pad thai roland 396 g,ROLAND,Unimarc,Despensa,3590.0,3695.8256532066507,-2.86,2
Base maggi pollo crispy sobre 80 g,MAGGI,Unimarc,Despensa,880.0,3695.8256532066507,-76.19,0
Sal fina lobos salero 500 g,LOBOS,Unimarc,Despensa,1550.0,3695.8256532066507,-58.06,0
Pasta granizo carozzi 250 g,CAROZZI,Unimarc,Despensa,880.0,3695.8256532066507,-76.19,0
Suprema de arvejas martini 500 g,MARTINI,Unimarc,Despensa,1590.0,3695.8256532066507,-56.98,2
Merquén gourmet sobre 15 g,GOURMET,Unimarc,Despensa,510.0,3695.8256532066507,-86.2,0
Aceite de oliva senzo extra virgen botella 250 ml,SENZO,Unimarc,Despensa,5890.0,3695.8256532066507,59.37,2
Harina linaza mi tierra 400 g,MI TIERRA,Unimarc,Despensa,2150.0,3695.8256532066507,-41.83,0
Tomates nuestra cocina en cubitos 400 g neto - 240 g drenado,NUESTRA COCINA,Unimarc,Despensa,1490.0,3695.8256532066507,-59.68,0
Pasta ravioles la salteña cuatro quesos 450 g,LA SALTEÑA,Unimarc,Despensa,3990.0,3695.8256532066507,7.96,2
Vainilla vaina gourmet 1 un,GOURMET,Unimarc,Despensa,4890.0,3695.8256532066507,32.31,0
Puri crunchy de garbanzos purisnack pasta maní 25 g,PURISNACKS,Unimarc,Despensa,660.0,3695.8256532066507,-82.14,0
Ají pebre jb 240 g,JB,Unimarc,Despensa,1890.0,3695.8256532066507,-48.86,0
Pasta caracolitos lucchetti 250 g,LUCCHETTI,Unimarc,Despensa,820.0,3695.8256532066507,-77.81,0
Cabritas puripop sabor oliva sal de mar doypack 12 g,PURIPOP,Unimarc,Despensa,660.0,3695.8256532066507,-82.14,2
Papas fritas kryzpo original lata 37 g,KRYZPO,Unimarc,Despensa,870.0,3695.8256532066507,-76.46,0
Caldo en polvo gourmet costilla 6 sobres 48 g,GOURMET,Unimarc,Despensa,31850.0,3695.8256532066507,761.78,1
Fideos instantáneos maruchan pollo pote 64 g,MARUCHAN,Unimarc,Despensa,1390.0,3695.8256532066507,-62.39,0
Endulzante líquido iansa cero k stevia sucralosa 350 ml,IANSA CERO K,Unimarc,Despensa,4890.0,3695.8256532066507,32.31,2
Ají pebre nuestra cocina sabor tradicional 240 g,NUESTRA COCINA,Unimarc,Despensa,1490.0,3695.8256532066507,-59.68,0
Salsa barbecue gourmet 280 g,GOURMET,Unimarc,Despensa,2500.0,3695.8256532066507,-32.36,0
Romero gourmet sobre 10 g,GOURMET,Unimarc,Despensa,550.0,3695.8256532066507,-85.12,0
Caldo gourmet carne sobre 6 un de 8 g,GOURMET,Unimarc,Despensa,840.0,3695.8256532066507,-77.27,0
Chips papas nativas tika sal del mar 150 g,TIKA,Unimarc,Despensa,2500.0,3695.8256532066507,-32.36,0
Aceite spes nutra omega 3 bebés y niños 240 ml,SPES,Unimarc,Despensa,3490.0,3695.8256532066507,-5.57,2
Endulzante tabletas iansa cero k stevia sucralosa 500 un,IANSA CERO K,Unimarc,Despensa,3690.0,3695.8256532066507,-0.16,2
Gelatina ambrosoli cereza 100 g,AMBROSOLI,Unimarc,Despensa,830.0,3695.8256532066507,-77.54,0
Mayonesa kraft deli doypack 650 g,KRAFT,Unimarc,Despensa,3000.0,3695.8256532066507,-18.83,0
Gohan camarón y palta genial pote 300 g,GENIAL,Unimarc,Despensa,4150.0,3695.8256532066507,12.29,2
Tortilla de maíz takis xplosion 190 g,TAKIS,Unimarc,Despensa,1740.0,3695.8256532066507,-52.92,0
Pasta spaghetti n° 5 vivo 350 g,VIVO,Unimarc,Despensa,1250.0,3695.8256532066507,-66.18,0
Sandwich pan de molde daily fresh jamón queso bolsa 1 un,DAILY FRESH,Unimarc,Despensa,2750.0,3695.8256532066507,-25.59,2
Polvos de hornear gourmet 100 g,GOURMET,Unimarc,Despensa,990.0,3695.8256532066507,-73.21,0
Salsa de tomate nuestra cocina albahaca 420 g,NUESTRA COCINA,Unimarc,Despensa,3790.0,3695.8256532066507,2.55,0
Albahaca gourmet sobre 6 g,GOURMET,Unimarc,Despensa,380.0,3695.8256532066507,-89.72,0
Aceite vegetal merkat 1.5 l,MERKAT,Unimarc,Despensa,2550.0,3695.8256532066507,-31.0,0
Levadura fresca collico 500 g,COLLICO,Unimarc,Despensa,2250.0,3695.8256532066507,-39.12,0
Salsa lista carozzi bechamel 200 g,CAROZZI,Unimarc,Despensa,990.0,3695.8256532066507,-73.21,0
Maní confitado tento con colorantes pote 300 g,TENTO,Unimarc,Despensa,2490.0,3695.8256532066507,-32.63,0
Pimienta negra entera nuestra cocina 15 g,NUESTRA COCINA,Unimarc,Despensa,530.0,3695.8256532066507,-85.66,0
Mayonesa light kraft frasco 896 g,KRAFT,Unimarc,Despensa,6250.0,3695.8256532066507,69.11,0
Lentejas banquete 5 mm 1 kg,BANQUETE,Unimarc,Despensa,3290.0,3695.8256532066507,-10.98,0
Harina pan de maiz amarilla 1 kg,PAN,Unimarc,Despensa,2090.0,3695.8256532066507,-43.45,2
Aceitunas negras don juan huasco bolsa 340 g,DON JUAN,Unimarc,Despensa,1990.0,3695.8256532066507,-46.16,0
Ensalada genial gran césar 300 g,GENIAL,Unimarc,Despensa,4150.0,3695.8256532066507,12.29,2
Mayonesa kraft mayodeli doypack 350 g,KRAFT,Unimarc,Despensa,2490.0,3695.8256532066507,-32.63,0
Atún lomito robinson crusoe ahumado 140 g neto - 91 g drenado,ROBINSON CRUSOE,Unimarc,Despensa,1490.0,3695.8256532066507,-59.68,0
Garbanzos sin piel banquete 1 kg,BANQUETE,Unimarc,Despensa,3650.0,3695.8256532066507,-1.24,0
Salsa de ostras lee kum kee 255 g,LEE KUM KEE,Unimarc,Despensa,4850.0,3695.8256532066507,31.23,2
Aceite de oliva banquete extra virgen 1 l,BANQUETE,Unimarc,Despensa,18990.0,3695.8256532066507,413.82,1
Crema tari de ají 400 g,DON VITTORIO,Unimarc,Despensa,7790.0,3695.8256532066507,110.78,2
Arroz preparado miraflores risotto champiñón 180 g,MIRAFLORES,Unimarc,Despensa,1950.0,3695.8256532066507,-47.24,0
Harina noglut mezcla 3 tipos 700 g,NOGLUT,Unimarc,Despensa,4690.0,3695.8256532066507,26.9,2
Pepinillos hengstenberg pecera frasco 850 gr drenado - 1.5 kg neto,HENGSTENBERG,Unimarc,Despensa,10990.0,3695.8256532066507,197.36,2
Endulzante líquido iansa cero k stevia sucralosa 250 ml,IANSA CERO K,Unimarc,Despensa,4090.0,3695.8256532066507,10.67,2
Clavos de olor enteros gourmet 5 g,GOURMET,Unimarc,Despensa,550.0,3695.8256532066507,-85.12,0
Porotos hallados nuestra cocina 1 kg,NUESTRA COCINA,Unimarc,Despensa,3250.0,3695.8256532066507,-12.06,0
Harina de centeno selecta integral 1 kg,SELECTA,Unimarc,Despensa,2390.0,3695.8256532066507,-35.33,0
Piñas esmeralda en rodajas lata 567 g neto - 340 g drenado,ESMERALDA,Unimarc,Despensa,2390.0,3695.8256532066507,-35.33,0
Mote trigo productos ipa 500 g,PRODUCTOS IPA,Unimarc,Despensa,1790.0,3695.8256532066507,-51.57,2
Sal rosada del himalaya ka fina gourmet 130 g,KA,Unimarc,Despensa,1590.0,3695.8256532066507,-56.98,2
Mostaza nuestra cocina doypack 250 g,NUESTRA COCINA,Unimarc,Despensa,990.0,3695.8256532066507,-73.21,0
Papas fritas marco polo sabor crema ciboulette 180 g,MARCO POLO,Unimarc,Despensa,1990.0,3695.8256532066507,-46.16,0
Harina mont blanc sin polvos 3 kg,MONT BLANC,Unimarc,Despensa,3400.0,3695.8256532066507,-8.0,2
Pasta fusilli cosecha justa lentejas 227 g,COSECHA JUSTA,Unimarc,Despensa,2490.0,3695.8256532066507,-32.63,2
Mostaza hellmann's doypack 470 g,HELLMANNS,Unimarc,Despensa,2090.0,3695.8256532066507,-43.45,0
Duraznos esmeralda en mitades lata 425 g neto - 235 g drenado,ESMERALDA,Unimarc,Despensa,1990.0,3695.8256532066507,-46.16,0
Chorito angelmó al natural lata 425 g neto - 213 g drenado,ANGELMO,Unimarc,Despensa,2690.0,3695.8256532066507,-27.22,0
Sucedáneo jugo de limón nuestra cocina botella 500 ml,NUESTRA COCINA,Unimarc,Despensa,990.0,3695.8256532066507,-73.21,0
Salsa gourmet pesto genovese frasco 190 g,GOURMET,Unimarc,Despensa,4390.0,3695.8256532066507,18.78,0
Harina selecta especial cake bolsa 650 g,SELECTA,Unimarc,Despensa,2090.0,3695.8256532066507,-43.45,0
Tomates enteros pelados esmeralda lata 400 g neto - 240 g drenado,ESMERALDA,Unimarc,Despensa,1890.0,3695.8256532066507,-48.86,0
Pimienta negra molida gourmet sobre 15 g,GOURMET,Unimarc,Despensa,670.0,3695.8256532066507,-81.87,0
Cuscús integral nuestra cocina 500 g,NUESTRA COCINA,Unimarc,Despensa,2990.0,3695.8256532066507,-19.1,0
Aliño completo nuestra cocina 100 g,NUESTRA COCINA,Unimarc,Despensa,1550.0,3695.8256532066507,-58.06,0
Almidón de maíz maizena 100 g,MAIZENA,Unimarc,Despensa,1990.0,3695.8256532066507,-46.16,2
Ketchup hellmann´s doy pack 500 g,HELLMANNS,Unimarc,Despensa,2550.0,3695.8256532066507,-31.0,0
Linaza oso 250g,OSO,Unimarc,Despensa,1390.0,3695.8256532066507,-62.39,2
Choclitos cóctel nuestra cocina lata 425 g neto - 200 g drenado,NUESTRA COCINA,Unimarc,Despensa,1990.0,3695.8256532066507,-46.16,0
Porotos tórtola martini g1 500 g,MARTINI,Unimarc,Despensa,2250.0,3695.8256532066507,-39.12,2
Arroz preparado árabe miraflores 175 g,MIRAFLORES,Unimarc,Despensa,1190.0,3695.8256532066507,-67.8,0
Mix choclo palmito wasil tetra 380 gr,WASIL,Unimarc,Despensa,2350.0,3695.8256532066507,-36.41,0
Crema de coco deyco lata 396 g,DEYCO,Unimarc,Despensa,3490.0,3695.8256532066507,-5.57,2
Penne rigate moccagatta al bronce 400 g,MOCCAGATTA,Unimarc,Despensa,1190.0,3695.8256532066507,-67.8,2
Tortilla de maíz takis fuego 190 g,TAKIS,Unimarc,Despensa,1740.0,3695.8256532066507,-52.92,0
Coco rallado gourmet 100 g,GOURMET,Unimarc,Despensa,1890.0,3695.8256532066507,-48.86,0
Harina mont blanc sin polvo 5 kg,MONT BLANC,Unimarc,Despensa,7290.0,3695.8256532066507,97.25,2
Crema chantilly van cook clásica 60 g,VAN COOK,Unimarc,Despensa,940.0,3695.8256532066507,-74.57,2
Traga traga sabor frambuesa evercrisp 200g,EVERCRISP,Unimarc,Despensa,3900.0,3695.8256532066507,5.52,0
Sal de mar extra gruesa lobos doypack 800 g,LOBOS,Unimarc,Despensa,2390.0,3695.8256532066507,-35.33,0
Poroto blanco banquete 1 kg,BANQUETE,Unimarc,Despensa,3490.0,3695.8256532066507,-5.57,0
Papas fritas marco polo rusticas sal de mar bolsa xl 380 g,MARCO POLO,Unimarc,Despensa,4290.0,3695.8256532066507,16.08,0
Puré de papas hoffmann instantáneo con leche 250 g,HOFFMANN,Unimarc,Despensa,2290.0,3695.8256532066507,-38.04,2
Salsa barbecue kraft original 510 g,KRAFT,Unimarc,Despensa,3990.0,3695.8256532066507,7.96,0
Lomos de jurel san josé aceite 160 g neto - 104 g drenado,SAN JOSE,Unimarc,Despensa,1490.0,3695.8256532066507,-59.68,2
Crema pastelera gourmet para preparar sobre 78 g,GOURMET,Unimarc,Despensa,870.0,3695.8256532066507,-76.46,0
Papas fritas buka nativa artesanales y cebolla 150 g,BUKA,Unimarc,Despensa,1890.0,3695.8256532066507,-48.86,0
Cabritas puripop endulzadas doy pack 25 g,PURIPOP,Unimarc,Despensa,660.0,3695.8256532066507,-82.14,2
Pasta canutos merkat 400 g,MERKAT,Unimarc,Despensa,480.0,3695.8256532066507,-87.01,0
Pack salsa de tomate tuco maggi con carne 4 un de 245 g,MAGGI,Unimarc,Despensa,6250.0,3695.8256532066507,69.11,0
Pasta vivo fusilli sin gluten 400 g,VIVO,Unimarc,Despensa,3690.0,3695.8256532066507,-0.16,0
Sal gruesa cocina lobos bolsa 1 kg,LOBOS,Unimarc,Despensa,590.0,3695.8256532066507,-84.04,0
Ramitas evercrisp sabor original 330 g,EVERCRISP,Unimarc,Despensa,2390.0,3695.8256532066507,-35.33,0
Esencia de vainilla gourmet 500 ml,GOURMET,Unimarc,Despensa,2990.0,3695.8256532066507,-19.1,0
Corazones de alcachofa enteros nuestra cocina frasco 415 g neto - 245 g drenado,NUESTRA COCINA,Unimarc,Despensa,3590.0,3695.8256532066507,-2.86,0
Pasta tallarines n°77 merkat 400 g,MERKAT,Unimarc,Despensa,480.0,3695.8256532066507,-87.01,0
Canela entera gourmet sobre 15 g,GOURMET,Unimarc,Despensa,1190.0,3695.8256532066507,-67.8,0
Aderezo para ensaladas sabor palta cilantro gourmet 250 g,GOURMET,Unimarc,Despensa,2650.0,3695.8256532066507,-28.3,0
Aceite de canola nuestra cocina 900 ml,NUESTRA COCINA,Unimarc,Despensa,3190.0,3695.8256532066507,-13.69,0
Galletas tika crackers chía caja 140 g,TIKA,Unimarc,Despensa,2490.0,3695.8256532066507,-32.63,0
Laurel hoja nuestra cocina 5 g,NUESTRA COCINA,Unimarc,Despensa,500.0,3695.8256532066507,-86.47,0
Sal fina lobos salero 125 g,LOBOS,Unimarc,Despensa,600.0,3695.8256532066507,-83.77,0
Mix colaciones purisnacks dulces y saladas 5 un,PURISNACKS,Unimarc,Despensa,3090.0,3695.8256532066507,-16.39,0
Ketchup heinz squeeze 397 g,HEINZ,Unimarc,Despensa,3990.0,3695.8256532066507,7.96,0
Arroz preparado miraflores chaufán 210 g,MIRAFLORES,Unimarc,Despensa,1190.0,3695.8256532066507,-67.8,0
Quinoa vivo tricolor 250 g,VIVO,Unimarc,Despensa,2550.0,3695.8256532066507,-31.0,0
Snack evercrisp choco cracs bolsa 160 g,EVERCRISP,Unimarc,Despensa,2150.0,3695.8256532066507,-41.83,0
Sopa maruchan ramen carne 85 g,MARUCHAN,Unimarc,Despensa,740.0,3695.8256532066507,-79.98,0
Canela molida nuestra cocina 15 g,NUESTRA COCINA,Unimarc,Despensa,490.0,3695.8256532066507,-86.74,0
Pasta mariposas carozzi 250 g,CAROZZI,Unimarc,Despensa,850.0,3695.8256532066507,-77.0,0
Pasta ramen instantánea sabor carne nissin 85g,NISSIN,Unimarc,Despensa,750.0,3695.8256532066507,-79.71,2
Filete de anchoa colle pietra con alcaparra en aceite de oliva 140g neto - 80 g drenado,COLLE PIETRA,Unimarc,Despensa,7290.0,3695.8256532066507,97.25,2
Gelatina ambrosoli frambuesa 100 g,AMBROSOLI,Unimarc,Despensa,830.0,3695.8256532066507,-77.54,0
Colorantes para alimentos gourmet 75 g,GOURMET,Unimarc,Despensa,3190.0,3695.8256532066507,-13.69,0
Puré de papas maggi 751 g,MAGGI,Unimarc,Despensa,8290.0,3695.8256532066507,124.31,0
Arvejas wasil tetra 340 g neto - 205 g drenado,WASIL,Unimarc,Despensa,930.0,3695.8256532066507,-74.84,0
Mix colaciones purisnacks salados 5 un,PURISNACKS,Unimarc,Despensa,3350.0,3695.8256532066507,-9.36,0
Ramitas de garbanzos purisnacks sal de mar 22 g,PURISNACKS,Unimarc,Despensa,660.0,3695.8256532066507,-82.14,0
Aceite natura maravilla 0% colesterol 1.5 l,NATURA,Unimarc,Despensa,6390.0,3695.8256532066507,72.9,0
Arroz preparado miraflores curry 175 g,MIRAFLORES,Unimarc,Despensa,1190.0,3695.8256532066507,-67.8,0
Fideos instantáneos nuestra cocina sabor carne pote 65 g,NUESTRA COCINA,Unimarc,Despensa,960.0,3695.8256532066507,-74.02,0
Arvejitas nuestra cocina seleccionadas lata 310 g neto - 170 g drenado,NUESTRA COCINA,Unimarc,Despensa,590.0,3695.8256532066507,-84.04,0
Pepinillos hengstenberg a la polaca frasco 360 gr drenado - 670 gr neto,HENGSTENBERG,Unimarc,Despensa,7550.0,3695.8256532066507,104.28,2
Arroz tucapel blue bonnet g1 1 kg,TUCAPEL,Unimarc,Despensa,2390.0,3695.8256532066507,-35.33,0
Sémola de trigo nuestra cocina 500 g,NUESTRA COCINA,Unimarc,Despensa,1350.0,3695.8256532066507,-63.47,0
Leche evaporada nestlé gloria tarro 390g,NESTLE,Unimarc,Despensa,1850.0,3695.8256532066507,-49.94,0
Proteína vegetal de soya mi tierra 300 g,MI TIERRA,Unimarc,Despensa,2890.0,3695.8256532066507,-21.8,0
Nuez mariposa tento pote 200 g,TENTO,Unimarc,Despensa,4650.0,3695.8256532066507,25.82,0
Vinagre vino blanco traverso 500 ml,TRAVERSO,Unimarc,Despensa,1290.0,3695.8256532066507,-65.1,0
Sémola carozzi 500 g,CAROZZI,Unimarc,Despensa,1650.0,3695.8256532066507,-55.36,0
Sal rosada del himalaya ka fina doypack 500 g,KA,Unimarc,Despensa,3150.0,3695.8256532066507,-14.77,2
Quinoa tricolor banquete 250 g,BANQUETE,Unimarc,Despensa,2790.0,3695.8256532066507,-24.51,0
Endulzante líquido con stevia alusweet 270ml,ALUSWEET,Unimarc,Despensa,2990.0,3695.8256532066507,-19.1,2
Arvejas partidas nuestra cocina bolsa 1 kg,NUESTRA COCINA,Unimarc,Despensa,2390.0,3695.8256532066507,-35.33,0
Cabritas evercrisp con caramelo bolsa 250 g,EVERCRISP,Unimarc,Despensa,2590.0,3695.8256532066507,-29.92,0
Papel de arroz real thai 22 cm 100 g,REAL THAI,Unimarc,Despensa,2950.0,3695.8256532066507,-20.18,2
Aceto balsámico imperatore 500 ml,IMPERATORE,Unimarc,Despensa,3150.0,3695.8256532066507,-14.77,2
Caldo gourmet verduras sobre 6 un de 8 g,GOURMET,Unimarc,Despensa,840.0,3695.8256532066507,-77.27,0
Polvos de hornear royal sobre 100 g,ROYAL,Unimarc,Despensa,1150.0,3695.8256532066507,-68.88,2
Caldo de huesos vacuno manada pote 450 ml,MANADA,Unimarc,Despensa,5490.0,3695.8256532066507,48.55,2
Harina collico super extrafina 1 kg,COLLICO,Unimarc,Despensa,1650.0,3695.8256532066507,-55.36,0
Vinagre traverso vino rosado 1 l,TRAVERSO,Unimarc,Despensa,2290.0,3695.8256532066507,-38.04,0
Lentejas wasil tetra 380 g neto - 230 g drenado,WASIL,Unimarc,Despensa,22600.0,3695.8256532066507,511.5,1
Champiñones esmeralda laminados lata 400 g neto - 230 g drenado,ESMERALDA,Unimarc,Despensa,2350.0,3695.8256532066507,-36.41,0
Pasta instantánea maruchan carne asada 64 g,MARUCHAN,Unimarc,Despensa,1350.0,3695.8256532066507,-63.47,0
Ketchup heinz doypack 900 g,HEINZ,Unimarc,Despensa,4290.0,3695.8256532066507,16.08,0
Arroz basmati tucapel 1 kg,TUCAPEL,Unimarc,Despensa,5850.0,3695.8256532066507,58.29,0
Aceite chef pepita uva 1 l,CHEF,Unimarc,Despensa,7190.0,3695.8256532066507,94.54,0
Pasta quífaros merkat 400 g,MERKAT,Unimarc,Despensa,480.0,3695.8256532066507,-87.01,0
Levadura collico sachet 10 g,COLLICO,Unimarc,Despensa,270.0,3695.8256532066507,-92.69,0
Papas fritas marco polo corte americano ketchup 180 g,MARCO POLO,Unimarc,Despensa,1990.0,3695.8256532066507,-46.16,0
Twistos jamón ibérico 100 g,TWISTOS,Unimarc,Despensa,1390.0,3695.8256532066507,-62.39,2
Champiñones nuestra cocina enteros lata 184 g neto - 115 g drenado,NUESTRA COCINA,Unimarc,Despensa,1090.0,3695.8256532066507,-70.51,0
Papas fritas marco polo sabor limón corte americano 180 g,MARCO POLO,Unimarc,Despensa,1990.0,3695.8256532066507,-46.16,0
Mix frutisa cóctel trail doypack 700 g,FRUTISA,Unimarc,Despensa,7750.0,3695.8256532066507,109.7,2
Pasta pronta lucchetti macaroni y queso 296 g,LUCCHETTI,Unimarc,Despensa,1890.0,3695.8256532066507,-48.86,0
Panko thai heritage 200 g,THAI HERITAGE,Unimarc,Despensa,4490.0,3695.8256532066507,21.49,2
Lasaña precocida lucchetti clásica 360 g,LUCCHETTI,Unimarc,Despensa,2190.0,3695.8256532066507,-40.74,0
Levadura seca lefersa sobre 10 g,LEFERSA,Unimarc,Despensa,300.0,3695.8256532066507,-91.88,2
Caldo en polvo gourmet pollo 6 un de 8 g,GOURMET,Unimarc,Despensa,840.0,3695.8256532066507,-77.27,0
Aceitunas rellenas nuestra cocina con almendra lata 350 g,NUESTRA COCINA,Unimarc,Despensa,2190.0,3695.8256532066507,-40.74,0
Azúcar flor nuestra cocina 500 g,NUESTRA COCINA,Unimarc,Despensa,1190.0,3695.8256532066507,-67.8,0
Harina selecta todo uso 10 kg,SELECTA,Unimarc,Despensa,13450.0,3695.8256532066507,263.92,0
Mostaza jb 240 g,JB,Unimarc,Despensa,1650.0,3695.8256532066507,-55.36,0
Palmitos esmeralda enteros lata 400 g neto - 220 g drenado,ESMERALDA,Unimarc,Despensa,3490.0,3695.8256532066507,-5.57,0
Cereal aros frutales merkat 500gr,MERKAT,Unimarc,Despensa,1450.0,3695.8256532066507,-60.77,0
Paila marina robinson crusoe 425 g neto - 180 g drenado,ROBINSON CRUSOE,Unimarc,Despensa,3500.0,3695.8256532066507,-5.3,0
Aceite de oliva giada extra virgen 500 ml,GIADA,Unimarc,Despensa,7290.0,3695.8256532066507,97.25,2
Salsa de queso cheddar adler 250gr,ADLER,Unimarc,Despensa,4690.0,3695.8256532066507,26.9,2
Porotos negros nuestra cocina 1 kg,NUESTRA COCINA,Unimarc,Despensa,2790.0,3695.8256532066507,-24.51,0
Vinagre de manzana nuestra cocina botella 500 ml,NUESTRA COCINA,Unimarc,Despensa,1890.0,3695.8256532066507,-48.86,0
Salsa de ají don juan bolsa 900 g,DON JUAN,Unimarc,Despensa,1790.0,3695.8256532066507,-51.57,0
Galletas selz cracker tradicional 90 g,SELZ,Unimarc,Despensa,550.0,3695.8256532066507,-85.12,2
Ajo en polvo gourmet sobre 15 g,GOURMET,Unimarc,Despensa,350.0,3695.8256532066507,-90.53,0
Galletas costa crackelet 85 g,COSTA,Unimarc,Despensa,480.0,3695.8256532066507,-87.01,2
Harina sin polvos collico para pan rústico 1 kg,COLLICO,Unimarc,Despensa,1690.0,3695.8256532066507,-54.27,0
Pasta ramen instantanea sabor pollo nissin 85g,NISSIN,Unimarc,Despensa,750.0,3695.8256532066507,-79.71,2
Snack detodito i evercrisp 340 g,EVERCRISP,Unimarc,Despensa,3090.0,3695.8256532066507,-16.39,0
Aceite chef maravilla spray 180 ml,CHEF,Unimarc,Despensa,5290.0,3695.8256532066507,43.13,0
Chocolate gourmet amargo 150 g,GOURMET,Unimarc,Despensa,4490.0,3695.8256532066507,21.49,0
Semilla de chía granel 200 g,FRUTAS Y VERDURAS,Unimarc,Despensa,2088.0,3695.8256532066507,-43.5,2
Pasta nidos de fettuccini talliani al huevo 400 g,TALLIANI,Unimarc,Despensa,2090.0,3695.8256532066507,-43.45,0
Atun desmenuzado en aceite merkat 140g neto - 100 g drenado,MERKAT,Unimarc,Despensa,700.0,3695.8256532066507,-81.06,0
Cazuela chilenaza 1 kg.,CHILENAZA,Unimarc,Despensa,3890.0,3695.8256532066507,5.25,2
Maizena dropa 500 g,MAIZENA,Unimarc,Despensa,6990.0,3695.8256532066507,89.13,2
Pizza receta del abuelo doble pepperoni 520 g,RECETA DEL ABUELO,Unimarc,Despensa,6890.0,3695.8256532066507,86.43,2
Sucedáneo jugo de limón traverso 1 l,TRAVERSO,Unimarc,Despensa,2590.0,3695.8256532066507,-29.92,0
Pasta corbatas merkat 400 g,MERKAT,Unimarc,Despensa,480.0,3695.8256532066507,-87.01,0
Mostaza kraft doypack 220 g,KRAFT,Unimarc,Despensa,1350.0,3695.8256532066507,-63.47,0
Vinagre manzana traverso 500 ml,TRAVERSO,Unimarc,Despensa,1990.0,3695.8256532066507,-46.16,0
Aceite belmont canola 100% 900 ml,BELMONT,Unimarc,Despensa,3990.0,3695.8256532066507,7.96,2
Lomos de jurel san josé ahumado 160 g neto - 104 g drenado,SAN JOSE,Unimarc,Despensa,1450.0,3695.8256532066507,-60.77,2
Fideos instantáneos nuestra cocina sabor pollo pote 65 g,NUESTRA COCINA,Unimarc,Despensa,960.0,3695.8256532066507,-74.02,0
Levadura seca collico 125 g,COLLICO,Unimarc,Despensa,2250.0,3695.8256532066507,-39.12,0
Caldo en polvo gourmet para arroz 6 un de 8 g,GOURMET,Unimarc,Despensa,840.0,3695.8256532066507,-77.27,0
Quinoa carozzi 250 g,CAROZZI,Unimarc,Despensa,3150.0,3695.8256532066507,-14.77,0
Chucrut don juan bolsa 360 g,DON JUAN,Unimarc,Despensa,1190.0,3695.8256532066507,-67.8,0
Pre mezcla gourmet brownie 300 g,GOURMET,Unimarc,Despensa,2990.0,3695.8256532066507,-19.1,0
Pasta spaghetti moccagatta al bronce 400 g,MOCCAGATTA,Unimarc,Despensa,1190.0,3695.8256532066507,-67.8,2
Pack salsa de tomate malloa italiana 6 un de 200 g,MALLOA,Unimarc,Despensa,3390.0,3695.8256532066507,-8.27,2
Surtido de mariscos robinson crusoe natural lata 425 g neto - 213 g drenado,ROBINSON CRUSOE,Unimarc,Despensa,4490.0,3695.8256532066507,21.49,0
Aceite de oliva nuestra cocina extra virgen 5 l,NUESTRA COCINA,Unimarc,Despensa,46150.0,3695.8256532066507,1148.71,1
Colorantes gourmet morado calipso fucsia 75 ml,GOURMET,Unimarc,Despensa,3190.0,3695.8256532066507,-13.69,0
Ajo en polvo nuestra cocina 100 g,NUESTRA COCINA,Unimarc,Despensa,1290.0,3695.8256532066507,-65.1,0
Mayonesa hellmann's light doypack 630 gr,HELLMANNS,Unimarc,Despensa,3850.0,3695.8256532066507,4.17,0
Lentejas martini 6 mm 500 g,MARTINI,Unimarc,Despensa,1850.0,3695.8256532066507,-49.94,2
Sal de mar entrefina lobos doypack 800 g,LOBOS,Unimarc,Despensa,2290.0,3695.8256532066507,-38.04,0
Tostitos toque de sal marina evercrisp 330gr,TOSTITOS,Unimarc,Despensa,3090.0,3695.8256532066507,-16.39,2
Choritos robinson crusoe en aceite bajo en sodio 190 g neto - 100 g drenado,ROBINSON CRUSOE,Unimarc,Despensa,2090.0,3695.8256532066507,-43.45,0
Pasta farfalle al huevo talliani 400 g,TALLIANI,Unimarc,Despensa,1350.0,3695.8256532066507,-63.47,0
Vinagre vino blanco traverso 1 l,TRAVERSO,Unimarc,Despensa,2290.0,3695.8256532066507,-38.04,0
Harina selecta integral 1 kg,SELECTA,Unimarc,Despensa,2190.0,3695.8256532066507,-40.74,0
Aceitunas rellenas nuestra cocina con pimiento lata 350 g,NUESTRA COCINA,Unimarc,Despensa,2190.0,3695.8256532066507,-40.74,0
Lasaña precocida carozzi caja 330 g,CAROZZI,Unimarc,Despensa,2190.0,3695.8256532066507,-40.74,0
Pasta dedalitos carozzi 250 g,CAROZZI,Unimarc,Despensa,850.0,3695.8256532066507,-77.0,0
Pasta spaghetti n° 5 carozzi tricolor 400 g,CAROZZI,Unimarc,Despensa,970.0,3695.8256532066507,-73.75,0
Polvos de hornear imperial tarro 200 g,IMPERIAL,Unimarc,Despensa,2650.0,3695.8256532066507,-28.3,2
Sazonador maggi a la provenzal air fryer 36 g,MAGGI,Unimarc,Despensa,840.0,3695.8256532066507,-77.27,0
Mostaza heinz doy pack 350 g,HEINZ,Unimarc,Despensa,2750.0,3695.8256532066507,-25.59,0
Sardina en aceite deyco lata 125 g neto - 75 g drenado,DEYCO,Unimarc,Despensa,1290.0,3695.8256532066507,-65.1,2
Proteína vegetal de soya nuestra cocina 300 g,NUESTRA COCINA,Unimarc,Despensa,2250.0,3695.8256532066507,-39.12,0
Gatolate evercrisp sabor chocolate 200 g,EVERCRISP,Unimarc,Despensa,3900.0,3695.8256532066507,5.52,0
Azúcar rubia nuestra cocina 500 g,NUESTRA COCINA,Unimarc,Despensa,1250.0,3695.8256532066507,-66.18,0
Quínoa blanca nuestra cocina doypack 400 g,NUESTRA COCINA,Unimarc,Despensa,3190.0,3695.8256532066507,-13.69,0
Vinagre de manzana vitta orgánico 500 ml,VITTA,Unimarc,Despensa,6490.0,3695.8256532066507,75.6,2
Galletas selz cracker orégano oliva 90 g,SELZ,Unimarc,Despensa,550.0,3695.8256532066507,-85.12,2
Endulzante líquido iansa cero k alulosa 250 ml,IANSA CERO K,Unimarc,Despensa,4090.0,3695.8256532066507,10.67,2
Bicarbonato gourmet con zipper 100 g,GOURMET,Unimarc,Despensa,720.0,3695.8256532066507,-80.52,0
Jurel san josé al natural reducido en sal lata 425 g neto - 300 g drenado,SAN JOSE,Unimarc,Despensa,2790.0,3695.8256532066507,-24.51,2
Detodito mix dulce evercrisp 220g,EVERCRISP,Unimarc,Despensa,2390.0,3695.8256532066507,-35.33,0
Mayonesa kraft squezze 578 g,KRAFT,Unimarc,Despensa,7750.0,3695.8256532066507,109.7,0
Pesto a la genovese nuestra cocina 190 g,NUESTRA COCINA,Unimarc,Despensa,2890.0,3695.8256532066507,-21.8,0
Pepinillos dill don juan agridulces bolsa 180 gr neto - 360 gr drenado,DON JUAN,Unimarc,Despensa,2450.0,3695.8256532066507,-33.71,0
Canela entera nuestra cocina 15 g,NUESTRA COCINA,Unimarc,Despensa,920.0,3695.8256532066507,-75.11,0
Esencia de vainilla gourmet 100 ml,GOURMET,Unimarc,Despensa,1250.0,3695.8256532066507,-66.18,0
Galletas grill mckay clásicas saladas doy pack 140 g,GRILL,Unimarc,Despensa,1750.0,3695.8256532066507,-52.65,2
Pimentón paprika gourmet bolsa 100 g,GOURMET,Unimarc,Despensa,1850.0,3695.8256532066507,-49.94,0
Proteína vegetal de soya gourmet 300 g,GOURMET,Unimarc,Despensa,2200.0,3695.8256532066507,-40.47,0
Maní japonés marco polo 100 g,MARCO POLO,Unimarc,Despensa,1090.0,3695.8256532066507,-70.51,0
Lentejas nuestra cocina 6 mm 500 g,NUESTRA COCINA,Unimarc,Despensa,1850.0,3695.8256532066507,-49.94,0
Sal gruesa nuestra cocina bolsa 1 kg,NUESTRA COCINA,Unimarc,Despensa,450.0,3695.8256532066507,-87.82,0
Ketchup kraft doypack 850 g,KRAFT,Unimarc,Despensa,3390.0,3695.8256532066507,-8.27,0
Ketchup americano nuestra cocina 907 g,NUESTRA COCINA,Unimarc,Despensa,3590.0,3695.8256532066507,-2.86,0
Snack detodito ii evercrisp 220 g,EVERCRISP,Unimarc,Despensa,2390.0,3695.8256532066507,-35.33,0
Oregano entero gourmet 50 g,GOURMET,Unimarc,Despensa,1190.0,3695.8256532066507,-67.8,0
Azúcar rubia nuestra cocina bolsa 1 kg,NUESTRA COCINA,Unimarc,Despensa,2590.0,3695.8256532066507,-29.92,0
Maní salado marco polo con miel 150 g,MARCO POLO,Unimarc,Despensa,1390.0,3695.8256532066507,-62.39,0
Porotos wasil tetra 380 g neto - 230 g drenado,WASIL,Unimarc,Despensa,1650.0,3695.8256532066507,-55.36,0
Mostaza don juan bolsa 900 g,DON JUAN,Unimarc,Despensa,2290.0,3695.8256532066507,-38.04,0
Salsa de soya gourmet 500 ml,GOURMET,Unimarc,Despensa,3390.0,3695.8256532066507,-8.27,0
Salsa de tomate talliani passata natural 700 g,TALLIANI,Unimarc,Despensa,5190.0,3695.8256532066507,40.43,0
Salsa de tomate pomarola casera 200 g,POMAROLA,Unimarc,Despensa,780.0,3695.8256532066507,-78.9,2
Pasta tallarines n° 77 talliani al huevo 400 g,TALLIANI,Unimarc,Despensa,1350.0,3695.8256532066507,-63.47,0
Salsa soya nuestra cocina botella 500 ml,NUESTRA COCINA,Unimarc,Despensa,2690.0,3695.8256532066507,-27.22,0
Aceite de coco virgen mi tierra frasco 350 g,MI TIERRA,Unimarc,Despensa,9590.0,3695.8256532066507,159.48,2
Pasta spaghetti integral carozzi 400 g,CAROZZI,Unimarc,Despensa,1150.0,3695.8256532066507,-68.88,0
Pasta rigati al huevo talliani 400 g,TALLIANI,Unimarc,Despensa,1350.0,3695.8256532066507,-63.47,0
Poroto tórtola banquete 1 kg,BANQUETE,Unimarc,Despensa,4650.0,3695.8256532066507,25.82,0
Cereal sabor chocolatoso merkat 500gr,MERKAT,Unimarc,Despensa,1450.0,3695.8256532066507,-60.77,0
Aceite de oliva huasco extra virgen 500 ml,HUASCO,Unimarc,Despensa,7490.0,3695.8256532066507,102.66,2
Pasta fusilli carozzi tricolor 400 g,CAROZZI,Unimarc,Despensa,1250.0,3695.8256532066507,-66.18,0
Snack detodito i evercrisp 220 g,EVERCRISP,Unimarc,Despensa,2390.0,3695.8256532066507,-35.33,0
Ramitas evercrisp sabor queso mantecoso 330 g,EVERCRISP,Unimarc,Despensa,2850.0,3695.8256532066507,-22.89,0
Arroz sushi tucapel 400 g,TUCAPEL,Unimarc,Despensa,3250.0,3695.8256532066507,-12.06,0
Harina blanca de maíz pan precocida 1 kg,PAN,Unimarc,Despensa,1950.0,3695.8256532066507,-47.24,2
Cobertura ambrosoli chocolate bitter 500 g,AMBROSOLI,Unimarc,Despensa,4990.0,3695.8256532066507,35.02,0
Atún desmenuzado esmeralda en agua 160 g neto - 104 g drenado,ESMERALDA,Unimarc,Despensa,890.0,3695.8256532066507,-75.92,0
Aceite de oliva huasco extra virgen 1 l,HUASCO,Unimarc,Despensa,16290.0,3695.8256532066507,340.77,2
Pasta espirales merkat 400 g,MERKAT,Unimarc,Despensa,480.0,3695.8256532066507,-87.01,0
Pasta espiral carozzi integral 400 g,CAROZZI,Unimarc,Despensa,850.0,3695.8256532066507,-77.0,0
Atun desmenuzado en agua merkat 140g neto - 100 g drenado,MERKAT,Unimarc,Despensa,700.0,3695.8256532066507,-81.06,0
Pasta express nuestra cocina sabor pollo 85 g,NUESTRA COCINA,Unimarc,Despensa,560.0,3695.8256532066507,-84.85,0
Mayonesa waitrose squeezy 500 ml,WAITROSE,Unimarc,Despensa,2690.0,3695.8256532066507,-27.22,2
Galletas costa crackelet pack 3 un 255 g,COSTA,Unimarc,Despensa,1350.0,3695.8256532066507,-63.47,2
Aceituna natural valle del norte con carozo 300 g,VALLE DEL NORTE,Unimarc,Despensa,2420.0,3695.8256532066507,-34.52,2
Harina selecta sin polvos 5 kg,SELECTA,Unimarc,Despensa,7190.0,3695.8256532066507,94.54,0
Orégano entero nuestra cocina 50 g,NUESTRA COCINA,Unimarc,Despensa,920.0,3695.8256532066507,-75.11,0
Arroz nuestra cocina grado 1 integral 1 kg,NUESTRA COCINA,Unimarc,Despensa,2490.0,3695.8256532066507,-32.63,0
Arroz miraflores pregraneado g1 largo 1 kg,MIRAFLORES,Unimarc,Despensa,2590.0,3695.8256532066507,-29.92,0
Choritos robinson crusoe en agua bajo en sodio 190 g neto - 100 g drenado,ROBINSON CRUSOE,Unimarc,Despensa,22500.0,3695.8256532066507,508.79,1
Sofrito iansa agro con ajo tetra 340 gr,IANSA AGRO,Unimarc,Despensa,2490.0,3695.8256532066507,-32.63,0
Pasta espirales al huevo talliani 400 g,TALLIANI,Unimarc,Despensa,1250.0,3695.8256532066507,-66.18,0
Cobertura de chocolate gourmet monedas de leche 500 g,GOURMET,Unimarc,Despensa,6000.0,3695.8256532066507,62.35,0
Aceituna sevillana valle del norte con carozo 350 g,VALLE DEL NORTE,Unimarc,Despensa,2260.0,3695.8256532066507,-38.85,2
Mayonesa hellmann's tocino squeeze 335 gr,HELLMANNS,Unimarc,Despensa,4190.0,3695.8256532066507,13.37,0
Habas wasil 380 g neto - 190 g drenado,WASIL,Unimarc,Despensa,2390.0,3695.8256532066507,-35.33,0
Duraznos nuestra cocina en cubitos 415 g neto - 255 g drenado,NUESTRA COCINA,Unimarc,Despensa,1390.0,3695.8256532066507,-62.39,0
Pasta express nuestra cocina sabor carne 85 g,NUESTRA COCINA,Unimarc,Despensa,560.0,3695.8256532066507,-84.85,0
Curry de garbanzos wasil 380gr,WASIL,Unimarc,Despensa,2490.0,3695.8256532066507,-32.63,0
Harina merkat sin polvos 10 kg,MERKAT,Unimarc,Despensa,8350.0,3695.8256532066507,125.93,0
Aceite de oliva las doscientas extra virgen arbequina 500 ml,LAS DOSCIENTAS,Unimarc,Despensa,8990.0,3695.8256532066507,143.25,2
Lentejas con chorizo wasil tetra 380 g neto - 380 g drenado,WASIL,Unimarc,Despensa,2490.0,3695.8256532066507,-32.63,0
Premezcla tortalista selecta queque mármol 380 g,SELECTA,Unimarc,Despensa,2280.0,3695.8256532066507,-38.31,0
Aceitunas verdes valle del norte descarozadas bandeja 300 g,VALLE DEL NORTE,Unimarc,Despensa,2650.0,3695.8256532066507,-28.3,2
Sandwich pan de molde daily fresh ave mayo bolsa 1 un,DAILY FRESH,Unimarc,Despensa,2750.0,3695.8256532066507,-25.59,2
Sándwich pf listo de ave y pimentón 175 gr,PF LISTO,Unimarc,Despensa,2990.0,3695.8256532066507,-19.1,0
Guiso de trigo ancestral iansa agro 220 gr,IANSA AGRO,Unimarc,Despensa,3000.0,3695.8256532066507,-18.83,0
Pasta girasoli rana pollo con romero 250 g,RANA,Unimarc,Despensa,5290.0,3695.8256532066507,43.13,0
Premezcla tortalista selecta panqueques 300 g,SELECTA,Unimarc,Despensa,2250.0,3695.8256532066507,-39.12,0
Cobertura chocolate blanco gourmet 500 gr.,GOURMET,Unimarc,Despensa,6690.0,3695.8256532066507,81.02,0
Aceitunas negras valle del norte bandeja 300 g,VALLE DEL NORTE,Unimarc,Despensa,2650.0,3695.8256532066507,-28.3,2
Limoneta condimento traverso botella 255 ml,TRAVERSO,Unimarc,Despensa,2350.0,3695.8256532066507,-36.41,0
Aceitunas verdes valle del norte rellena pimentón bandeja 300 g,VALLE DEL NORTE,Unimarc,Despensa,2650.0,3695.8256532066507,-28.3,2
Pasta ravioli rana calabaza y cebolla tostada 250 g,RANA,Unimarc,Despensa,5890.0,3695.8256532066507,59.37,0
Endulzante alusweet alulosa en polvo 500 g,ALUSWEET,Unimarc,Despensa,6990.0,3695.8256532066507,89.13,2
Sal de mar lobos fina 900 g,LOBOS,Unimarc,Despensa,1790.0,3695.8256532066507,-51.57,0
Jalea gourmet sin sabor 30 g,GOURMET,Unimarc,Despensa,1350.0,3695.8256532066507,-63.47,0
Maní salado evercrisp 380g,EVERCRISP,Unimarc,Despensa,2300.0,3695.8256532066507,-37.77,0
Tomatican wasil caja 380 g neto - 380 g drenado,WASIL,Unimarc,Despensa,2790.0,3695.8256532066507,-24.51,0
Mix clásico evercrisp bolsa 174 gr,EVERCRISP,Unimarc,Despensa,2990.0,3695.8256532066507,-19.1,0
Pasta fettuccini rana al huevo 300 g,RANA,Unimarc,Despensa,3780.0,3695.8256532066507,2.28,0
Pepinillos dill valle del norte bandeja 350 g,VALLE DEL NORTE,Unimarc,Despensa,2650.0,3695.8256532066507,-28.3,2
Choritos nuestra cocina en agua lata 190 g neto - 100 g drenado,NUESTRA COCINA,Unimarc,Despensa,1690.0,3695.8256532066507,-54.27,0
Vinagreta condimento traverso 255 ml,TRAVERSO,Unimarc,Despensa,2250.0,3695.8256532066507,-39.12,0
Ketchup supreme hellmann's 390 gr,HELLMANNS,Unimarc,Despensa,3390.0,3695.8256532066507,-8.27,0
Duraznos nuestra cocina en mitades 415 g neto - 255 g drenado,NUESTRA COCINA,Unimarc,Despensa,1390.0,3695.8256532066507,-62.39,0
Choritos nuestra cocina en aceite lata 190 g neto - 100 g drenado,NUESTRA COCINA,Unimarc,Despensa,1690.0,3695.8256532066507,-54.27,0
Gelatina nuestra cocina con stevia sabor naranja 22.5 g,NUESTRA COCINA,Unimarc,Despensa,690.0,3695.8256532066507,-81.33,0
Premezcla tortalista selecta sopaipillas 450 g,SELECTA,Unimarc,Despensa,2240.0,3695.8256532066507,-39.39,0
Mayonesa con ajo hellmann's squezze 335 gr,HELLMANNS,Unimarc,Despensa,3490.0,3695.8256532066507,-5.57,0
Damascos mitades wasil tetra 500 g,WASIL,Unimarc,Despensa,1690.0,3695.8256532066507,-54.27,0
Lentejas nuestra cocina g2 5mm 1 kg,NUESTRA COCINA,Unimarc,Despensa,3450.0,3695.8256532066507,-6.65,0
Espárragos blanco perfect choice frasco 330 g neto - 205 g drenado,PERFECT CHOICE,Unimarc,Despensa,5050.0,3695.8256532066507,36.64,0
Pimiento california perfect choice 340 g neto - 220 g drenado,PERFECT CHOICE,Unimarc,Despensa,2520.0,3695.8256532066507,-31.81,0
Pasta ravioli rana 4 quesos 250 g,RANA,Unimarc,Despensa,5890.0,3695.8256532066507,59.37,0
Cocktail perfect choice cebolla caramelizada 360 g,PERFECT CHOICE,Unimarc,Despensa,3520.0,3695.8256532066507,-4.76,0
Bruschetta perfect choice pimiento piquillo frasco 280 g,PERFECT CHOICE,Unimarc,Despensa,3830.0,3695.8256532066507,3.63,0
Pimiento piquillo perfect choice frasco 290 g neto - 225 g drenado,PERFECT CHOICE,Unimarc,Despensa,3160.0,3695.8256532066507,-14.5,0
Levadura instantánea saf instant 500 g,SAF INSTANT,Unimarc,Despensa,2890.0,3695.8256532066507,-21.8,2
Cerezas con carozo wasil tetra 500 gr,WASIL,Unimarc,Despensa,2650.0,3695.8256532066507,-28.3,0
Base gourmet carne a la cacerola sobre 36 g,GOURMET,Unimarc,Despensa,750.0,3695.8256532066507,-79.71,0
Gelatina nuestra cocina con stevia sabor frutilla 22.5 g,NUESTRA COCINA,Unimarc,Despensa,690.0,3695.8256532066507,-81.33,0
Pasta tortellini rana jamón crudo con queso 250 g,RANA,Unimarc,Despensa,5890.0,3695.8256532066507,59.37,0
Pasta tonnarelli rana al huevo 300 g,RANA,Unimarc,Despensa,3860.0,3695.8256532066507,4.44,0
Gelatina nuestra cocina con stevia sabor piña 22.5 g,NUESTRA COCINA,Unimarc,Despensa,690.0,3695.8256532066507,-81.33,0
Aceituna nucete descarozada 100 g,NUCETE,Unimarc,Despensa,1850.0,3695.8256532066507,-49.94,2
Ensalada de atún robinson crusoe primavera lata 160 g neto - 160 g drenado,ROBINSON CRUSOE,Unimarc,Despensa,2730.0,3695.8256532066507,-26.13,0
Carbonada pf listo 350 g,PF LISTO,Unimarc,Despensa,4390.0,3695.8256532066507,18.78,0
Bruschetta perfect choice esparrago verde frasco 280 g,PERFECT CHOICE,Unimarc,Despensa,3830.0,3695.8256532066507,3.63,0
Snack artesanal chiloé tika 150 g,TIKA,Unimarc,Despensa,3590.0,3695.8256532066507,-2.86,0
Crunchis tuti fruti marco polo 100gr,MARCO POLO,Unimarc,Despensa,1000.0,3695.8256532066507,-72.94,0
Base gourmet pollo crispy 80 g,GOURMET,Unimarc,Despensa,750.0,3695.8256532066507,-79.71,0
Lentejas pf listo estilo casero 350 g,PF LISTO,Unimarc,Despensa,4390.0,3695.8256532066507,18.78,0
Papas fritas kryzpo 83gr,KRYZPO,Unimarc,Despensa,1000.0,3695.8256532066507,-72.94,0
Salsa barilla basilico frasco 400 g,BARILLA,Unimarc,Despensa,3950.0,3695.8256532066507,6.88,2
Sandwich pan de molde daily fresh ave pimentón bolsa 1 un,DAILY FRESH,Unimarc,Despensa,2750.0,3695.8256532066507,-25.59,2
Pasta spaghetti n°5 merkat 400 g,MERKAT,Unimarc,Despensa,480.0,3695.8256532066507,-87.01,0
Pack pasta spaguetti n° 5 carozzi 3 un de 400 g + salsa pomarola 200 g,CAROZZI,Unimarc,Despensa,2600.0,3695.8256532066507,-29.65,0
Cobertura chocolate gourmet semi amargo 500 g,GOURMET,Unimarc,Despensa,6690.0,3695.8256532066507,81.02,0
Maní sin sal tribu 140 gr,TRIBU,Unimarc,Despensa,1000.0,3695.8256532066507,-72.94,2
Fondos de alcachofa perfect choice frasco 410 g,PERFECT CHOICE,Unimarc,Despensa,4390.0,3695.8256532066507,18.78,0
Sándwich pf listo con ave y mayonesa 175 gr,PF LISTO,Unimarc,Despensa,2990.0,3695.8256532066507,-19.1,0
Crunchis pops tutifrutti marco polo 200 g,MARCO POLO,Unimarc,Despensa,1640.0,3695.8256532066507,-55.63,0
Carbonada plato listo wasil tetra 380 g neto - 380 g drenado,WASIL,Unimarc,Despensa,2490.0,3695.8256532066507,-32.63,0
Repollo rojo stollenwerk precocido 720 ml,STOLLENWERK,Unimarc,Despensa,3060.0,3695.8256532066507,-17.2,2
Wok arroz salvaje y porotos rojos iansa agro 220 gr,IANSA AGRO,Unimarc,Despensa,3000.0,3695.8256532066507,-18.83,0
Pasta daily fresh premium para cocktail ave mayo 250 g,DAILY FRESH,Unimarc,Despensa,2890.0,3695.8256532066507,-21.8,2
Primavera de quinoa iansa agro 220 gr,IANSA AGRO,Unimarc,Despensa,3000.0,3695.8256532066507,-18.83,0
Ensalada de atún robinson crusoe campesina lata 160 g neto - 160 g drenado,ROBINSON CRUSOE,Unimarc,Despensa,2730.0,3695.8256532066507,-26.13,0
Pizza receta del abuela cuatro quesos 520 g,RECETA DEL ABUELO,Unimarc,Despensa,6890.0,3695.8256532066507,86.43,2
Endulzante líquido con alulosa alusweet 270ml,ALUSWEET,Unimarc,Despensa,4390.0,3695.8256532066507,18.78,2
Mayonesa hellmanns frasco 780 g,HELLMANNS,Unimarc,Despensa,3790.0,3695.8256532066507,2.55,0
Cocktail perfect choice pimiento caramelizado 360 g,PERFECT CHOICE,Unimarc,Despensa,3890.0,3695.8256532066507,5.25,0
Crunchis maní marco polo 110 g,MARCO POLO,Unimarc,Despensa,1000.0,3695.8256532066507,-72.94,0
Cobertura caravella chocolate dark doypack 770 g,CARAVELLA,Unimarc,Despensa,6990.0,3695.8256532066507,89.13,2
Salsa de soya kikkoman 296 ml,KIKKOMAN,Unimarc,Despensa,5750.0,3695.8256532066507,55.58,2
Porotos negro los granos 1kg,LOS GRANOS,Unimarc,Despensa,2000.0,3695.8256532066507,-45.88,0
Pasta girasoli rana ricotta y espinacas 250 g,RANA,Unimarc,Despensa,5290.0,3695.8256532066507,43.13,0
Postre ambrosoli due panna cotta tradicional 90 g,AMBROSOLI,Unimarc,Despensa,1060.0,3695.8256532066507,-71.32,0
Mix cajuna tribu doy pack 80 g,TRIBU,Unimarc,Despensa,1000.0,3695.8256532066507,-72.94,2
Mostaza yellow heinz 396 g,HEINZ,Unimarc,Despensa,5950.0,3695.8256532066507,60.99,0
Crunchis mani marco polo 200 g,MARCO POLO,Unimarc,Despensa,1500.0,3695.8256532066507,-59.41,0
Papas fritas marco polo rúsicas albahaca y aceite de olvia 185 g,MARCO POLO,Unimarc,Despensa,2350.0,3695.8256532066507,-36.41,0
Porotos pf listo estilo casero 350 g,PF LISTO,Unimarc,Despensa,4390.0,3695.8256532066507,18.78,0
Gelatina nuestra cocina con stevia sabor frambuesa 22.5 g,NUESTRA COCINA,Unimarc,Despensa,690.0,3695.8256532066507,-81.33,0
Aliño limón traverso 60% limón natural 320 ml,TRAVERSO,Unimarc,Despensa,1850.0,3695.8256532066507,-49.94,0
Ramitas sabor sour cream onion evercrisp 250gr,EVERCRISP,Unimarc,Despensa,2000.0,3695.8256532066507,-45.88,0
Cheezels evercrisp sabor queso 95 gr,EVERCRISP,Unimarc,Despensa,1000.0,3695.8256532066507,-72.94,0
Pack duraznos nuestra cocina en cubitos 4 un de 113 g neto - 65 g drenado,NUESTRA COCINA,Unimarc,Despensa,2490.0,3695.8256532066507,-32.63,0
Crunchis sufle queso marco polo 100 g,MARCO POLO,Unimarc,Despensa,1000.0,3695.8256532066507,-72.94,0
Panchitos pancho villa sésamo 280 g,PANCHO VILLA,Unimarc,Despensa,2990.0,3695.8256532066507,-19.1,0
Surtido de marisco nuestra cocina en aceite 425 g neto - 213 g drenado,NUESTRA COCINA,Unimarc,Despensa,3590.0,3695.8256532066507,-2.86,0
Salsa ají traverso vintage crema 450 g,TRAVERSO,Unimarc,Despensa,2950.0,3695.8256532066507,-20.18,0
Crunchis tubos sabor queso marco polo 200 g,MARCO POLO,Unimarc,Despensa,1500.0,3695.8256532066507,-59.41,0
Premezcla tortalista selecta bizcochuelo chocolate 500 g,SELECTA,Unimarc,Despensa,2590.0,3695.8256532066507,-29.92,0
Cobertura caravella chocolate de leche doypack 770 g,CARAVELLA,Unimarc,Despensa,6990.0,3695.8256532066507,89.13,2
Wok quinoa iansa agro andina y vegetales 220 gr,IANSA AGRO,Unimarc,Despensa,3000.0,3695.8256532066507,-18.83,0
Ketchup hellmann's doypack 200 g,HELLMANNS,Unimarc,Despensa,1000.0,3695.8256532066507,-72.94,0
Gelatina vivo durazno libre de azúcar 22 g,VIVO,Unimarc,Despensa,860.0,3695.8256532066507,-76.73,0
Aritos de chocolate cola cao marco polo 200gr,MARCO POLO,Unimarc,Despensa,1500.0,3695.8256532066507,-59.41,0
Ramitas nuestra cocina saladas 250 g,NUESTRA COCINA,Unimarc,Despensa,1490.0,3695.8256532066507,-59.68,0
Pasta spaghetti carozzi proteína 350 g,CAROZZI,Unimarc,Despensa,1120.0,3695.8256532066507,-69.7,0
Snack artesanal patagonia tika 150 g,TIKA,Unimarc,Despensa,3590.0,3695.8256532066507,-2.86,0
Platanitos artesanales buka 60 gr,BUKA,Unimarc,Despensa,1000.0,3695.8256532066507,-72.94,0
Lomos de jurel san josé natural 160 g neto - 104 g drenado,SAN JOSE,Unimarc,Despensa,1450.0,3695.8256532066507,-60.77,2
Salsa de champiñones gourmet sobre 30 g,GOURMET,Unimarc,Despensa,840.0,3695.8256532066507,-77.27,0
Salsa bruschetta alcachofa perfect choice 280 g,PERFECT CHOICE,Unimarc,Despensa,4290.0,3695.8256532066507,16.08,0
Aceite de oliva giada extra virgen 1 l,GIADA,Unimarc,Despensa,12190.0,3695.8256532066507,229.83,2
Mayonesa casera traverso vintage 425 g,TRAVERSO,Unimarc,Despensa,3250.0,3695.8256532066507,-12.06,0
Crunchis sufles de papa marco polo 200 g,MARCO POLO,Unimarc,Despensa,1500.0,3695.8256532066507,-59.41,0
Salsa americana traverso bolsa 500 g,TRAVERSO,Unimarc,Despensa,1290.0,3695.8256532066507,-65.1,0
Porotos blancos listos iansa agro 390 g neto - 230 g drenado,IANSA AGRO,Unimarc,Despensa,1590.0,3695.8256532066507,-56.98,0
Salsa de tomate nuestra cocina natural 200 g,NUESTRA COCINA,Unimarc,Despensa,700.0,3695.8256532066507,-81.06,0
Mermelada crackelet cebolla 110 g,CRACKELET,Unimarc,Despensa,1050.0,3695.8256532066507,-71.59,2
Chips buka mix vegetales original 150 g,BUKA,Unimarc,Despensa,3090.0,3695.8256532066507,-16.39,0
Porotos tortola los granos 1kg,LOS GRANOS,Unimarc,Despensa,3950.0,3695.8256532066507,6.88,0
Gelatina vivo naranja libre de azúcar 22 g,VIVO,Unimarc,Despensa,690.0,3695.8256532066507,-81.33,0
Papas fritas marco polo rústicas con aceto y sal de mar 185 g,MARCO POLO,Unimarc,Despensa,2350.0,3695.8256532066507,-36.41,0
Salsa de tomate nuestra cocina italiana 1 kg,NUESTRA COCINA,Unimarc,Despensa,2490.0,3695.8256532066507,-32.63,0
Ketchup traverso vintage 450 g,TRAVERSO,Unimarc,Despensa,3290.0,3695.8256532066507,-10.98,0
Pasta gnocchi fresco rana papa 400 g,RANA,Unimarc,Despensa,3860.0,3695.8256532066507,4.44,0
Salsa de soya kikkoman diet lite 591 ml,KIKKOMAN,Unimarc,Despensa,10990.0,3695.8256532066507,197.36,2
Lentejas listas iansa agro 390 g neto - 230 g drenado,IANSA AGRO,Unimarc,Despensa,1590.0,3695.8256532066507,-56.98,0
Pastelera de choclo wasil 380 g neto - 380 g drenado,WASIL,Unimarc,Despensa,2650.0,3695.8256532066507,-28.3,0
Postre ambrosoli due creme brulee 70 g,AMBROSOLI,Unimarc,Despensa,1350.0,3695.8256532066507,-63.47,0
Tortilla de maíz takis original 100 g,TAKIS,Unimarc,Despensa,1090.0,3695.8256532066507,-70.51,0
Snack artesanal furiosas tika 150 g,TIKA,Unimarc,Despensa,3590.0,3695.8256532066507,-2.86,0
Pastel de choclo pf listo refrigerado 350 g,PF LISTO,Unimarc,Despensa,4550.0,3695.8256532066507,23.11,0
Papas fritas lisa lays 180gr,LAYS,Unimarc,Despensa,2000.0,3695.8256532066507,-45.88,0
Salsa blanca gourmet sobre 36 g,GOURMET,Unimarc,Despensa,840.0,3695.8256532066507,-77.27,0
Salsa de tomate maggi tuco con pollo lata 245 g,MAGGI,Unimarc,Despensa,1400.0,3695.8256532066507,-62.12,0
Pasta dip buka ajo suave tostado 110 g,BUKA,Unimarc,Despensa,1000.0,3695.8256532066507,-72.94,0
Gelatina vivo piña libre de azúcar 22 g,VIVO,Unimarc,Despensa,860.0,3695.8256532066507,-76.73,0
Ramitas nuestra cocina queso 250 g,NUESTRA COCINA,Unimarc,Despensa,1490.0,3695.8256532066507,-59.68,0
Papas fritas tento sabor queso 134 g,TENTO,Unimarc,Despensa,1194.0,3695.8256532066507,-67.69,0
Papas fritas tento sabor barbecue 134 g,TENTO,Unimarc,Despensa,1194.0,3695.8256532066507,-67.69,0
Pasta dip buka yoghurt ciboullette 110 g,BUKA,Unimarc,Despensa,1000.0,3695.8256532066507,-72.94,0
Premezcla tortalista selecta bizcochuelo clásico 500 g,SELECTA,Unimarc,Despensa,2480.0,3695.8256532066507,-32.9,0
Endulzante líquido daily stevia agave 180 ml,DAILY,Unimarc,Despensa,2290.0,3695.8256532066507,-38.04,0
Papas fritas tento original tarro 134 g,TENTO,Unimarc,Despensa,1194.0,3695.8256532066507,-67.69,0
Papas fritas marco polo rústicas merkén bolsa 185 g,MARCO POLO,Unimarc,Despensa,2350.0,3695.8256532066507,-36.41,0
Ketchup heinz doy pack 620 g,HEINZ,Unimarc,Despensa,2750.0,3695.8256532066507,-25.59,0
Puré de papas nuestra cocina instantáneo bolsa 1 kg,NUESTRA COCINA,Unimarc,Despensa,7890.0,3695.8256532066507,113.48,0
Pizza pf listo pepperoni 430 g,PF LISTO,Unimarc,Despensa,3920.0,3695.8256532066507,6.07,0
Ramitas sabor queso evercrisp 105 gr,EVERCRISP,Unimarc,Despensa,1000.0,3695.8256532066507,-72.94,0
Salsa de tomate pomarola natural 200 g,POMAROLA,Unimarc,Despensa,630.0,3695.8256532066507,-82.95,2
Pasta gnocchi de papa trattoría 500 g,TRATTORIA,Unimarc,Despensa,3690.0,3695.8256532066507,-0.16,0
Pizza pf listo salame 430 g,PF LISTO,Unimarc,Despensa,3920.0,3695.8256532066507,6.07,0
Papas fritas tento crema y cebolla 134 g,TENTO,Unimarc,Despensa,1890.0,3695.8256532066507,-48.86,0
"Pack mix de frutas nuestra cocina durazno, pera y cereza 4 un de 113 g neto - 250 g drenado",NUESTRA COCINA,Unimarc,Despensa,2490.0,3695.8256532066507,-32.63,0
Papas fritas lays tipo americano 95 gr,LAYS,Unimarc,Despensa,1000.0,3695.8256532066507,-72.94,0
Azúcar rubia iansa 1 kg,IANSA,Unimarc,Despensa,2450.0,3695.8256532066507,-33.71,0
Endulzante líquido daily stevia orgánica 180 ml,DAILY,Unimarc,Despensa,3890.0,3695.8256532066507,5.25,0
Endulzante líquido daily 100% stevia 180 ml,DAILY,Unimarc,Despensa,3640.0,3695.8256532066507,-1.51,0
Duraznos nuestra cocina en mitades 580 g neto - 340 g drenado,NUESTRA COCINA,Unimarc,Despensa,1790.0,3695.8256532066507,-51.57,0
Salsa tento bruscheta de alcachofa frasco 225 g,TENTO,Unimarc,Despensa,2850.0,3695.8256532066507,-22.89,0
Frutillas enteras wasil tetra 500 g neto - 168 g drenado,WASIL,Unimarc,Despensa,2250.0,3695.8256532066507,-39.12,0
Salsa tento dip untable espárrago y queso frasco 285 g,TENTO,Unimarc,Despensa,2990.0,3695.8256532066507,-19.1,0
Panchitos pancho villa 280 g,PANCHO VILLA,Unimarc,Despensa,2990.0,3695.8256532066507,-19.1,0
Tostitos round salsa verde evercrisp 200gr,EVERCRISP,Unimarc,Despensa,2000.0,3695.8256532066507,-45.88,0
Atún lomito angelmó en aceite 140 g neto - 91 g drenado,ANGELMO,Unimarc,Despensa,1390.0,3695.8256532066507,-62.39,0
Aceite de oliva las doscientas extra virgen picual 500 ml,LAS DOSCIENTAS,Unimarc,Despensa,8750.0,3695.8256532066507,136.75,2
Surtido de marisco nuestra cocina en agua 425 g neto - 213 g drenado,NUESTRA COCINA,Unimarc,Despensa,3590.0,3695.8256532066507,-2.86,0
Flan nuestra cocina vainilla con salsa de caramelo 140 g,NUESTRA COCINA,Unimarc,Despensa,790.0,3695.8256532066507,-78.62,0
Porotos negros listos iansa agro 390 g neto - 230 g drenado,IANSA AGRO,Unimarc,Despensa,1590.0,3695.8256532066507,-56.98,0
Papas fritas marco polo caseras 140 g,MARCO POLO,Unimarc,Despensa,1000.0,3695.8256532066507,-72.94,0
Aceite de oliva banquete extra virgen 500 ml,BANQUETE,Unimarc,Despensa,9990.0,3695.8256532066507,170.3,0
Lasaña mechada receta del abuelo 350 g,RECETA DEL ABUELO,Unimarc,Despensa,3550.0,3695.8256532066507,-3.95,2
Ketchup nuestra cocina 1 kg,NUESTRA COCINA,Unimarc,Despensa,2890.0,3695.8256532066507,-21.8,0
Mermelada crackelet pimentón 110 g,CRACKELET,Unimarc,Despensa,1050.0,3695.8256532066507,-71.59,2
Pasta premium cocktail daily fresh ave pimentón 250 g,DAILY FRESH,Unimarc,Despensa,2890.0,3695.8256532066507,-21.8,2
Mostaza traverso doy pack 1 kg,TRAVERSO,Unimarc,Despensa,2290.0,3695.8256532066507,-38.04,0
Aceite natura maravilla 100% 900 ml,NATURA,Unimarc,Despensa,3590.0,3695.8256532066507,-2.86,0
Puré de papas nuestra cocina instantáneo caja 250 g,NUESTRA COCINA,Unimarc,Despensa,2000.0,3695.8256532066507,-45.88,0
Arroz nuestra cocina grano largo g1 bolsa 1 kg,NUESTRA COCINA,Unimarc,Despensa,1500.0,3695.8256532066507,-59.41,0
Pasta tortellini carozzi relleno queso 400 g,CAROZZI,Unimarc,Despensa,2590.0,3695.8256532066507,-29.92,0
Endulzante líquido nuestra cocina alulosa 180 ml,NUESTRA COCINA,Unimarc,Despensa,2690.0,3695.8256532066507,-27.22,0
Mostaza nuestra cocina 1 kg,NUESTRA COCINA,Unimarc,Despensa,1690.0,3695.8256532066507,-54.27,0
Maní salado evercrisp 140 g,EVERCRISP,Unimarc,Despensa,1000.0,3695.8256532066507,-72.94,0
Flan nuestra cocina chocolate con salsa de caramelo 140 g,NUESTRA COCINA,Unimarc,Despensa,790.0,3695.8256532066507,-78.62,0
Pizza pf listo vegetariana 465 g,PF LISTO,Unimarc,Despensa,4190.0,3695.8256532066507,13.37,0
Jalea livean naranja libre de azúcar 20 g,LIVEAN,Unimarc,Despensa,890.0,3695.8256532066507,-75.92,0
Harina selecta sin polvos 1 kg,SELECTA,Unimarc,Despensa,1400.0,3695.8256532066507,-62.12,0
Pasta espirales carozzi proteína 350 g,CAROZZI,Unimarc,Despensa,1090.0,3695.8256532066507,-70.51,0
Vinagre de manzana traverso sin filtrar 500 ml,TRAVERSO,Unimarc,Despensa,4150.0,3695.8256532066507,12.29,0
Papas fritas lisa lays 300gr,LAYS,Unimarc,Despensa,1890.0,3695.8256532066507,-48.86,0
Sopa naturezza caracolitos 55 g,NATUREZZA,Unimarc,Despensa,31000.0,3695.8256532066507,738.78,1
Pastas de arroz trattoría 250 g,TRATTORIA,Unimarc,Despensa,2380.0,3695.8256532066507,-35.6,0
Aceite de oliva chef extra virgen arbequina 1 l,CHEF,Unimarc,Despensa,16290.0,3695.8256532066507,340.77,1
Arroz tucapel blue bonnet g2 1 kg,TUCAPEL,Unimarc,Despensa,1300.0,3695.8256532066507,-64.83,0
Crema sólo para uno champiñones gourmet sobre 15 g,GOURMET,Unimarc,Despensa,31090.0,3695.8256532066507,741.22,1
Panchitos pancho villa chilisimos 100 g,PANCHO VILLA,Unimarc,Despensa,1000.0,3695.8256532066507,-72.94,0
Salsa dip de ají chipotle crackelet sachet 110 gr,CRACKELET,Unimarc,Despensa,1000.0,3695.8256532066507,-72.94,2
Arroz miraflores basmati premium bolsa 400 g,MIRAFLORES,Unimarc,Despensa,2990.0,3695.8256532066507,-19.1,0
Crema de la huerta maggi choclo albahaca 50 g,MAGGI,Unimarc,Despensa,32200.0,3695.8256532066507,771.25,1
Crema sólo para uno gourmet espárrago sobre 15 g,GOURMET,Unimarc,Despensa,31000.0,3695.8256532066507,738.78,1
Azúcar blanca iansa 5 kg,IANSA,Unimarc,Despensa,7390.0,3695.8256532066507,99.96,0
Caldo maggi carne caja 12 un de 11 g,MAGGI,Unimarc,Despensa,1290.0,3695.8256532066507,-65.1,0
Sopa para uno de verdura con crutones gourmet sobre 15 g,GOURMET,Unimarc,Despensa,31000.0,3695.8256532066507,738.78,1
Sopa para uno de carne crutón gourmet sobre 15 g,GOURMET,Unimarc,Despensa,31090.0,3695.8256532066507,741.22,1
Sopa para uno maggi sabor pollo con fideos 16 g,MAGGI,Unimarc,Despensa,31150.0,3695.8256532066507,742.84,1
Endulzante líquido daily gotas sacarina 270 ml,DAILY,Unimarc,Despensa,1650.0,3695.8256532066507,-55.36,0
Doritos evercrisp sabor queso bolsa 95 gr,DORITOS,Unimarc,Despensa,1000.0,3695.8256532066507,-72.94,2
Salsa de tomate nuestra cocina italiana 200 g,NUESTRA COCINA,Unimarc,Despensa,700.0,3695.8256532066507,-81.06,0
Caldo maggi de verduras tableta 12 un de 10 g,MAGGI,Unimarc,Despensa,1290.0,3695.8256532066507,-65.1,0
Arroz banquete premium g1 1 kg,BANQUETE,Unimarc,Despensa,2590.0,3695.8256532066507,-29.92,0
Sopa para uno maggi carne con crutones 12 g,MAGGI,Unimarc,Despensa,31150.0,3695.8256532066507,742.84,1
Pizza pf listo española 465 g,PF LISTO,Unimarc,Despensa,4190.0,3695.8256532066507,13.37,0
Consomé gourmet solo para uno pollo sobre 15 g,GOURMET,Unimarc,Despensa,31000.0,3695.8256532066507,738.78,1
Salsa de tomate lucchetti mamma mía mediterránea 200 g,LUCCHETTI,Unimarc,Despensa,980.0,3695.8256532066507,-73.48,0
Sopa para uno maggi sabor costilla fideos 16 g,MAGGI,Unimarc,Despensa,31150.0,3695.8256532066507,742.84,1
Endulzante líquido daily gotas stevia 400 ml,DAILY,Unimarc,Despensa,4950.0,3695.8256532066507,33.93,0
Salsa de tomate lucchetti mamma mía napolitana 200 g,LUCCHETTI,Unimarc,Despensa,43000.0,3695.8256532066507,1063.47,1
Sopa maggi solo para uno pollo con merkén16 g,MAGGI,Unimarc,Despensa,31150.0,3695.8256532066507,742.84,1
Arroz nuestra cocina g1 grano largo ancho bolsa 1 kg,NUESTRA COCINA,Unimarc,Despensa,2150.0,3695.8256532066507,-41.83,0
Gelatina vivo berries libre de azúcar 22 g,VIVO,Unimarc,Despensa,860.0,3695.8256532066507,-76.73,0
Aceite de oliva nuestra cocina extra virgen 250 ml,NUESTRA COCINA,Unimarc,Despensa,4000.0,3695.8256532066507,8.23,0
Jalea livean piña libre de azúcar 20 g,LIVEAN,Unimarc,Despensa,890.0,3695.8256532066507,-75.92,0
Azúcar granulada merkat 5 kg,MERKAT,Unimarc,Despensa,4150.0,3695.8256532066507,12.29,0
Tostitos con sal marina sabor evercrisp 200gr,EVERCRISP,Unimarc,Despensa,1850.0,3695.8256532066507,-49.94,0
Lentejas 6mm los granos 1kg,LOS GRANOS,Unimarc,Despensa,2300.0,3695.8256532066507,-37.77,0
Duraznos en mitades wasil tetrapack 500 g neto - 500 g drenado,WASIL,Unimarc,Despensa,23000.0,3695.8256532066507,522.32,1
Salsa de tomate lucchetti mamma mía bolognesa 200 g,LUCCHETTI,Unimarc,Despensa,980.0,3695.8256532066507,-73.48,0
Sopa para uno maggi consomé de pollo sobre 12 g,MAGGI,Unimarc,Despensa,31120.0,3695.8256532066507,742.03,1
Pasta dip buka queso cheddar 110 g,BUKA,Unimarc,Despensa,1000.0,3695.8256532066507,-72.94,0
Harina merkat con polvos 1 kg,MERKAT,Unimarc,Despensa,880.0,3695.8256532066507,-76.19,0
Mayonesa hellmann's supreme deli doypack 650 gr,HELLMANNS,Unimarc,Despensa,3000.0,3695.8256532066507,-18.83,0
Champiñones nuestra cocina enteros lata 425 g neto - 230 g drenado,NUESTRA COCINA,Unimarc,Despensa,23000.0,3695.8256532066507,522.32,1
Pasta ravioles carozzi ricota espinaca 400 g,CAROZZI,Unimarc,Despensa,2850.0,3695.8256532066507,-22.89,0
Pasta farfalle al huevo trattoria 400 g,TRATTORIA,Unimarc,Despensa,890.0,3695.8256532066507,-75.92,0
Sazonador para tacos pancho villa 30 g,PANCHO VILLA,Unimarc,Despensa,950.0,3695.8256532066507,-74.3,0
Azúcar flor iansa 500 g,IANSA,Unimarc,Despensa,1350.0,3695.8256532066507,-63.47,0
Ketchup jb doypack 900 g,JB,Unimarc,Despensa,3090.0,3695.8256532066507,-16.39,0
Azúcar granulada merkat 1 kg,MERKAT,Unimarc,Despensa,870.0,3695.8256532066507,-76.46,0
Sopa para uno maggi espárragos sobre 14 g,MAGGI,Unimarc,Despensa,31200.0,3695.8256532066507,744.2,1
Aceite de oliva kardamili extra virgen 1 l,KARDAMILI,Unimarc,Despensa,18890.0,3695.8256532066507,411.12,1
Azúcar rubia iansa 500 g,IANSA,Unimarc,Despensa,1490.0,3695.8256532066507,-59.68,0
Aceite vegetal natura 900 ml,NATURA,Unimarc,Despensa,2000.0,3695.8256532066507,-45.88,0
Salsa de tomates toscana carozzi vegetariana tipo bolognesa doypack 200 g,CAROZZI,Unimarc,Despensa,990.0,3695.8256532066507,-73.21,0
Arveja partida banquete 1 kg,BANQUETE,Unimarc,Despensa,2750.0,3695.8256532066507,-25.59,0
Mayonesa hellmann's doypack 250 g,HELLMANNS,Unimarc,Despensa,1000.0,3695.8256532066507,-72.94,0
Pasta cabello corto nuestra cocina 400 gr,NUESTRA COCINA,Unimarc,Despensa,690.0,3695.8256532066507,-81.33,0
Lentejas banquete 6 mm 1 kg,BANQUETE,Unimarc,Despensa,4390.0,3695.8256532066507,18.78,0
Cobertura caravella chocolate blanco doypack 770 g,CARAVELLA,Unimarc,Despensa,6990.0,3695.8256532066507,89.13,2
Crema maggi sabor pollo sobre 72 g,MAGGI,Unimarc,Despensa,31550.0,3695.8256532066507,753.67,1
Harina de arroz tucapel 500 g,TUCAPEL,Unimarc,Despensa,1290.0,3695.8256532066507,-65.1,0
Cuscús carozzi 250 g,CAROZZI,Unimarc,Despensa,1390.0,3695.8256532066507,-62.39,0
Endulzante líquido iansa cero k stevia sucralosa 180 ml,IANSA CERO K,Unimarc,Despensa,3490.0,3695.8256532066507,-5.57,2
Papas fritas lay's artesanas sal de mar bolsa 150 g,LAYS,Unimarc,Despensa,2250.0,3695.8256532066507,-39.12,0
Arroz tucapel gran selección g2 1 kg,TUCAPEL,Unimarc,Despensa,1790.0,3695.8256532066507,-51.57,0
Crema de zapallo maggi sobre 45 g,MAGGI,Unimarc,Despensa,31510.0,3695.8256532066507,752.58,1
Galleta salada club social sabor queso 9 un de 24 g,CLUB SOCIAL,Unimarc,Despensa,22780.0,3695.8256532066507,516.37,1
Caldo en polvo maggi para arroz 32 g,MAGGI,Unimarc,Despensa,21200.0,3695.8256532066507,473.62,1
Lasaña tradicional carozzi caja 400 g,CAROZZI,Unimarc,Despensa,3090.0,3695.8256532066507,-16.39,0
Papas fritas marco polo corte americano 140 g,MARCO POLO,Unimarc,Despensa,1000.0,3695.8256532066507,-72.94,0
Cheezels evercrisp sabor queso 200 g,EVERCRISP,Unimarc,Despensa,2000.0,3695.8256532066507,-45.88,0
Sopa maggi sabor pollo con arroz sobre 70 g,MAGGI,Unimarc,Despensa,31460.0,3695.8256532066507,751.23,1
Crema maggi choclo sobre 79 g,MAGGI,Unimarc,Despensa,31550.0,3695.8256532066507,753.67,1
Panchitos pancho villa bbq chipotle 100 g,PANCHO VILLA,Unimarc,Despensa,1000.0,3695.8256532066507,-72.94,0
Mayonesa americana nuestra cocina pote 759 g,NUESTRA COCINA,Unimarc,Despensa,5000.0,3695.8256532066507,35.29,0
Leche evaporada nuestra cocina 410 g,NUESTRA COCINA,Unimarc,Despensa,23000.0,3695.8256532066507,522.32,1
Galleta salada club social sabor jamón 9 un de 24 g,CLUB SOCIAL,Unimarc,Despensa,22780.0,3695.8256532066507,516.37,1
Cheetos evercrisp palitos de queso 250 g,CHEETOS,Unimarc,Despensa,1650.0,3695.8256532066507,-55.36,2
Sucedáneo de leche condensada leche sur 397 g,LECHE SUR,Unimarc,Despensa,22880.0,3695.8256532066507,519.08,1
Caldo en polvo maggi costilla sobre 5 un de 7 g,MAGGI,Unimarc,Despensa,21200.0,3695.8256532066507,473.62,1
Pasta fettuccini n°88 al huevo trattoría 400 g,TRATTORIA,Unimarc,Despensa,890.0,3695.8256532066507,-75.92,0
Palmitos nuestra cocina enteros lata 400 g neto - 220 g drenado,NUESTRA COCINA,Unimarc,Despensa,2890.0,3695.8256532066507,-21.8,0
Salsa de tomate pomarola italiana 200 g,POMAROLA,Unimarc,Despensa,870.0,3695.8256532066507,-76.46,2
Salsa de tomate nuestra cocina con carne 200 g,NUESTRA COCINA,Unimarc,Despensa,700.0,3695.8256532066507,-81.06,0
Champiñones nuestra cocina laminados lata 425 g neto - 230 g drenado,NUESTRA COCINA,Unimarc,Despensa,23000.0,3695.8256532066507,522.32,1
Galletas saladas ritz tostadas 70 gr,RITZ,Unimarc,Despensa,590.0,3695.8256532066507,-84.04,2
Atun lomitos en aceite merkat 140g neto - 100 g drenado,MERKAT,Unimarc,Despensa,950.0,3695.8256532066507,-74.3,0
Sopa maggi caracolitos sobre 76 g,MAGGI,Unimarc,Despensa,31460.0,3695.8256532066507,751.23,1
Mayonesa hellmann's supreme artesana frasco 735 g,HELLMANNS,Unimarc,Despensa,5490.0,3695.8256532066507,48.55,0
Aceitunas sevillana nuestra cocina bolsa 340 g,NUESTRA COCINA,Unimarc,Despensa,2000.0,3695.8256532066507,-45.88,0
Mayonesa kraft mayodeli doypack 850 g,KRAFT,Unimarc,Despensa,4250.0,3695.8256532066507,14.99,0
Sopa de costillla maggi con fideos sobre 60 g,MAGGI,Unimarc,Despensa,31510.0,3695.8256532066507,752.58,1
Pasta fettuccine n°88 carozzi 400 g,CAROZZI,Unimarc,Despensa,21590.0,3695.8256532066507,484.17,1
Caldo en polvo maggi sabor carne 5 un de 7 g,MAGGI,Unimarc,Despensa,21200.0,3695.8256532066507,473.62,1
Vinagre incoloro traverso 500 ml,TRAVERSO,Unimarc,Despensa,990.0,3695.8256532066507,-73.21,0
Galleta salada club social sabor mantequilla 216 g,CLUB SOCIAL,Unimarc,Despensa,22780.0,3695.8256532066507,516.37,1
Pasta caracoquesos carozzi salsa queso 296 g,CAROZZI,Unimarc,Despensa,1950.0,3695.8256532066507,-47.24,0
Pasta cabello de ángel carozzi corto 400 g,CAROZZI,Unimarc,Despensa,21590.0,3695.8256532066507,484.17,1
Caldo en polvo maggi de verduras sobre 5 un de 7 g,MAGGI,Unimarc,Despensa,21200.0,3695.8256532066507,473.62,1
Pasta quifaros carozzi 400 g,CAROZZI,Unimarc,Despensa,21590.0,3695.8256532066507,484.17,1
Duraznos wasil en cubitos tetra 500 g,WASIL,Unimarc,Despensa,1790.0,3695.8256532066507,-51.57,0
Pasta mostaccioli carozzi 400 g,CAROZZI,Unimarc,Despensa,21590.0,3695.8256532066507,484.17,1
Salsa de tomate italiana merkat doypack 200g,MERKAT,Unimarc,Despensa,390.0,3695.8256532066507,-89.45,0
Salsa de tomate carozzi toscana arrabbiata 200 g,CAROZZI,Unimarc,Despensa,990.0,3695.8256532066507,-73.21,0
Pasta canutos nuestra cocina 400 g,NUESTRA COCINA,Unimarc,Despensa,690.0,3695.8256532066507,-81.33,0
Ramitas evercrisp sabor original 230 g,EVERCRISP,Unimarc,Despensa,2090.0,3695.8256532066507,-43.45,0
Papas fritas marco polo caseras 350 g,MARCO POLO,Unimarc,Despensa,2000.0,3695.8256532066507,-45.88,0
Pasta fusilli al huevo trattoría 400 g,TRATTORIA,Unimarc,Despensa,890.0,3695.8256532066507,-75.92,0
Harina nuestra cocina con polvos 1 kg,NUESTRA COCINA,Unimarc,Despensa,1000.0,3695.8256532066507,-72.94,0
Porotos blanco nuestra cocina bolsa 1 kg,NUESTRA COCINA,Unimarc,Despensa,3650.0,3695.8256532066507,-1.24,0
Papas fritas lay's stax crema cebolla lata 134 g,LAYS,Unimarc,Despensa,1900.0,3695.8256532066507,-48.59,0
Crema maggi de espárragos sobre 68 g,MAGGI,Unimarc,Despensa,31550.0,3695.8256532066507,753.67,1
Pasta ravioles carozzi con carne 400 g,CAROZZI,Unimarc,Despensa,2590.0,3695.8256532066507,-29.92,0
Caldo en polvo maggi gallina sobre 5 un de 7 g,MAGGI,Unimarc,Despensa,21200.0,3695.8256532066507,473.62,1
Galletas selz cracker 3 un de 90 g,SELZ,Unimarc,Despensa,1190.0,3695.8256532066507,-67.8,2
Papas fritas kryzpo queso lata 130 g,KRYZPO,Unimarc,Despensa,23280.0,3695.8256532066507,529.9,1
Pasta canutos lucchetti 400 g,LUCCHETTI,Unimarc,Despensa,1090.0,3695.8256532066507,-70.51,0
Pasta spaghetti n° 5 trattoría al huevo 400 g,TRATTORIA,Unimarc,Despensa,890.0,3695.8256532066507,-75.92,0
Mayonesa nuestra cocina 744 g,NUESTRA COCINA,Unimarc,Despensa,2690.0,3695.8256532066507,-27.22,0
Pasta cabellos de ángel lucchetti 400 g,LUCCHETTI,Unimarc,Despensa,1090.0,3695.8256532066507,-70.51,0
Ramitas evercrisp sabor queso mantecoso 230 g,EVERCRISP,Unimarc,Despensa,2090.0,3695.8256532066507,-43.45,0
Lentejas nuestra cocina 4 mm bolsa 1 kg,NUESTRA COCINA,Unimarc,Despensa,3250.0,3695.8256532066507,-12.06,0
Pasta rigatoni carozzi 400 g,CAROZZI,Unimarc,Despensa,21600.0,3695.8256532066507,484.44,1
Atún lomito angelmó en agua 140 g neto - 91 g drenado,ANGELMO,Unimarc,Despensa,1190.0,3695.8256532066507,-67.8,0
Mayonesa americana nuestra cocina pote 398 g,NUESTRA COCINA,Unimarc,Despensa,4450.0,3695.8256532066507,20.41,0
Sopa de pollo maggi con fideos sobre 70 g,MAGGI,Unimarc,Despensa,31430.0,3695.8256532066507,750.42,1
Papas fritas sabor cheddar lays 170gr,LAYS,Unimarc,Despensa,2490.0,3695.8256532066507,-32.63,0
Pasta quífaros lucchetti 400 g,LUCCHETTI,Unimarc,Despensa,21500.0,3695.8256532066507,481.74,1
Pasta tallarines nº 77 lucchetti 400 g,LUCCHETTI,Unimarc,Despensa,21590.0,3695.8256532066507,484.17,1
Papas fritas kryzpo crema cebolla lata 130 g,KRYZPO,Unimarc,Despensa,23280.0,3695.8256532066507,529.9,1
Papas fritas tipo americano sabor crema y cebolla lays 170gr,LAYS,Unimarc,Despensa,2490.0,3695.8256532066507,-32.63,0
Sucedáneo jugo de limón traverso 500 ml,TRAVERSO,Unimarc,Despensa,1000.0,3695.8256532066507,-72.94,0
Aceite de oliva chef extra virgen 500 ml,CHEF,Unimarc,Despensa,7750.0,3695.8256532066507,109.7,0
Papas fritas sabor ketchup lats 170gr,LAYS,Unimarc,Despensa,1743.0,3695.8256532066507,-52.84,0
Papas fritas sabor orégano lays 170gr,LAYS,Unimarc,Despensa,2490.0,3695.8256532066507,-32.63,0
Atún lomito nuestra cocina ahumado en aceite 160 g neto - 104 g drenado,NUESTRA COCINA,Unimarc,Despensa,1650.0,3695.8256532066507,-55.36,0
Pasta tallarines n° 87 carozzi 400 g,CAROZZI,Unimarc,Despensa,21590.0,3695.8256532066507,484.17,1
Harina merkat sin polvos 1 kg,MERKAT,Unimarc,Despensa,880.0,3695.8256532066507,-76.19,0
Pasta corbatas nuestra cocina 400 g,NUESTRA COCINA,Unimarc,Despensa,690.0,3695.8256532066507,-81.33,0
Harina mont blanc con polvos 1 kg,MONT BLANC,Unimarc,Despensa,1390.0,3695.8256532066507,-62.39,2
Cobertura caravella chocolate alfajor doypack 770 g,CARAVELLA,Unimarc,Despensa,6990.0,3695.8256532066507,89.13,2
Arroz tucapel pregraneado 1 kg,TUCAPEL,Unimarc,Despensa,2590.0,3695.8256532066507,-29.92,0
Sal fina nuestra cocina bolsa 1 kg,NUESTRA COCINA,Unimarc,Despensa,450.0,3695.8256532066507,-87.82,0
Azúcar granulada nuestra cocina g2 bolsa 1 kg,NUESTRA COCINA,Unimarc,Despensa,1000.0,3695.8256532066507,-72.94,0
Mayonesa kraft pote 789 g,KRAFT,Unimarc,Despensa,7290.0,3695.8256532066507,97.25,0
Pasta quífaros nuestra cocina 400 g,NUESTRA COCINA,Unimarc,Despensa,690.0,3695.8256532066507,-81.33,0
Papas fritas tipo americano lays 180gr,LAYS,Unimarc,Despensa,2000.0,3695.8256532066507,-45.88,0
Arroz nuestra cocina g2 grano largo ancho bolsa 1 kg,NUESTRA COCINA,Unimarc,Despensa,1490.0,3695.8256532066507,-59.68,0
Atún lomito van camp's en aceite 142 g neto - 92 g drenado,VAN CAMPS,Unimarc,Despensa,1990.0,3695.8256532066507,-46.16,2
Papas fritas tipo americano lays 300gr,LAYS,Unimarc,Despensa,2000.0,3695.8256532066507,-45.88,0
Pasta corbatas lucchetti 400 g,LUCCHETTI,Unimarc,Despensa,21590.0,3695.8256532066507,484.17,1
Salsa de tomate doña clara italiana 200 g,DOÑA CLARA,Unimarc,Despensa,21000.0,3695.8256532066507,468.21,1
Aceite chef maravilla 0% colesterol 1 l,CHEF,Unimarc,Despensa,3750.0,3695.8256532066507,1.47,0
Palmitos nuestra cocina en rodajas lata 400 g neto - 220 g drenado,NUESTRA COCINA,Unimarc,Despensa,2550.0,3695.8256532066507,-31.0,0
Pasta corbatas carozzi 400 g,CAROZZI,Unimarc,Despensa,21590.0,3695.8256532066507,484.17,1
Sal fina lobos yodada bolsa 1 kg,LOBOS,Unimarc,Despensa,610.0,3695.8256532066507,-83.49,0
Leche condensada nuestra cocina lata 397 g,NUESTRA COCINA,Unimarc,Despensa,23000.0,3695.8256532066507,522.32,1
Aceite vegetal merkat bidón 5 l,MERKAT,Unimarc,Despensa,8390.0,3695.8256532066507,127.01,0
Salsa de tomate carozzi toscana bolognesa 200 g,CAROZZI,Unimarc,Despensa,21490.0,3695.8256532066507,481.47,1
Aceite de oliva nuestra cocina extra virgen 1 l,NUESTRA COCINA,Unimarc,Despensa,12990.0,3695.8256532066507,251.48,0
Atún lomito van camp's en agua 142 g neto - 92 g drenado,VAN CAMPS,Unimarc,Despensa,23000.0,3695.8256532066507,522.32,1
Salsa de tomate maggi tuco con carne lata 245 g,MAGGI,Unimarc,Despensa,1390.0,3695.8256532066507,-62.39,0
Pastas pantrucas carozzi bolsa 250 g,CAROZZI,Unimarc,Despensa,510.0,3695.8256532066507,-86.2,0
Atún lomito robinson crusoe en agua 140 g neto - 91 g drenado,ROBINSON CRUSOE,Unimarc,Despensa,1990.0,3695.8256532066507,-46.16,0
Lentejas nuestra cocina 6 mm 1 kg,NUESTRA COCINA,Unimarc,Despensa,3000.0,3695.8256532066507,-18.83,0
Salsa de tomate nuestra cocina 6 un de 200 g,NUESTRA COCINA,Unimarc,Despensa,3000.0,3695.8256532066507,-18.83,0
Pasta espirales lucchetti 400 g,LUCCHETTI,Unimarc,Despensa,21500.0,3695.8256532066507,481.74,1
Pack salsa de tomate lucchetti italiana 6 un de 200 g,LUCCHETTI,Unimarc,Despensa,3290.0,3695.8256532066507,-10.98,0
Atún lomitos en agua merkat 140 g neto - 100 g drenado,MERKAT,Unimarc,Despensa,990.0,3695.8256532066507,-73.21,0
Arroz merkat largo delgado grado 2 1 kg,MERKAT,Unimarc,Despensa,1190.0,3695.8256532066507,-67.8,0
Atún lomito nuestra cocina en aceite 140 gr neto - 91 gr drenado,NUESTRA COCINA,Unimarc,Despensa,1000.0,3695.8256532066507,-72.94,0
Jurel nuestra cocina natural 425 g neto - 300 g drenado,NUESTRA COCINA,Unimarc,Despensa,1990.0,3695.8256532066507,-46.16,0
Galleta salada club social original 216 g,CLUB SOCIAL,Unimarc,Despensa,33990.0,3695.8256532066507,819.69,1
Harina nuestra cocina sin polvos 1 kg,NUESTRA COCINA,Unimarc,Despensa,1000.0,3695.8256532066507,-72.94,0
Harina mont blanc sin polvos 1 kg,MONT BLANC,Unimarc,Despensa,1100.0,3695.8256532066507,-70.24,2
Papas fritas marco polo corte americano 350 g,MARCO POLO,Unimarc,Despensa,2000.0,3695.8256532066507,-45.88,0
Pack salsa de tomate pomarola italiana 6 un de 200 g,POMAROLA,Unimarc,Despensa,4150.0,3695.8256532066507,12.29,2
Pasta espirales nuestra cocina 400 g,NUESTRA COCINA,Unimarc,Despensa,690.0,3695.8256532066507,-81.33,0
Azúcar nuestra cocina granulada bolsa 1.3 kg,NUESTRA COCINA,Unimarc,Despensa,1250.0,3695.8256532066507,-66.18,0
Arroz tucapel gran selección g1 1 kg,TUCAPEL,Unimarc,Despensa,2450.0,3695.8256532066507,-33.71,0
Mayonesa hellmann's doypack 800 gr,HELLMANNS,Unimarc,Despensa,3490.0,3695.8256532066507,-5.57,0
Pasta spaguetti n°5 nuestra cocina 400 g,NUESTRA COCINA,Unimarc,Despensa,690.0,3695.8256532066507,-81.33,0
Atún lomito nuestra cocina en agua 140 gr neto - 91 gr drenado,NUESTRA COCINA,Unimarc,Despensa,1000.0,3695.8256532066507,-72.94,0
Pasta spaghetti n° 5 lucchetti 400 g,LUCCHETTI,Unimarc,Despensa,21590.0,3695.8256532066507,484.17,1
Aceite merkat vegetal 900 ml,MERKAT,Unimarc,Despensa,1550.0,3695.8256532066507,-58.06,0
Arroz tucapel gran selección g2 laminado 1 kg,TUCAPEL,Unimarc,Despensa,1090.0,3695.8256532066507,-70.51,0
Aceite nuestra cocina vegetal botella 900 ml,NUESTRA COCINA,Unimarc,Despensa,1790.0,3695.8256532066507,-51.57,0
Aceite nuestra cocina 100% maravilla 900 ml,NUESTRA COCINA,Unimarc,Despensa,1890.0,3695.8256532066507,-48.86,0
Arroz nuestra cocina g2 largo delgado 1 kg,NUESTRA COCINA,Unimarc,Despensa,1000.0,3695.8256532066507,-72.94,0
Pizza Peperoni Masa Tradicional 1 Un 445 g Lide...,GENÉRICA,Acuenta,Elaborados,3590.0,2697.2727272727275,33.1,0
Pizza Peperoni Acuenta 1 Un 440 g Acuenta...,ACUENTA,Acuenta,Elaborados,2890.0,2697.2727272727275,7.15,0
Pizza Napolitana 1 Un Acuenta,ACUENTA,Acuenta,Elaborados,2890.0,2697.2727272727275,7.15,0
Hamburguesa de Merluza 100 g Lider,LIDER,Acuenta,Elaborados,870.0,2697.2727272727275,-67.75,0
Prieta Tradicional Bolsa 3 Un 350 g Receta del ...,GENÉRICA,Acuenta,Elaborados,2890.0,2697.2727272727275,7.15,0
Pizza Peperoni Acuenta 1 Un 440 g Acuenta...,ACUENTA,ACUENTA,Elaborados,2800.0,2697.2727272727275,3.81,0
Pizza Peperoni Masa Tradicional 1 Un 445 g Lide...,GENÉRICA,ACUENTA,Elaborados,3590.0,2697.2727272727275,33.1,0
Pizza Napolitana Masa Tradicional 1 Un 465 g Li...,GENÉRICA,ACUENTA,Elaborados,3590.0,2697.2727272727275,33.1,0
Pizza Napolitana 1 Un Acuenta,ACUENTA,ACUENTA,Elaborados,2800.0,2697.2727272727275,3.81,0
Hamburguesa de Merluza 100 g Lider,LIDER,ACUENTA,Elaborados,870.0,2697.2727272727275,-67.75,0
Prieta Tradicional Bolsa 3 Un 350 g Receta del ...,GENÉRICA,ACUENTA,Elaborados,2890.0,2697.2727272727275,7.15,0
Suavizante Líquido Concentrado Spring Doypack 5...,GENÉRICA,Acuenta,Despensa General,700.0,1944.0740740740741,-63.99,0
Guantes Conveniente Talla L Virutex,GENÉRICA,Acuenta,Despensa General,3090.0,1944.0740740740741,58.94,0
Bolsas Herméticas con Cierre Mediana 18x20 cm 1...,GENÉRICA,Acuenta,Despensa General,1090.0,1944.0740740740741,-43.93,0
Bolsas Herméticas Slider para Organizar Median...,LIDER,Acuenta,Despensa General,5950.0,1944.0740740740741,206.06,0
Bolsas Herméticas con Cierre Pequeña 16x14 cm 1...,GENÉRICA,Acuenta,Despensa General,1350.0,1944.0740740740741,-30.56,0
Suavizante Concentrado Líquido Brisa Intensa Bo...,GENÉRICA,Acuenta,Despensa General,2790.0,1944.0740740740741,43.51,0
Limpiador Baño Líquido Antihongos Doypack 900 m...,GENÉRICA,Acuenta,Despensa General,2990.0,1944.0740740740741,53.8,0
Limpiador Líquido Antihongos Con Gatillo Botell...,GENÉRICA,Acuenta,Despensa General,2790.0,1944.0740740740741,43.51,0
Limpiador inodoro discos activos pato combo fru...,GENÉRICA,Acuenta,Despensa General,3990.0,1944.0740740740741,105.24,0
Destapador de Cañerías Líquido Soda Cáustica Bo...,GENÉRICA,Acuenta,Despensa General,1990.0,1944.0740740740741,2.36,0
Limpiador Líquido Antihongos Botella 500 ml Clo...,GENÉRICA,Acuenta,Despensa General,3190.0,1944.0740740740741,64.09,0
Paño Multiuso 3 Un Vileda,GENÉRICA,Acuenta,Despensa General,3250.0,1944.0740740740741,67.17,0
Pastilla de Inodoro Azul Activo Doypack 3 un Cl...,GENÉRICA,Acuenta,Despensa General,4790.0,1944.0740740740741,146.39,0
Desinfectante Ambientes y Superficies Aerosol T...,GENÉRICA,Acuenta,Despensa General,5290.0,1944.0740740740741,172.11,0
Suavizante Líquido Classic Botella 5 L Soft...,GENÉRICA,Acuenta,Despensa General,9490.0,1944.0740740740741,388.15,0
Suavizante Líquido Clásico Bidón 5 L Lider...,LIDER,Acuenta,Despensa General,7990.0,1944.0740740740741,310.99,0
Suavizante Concentrado Líquido Brisa de Verano ...,GENÉRICA,Acuenta,Despensa General,2790.0,1944.0740740740741,43.51,0
Suavizante Concentrado Líquido Frescura de Prim...,GENÉRICA,Acuenta,Despensa General,2790.0,1944.0740740740741,43.51,0
Suavizante Líquido Concentrado Lavanda Botella ...,GENÉRICA,Acuenta,Despensa General,3290.0,1944.0740740740741,69.23,0
Suavizante Líquido Concentrado Puro Cuidado Bot...,GENÉRICA,Acuenta,Despensa General,3290.0,1944.0740740740741,69.23,0
Quitamanchas Polvo Ropa Color Doypack 450 g Van...,GENÉRICA,Acuenta,Despensa General,7190.0,1944.0740740740741,269.84,0
Toallitas Desinfectantes Limón Bolsa Resellable...,GENÉRICA,Acuenta,Despensa General,2000.0,1944.0740740740741,2.88,0
Toallitas Desinfectantes Multiuso Limón Tarro 3...,GENÉRICA,Acuenta,Despensa General,3150.0,1944.0740740740741,62.03,0
Trapero Húmedo Piso Flotante O Laminado 0Un Coc...,GENÉRICA,Acuenta,Despensa General,2990.0,1944.0740740740741,53.8,0
Raticida En Pellets Caja 50 g Ratanax,GENÉRICA,Acuenta,Despensa General,2590.0,1944.0740740740741,33.23,0
Escobilla Limpia Sanitario con Base de Esquina ...,GENÉRICA,Acuenta,Despensa General,10290.0,1944.0740740740741,429.3,1
Cepillo para WC 1 Un Acuenta,ACUENTA,Acuenta,Despensa General,2490.0,1944.0740740740741,28.08,0
Bolsa de Basura Grande Económica 110x120 cm 5 U...,GENÉRICA,Acuenta,Despensa General,5000.0,1944.0740740740741,157.19,0
Bolsa de Basura Grande Económica 80x110 cm 10 U...,GENÉRICA,Acuenta,Despensa General,1000.0,1944.0740740740741,-48.56,0
Discos Activos Marina Doypack 36 ml Lider...,LIDER,Acuenta,Despensa General,2990.0,1944.0740740740741,53.8,0
Limpaidor de Baño Líquido Tradicional Botella 5...,GENÉRICA,Acuenta,Despensa General,3250.0,1944.0740740740741,67.17,0
Limpiador Baño Desinfectante Destructor de Sarr...,GENÉRICA,Acuenta,Despensa General,3350.0,1944.0740740740741,72.32,0
Limpiador Baño AdehsivoLavanda Pastillas 3 Un H...,GENÉRICA,Acuenta,Despensa General,1790.0,1944.0740740740741,-7.93,0
Pastilla Estanque Inodoro original pack 2 Un Ly...,GENÉRICA,Acuenta,Despensa General,3650.0,1944.0740740740741,87.75,0
Pastilla Estanque Inodoro original pack 4 Un Ly...,GENÉRICA,Acuenta,Despensa General,6690.0,1944.0740740740741,244.12,0
Limpiador Baño Adehsivo Lavanda Pastillas 38 g ...,GENÉRICA,Acuenta,Despensa General,3990.0,1944.0740740740741,105.24,0
Limpiador Líquido Desinfectante Baños Recarga D...,GENÉRICA,Acuenta,Despensa General,2990.0,1944.0740740740741,53.8,0
Desinfectante Aerosol Lavanda Tarro 360 cc Igen...,GENÉRICA,Acuenta,Despensa General,2250.0,1944.0740740740741,15.74,0
Desinfectante de Ambientes y Superficies Aeroso...,GENÉRICA,Acuenta,Despensa General,2250.0,1944.0740740740741,15.74,0
Insecticida Aerosol Verde Mata Arañas y Cucara...,GENÉRICA,Acuenta,Despensa General,3190.0,1944.0740740740741,64.09,0
Insecticida Aerosol Mata Hormigas Aerosol 390 c...,GENÉRICA,Acuenta,Despensa General,4000.0,1944.0740740740741,105.75,0
Insecticida Aerosol Casa y Jardín Bonus Aerosol...,GENÉRICA,Acuenta,Despensa General,3190.0,1944.0740740740741,64.09,0
Insecticida Aerosol Mata Moscas y Mosquitos 360...,GENÉRICA,Acuenta,Despensa General,4050.0,1944.0740740740741,108.33,0
Insecticida Mata Pulgas y Garrapatas Aerosol Ae...,GENÉRICA,Acuenta,Despensa General,4850.0,1944.0740740740741,149.48,0
Desodorante Ambiental Gel en Lata Cítricos Exót...,GENÉRICA,Acuenta,Despensa General,1590.0,1944.0740740740741,-18.21,0
Desodorante Ambiental Gel en Lata Frutos Silves...,GENÉRICA,Acuenta,Despensa General,1590.0,1944.0740740740741,-18.21,0
Limpiador + Abrillantador Líquido Piso Flotante...,GENÉRICA,Acuenta,Despensa General,4350.0,1944.0740740740741,123.76,0
Limpiador Pisos Flotantes Líquido Lavanda Botel...,GENÉRICA,Acuenta,Despensa General,2950.0,1944.0740740740741,51.74,0
Abrillantador Pisos Flotantes Líquido Lavanda B...,GENÉRICA,Acuenta,Despensa General,4850.0,1944.0740740740741,149.48,0
Mopa Algodón Repuesto 1 Un Lider,LIDER,Acuenta,Despensa General,3000.0,1944.0740740740741,54.32,0
Limpiador Desinfectante de Pisos Lavanda Bidón...,GENÉRICA,Acuenta,Despensa General,6590.0,1944.0740740740741,238.98,0
Limpia Pisos Aroma Primavera 4 L Lider,LIDER,Acuenta,Despensa General,4390.0,1944.0740740740741,125.81,0
Limpiador Multiespacios Armonia 1800 ml Lider...,LIDER,Acuenta,Despensa General,2000.0,1944.0740740740741,2.88,0
Limpiador de Pisos Desinfectante Frescura Cítr...,GENÉRICA,Acuenta,Despensa General,2850.0,1944.0740740740741,46.6,0
Limpiador Baño Líquido Biodegradable Doypack 45...,GENÉRICA,Acuenta,Despensa General,1000.0,1944.0740740740741,-48.56,0
Guantes Multiuso Talla L 1 Un Lider,LIDER,Acuenta,Despensa General,2000.0,1944.0740740740741,2.88,0
Quitapelusas Rodillo Lider,LIDER,Acuenta,Despensa General,3000.0,1944.0740740740741,54.32,0
Gel Adhesivo para Inodoro Lavanda Recarga Doypa...,GENÉRICA,Acuenta,Despensa General,3290.0,1944.0740740740741,69.23,0
Quitamanchas Líquido Blancos Radiantes 960 g Li...,GENÉRICA,Acuenta,Despensa General,1450.0,1944.0740740740741,-25.41,0
Servilletas Cóctel 23x24 cm 50 Un Lider,LIDER,Acuenta,Despensa General,490.0,1944.0740740740741,-74.8,0
Lustra Muebles Crema Lavanda Botella 250 ml Lid...,GENÉRICA,Acuenta,Despensa General,2000.0,1944.0740740740741,2.88,0
Aromatizante Ambiental Lavanda Cono en Gel 185 ...,GENÉRICA,Acuenta,Despensa General,1490.0,1944.0740740740741,-23.36,0
Servilletas Mesa 33x33 cm 200 Un Lider,LIDER,Acuenta,Despensa General,2850.0,1944.0740740740741,46.6,0
Guantes Multiuso Talla M Lider,LIDER,Acuenta,Despensa General,2000.0,1944.0740740740741,2.88,0
Servilletas Mesa 33x33 cm 200 Un Nova,GENÉRICA,Acuenta,Despensa General,2490.0,1944.0740740740741,28.08,0
Guantes Multiuso Talla S 1 Un Lider,LIDER,Acuenta,Despensa General,2000.0,1944.0740740740741,2.88,0
Lustra Muebles Crema Tradicional Botella 250 ml...,GENÉRICA,Acuenta,Despensa General,2000.0,1944.0740740740741,2.88,0
Servilletas Cóctel Una Hoja 80 Un Acuenta...,ACUENTA,Acuenta,Despensa General,450.0,1944.0740740740741,-76.85,0
Toallitas Desinfectantes Limón Tarro 35 Un Lide...,GENÉRICA,Acuenta,Despensa General,2000.0,1944.0740740740741,2.88,0
Aromatizante Ambiental Gel Vainilla Coco Cono 1...,GENÉRICA,Acuenta,Despensa General,1490.0,1944.0740740740741,-23.36,0
Toallitas Desinfectantes Multiuso Citrus Bolsa ...,GENÉRICA,Acuenta,Despensa General,1190.0,1944.0740740740741,-38.79,0
Servilleta Cóctel 40 u Abolengo,GENÉRICA,Acuenta,Despensa General,290.0,1944.0740740740741,-85.08,0
Aromatizante Ambiental Manzana Canela Cono en G...,GENÉRICA,Acuenta,Despensa General,1490.0,1944.0740740740741,-23.36,0
Trapero Multiuso Doble con Ojal 1 Un Lider...,LIDER,Acuenta,Despensa General,2790.0,1944.0740740740741,43.51,0
Limpia Pisos Aroma Bebe 900 ml Lider,LIDER,Acuenta,Despensa General,1190.0,1944.0740740740741,-38.79,0
Limpiador Antigrasa Líquido Doypack 450 ml Lide...,GENÉRICA,Acuenta,Despensa General,1000.0,1944.0740740740741,-48.56,0
Servilletas Cóctel 24x24 cm 220 Un Elite,GENÉRICA,Acuenta,Despensa General,1850.0,1944.0740740740741,-4.84,0
Limpia Vidrios Líquido Doypack 450 ml Lider...,LIDER,Acuenta,Despensa General,1000.0,1944.0740740740741,-48.56,0
Limpia Pisos Primavera 900 ml Lider,LIDER,Acuenta,Despensa General,1190.0,1944.0740740740741,-38.79,0
Pañuelos Facial Doble Hoja 3 Paquetes 90 Un Eli...,GENÉRICA,Acuenta,Despensa General,3090.0,1944.0740740740741,58.94,0
Pastilla para Estanque Blistec (2 Un) 96 g Lide...,GENÉRICA,Acuenta,Despensa General,2000.0,1944.0740740740741,2.88,0
Limpiador Aromatizante Líquido Flores de Prima...,GENÉRICA,Acuenta,Despensa General,1590.0,1944.0740740740741,-18.21,0
Bolsa de Basura Grande 80x110 cm 10 Un Lider...,LIDER,Acuenta,Despensa General,1290.0,1944.0740740740741,-33.64,0
Limpiador Aromatizante Líquido Lavanda Botella...,GENÉRICA,Acuenta,Despensa General,1590.0,1944.0740740740741,-18.21,0
Paño Esponja 3 Un Lider,LIDER,Acuenta,Despensa General,2990.0,1944.0740740740741,53.8,0
Limpia Pisos Multiespacios Lavanda 900 ml Lider...,LIDER,Acuenta,Despensa General,1190.0,1944.0740740740741,-38.79,0
Bolsa de Basura Pequeña 50x70 cm 50 Un Lider...,LIDER,Acuenta,Despensa General,2000.0,1944.0740740740741,2.88,0
Bolsa de Basura Mediana 70x90 cm 50 Un Lider...,LIDER,Acuenta,Despensa General,3990.0,1944.0740740740741,105.24,0
Servilletas Cóctel 23x24 cm 220 Un Lider,LIDER,Acuenta,Despensa General,1790.0,1944.0740740740741,-7.93,0
Servilletas Cóctel 23x22 cm 300 Un Nova,GENÉRICA,Acuenta,Despensa General,2090.0,1944.0740740740741,7.51,0
Lysoform Original Aerosol Desinfectante Lata 99...,GENÉRICA,Acuenta,Despensa General,6090.0,1944.0740740740741,213.26,0
Trapero Húmedo para Pisos Aroma Limón Bolsa 10 ...,GENÉRICA,Acuenta,Despensa General,2000.0,1944.0740740740741,2.88,0
Suavizante Concentrado Líquido Sofisticado Flor...,GENÉRICA,Acuenta,Despensa General,2790.0,1944.0740740740741,43.51,0
Desodorante Ambiental Aerosol Encanto de Vainil...,GENÉRICA,Acuenta,Despensa General,4190.0,1944.0740740740741,115.53,0
Suavizante Concentrado Líquido Sofisticado Frut...,GENÉRICA,Acuenta,Despensa General,2790.0,1944.0740740740741,43.51,0
Bolsa de Basura Grande 80x110 cm 10 Un Virutex...,GENÉRICA,Acuenta,Despensa General,1190.0,1944.0740740740741,-38.79,0
Pastilla Estanque Inodoro original pack 2 Un Pa...,GENÉRICA,Acuenta,Despensa General,2790.0,1944.0740740740741,43.51,0
Desinfectante Antibacterial Lavanda y Bebé Pack...,GENÉRICA,Acuenta,Despensa General,3690.0,1944.0740740740741,89.81,0
Bolsa de Basura Mediana Económica 70x90 cm 10 U...,GENÉRICA,Acuenta,Despensa General,800.0,1944.0740740740741,-58.85,0
Bolsa de Basura Pequeña 50x70 cm 10 Un Virutex...,GENÉRICA,Acuenta,Despensa General,790.0,1944.0740740740741,-59.36,0
Servilletas Cóctel 23x22 cm 250 Un Acuenta...,ACUENTA,Acuenta,Despensa General,1350.0,1944.0740740740741,-30.56,0
Detregente Líquido Ultra Power Piel Sensible Do...,GENÉRICA,Acuenta,Despensa General,2890.0,1944.0740740740741,48.66,0
Bolsa de Basura Pequeña 50x70 cm 10 Un Lider...,LIDER,Acuenta,Despensa General,450.0,1944.0740740740741,-76.85,0
Servilletas Cóctel 23x22 cm 150 Un Nova,GENÉRICA,Acuenta,Despensa General,950.0,1944.0740740740741,-51.13,0
Lustra Muebles Madera Aerosol Lata 420 ml Blem...,GENÉRICA,Acuenta,Despensa General,3890.0,1944.0740740740741,100.1,0
Pastilla Para Inodoro Lavanda Colgador Caja 20 ...,GENÉRICA,Acuenta,Despensa General,1190.0,1944.0740740740741,-38.79,0
Suavizante Líquido Hipoalergénico Piel Sensible...,GENÉRICA,Acuenta,Despensa General,1790.0,1944.0740740740741,-7.93,0
Pañuelos Facial Doble Hoja Disney 3 Paquetes de...,GENÉRICA,Acuenta,Despensa General,3000.0,1944.0740740740741,54.32,0
Desodorante Ambiental Aerosol Chirimoya Alegre ...,GENÉRICA,Acuenta,Despensa General,1850.0,1944.0740740740741,-4.84,0
Desodorante Ambiental Pure Aerosol Premium Refr...,GENÉRICA,Acuenta,Despensa General,4490.0,1944.0740740740741,130.96,0
Desodorante Ambiental Pure Aerosol Premium Cher...,GENÉRICA,Acuenta,Despensa General,4490.0,1944.0740740740741,130.96,0
Limpiador Desinfectante Líquido Lavanda con nan...,GENÉRICA,Acuenta,Despensa General,2750.0,1944.0740740740741,41.46,0
Limpiador Desinfectante Líquido Primavera con n...,GENÉRICA,Acuenta,Despensa General,2750.0,1944.0740740740741,41.46,0
Limpiador Antigrasa Líquido Doypack 450 ml Mr. ...,GENÉRICA,Acuenta,Despensa General,2350.0,1944.0740740740741,20.88,0
Desodorante Ambiental Aerosol Naranja y Orquide...,GENÉRICA,Acuenta,Despensa General,2690.0,1944.0740740740741,38.37,0
Limpiador inodoro gel removedor de sarro floral...,GENÉRICA,Acuenta,Despensa General,2590.0,1944.0740740740741,33.23,0
Limpiador Desinfectante Líquido Cítrico con nan...,GENÉRICA,Acuenta,Despensa General,2750.0,1944.0740740740741,41.46,0
Desodorante Ambiental Pure Aerosol Premium Soft...,GENÉRICA,Acuenta,Despensa General,4490.0,1944.0740740740741,130.96,0
Limpia Vidrios y Multiuso Líquido Doypack 450 m...,GENÉRICA,Acuenta,Despensa General,2290.0,1944.0740740740741,17.79,0
Desodorante Ambiental Aerosol Frutilla Crema La...,GENÉRICA,Acuenta,Despensa General,1850.0,1944.0740740740741,-4.84,0
Esponja Suave Pack 3 Un Fibro,GENÉRICA,Acuenta,Despensa General,2000.0,1944.0740740740741,2.88,0
"Pañuelos Triple Hoja, producto surtido 6 Un Eli...",GENÉRICA,Acuenta,Despensa General,1000.0,1944.0740740740741,-48.56,0
Desodorante Ambiental Aerosol Lluvia de Flores ...,GENÉRICA,Acuenta,Despensa General,1850.0,1944.0740740740741,-4.84,0
Limpiador inodoro gel removedor de sarro combo ...,GENÉRICA,Acuenta,Despensa General,2590.0,1944.0740740740741,33.23,0
Desodorante Ambiental Aerosol Campos de Lavanda...,GENÉRICA,Acuenta,Despensa General,2690.0,1944.0740740740741,38.37,0
Limpiador Baño Líquido Original Doypack 450 ml ...,GENÉRICA,Acuenta,Despensa General,2290.0,1944.0740740740741,17.79,0
Desinfectante Aerosol Frutos del Bosque Lata 36...,GENÉRICA,Acuenta,Despensa General,3000.0,1944.0740740740741,54.32,0
Desodorante Ambiental Aerosol Jardín de Lavanda...,GENÉRICA,Acuenta,Despensa General,1850.0,1944.0740740740741,-4.84,0
Desinfectante Ambientes Aerosol y Superficies O...,GENÉRICA,Acuenta,Despensa General,3000.0,1944.0740740740741,54.32,0
Desinfectante de Ambientes y Elimina Olores Lav...,GENÉRICA,Acuenta,Despensa General,3000.0,1944.0740740740741,54.32,0
Suavizante Líquido Clásico Doypack 1 l Fuzol...,GENÉRICA,Acuenta,Despensa General,1790.0,1944.0740740740741,-7.93,0
Desodorante Ambiental Aerosol Paraíso Azul Lata...,GENÉRICA,Acuenta,Despensa General,2550.0,1944.0740740740741,31.17,0
Desodorante Ambiental Aerosol Potpourrí Lata 36...,GENÉRICA,Acuenta,Despensa General,2550.0,1944.0740740740741,31.17,0
Quitamanchas Líquido Blancos Supremos Doypack 3...,GENÉRICA,Acuenta,Despensa General,1000.0,1944.0740740740741,-48.56,0
Bolsa de Basura Con Asas 50x65 cm 10 Un Virutex...,GENÉRICA,Acuenta,Despensa General,480.0,1944.0740740740741,-75.31,0
Toallitas Desinfectantes Expert Bolsa Resellabl...,GENÉRICA,Acuenta,Despensa General,2650.0,1944.0740740740741,36.31,0
Bolsa de Basura Pequeña con Asas 50x65 cm 10 Un...,GENÉRICA,Acuenta,Despensa General,490.0,1944.0740740740741,-74.8,0
Suavizante Líquido Concentrado Fresh Coconut Do...,GENÉRICA,Acuenta,Despensa General,700.0,1944.0740740740741,-63.99,0
Poett Lavanda 1500 ml Poett,GENÉRICA,Acuenta,Despensa General,2000.0,1944.0740740740741,2.88,0
Poett Primavera 1500 ml Poett,GENÉRICA,Acuenta,Despensa General,2000.0,1944.0740740740741,2.88,0
Bolsa de Basura Pequeña 50x70 cm 10 Un Superior...,GENÉRICA,Acuenta,Despensa General,610.0,1944.0740740740741,-68.62,0
Poett Alegra Tu Dia 1500 ml Poett,GENÉRICA,Acuenta,Despensa General,2000.0,1944.0740740740741,2.88,0
Cif Cr Bio Multiuso Limon Bot 12X375G 375 g Cif...,GENÉRICA,Acuenta,Despensa General,1000.0,1944.0740740740741,-48.56,0
Limpiador En Crema Bio Original 500 ml Virutex...,GENÉRICA,Acuenta,Despensa General,1990.0,1944.0740740740741,2.36,0
Bolsa de Basura Mediana 70x90 cm 10 Un Virutex...,GENÉRICA,Acuenta,Despensa General,1150.0,1944.0740740740741,-40.85,0
Limpiador Antigrasa Líquido Poder Desengrasante...,GENÉRICA,Acuenta,Despensa General,2290.0,1944.0740740740741,17.79,0
Suavizante Líquido Classic Doypack 900 ml Soft...,GENÉRICA,Acuenta,Despensa General,1000.0,1944.0740740740741,-48.56,0
Desinfectante de Ambientes y Elimina Olores Beb...,GENÉRICA,Acuenta,Despensa General,3000.0,1944.0740740740741,54.32,0
Limpiador Crema Original Botella 375 g Cif...,GENÉRICA,Acuenta,Despensa General,1000.0,1944.0740740740741,-48.56,0
Esponja Multiuso Antibacterial Lisa Virutex...,GENÉRICA,Acuenta,Despensa General,1290.0,1944.0740740740741,-33.64,0
Sucedáneo de Limón Botella 1 L Traverso,TRAVERSO,Acuenta,Despensa General,2250.0,1944.0740740740741,15.74,0
Salsa Unagi 480 g Specia,GENÉRICA,Acuenta,Despensa General,6290.0,1944.0740740740741,223.55,0
Chorito natural 425 g Costa tenglo,GENÉRICA,Acuenta,Despensa General,1790.0,1944.0740740740741,-7.93,0
Panela Jugo de Caña Deshidratada 454 g La Criol...,GENÉRICA,Acuenta,Despensa General,1990.0,1944.0740740740741,2.36,0
Salsa Teriyaki 165 cc Gourmet,GOURMET,Acuenta,Despensa General,2890.0,1944.0740740740741,48.66,0
Ají crema chileno 350 g Traverso,TRAVERSO,Acuenta,Despensa General,1390.0,1944.0740740740741,-28.5,0
Pure de papas hoffmann 125 g Hoffmann,GENÉRICA,Acuenta,Despensa General,1250.0,1944.0740740740741,-35.7,0
Esparragos Verdes Esmeralda 425G 425 g Esmerald...,GENÉRICA,Acuenta,Despensa General,2890.0,1944.0740740740741,48.66,0
Vinagre de Manzana Botella 1 L Traverso,TRAVERSO,Acuenta,Despensa General,3990.0,1944.0740740740741,105.24,0
Tomillo Deshidratado 7 g Lider,LIDER,Acuenta,Despensa General,520.0,1944.0740740740741,-73.25,0
Piñas en Rodaja 565 g Acuenta,ACUENTA,Acuenta,Despensa General,1790.0,1944.0740740740741,-7.93,0
Pimienta Negra Molida 100 g Lider,LIDER,Acuenta,Despensa General,3190.0,1944.0740740740741,64.09,0
Merkén Condimentos 100 g Gourmet,GOURMET,Acuenta,Despensa General,2050.0,1944.0740740740741,5.45,0
Vinagre de Vino Rosado Botella 1000 cc Traverso...,TRAVERSO,Acuenta,Despensa General,2050.0,1944.0740740740741,5.45,0
Gelatina Cereza 100 g Ambrosoli,GENÉRICA,Acuenta,Despensa General,910.0,1944.0740740740741,-53.19,0
Ajo En Polvo 100 g Gourmet,GOURMET,Acuenta,Despensa General,1490.0,1944.0740740740741,-23.36,0
Sazonador Adobo La Comadre 200 g La Comadre...,GENÉRICA,Acuenta,Despensa General,2990.0,1944.0740740740741,53.8,0
Maní Salado 140 g Evercrisp,GENÉRICA,Acuenta,Despensa General,1150.0,1944.0740740740741,-40.85,0
Sal Parrillera Frasco 750 g Lobos,LOBOS,Acuenta,Despensa General,1390.0,1944.0740740740741,-28.5,0
Mostaza regular 350 g Traverso,TRAVERSO,Acuenta,Despensa General,1390.0,1944.0740740740741,-28.5,0
Salsa Manjar Botella 280 g Gourmet,GOURMET,Acuenta,Despensa General,1990.0,1944.0740740740741,2.36,0
Comino Molido Bolsa 15 g Lider,LIDER,Acuenta,Despensa General,390.0,1944.0740740740741,-79.94,0
Duraznos Mitades en Almíbar Drenado 255 g - Net...,GENÉRICA,Acuenta,Despensa General,1290.0,1944.0740740740741,-33.64,0
Chorito natural 190 g Costa tenglo,GENÉRICA,Acuenta,Despensa General,1190.0,1944.0740740740741,-38.79,0
Gelatina Frutilla 100 g Ambrosoli,GENÉRICA,Acuenta,Despensa General,910.0,1944.0740740740741,-53.19,0
Piñas en Trozos 565 g Acuenta,ACUENTA,Acuenta,Despensa General,1790.0,1944.0740740740741,-7.93,0
Bolsa Sal de mar fina Lobos 900 g Lobos,LOBOS,Acuenta,Despensa General,1490.0,1944.0740740740741,-23.36,0
Trigo Mote Bolsa 1 Kg Oso,GENÉRICA,Acuenta,Despensa General,2750.0,1944.0740740740741,41.46,0
Proteína Vegetal de Soya Bolsa 300 g Gourmet...,GOURMET,Acuenta,Despensa General,2250.0,1944.0740740740741,15.74,0
Proteína Vegetal De Soya 300 g Lider,LIDER,Acuenta,Despensa General,1990.0,1944.0740740740741,2.36,0
Salsa de Soya Tradicional Botella 165 ml Lider...,LIDER,Acuenta,Despensa General,2050.0,1944.0740740740741,5.45,0
Salsa De Soya Tradicional 500 ml Lider,LIDER,Acuenta,Despensa General,2450.0,1944.0740740740741,26.02,0
Salsa Champiñones (4 Porciones) Sobre 30 g Gour...,GENÉRICA,Acuenta,Despensa General,770.0,1944.0740740740741,-60.39,0
Salsa Alfredo (4 Porciones) Sobre 41 GR Gourmet...,GOURMET,Acuenta,Despensa General,770.0,1944.0740740740741,-60.39,0
Salsa Carne (5 Porciones) Sobre 33 g Maggi...,MAGGI,Acuenta,Despensa General,790.0,1944.0740740740741,-59.36,0
Salsa Blanca (5 Porciones) Sobre 36 GR Gourmet...,GOURMET,Acuenta,Despensa General,590.0,1944.0740740740741,-69.65,0
Salsa Blanca (5 Porciones) Sobre 36 g Maggi...,MAGGI,Acuenta,Despensa General,790.0,1944.0740740740741,-59.36,0
Salsa Blanca (5 Porciones) Sobre 36 g Lider...,LIDER,Acuenta,Despensa General,690.0,1944.0740740740741,-64.51,0
Salsa Champiñones (5 Porciones) Sobre 45 g Magg...,GENÉRICA,Acuenta,Despensa General,790.0,1944.0740740740741,-59.36,0
Mariscos Agua Lata Drenado 213 g - Neto 425 g L...,NETO,Acuenta,Despensa General,3690.0,1944.0740740740741,89.81,0
Surtido de Mariscos Agua Lata Drenado 100 g - N...,GENÉRICA,Acuenta,Despensa General,1990.0,1944.0740740740741,2.36,0
Endulzante Líquido Sucralosa Botella 400 ml Lid...,GENÉRICA,Acuenta,Despensa General,2550.0,1944.0740740740741,31.17,0
Endulzante Líquido Stevia Botella 180 ml Daily...,GENÉRICA,Acuenta,Despensa General,2250.0,1944.0740740740741,15.74,0
Endulzante Líquido Sucralosa Botella 250 ml Ian...,GENÉRICA,Acuenta,Despensa General,3290.0,1944.0740740740741,69.23,0
Endulzante Líquido Stevia Botella 180 ml Natura...,GENÉRICA,Acuenta,Despensa General,2950.0,1944.0740740740741,51.74,0
Endulzante Líquido Stevia Sucralosa Botella 350...,GENÉRICA,Acuenta,Despensa General,3150.0,1944.0740740740741,62.03,0
Endulzante Líquido Stevia Botella 270 ml Lider...,LIDER,Acuenta,Despensa General,2750.0,1944.0740740740741,41.46,0
Endulzante Líquido Sucralosa Botella 270 ml Lid...,GENÉRICA,Acuenta,Despensa General,2950.0,1944.0740740740741,51.74,0
Endulzante Líquido Stevia Botella 270 ml Natura...,GENÉRICA,Acuenta,Despensa General,2390.0,1944.0740740740741,22.94,0
Endulzante Líquido Sacarina Botella 270 ml Dail...,GENÉRICA,Acuenta,Despensa General,1390.0,1944.0740740740741,-28.5,0
Salsa de Tomate Natural Doypack 800 g Pomarola...,GENÉRICA,Acuenta,Despensa General,2750.0,1944.0740740740741,41.46,0
Salsa de Tomate Italiana Doypack 200 g Malloa...,GENÉRICA,Acuenta,Despensa General,830.0,1944.0740740740741,-57.31,0
Mostaza Bolsa 900 g Don Juan,GENÉRICA,Acuenta,Despensa General,2090.0,1944.0740740740741,7.51,0
Sucedáneo De Jugo De Limón 1 L Lider,LIDER,Acuenta,Despensa General,1750.0,1944.0740740740741,-9.98,0
Sucedáneo de Limón Botella 500 ml Lider,LIDER,Acuenta,Despensa General,850.0,1944.0740740740741,-56.28,0
Sucedáneo de Limón Botella 500 cc Traverso...,TRAVERSO,Acuenta,Despensa General,990.0,1944.0740740740741,-49.08,0
Sucedáneo de Limón Bidon 5 L Lider,LIDER,Acuenta,Despensa General,6890.0,1944.0740740740741,254.41,0
Sucedáneo Con 60% de jugo de limón Botella 320 ...,GENÉRICA,Acuenta,Despensa General,1650.0,1944.0740740740741,-15.13,0
Sucedáneo de Limón Pica Botella 500 ml Lider...,LIDER,Acuenta,Despensa General,1290.0,1944.0740740740741,-33.64,0
Lasaña Tradicional Caja 400 g Carozzi,CAROZZI,Acuenta,Despensa General,2450.0,1944.0740740740741,26.02,0
Lasaña Precocida Caja 360 g Lucchetti,LUCCHETTI,Acuenta,Despensa General,1490.0,1944.0740740740741,-23.36,0
Lasaña Precocida Caja 200 g Lider,LIDER,Acuenta,Despensa General,850.0,1944.0740740740741,-56.28,0
Ramen Noodles Sabor a Pollo Maruchan Sobre 85 g...,GENÉRICA,Acuenta,Despensa General,690.0,1944.0740740740741,-64.51,0
Salsa Cobertura Mágica Chocolate 215 g Ambrosol...,GENÉRICA,Acuenta,Despensa General,2390.0,1944.0740740740741,22.94,0
Salsa Chocolate Botella 280 g Gourmet,GOURMET,Acuenta,Despensa General,1990.0,1944.0740740740741,2.36,0
Salsa de Frambuesa Botella 280 g Gourmet,GOURMET,Acuenta,Despensa General,1990.0,1944.0740740740741,2.36,0
Salsa de Caramelo Botella 300 g Gourmet,GOURMET,Acuenta,Despensa General,1990.0,1944.0740740740741,2.36,0
Gelatina Naranja 50 g Caricia,GENÉRICA,Acuenta,Despensa General,850.0,1944.0740740740741,-56.28,0
Gelatina Piña 100 g Ambrosoli,GENÉRICA,Acuenta,Despensa General,770.0,1944.0740740740741,-60.39,0
Gelatina Sabor Frambuesa Caja 100 g Lider...,LIDER,Acuenta,Despensa General,740.0,1944.0740740740741,-61.94,0
Gelatina Sabor Cereza Caja 100 g Lider,LIDER,Acuenta,Despensa General,740.0,1944.0740740740741,-61.94,0
Gelatina Frambuesa 50 g Caricia,GENÉRICA,Acuenta,Despensa General,850.0,1944.0740740740741,-56.28,0
Gelatina Sabor Frutilla Caja 100 g Lider,LIDER,Acuenta,Despensa General,740.0,1944.0740740740741,-61.94,0
Gelatina Frutilla 50 g Caricia,GENÉRICA,Acuenta,Despensa General,850.0,1944.0740740740741,-56.28,0
Gelatina Naranja 100 g Ambrosoli,GENÉRICA,Acuenta,Despensa General,910.0,1944.0740740740741,-53.19,0
Gelatina Sin Sabor En Polvo 30 g Lider,LIDER,Acuenta,Despensa General,930.0,1944.0740740740741,-52.16,0
Gelatina Piña 50 g Caricia,GENÉRICA,Acuenta,Despensa General,850.0,1944.0740740740741,-56.28,0
Gelatina Guinda 50 g Caricia,GENÉRICA,Acuenta,Despensa General,850.0,1944.0740740740741,-56.28,0
Premezcla Tortalista Queque Vainilla Caja 450 g...,GENÉRICA,Acuenta,Despensa General,2290.0,1944.0740740740741,17.79,0
Premezcla para bizcocho Vainilla Bolsa 500 g Go...,GENÉRICA,Acuenta,Despensa General,2750.0,1944.0740740740741,41.46,0
Premezcla para brownie Chocolate Bolsa 300 g Go...,GENÉRICA,Acuenta,Despensa General,2690.0,1944.0740740740741,38.37,0
Galletas Chips de chocolate Bolsa 450 g Gourmet...,GOURMET,Acuenta,Despensa General,3890.0,1944.0740740740741,100.1,0
Mezcla Panqueque Bolsa 300 grs Gourmet,GOURMET,Acuenta,Despensa General,2050.0,1944.0740740740741,5.45,0
Premezcla Tortalista Panqueques Caja 300 g Sele...,GENÉRICA,Acuenta,Despensa General,2790.0,1944.0740740740741,43.51,0
Crema Chantilly Sobre 60 g Gourmet,GOURMET,Acuenta,Despensa General,890.0,1944.0740740740741,-54.22,0
Crema Pastelera 78 g Gourmet,GOURMET,Acuenta,Despensa General,840.0,1944.0740740740741,-56.79,0
Cacao Dulce en polvo Bolsa 200 g Gourmet,GOURMET,Acuenta,Despensa General,1590.0,1944.0740740740741,-18.21,0
Paquete Chocolate amargo Cobertura pasteleria R...,GENÉRICA,Acuenta,Despensa General,7790.0,1944.0740740740741,300.7,0
Cobertura Chips Chocolate Paquete 200 g Gourmet...,GOURMET,Acuenta,Despensa General,3890.0,1944.0740740740741,100.1,0
Cacao Natural En Polvo Amargo 150 g Lider...,LIDER,Acuenta,Despensa General,1990.0,1944.0740740740741,2.36,0
Cous Cous Doypack 250 g Lider,LIDER,Acuenta,Despensa General,1690.0,1944.0740740740741,-13.07,0
Quinoa Mediterránea Bolsa 400 g Lider,LIDER,Acuenta,Despensa General,3150.0,1944.0740740740741,62.03,0
Quinoa Doypack 250 g Lider,LIDER,Acuenta,Despensa General,2250.0,1944.0740740740741,15.74,0
Quinoa Bolsa 400 g Lider,LIDER,Acuenta,Despensa General,3090.0,1944.0740740740741,58.94,0
Compota Durazno y Manzana 90 g Lider,LIDER,Acuenta,Despensa General,420.0,1944.0740740740741,-78.4,0
Pouch Compota Pura Fruta Pera 90 g Livean...,GENÉRICA,Acuenta,Despensa General,530.0,1944.0740740740741,-72.74,0
Pouch Compota Pura Fruta Manzana 90 g Livean...,GENÉRICA,Acuenta,Despensa General,530.0,1944.0740740740741,-72.74,0
Compota Pera y Manzana 90 g Lider,LIDER,Acuenta,Despensa General,450.0,1944.0740740740741,-76.85,0
Compota 100% Manzana 90 g Lider,LIDER,Acuenta,Despensa General,450.0,1944.0740740740741,-76.85,0
Pack Colación Duraznos En Cubos 4 Un 1 Un Lider...,LIDER,Acuenta,Despensa General,2450.0,1944.0740740740741,26.02,0
Vinagre de Vino Blanco Botella 500 ml Lider...,LIDER,Acuenta,Despensa General,940.0,1944.0740740740741,-51.65,0
Vinagre de Manzana Botella 500 cc Traverso...,TRAVERSO,Acuenta,Despensa General,1650.0,1944.0740740740741,-15.13,0
Vinagre De Manzana 500 ml Lider,LIDER,Acuenta,Despensa General,1550.0,1944.0740740740741,-20.27,0
Vinagre de Vino Blanco Botella 1 L Lider,LIDER,Acuenta,Despensa General,1650.0,1944.0740740740741,-15.13,0
Vinagre de Vino Rosado Botella 1 L Lider,LIDER,Acuenta,Despensa General,1650.0,1944.0740740740741,-15.13,0
Vinagre de Alcohol Blanco Botella 500 ml Lider...,LIDER,Acuenta,Despensa General,990.0,1944.0740740740741,-49.08,0
Vinagre de Manzana Botella 1 L Lider,LIDER,Acuenta,Despensa General,3390.0,1944.0740740740741,74.38,0
Vinagre de Vino Blanco Botella 500 ml Traverso...,TRAVERSO,Acuenta,Despensa General,1090.0,1944.0740740740741,-43.93,0
Vinagre de Vino Rosado Botella 500 ml Lider...,LIDER,Acuenta,Despensa General,940.0,1944.0740740740741,-51.65,0
Vinagre de Vino Rosado Botella 500 cc Traverso...,TRAVERSO,Acuenta,Despensa General,1090.0,1944.0740740740741,-43.93,0
Vinagre de Vino Rosado Bidón 5 L Lider,LIDER,Acuenta,Despensa General,4690.0,1944.0740740740741,141.25,0
Aceto Balsámico Botella 250 ml Traverso,TRAVERSO,Acuenta,Despensa General,1650.0,1944.0740740740741,-15.13,0
Aceto Balsámico Botella 500 ml Imperatore...,ACE,Acuenta,Despensa General,2890.0,1944.0740740740741,48.66,0
Sopa para Uno Consomé de Pollo Sobre 12 g Maggi...,MAGGI,Acuenta,Despensa General,490.0,1944.0740740740741,-74.8,0
Sopa para Uno Sabor Espárragos Sobre 14 g Maggi...,MAGGI,Acuenta,Despensa General,420.0,1944.0740740740741,-78.4,0
Sopa para Uno Sabor Carne con Crutones Sobre 12...,GENÉRICA,Acuenta,Despensa General,490.0,1944.0740740740741,-74.8,0
Sopa de Caracolitos con Verduras (5 Porciones) ...,GENÉRICA,Acuenta,Despensa General,450.0,1944.0740740740741,-76.85,0
Sopa para Uno Sabor Pollo Merkén Sobre 16 g Mag...,GENÉRICA,Acuenta,Despensa General,490.0,1944.0740740740741,-74.8,0
Crema Sabor Pollo (5 Porciones) Sobre 72 g Lide...,GENÉRICA,Acuenta,Despensa General,450.0,1944.0740740740741,-76.85,0
Crema de Choclo (5 Porciones) Sobre 79 g Lider...,LIDER,Acuenta,Despensa General,450.0,1944.0740740740741,-76.85,0
Crema de Espárragos (5 Porciones) Sobre 68 g Li...,GENÉRICA,Acuenta,Despensa General,450.0,1944.0740740740741,-76.85,0
Crema Individual de Zapallo Sobre 20 g Gourmet...,GOURMET,Acuenta,Despensa General,440.0,1944.0740740740741,-77.37,0
Caldo en Polvo de Verduras (5 Sobres) Bolsa 35 ...,GENÉRICA,Acuenta,Despensa General,660.0,1944.0740740740741,-66.05,0
Caldo Sabor Gallina (8 Tabletas) Caja 80 g Lide...,GENÉRICA,Acuenta,Despensa General,950.0,1944.0740740740741,-51.13,0
Caldo Sabor Costilla (8 Tabletas) Caja 88 g Lid...,GENÉRICA,Acuenta,Despensa General,950.0,1944.0740740740741,-51.13,0
Caldo de Verduras (12 Tabletas) Caja 120 g Magg...,GENÉRICA,Acuenta,Despensa General,1450.0,1944.0740740740741,-25.41,0
Caldo Sabor Carne (8 Tabletas) Caja 80 g Lider...,LIDER,Acuenta,Despensa General,950.0,1944.0740740740741,-51.13,0
Caldo Sabor Costilla (12 Tabletas) Caja 120 g M...,GENÉRICA,Acuenta,Despensa General,1450.0,1944.0740740740741,-25.41,0
Base Jugoso al Horno a las Finas Hierbas (5 Por...,GENÉRICA,Acuenta,Despensa General,790.0,1944.0740740740741,-59.36,0
Base para Cazuela (5 Porciones) Sobre 70 g Magg...,GENÉRICA,Acuenta,Despensa General,810.0,1944.0740740740741,-58.33,0
Base para Pollo Crispy (6 Porciones) Sobre 80 g...,GENÉRICA,Acuenta,Despensa General,930.0,1944.0740740740741,-52.16,0
Base para Carne a la Mexicana (5 Porciones) Sob...,GENÉRICA,Acuenta,Despensa General,660.0,1944.0740740740741,-66.05,0
Base para Carne a la Cacerola (6 Porciones) Sob...,ACE,Acuenta,Despensa General,570.0,1944.0740740740741,-70.68,0
Base para Pescado Frito (5 Porciones) Sobre 85 ...,GENÉRICA,Acuenta,Despensa General,810.0,1944.0740740740741,-58.33,0
Base para Carne Mongoliana (5 Porciones) Sobre ...,GENÉRICA,Acuenta,Despensa General,930.0,1944.0740740740741,-52.16,0
Puré de Papas Instantáneo 93 g Maggi,MAGGI,Acuenta,Despensa General,1550.0,1944.0740740740741,-20.27,0
Puré de Papas Instantáneo Caja 250 g Hoffmann...,GENÉRICA,Acuenta,Despensa General,1950.0,1944.0740740740741,0.3,0
Puré de Papas Instantáneo con leche 250 g Lider...,LIDER,Acuenta,Despensa General,1790.0,1944.0740740740741,-7.93,0
Salsa De Ajo Tradicional Botella 165 ml Lider...,LIDER,Acuenta,Despensa General,1350.0,1944.0740740740741,-30.56,0
Salsa Inglesa Frasco 165 cc Gourmet,GOURMET,Acuenta,Despensa General,3290.0,1944.0740740740741,69.23,0
Sal Fina Seleccionada Frasco 500 g Lider,LIDER,Acuenta,Despensa General,1190.0,1944.0740740740741,-38.79,0
Sal de Mesa Frasco 125 g Lobos,LOBOS,Acuenta,Despensa General,570.0,1944.0740740740741,-70.68,0
Sal De Mar 100% Natural 800 g Lider,LIDER,Acuenta,Despensa General,1650.0,1944.0740740740741,-15.13,0
Sal Fina Seleccionada 1 kg Lider,LIDER,Acuenta,Despensa General,450.0,1944.0740740740741,-76.85,0
Sal Cocina Bolsa 1 Kg Lobos,LOBOS,Acuenta,Despensa General,530.0,1944.0740740740741,-72.74,0
Sal Fina Doypack 1 Kg Lobos,LOBOS,Acuenta,Despensa General,910.0,1944.0740740740741,-53.19,0
Sal Parrillera 750 g Lider,LIDER,Acuenta,Despensa General,1390.0,1944.0740740740741,-28.5,0
Clavo De Olor Entero Aderezos 5 g Lider,LIDER,Acuenta,Despensa General,450.0,1944.0740740740741,-76.85,0
Comino Molido Aderezos 100 g Lider,LIDER,Acuenta,Despensa General,1850.0,1944.0740740740741,-4.84,0
Sésamo Tostado. 30 g Lider,LIDER,Acuenta,Despensa General,540.0,1944.0740740740741,-72.22,0
Laurel Seleccionado Bolsa 5 g Lider,LIDER,Acuenta,Despensa General,520.0,1944.0740740740741,-73.25,0
Ajo En Polvo 15 g Lider,LIDER,Acuenta,Despensa General,200.0,1944.0740740740741,-89.71,0
Canela Entera Bolsa 15 g Lider,LIDER,Acuenta,Despensa General,920.0,1944.0740740740741,-52.68,0
Bicarbonato de Sodio 30 g Lider,LIDER,Acuenta,Despensa General,150.0,1944.0740740740741,-92.28,0
Ají De Color En Polvo 15 g Lider,LIDER,Acuenta,Despensa General,260.0,1944.0740740740741,-86.63,0
Cebolla en Polvo Bolsa 15 g Lider,LIDER,Acuenta,Despensa General,410.0,1944.0740740740741,-78.91,0
Aliño Completo en Polvo Bolsa 15 g Lider,LIDER,Acuenta,Despensa General,240.0,1944.0740740740741,-87.65,0
Cúrcuma Molida Bolsa 15 g Lider,LIDER,Acuenta,Despensa General,640.0,1944.0740740740741,-67.08,0
Albahaca Deshidratada 6 g Lider,LIDER,Acuenta,Despensa General,310.0,1944.0740740740741,-84.05,0
Ají De Color En Polvo Bolsa 100 g Lider,LIDER,Acuenta,Despensa General,990.0,1944.0740740740741,-49.08,0
Comino Entero Bolsa 15 g Lider,LIDER,Acuenta,Despensa General,370.0,1944.0740740740741,-80.97,0
Pimienta Negra Molida Bolsa 15 g Lider,LIDER,Acuenta,Despensa General,490.0,1944.0740740740741,-74.8,0
Nuez Moscada Entera Aderezos 4 g Lider,LIDER,Acuenta,Despensa General,570.0,1944.0740740740741,-70.68,0
Canela Molida 15 g Lider,LIDER,Acuenta,Despensa General,490.0,1944.0740740740741,-74.8,0
Orégano Entero Deshidratado Bolsa 20 g Lider...,LIDER,Acuenta,Despensa General,390.0,1944.0740740740741,-79.94,0
Bicarbonato de Sodio 100 g Lider,LIDER,Acuenta,Despensa General,550.0,1944.0740740740741,-71.71,0
Aliño Completo En Polvo 100 g Lider,LIDER,Acuenta,Despensa General,1450.0,1944.0740740740741,-25.41,0
Choritos Agua Lata Drenado 213 g - Neto 425 g L...,NETO,Acuenta,Despensa General,3390.0,1944.0740740740741,74.38,0
Choritos Agua Lata Drenado 100 g - Neto 190 g L...,NETO,Acuenta,Despensa General,1550.0,1944.0740740740741,-20.27,0
Jurel Lomo Ahumado Lata Drenado 104 g - Neto 16...,NETO,Acuenta,Despensa General,1290.0,1944.0740740740741,-33.64,0
Jurel Natural Lata Drenado 300 g - Neto 425 g L...,NETO,Acuenta,Despensa General,1850.0,1944.0740740740741,-4.84,0
Salsa de Tomate Tuco con Carne Lata 245g Maggi...,MAGGI,Acuenta,Despensa General,1250.0,1944.0740740740741,-35.7,0
Salsa de Tomate Tuco con Pollo Lata 245 g Maggi...,MAGGI,Acuenta,Despensa General,1250.0,1944.0740740740741,-35.7,0
Salsa de Tomate Preparada Al Pesto Doypack 200 ...,GENÉRICA,Acuenta,Despensa General,750.0,1944.0740740740741,-61.42,0
Flan Sabor Vainilla 90 g Lider,LIDER,Acuenta,Despensa General,960.0,1944.0740740740741,-50.62,0
Flan Vainilla Con Caramelo 110 g Caricia,GENÉRICA,Acuenta,Despensa General,930.0,1944.0740740740741,-52.16,0
Flan Chocolate Con Caramelo 110 g Caricia...,GENÉRICA,Acuenta,Despensa General,930.0,1944.0740740740741,-52.16,0
Flan Chocolate Con Caramelo 90 g Vivo,VIVO,Acuenta,Despensa General,990.0,1944.0740740740741,-49.08,0
Flan Vainilla Con Caramelo 80 g Vivo,VIVO,Acuenta,Despensa General,990.0,1944.0740740740741,-49.08,0
Flan Sabor Manjar 90 g Lider,LIDER,Acuenta,Despensa General,960.0,1944.0740740740741,-50.62,0
Postre Suny 100 g Ambrosoli,GENÉRICA,Acuenta,Despensa General,1190.0,1944.0740740740741,-38.79,0
Garbanzos sin Piel Bolsa 1 Kg Banquete,BANQUETE,Acuenta,Despensa General,3000.0,1944.0740740740741,54.32,0
Garbanzos sin Piel Bolsa 1 Kg Lider,LIDER,Acuenta,Despensa General,3490.0,1944.0740740740741,79.52,0
Poroto Negro Bolsa 1 Kg Lider,LIDER,Acuenta,Despensa General,2290.0,1944.0740740740741,17.79,0
Poroto Blanco Bolsa 1 Kg Banquete,BANQUETE,Acuenta,Despensa General,2990.0,1944.0740740740741,53.8,0
Poroto Tórtola Bolsa 1 Kg Lider,LIDER,Acuenta,Despensa General,3450.0,1944.0740740740741,77.46,0
Poroto Hallado Bolsa 1 Kg Oregon,GENÉRICA,Acuenta,Despensa General,3690.0,1944.0740740740741,89.81,0
Poroto Negro Bolsa 1 Kg Acuenta,ACUENTA,Acuenta,Despensa General,1990.0,1944.0740740740741,2.36,0
Poroto Hallado Bolsa 1 Kg Lider,LIDER,Acuenta,Despensa General,2990.0,1944.0740740740741,53.8,0
Poroto Tórtola Bolsa 1 Kg Banquete,BANQUETE,Acuenta,Despensa General,3450.0,1944.0740740740741,77.46,0
Poroto Negro Bolsa 1 Kg Banquete,BANQUETE,Acuenta,Despensa General,2350.0,1944.0740740740741,20.88,0
Arvejas Verdes Partidas Bolsa 1 Kg Lider,LIDER,Acuenta,Despensa General,2000.0,1944.0740740740741,2.88,0
Arvejas Verdes Bolsa 1 Kg Acuenta,ACUENTA,Acuenta,Despensa General,1890.0,1944.0740740740741,-2.78,0
Cacao Amargo en polvo Bolsa 150 g Gourmet...,GOURMET,Acuenta,Despensa General,3890.0,1944.0740740740741,100.1,0
Decoración Choco Crunch 80 g Gourmet,GOURMET,Acuenta,Despensa General,1990.0,1944.0740740740741,2.36,0
Glaseado Vainilla Bolsa 170 g Gourmet,GOURMET,Acuenta,Despensa General,1390.0,1944.0740740740741,-28.5,0
Colorante para alimentos Colores intensos Caja ...,GENÉRICA,Acuenta,Despensa General,2990.0,1944.0740740740741,53.8,0
Esencia Vainilla Frasco 100 cc Gourmet,GOURMET,Acuenta,Despensa General,910.0,1944.0740740740741,-53.19,0
Polvo de Hornear Sobre 100 g Imperial,GENÉRICA,Acuenta,Despensa General,900.0,1944.0740740740741,-53.71,0
Levadura Seca 125 g Lefersa,GENÉRICA,Acuenta,Despensa General,2250.0,1944.0740740740741,15.74,0
Polvos para Hornear Sobre 100 g Royal,GENÉRICA,Acuenta,Despensa General,1050.0,1944.0740740740741,-45.99,0
Levadura Seca 250 g Collico,GENÉRICA,Acuenta,Despensa General,3990.0,1944.0740740740741,105.24,0
Esencia Vainilla Frasco 500 ml Gourmet,GOURMET,Acuenta,Despensa General,2750.0,1944.0740740740741,41.46,0
Polvo Hornear Sobre 500 g Delia,GENÉRICA,Acuenta,Despensa General,2990.0,1944.0740740740741,53.8,0
Levadura Fermipan 500 g Fermipan,GENÉRICA,Acuenta,Despensa General,6290.0,1944.0740740740741,223.55,0
Polvo De Hornear Tarro 200 g Imperial,GENÉRICA,Acuenta,Despensa General,2550.0,1944.0740740740741,31.17,0
Levadura Seca 10 g Lefersa,GENÉRICA,Acuenta,Despensa General,250.0,1944.0740740740741,-87.14,0
Levadura Seca 125 g Collico,GENÉRICA,Acuenta,Despensa General,2090.0,1944.0740740740741,7.51,0
Levadura Instantánea 500 g Collico,GENÉRICA,Acuenta,Despensa General,5490.0,1944.0740740740741,182.4,0
Cous cous Doypack 250 g Carozzi,CAROZZI,Acuenta,Despensa General,1890.0,1944.0740740740741,-2.78,0
Vinagre de Vino Blanco Botella 1 L Traverso...,TRAVERSO,Acuenta,Despensa General,2050.0,1944.0740740740741,5.45,0
Noodles Sabor Pollo 69 g Nissin,GENÉRICA,Acuenta,Despensa General,1450.0,1944.0740740740741,-25.41,0
Pimienta Negra Entera 15 g Lider,LIDER,Acuenta,Despensa General,530.0,1944.0740740740741,-72.74,0
Sémola Con Caramelo 150 g Vivo,VIVO,Acuenta,Despensa General,1050.0,1944.0740740740741,-45.99,0
Mostaza DoyPack 250 g Lider,LIDER,Acuenta,Despensa General,990.0,1944.0740740740741,-49.08,0
Lasaña Precocida Caja 330 g Carozzi,CAROZZI,Acuenta,Despensa General,1650.0,1944.0740740740741,-15.13,0
Arvejas Verdes Partidas Bolsa 1 Kg Iansa Agro...,IANSA,Acuenta,Despensa General,2550.0,1944.0740740740741,31.17,0
Salsa de Tomate Italiana Pack 6 Un Bolsa 1200 g...,GENÉRICA,Acuenta,Despensa General,2890.0,1944.0740740740741,48.66,0
Salsa Pesto a la Crema (4 Porciones) Sobre 30 g...,GENÉRICA,Acuenta,Despensa General,770.0,1944.0740740740741,-60.39,0
Salsa Alfredo (4 Porciones) Sobre 41 g Lider...,LIDER,Acuenta,Despensa General,690.0,1944.0740740740741,-64.51,0
Salsa Carne (4 Porciones) Sobre 30 g Lider...,LIDER,Acuenta,Despensa General,680.0,1944.0740740740741,-65.02,0
Salsa Champiñones (4 Porciones) Sobre 30 g Lide...,GENÉRICA,Acuenta,Despensa General,690.0,1944.0740740740741,-64.51,0
Caldo en Polvo Sabor Costilla (5 Sobres) Bolsa ...,GENÉRICA,Acuenta,Despensa General,660.0,1944.0740740740741,-66.05,0
Caldo Sabor Carne (12 Tabletas) Caja 120 g Magg...,GENÉRICA,Acuenta,Despensa General,1450.0,1944.0740740740741,-25.41,0
Caldo en Polvo Sabor Carne (5 Sobres) Bolsa 35 ...,GENÉRICA,Acuenta,Despensa General,660.0,1944.0740740740741,-66.05,0
Caldo de Verduras (8 Tabletas) Caja 88 g Lider...,LIDER,Acuenta,Despensa General,950.0,1944.0740740740741,-51.13,0
Caldo en Polvo Sabor Gallina (5 Sobres) Bolsa 3...,GENÉRICA,Acuenta,Despensa General,660.0,1944.0740740740741,-66.05,0
Base para Pescado Frito (6 Porciones) Sobre 80 ...,GENÉRICA,Acuenta,Despensa General,930.0,1944.0740740740741,-52.16,0
Base para Chapsui (5 Porciones) Sobre 33 g Gour...,GENÉRICA,Acuenta,Despensa General,930.0,1944.0740740740741,-52.16,0
Base para Pollo Teriyaki (4 Porciones) Sobre 39...,GENÉRICA,Acuenta,Despensa General,810.0,1944.0740740740741,-58.33,0
Base Jugoso al Horno Mediterráneo (5 Porciones)...,GENÉRICA,Acuenta,Despensa General,790.0,1944.0740740740741,-59.36,0
Base para Hamburguesas (10 Porciones) Sobre 90 ...,GENÉRICA,Acuenta,Despensa General,810.0,1944.0740740740741,-58.33,0
Flan Vainilla 90 g Ambrosoli,GENÉRICA,Acuenta,Despensa General,1190.0,1944.0740740740741,-38.79,0
Flan Chocolate 90 g Ambrosoli,GENÉRICA,Acuenta,Despensa General,1190.0,1944.0740740740741,-38.79,0
Flan Sabor Chocolate 90 g Lider,LIDER,Acuenta,Despensa General,960.0,1944.0740740740741,-50.62,0
Trigo Mote Bolsa 1 Kg Lider,LIDER,Acuenta,Despensa General,2750.0,1944.0740740740741,41.46,0
Base para Ají de Gallina (5 Porciones) Sobre 41...,GENÉRICA,Acuenta,Despensa General,1050.0,1944.0740740740741,-45.99,0
Sal Gruesa De Cocina 1 kg Lider,LIDER,Acuenta,Despensa General,430.0,1944.0740740740741,-77.88,0
Jengibre Molido 15 g Lider,LIDER,Acuenta,Despensa General,320.0,1944.0740740740741,-83.54,0
Garbanzos sin Piel Bolsa 1 Kg Iansa Agro,IANSA,Acuenta,Despensa General,2850.0,1944.0740740740741,46.6,0
Postre Due Creme Brulée 70 g Ambrosoli,GENÉRICA,Acuenta,Despensa General,990.0,1944.0740740740741,-49.08,0
Poroto Hallado Bolsa 1 Kg Iansa Agro,IANSA,Acuenta,Despensa General,3390.0,1944.0740740740741,74.38,0
Poroto Negro Bolsa 1 Kg Iansa Agro,IANSA,Acuenta,Despensa General,2650.0,1944.0740740740741,36.31,0
Endulzante Líquido Alulosa Botella 270 ml Alusw...,GENÉRICA,Acuenta,Despensa General,3550.0,1944.0740740740741,82.61,0
Pan Yuca Natural Sin Sal 220 g La Criolla...,GENÉRICA,Acuenta,Despensa General,3290.0,1944.0740740740741,69.23,0
Salsa de Tomate Natural Doypack 200 g Pomarola...,GENÉRICA,Acuenta,Despensa General,770.0,1944.0740740740741,-60.39,0
Lasaña Precocida Bolsa 200 g Lucchetti,LUCCHETTI,Acuenta,Despensa General,990.0,1944.0740740740741,-49.08,0
Plato Listo Carbonada Casera Caja 380 g Wasil...,GENÉRICA,Acuenta,Despensa General,2290.0,1944.0740740740741,17.79,0
Salsa de Chocolate para Helados Pomo 200 g Gour...,OMO,Acuenta,Despensa General,3390.0,1944.0740740740741,74.38,2
Gelatina Sin Sabor Caja 30 g Gourmet,GOURMET,Acuenta,Despensa General,1250.0,1944.0740740740741,-35.7,0
Premezcla para cupcakes Vainilla Bolsa 300 g Go...,GENÉRICA,Acuenta,Despensa General,2950.0,1944.0740740740741,51.74,0
Premezcla para cupcakes Chocolate Bolsa 300 g G...,GENÉRICA,Acuenta,Despensa General,2850.0,1944.0740740740741,46.6,0
Queque Yoghurt 450 g Gourmet,GOURMET,Acuenta,Despensa General,2190.0,1944.0740740740741,12.65,0
Crema Pastelera Sobre 78 g Lider,LIDER,Acuenta,Despensa General,770.0,1944.0740740740741,-60.39,0
Crema Chantilly en polvo Sobre 60 g Lider...,LIDER,Acuenta,Despensa General,740.0,1944.0740740740741,-61.94,0
Merengue 180 g Gourmet,GOURMET,Acuenta,Despensa General,1850.0,1944.0740740740741,-4.84,0
Cobertura Sabor chocolate leche Paquete 500 g G...,GENÉRICA,Acuenta,Despensa General,6290.0,1944.0740740740741,223.55,0
Cobertura Chocolate amargo Caja 500 g Ambrosoli...,GENÉRICA,Acuenta,Despensa General,4590.0,1944.0740740740741,136.1,0
Cobertura Chocolate semi amargo Paquete 500 g G...,GENÉRICA,Acuenta,Despensa General,6290.0,1944.0740740740741,223.55,0
Chips Chocolate Blanco 200 gr Gourmet,GOURMET,Acuenta,Despensa General,5290.0,1944.0740740740741,172.11,0
Jalea Piña 100 g Lider,LIDER,Acuenta,Despensa General,460.0,1944.0740740740741,-76.34,0
Pack Colación Mix De Fruta 1 Un Lider,LIDER,Acuenta,Despensa General,2450.0,1944.0740740740741,26.02,0
Puré De Papas 187 g Maggi,MAGGI,Acuenta,Despensa General,2690.0,1944.0740740740741,38.37,0
Sal Fina Frasco 500 g Lobos,LOBOS,Acuenta,Despensa General,1350.0,1944.0740740740741,-30.56,0
Curry En Polvo Aderezos 15 g Lider,LIDER,Acuenta,Despensa General,370.0,1944.0740740740741,-80.97,0
Pimentón Paprika 100 g Lider,LIDER,Acuenta,Despensa General,1390.0,1944.0740740740741,-28.5,0
Romero Deshidratado 10 g Lider,LIDER,Acuenta,Despensa General,440.0,1944.0740740740741,-77.37,0
Salsa de Tomate Casera Doypack 200 g Pomarola...,GENÉRICA,Acuenta,Despensa General,850.0,1944.0740740740741,-56.28,0
Salsa Lista Caracoquesos Doypack 200 g Carozzi...,CAROZZI,Acuenta,Despensa General,1790.0,1944.0740740740741,-7.93,0
Puré de Tomates Caja 1030 g Pontevedra,GENÉRICA,Acuenta,Despensa General,2250.0,1944.0740740740741,15.74,0
Postre Crema Chocolate Nuss 100 g Ambrosoli...,GENÉRICA,Acuenta,Despensa General,1090.0,1944.0740740740741,-43.93,0
Postre Crema Manjar Coco 100 g Ambrosoli,GENÉRICA,Acuenta,Despensa General,1090.0,1944.0740740740741,-43.93,0
Poroto Tórtola Bolsa 1 Kg Iansa Agro,IANSA,Acuenta,Despensa General,3890.0,1944.0740740740741,100.1,0
Poroto Blanco Bolsa 1 Kg Oregon,GENÉRICA,Acuenta,Despensa General,3190.0,1944.0740740740741,64.09,0
Poroto Rojo Bolsa 1 Kg Lider,LIDER,Acuenta,Despensa General,3690.0,1944.0740740740741,89.81,0
Poroto Blanco Bolsa 1 Kg Iansa Agro,IANSA,Acuenta,Despensa General,2950.0,1944.0740740740741,51.74,0
Arvejas Verdes Partidas Bolsa 1 Kg Banquete...,BANQUETE,Acuenta,Despensa General,1950.0,1944.0740740740741,0.3,0
Coco Rallado Blanco Bolsa 100 g Gourmet,GOURMET,Acuenta,Despensa General,1650.0,1944.0740740740741,-15.13,0
Cacao Granulado Bolsa 100 g Gourmet,GOURMET,Acuenta,Despensa General,1390.0,1944.0740740740741,-28.5,0
Esencia Canela 60 cc Gourmet,GOURMET,Acuenta,Despensa General,1250.0,1944.0740740740741,-35.7,0
Levadura Seca 250 g Lefersa,GENÉRICA,Acuenta,Despensa General,4190.0,1944.0740740740741,115.53,0
Esencia Vainilla 165 ml Gourmet,GOURMET,Acuenta,Despensa General,1450.0,1944.0740740740741,-25.41,0
Esencia de Vainilla 155 ml Edra,GENÉRICA,Acuenta,Despensa General,1450.0,1944.0740740740741,-25.41,0
Polvo para Hornear 30 g Gourmet,GOURMET,Acuenta,Despensa General,530.0,1944.0740740740741,-72.74,0
Esencia Naranja Frasco 60 ml Gourmet,GOURMET,Acuenta,Despensa General,2590.0,1944.0740740740741,33.23,0
Esencia Limon Frasco 60 cc Gourmet,GOURMET,Acuenta,Despensa General,1250.0,1944.0740740740741,-35.7,0
Eneldo Deshidratado 8 g Lider,LIDER,Acuenta,Despensa General,550.0,1944.0740740740741,-71.71,0
Mostaza Doypack. 250 g Hellmann's,GENÉRICA,Acuenta,Despensa General,1390.0,1944.0740740740741,-28.5,0
Cóctel de Frutas Tarro Drenado 460 g - Neto 820...,NETO,Acuenta,Despensa General,3990.0,1944.0740740740741,105.24,0
Mostaza Doypack 200 g Heinz,GENÉRICA,Acuenta,Despensa General,1750.0,1944.0740740740741,-9.98,0
Champiñones Enteros Lata 400 g Esmeralda,GENÉRICA,Acuenta,Despensa General,1650.0,1944.0740740740741,-15.13,0
Cerezas en Almíbar Lata Drenado 325 g - Neto 58...,NETO,Acuenta,Despensa General,2390.0,1944.0740740740741,22.94,0
Habas Drenado 230 g - Neto 380 g Wasil,NETO,Acuenta,Despensa General,2290.0,1944.0740740740741,17.79,0
Frutillas Enteras Drenado 168 g - Neto 500 g Wa...,NETO,Acuenta,Despensa General,1590.0,1944.0740740740741,-18.21,0
Papayas en Trocitos Caja Drenado 200 g - Neto 3...,NETO,Acuenta,Despensa General,2750.0,1944.0740740740741,41.46,0
Piñas en Rodajas Tarro 560 g Esmeralda,GENÉRICA,Acuenta,Despensa General,1590.0,1944.0740740740741,-18.21,0
Champiñones Laminados Drenado 230 g - Neto 400 ...,NETO,Acuenta,Despensa General,1650.0,1944.0740740740741,-15.13,0
Piña en Trozos Lata 560 g Esmeralda,GENÉRICA,Acuenta,Despensa General,1950.0,1944.0740740740741,0.3,0
Palmitos Rodajas 400 Neto -Denado 220 Esmeralda...,NETO,Acuenta,Despensa General,1990.0,1944.0740740740741,2.36,0
Garbanzos en Conserva Drenado 138 g - Neto 227 ...,NETO,Acuenta,Despensa General,630.0,1944.0740740740741,-67.59,0
Duraznos en Cubitos Caja Drenado 265 g - Neto 5...,NETO,Acuenta,Despensa General,1550.0,1944.0740740740741,-20.27,0
Palmitos enteros 400 Neto -Denado 220 Esmeralda...,NETO,Acuenta,Despensa General,2350.0,1944.0740740740741,20.88,0
Polenta Bolsa 250 g Oso,GENÉRICA,Acuenta,Despensa General,930.0,1944.0740740740741,-52.16,0
Duraznos en Cubitos tarro 590 g Acuenta,ACUENTA,Acuenta,Despensa General,1450.0,1944.0740740740741,-25.41,0
Choclo Caja Drenado 190 g - Neto 340 g Wasil...,NETO,Acuenta,Despensa General,1250.0,1944.0740740740741,-35.7,0
Duraznos en Mitades Tarro Drenado 480 g - Neto ...,NETO,Acuenta,Despensa General,2690.0,1944.0740740740741,38.37,0
Ramen Carne 85 g Nissin,GENÉRICA,Acuenta,Despensa General,490.0,1944.0740740740741,-74.8,0
Crema Individual de Espárragos Sobre 15 g Gourm...,GENÉRICA,Acuenta,Despensa General,440.0,1944.0740740740741,-77.37,0
Crema de Tomate Premium (2 Porciones) Sobre 53 ...,GENÉRICA,Acuenta,Despensa General,930.0,1944.0740740740741,-52.16,0
Crema de Espárragos Premium (2 Porciones) Sobre...,GENÉRICA,Acuenta,Despensa General,930.0,1944.0740740740741,-52.16,0
Crema de Alcachofas Premium (2 Porciones) Sobre...,GENÉRICA,Acuenta,Despensa General,930.0,1944.0740740740741,-52.16,0
Crema de Zapallo Premium (2 Porciones) Sobre 53...,GENÉRICA,Acuenta,Despensa General,930.0,1944.0740740740741,-52.16,0
Crema de Champiñones Premium (2 Porciones) Sobr...,GENÉRICA,Acuenta,Despensa General,930.0,1944.0740740740741,-52.16,0
Duraznos en Mitades Drenado 1800 g - Neto 3000 ...,NETO,Acuenta,Despensa General,9590.0,1944.0740740740741,393.29,0
Endulzante Líquido Stevia Botella 450 ml Natura...,GENÉRICA,Acuenta,Despensa General,3490.0,1944.0740740740741,79.52,0
Mix Nut Mix 2 350 g Marco Polo,GENÉRICA,Acuenta,Despensa General,3890.0,1944.0740740740741,100.1,0
Corazones de Alcachofa Enteros Lata Drenado 240...,GENÉRICA,Acuenta,Despensa General,2990.0,1944.0740740740741,53.8,0
Choclito de Cocktail Lata Drenado 230 g - Neto ...,NETO,Acuenta,Despensa General,2690.0,1944.0740740740741,38.37,0
Ají Pebre Bolsa 1000 g Acuenta,ACUENTA,Acuenta,Despensa General,1650.0,1944.0740740740741,-15.13,0
Sopa Individual Sabor Carne con Crutones Sobre ...,GENÉRICA,Acuenta,Despensa General,450.0,1944.0740740740741,-76.85,0
Piñas en rodajas Tarro Drenado 340 g - Neto 560...,NETO,Acuenta,Despensa General,2990.0,1944.0740740740741,53.8,0
Pantrucas 400 g Lucchetti,LUCCHETTI,Acuenta,Despensa General,970.0,1944.0740740740741,-50.1,0
Champiñones Enteros Drenado 114 g - Neto 184 g ...,NETO,Acuenta,Despensa General,900.0,1944.0740740740741,-53.71,0
Cóctel de Frutas Tarro Drenado 340 g - Neto 560...,NETO,Acuenta,Despensa General,2990.0,1944.0740740740741,53.8,0
Duraznos en Cubitos en Almíbar Tarro Drenado 18...,GENÉRICA,Acuenta,Despensa General,9590.0,1944.0740740740741,393.29,0
Ají Pebre Squeeze 240 g Acuenta,ACUENTA,Acuenta,Despensa General,850.0,1944.0740740740741,-56.28,0
Gelatina Naranja 22 g Vivo,VIVO,Acuenta,Despensa General,840.0,1944.0740740740741,-56.79,0
Champiñones Laminados Lata Drenado 114 g - Neto...,NETO,Acuenta,Despensa General,990.0,1944.0740740740741,-49.08,0
Piñas en trocitos Tarro Drenado 340 g - Neto 56...,NETO,Acuenta,Despensa General,2790.0,1944.0740740740741,43.51,0
Gelatina Piña 22 g Vivo,VIVO,Acuenta,Despensa General,840.0,1944.0740740740741,-56.79,0
Arvejas sin Colorantes Lata Drenado 252 g - Net...,GENÉRICA,Acuenta,Despensa General,760.0,1944.0740740740741,-60.91,0
Chuño Bolsa 250 g Oso,GENÉRICA,Acuenta,Despensa General,1250.0,1944.0740740740741,-35.7,0
Cóctel de Frutas Tarro Drenado 480 g - Neto 820...,NETO,Acuenta,Despensa General,3390.0,1944.0740740740741,74.38,0
Sémola Caramelo 150 g Ambrosoli,GENÉRICA,Acuenta,Despensa General,1250.0,1944.0740740740741,-35.7,0
Gelatina Berries 22 g Vivo,VIVO,Acuenta,Despensa General,660.0,1944.0740740740741,-66.05,0
Ketchup Regular Doypack 900 g Heinz,GENÉRICA,Acuenta,Despensa General,3990.0,1944.0740740740741,105.24,0
Garbanzos Drenado 230 g -Neto 390 g Lider...,LIDER,Acuenta,Despensa General,950.0,1944.0740740740741,-51.13,0
Ramen Pollo 85 g Nissin,GENÉRICA,Acuenta,Despensa General,490.0,1944.0740740740741,-74.8,0
Ají Pebre Squeeze 240 g JB,GENÉRICA,Acuenta,Despensa General,1350.0,1944.0740740740741,-30.56,0
Almidón de Maíz Maicena 100 g Lider,LIDER,Acuenta,Despensa General,1990.0,1944.0740740740741,2.36,0
Ají Chileno Squeeze 240 g JB,GENÉRICA,Acuenta,Despensa General,1490.0,1944.0740740740741,-23.36,0
Conserva De Cóctel De Frutas 820 g Lider,LIDER,Acuenta,Despensa General,2290.0,1944.0740740740741,17.79,0
Palmitos en Rodajas Tarro Drenado 220 g - Neto ...,NETO,Acuenta,Despensa General,2350.0,1944.0740740740741,20.88,0
Mostaza Squeeze 240 g Acuenta,ACUENTA,Acuenta,Despensa General,830.0,1944.0740740740741,-57.31,0
Salsa Barbecue Original Botella 280 g Gourmet...,GOURMET,Acuenta,Despensa General,2000.0,1944.0740740740741,2.88,0
Duraznos en Mitades Tarro Drenado 340 g - Neto ...,NETO,Acuenta,Despensa General,2150.0,1944.0740740740741,10.59,0
Mostaza Squeeze 240 g JB,GENÉRICA,Acuenta,Despensa General,1290.0,1944.0740740740741,-33.64,0
Salsa de Tomate Carne Doypack 200 g Lider...,LIDER,Acuenta,Despensa General,550.0,1944.0740740740741,-71.71,0
Duraznos en Mitades en Almíbar Lata Drenado 340...,GENÉRICA,Acuenta,Despensa General,1750.0,1944.0740740740741,-9.98,0
Duraznos en Mitades tarro 590 g Acuenta,ACUENTA,Acuenta,Despensa General,1450.0,1944.0740740740741,-25.41,0
Ají Crema Bolsa 900 g Don Juan,GENÉRICA,Acuenta,Despensa General,1790.0,1944.0740740740741,-7.93,0
Almidón de Maíz 250 g Lider,LIDER,Acuenta,Despensa General,2490.0,1944.0740740740741,28.08,0
Palmitos enteros Drenado 220 g - Neto 400 g Lid...,NETO,Acuenta,Despensa General,2450.0,1944.0740740740741,26.02,0
Ketchup Squeeze 240 g Acuenta,ACUENTA,Acuenta,Despensa General,760.0,1944.0740740740741,-60.91,0
Almidón de Maíz 500 gr Maizena,GENÉRICA,Acuenta,Despensa General,6290.0,1944.0740740740741,223.55,0
Sopa Sabor Pollo con Sémola (5 Porciones) Sobre...,GENÉRICA,Acuenta,Despensa General,590.0,1944.0740740740741,-69.65,0
Ketchup Regular Doypack 500 g Hellmann's,GENÉRICA,Acuenta,Despensa General,2290.0,1944.0740740740741,17.79,0
Sémola 500 g Lider,LIDER,Acuenta,Despensa General,1390.0,1944.0740740740741,-28.5,0
Ketchup Tradicional Doypack 1000 g Lider,LIDER,Acuenta,Despensa General,2590.0,1944.0740740740741,33.23,0
Frutillas en Almíbar Tarro Drenado 200 g - Neto...,NETO,Acuenta,Despensa General,2290.0,1944.0740740740741,17.79,0
Ketchup Squeeze 1000 g Lider,LIDER,Acuenta,Despensa General,3490.0,1944.0740740740741,79.52,0
Duraznos en Mitades Tarro Drenado 480 g- Neto 8...,NETO,Acuenta,Despensa General,2290.0,1944.0740740740741,17.79,0
Ketchup Tradicional Doypack 500 g Lider,LIDER,Acuenta,Despensa General,1890.0,1944.0740740740741,-2.78,0
Ketchup Regular Doypack 500 g JB,GENÉRICA,Acuenta,Despensa General,1750.0,1944.0740740740741,-9.98,0
Duraznos en Cubitos Drenado 340 g - Neto 590 g ...,NETO,Acuenta,Despensa General,1750.0,1944.0740740740741,-9.98,0
Almidón de Maíz 250 gr Maizena,GENÉRICA,Acuenta,Despensa General,2690.0,1944.0740740740741,38.37,0
Champiñones Enteros Drenado 230 g - Neto 400 g ...,NETO,Acuenta,Despensa General,1650.0,1944.0740740740741,-15.13,0
Sopa de Caracolitos (5 Porciones) Sobre 76 g Ma...,GENÉRICA,Acuenta,Despensa General,590.0,1944.0740740740741,-69.65,0
Sémola Bolsa 500 g Carozzi,CAROZZI,Acuenta,Despensa General,1390.0,1944.0740740740741,-28.5,0
Palmitos en trozo Drenado 220 g - Neto 220 g Ac...,NETO,Acuenta,Despensa General,1450.0,1944.0740740740741,-25.41,0
Ketchup Regular Doypack 850 g Kraft,KRAFT,Acuenta,Despensa General,2790.0,1944.0740740740741,43.51,0
Ketchup Regular Doypack 900 g JB,GENÉRICA,Acuenta,Despensa General,2250.0,1944.0740740740741,15.74,0
Vinagre de Vino Blanco Bidón 5 L Lider,LIDER,Acuenta,Despensa General,4690.0,1944.0740740740741,141.25,0
Caldo en Polvo de Verduras (6 Sobres) Bolsa 48 ...,GENÉRICA,Acuenta,Despensa General,740.0,1944.0740740740741,-61.94,0
Salsa de Tomate Natural Doypack 200 g Lucchetti...,LUCCHETTI,Acuenta,Despensa General,770.0,1944.0740740740741,-60.39,0
Caldo Sabor Carne (8 Tabletas) Caja 80 g Maggi...,MAGGI,Acuenta,Despensa General,1000.0,1944.0740740740741,-48.56,0
Poroto Español Bolsa 1 Kg Lider,LIDER,Acuenta,Despensa General,2990.0,1944.0740740740741,53.8,0
Crema de Mariscos (3 Porciones) Sobre 45 g Magg...,GENÉRICA,Acuenta,Despensa General,630.0,1944.0740740740741,-67.59,0
Crema de Tomate (5 Porciones) Sobre 68 g Gourme...,GENÉRICA,Acuenta,Despensa General,560.0,1944.0740740740741,-71.19,0
Caldo en Polvo Sabor Gallina (6 Sobres) Bolsa 4...,GENÉRICA,Acuenta,Despensa General,740.0,1944.0740740740741,-61.94,0
Salsa de Tomate Italiana Doypack 200 g Lucchett...,GENÉRICA,Acuenta,Despensa General,770.0,1944.0740740740741,-60.39,0
Duraznos en Mitades Caja Drenado 235 g - Neto 5...,NETO,Acuenta,Despensa General,1650.0,1944.0740740740741,-15.13,0
Sopa Individual de Verduras con Crutones Sobre ...,GENÉRICA,Acuenta,Despensa General,450.0,1944.0740740740741,-76.85,0
Crema de Espárragos (5 Porciones) Sobre 68 g Go...,GENÉRICA,Acuenta,Despensa General,560.0,1944.0740740740741,-71.19,0
Caldo en Polvo Sabor Tocino Ajo y Cebolla (6 So...,GENÉRICA,Acuenta,Despensa General,740.0,1944.0740740740741,-61.94,0
Rindecarne (4 Porciones) Sobre 55 g Maggi...,MAGGI,Acuenta,Despensa General,890.0,1944.0740740740741,-54.22,0
Palmitos en Rodajas Lata Drenado 220 g - Neto 4...,NETO,Acuenta,Despensa General,1490.0,1944.0740740740741,-23.36,0
Premezcla Cocina Fácil Brownies Bolsa 400 g Mon...,GENÉRICA,Acuenta,Despensa General,2150.0,1944.0740740740741,10.59,0
Salsa de Tomates Pack 200 g San Remo,GENÉRICA,Acuenta,Despensa General,2000.0,1944.0740740740741,2.88,0
Sopa Sabor Carne con Corbatitas (5 Porciones) S...,GENÉRICA,Acuenta,Despensa General,560.0,1944.0740740740741,-71.19,0
Crema de Zapallo (3 Porciones) Sobre 45 g Maggi...,MAGGI,Acuenta,Despensa General,630.0,1944.0740740740741,-67.59,0
Sopa Individual Consomé de Pollo Sobre 15 g Gou...,GENÉRICA,Acuenta,Despensa General,450.0,1944.0740740740741,-76.85,0
Sal de Mesa Bolsa 1 Kg Lobos,LOBOS,Acuenta,Despensa General,420.0,1944.0740740740741,-78.4,0
Sopa de Caracolitos (5 Porciones) Sobre 74 g Go...,GENÉRICA,Acuenta,Despensa General,560.0,1944.0740740740741,-71.19,0
Ketchup Regular Bolsa 1000 g Acuenta,ACUENTA,Acuenta,Despensa General,2290.0,1944.0740740740741,17.79,0
Choritos Natural Lata Drenado 100 g - Neto 190 ...,NETO,Acuenta,Despensa General,1690.0,1944.0740740740741,-13.07,0
Salsa de Tomate Toscana al Pesto Doypack 200 g ...,GENÉRICA,Acuenta,Despensa General,940.0,1944.0740740740741,-51.65,0
Crema Sabor Pollo (5 Porciones) Sobre 72 g Magg...,GENÉRICA,Acuenta,Despensa General,630.0,1944.0740740740741,-67.59,0
Salsa de Soya Botella 500 cc Gourmet,GOURMET,Acuenta,Despensa General,2550.0,1944.0740740740741,31.17,0
Crema de Choclo (5 Porciones) Sobre 79 g Maggi...,MAGGI,Acuenta,Despensa General,630.0,1944.0740740740741,-67.59,0
Salsa de Tomate Toscana Arrabbiata Doypack 200 ...,GENÉRICA,Acuenta,Despensa General,940.0,1944.0740740740741,-51.65,0
Consomé Sabor Pollo (5 porciones) Sobre 50 g Ma...,GENÉRICA,Acuenta,Despensa General,590.0,1944.0740740740741,-69.65,0
Stevia Sucralosa Recarga 200 ml Iansa Cero K...,IANSA,Acuenta,Despensa General,2350.0,1944.0740740740741,20.88,0
Salsa de Tomate Italiana Doypack 200 g Pomarola...,GENÉRICA,Acuenta,Despensa General,770.0,1944.0740740740741,-60.39,0
Crema de Espárragos (5 Porciones) Sobre 68 g Ma...,GENÉRICA,Acuenta,Despensa General,630.0,1944.0740740740741,-67.59,0
Jurel Lomo Natural Lata Drenado 104 g - Neto 16...,NETO,Acuenta,Despensa General,1450.0,1944.0740740740741,-25.41,0
Caldo en Polvo Sabor Costilla (6 Sobres) Bolsa ...,GENÉRICA,Acuenta,Despensa General,740.0,1944.0740740740741,-61.94,0
Garbanzos Listos Para Servir Caja Drenado 230 g...,GENÉRICA,Acuenta,Despensa General,1390.0,1944.0740740740741,-28.5,0
Caldo de Verduras (8 Tabletas) Caja 80 g Maggi...,MAGGI,Acuenta,Despensa General,1000.0,1944.0740740740741,-48.56,0
Caldo en Polvo Sabor Carne (6 Sobres) Bolsa 48 ...,GENÉRICA,Acuenta,Despensa General,740.0,1944.0740740740741,-61.94,0
Caldo Sabor Costilla (8 Tabletas) Caja 80 g Mag...,GENÉRICA,Acuenta,Despensa General,1000.0,1944.0740740740741,-48.56,0
Salsa de Soya 1 L Acuenta,ACUENTA,Acuenta,Despensa General,2350.0,1944.0740740740741,20.88,0
Duraznos en Cubitos Caja Drenado 200 g - Neto 3...,NETO,Acuenta,Despensa General,1250.0,1944.0740740740741,-35.7,0
Sal Fina De Mesa 1 kg Acuenta,ACUENTA,Acuenta,Despensa General,390.0,1944.0740740740741,-79.94,0
Duraznos en Cubitos Tarro Drenado 340 g - Neto ...,NETO,Acuenta,Despensa General,2150.0,1944.0740740740741,10.59,0
Caldo en Polvo Sabor Pollo (6 Sobres) Bolsa 48 ...,GENÉRICA,Acuenta,Despensa General,740.0,1944.0740740740741,-61.94,0
Endulzante Líquido Alulosa Botella 250 ml Iansa...,IANSA,Acuenta,Despensa General,2990.0,1944.0740740740741,53.8,0
Compota Mifrut Manzana 90 g Vivo,VIVO,Acuenta,Despensa General,490.0,1944.0740740740741,-74.8,0
Caldo Sabor Gallina (8 Tabletas) Caja 88 g Magg...,GENÉRICA,Acuenta,Despensa General,1000.0,1944.0740740740741,-48.56,0
Caldo Sabor Gallina (12 Tabletas) Caja 132 g Ma...,GENÉRICA,Acuenta,Despensa General,1450.0,1944.0740740740741,-25.41,0
Endulzante Líquido Stevia Botella 270 ml Daily...,GENÉRICA,Acuenta,Despensa General,2650.0,1944.0740740740741,36.31,0
Compota Mifrut Pera 90 g Vivo,VIVO,Acuenta,Despensa General,490.0,1944.0740740740741,-74.8,0
Salsa de Tomate Natural Doypack 200 g Lider...,LIDER,Acuenta,Despensa General,550.0,1944.0740740740741,-71.71,0
Orégano Entero Deshidratado 50 g Lider,LIDER,Acuenta,Despensa General,890.0,1944.0740740740741,-54.22,0
Salsa de Tomate Italiana Doypack 200 g Lider...,LIDER,Acuenta,Despensa General,550.0,1944.0740740740741,-71.71,0
Salsa de Tomate Preparada Bolognesa Doypack 200...,GENÉRICA,Acuenta,Despensa General,750.0,1944.0740740740741,-61.42,0
Ketchup Regular Doypack 450 g Kraft,KRAFT,Acuenta,Despensa General,1790.0,1944.0740740740741,-7.93,0
Gelatina Frambuesa 100 g Ambrosoli,GENÉRICA,Acuenta,Despensa General,770.0,1944.0740740740741,-60.39,0
Ají Crema Squeeze 240 g Acuenta,ACUENTA,Acuenta,Despensa General,850.0,1944.0740740740741,-56.28,0
Ají Crema Bolsa 1000 g Acuenta,ACUENTA,Acuenta,Despensa General,1650.0,1944.0740740740741,-15.13,0
Mostaza Doypack 500 g Lider,LIDER,Acuenta,Despensa General,1450.0,1944.0740740740741,-25.41,0
Mostaza Doypack 470 g Hellmann's,GENÉRICA,Acuenta,Despensa General,1550.0,1944.0740740740741,-20.27,0
Puré de Papas Instantáneo con Leche 1 Kg Lider...,LIDER,Acuenta,Despensa General,6490.0,1944.0740740740741,233.84,0
Endulzante Líquido Stevia Sucralosa Botella 250...,GENÉRICA,Acuenta,Despensa General,2650.0,1944.0740740740741,36.31,0
Jurel Natural Lata Drenado 300 g - Neto 425 g S...,NETO,Acuenta,Despensa General,1850.0,1944.0740740740741,-4.84,0
Salsa de Tomate Oliva Doypack 200 g Carozzi...,CAROZZI,Acuenta,Despensa General,940.0,1944.0740740740741,-51.65,0
Premezcla Tortalista Sopaipilla Caja 350 g Sele...,GENÉRICA,Acuenta,Despensa General,2290.0,1944.0740740740741,17.79,0
Ketchup Regular Doypack 900 g Hellmann's,GENÉRICA,Acuenta,Despensa General,2350.0,1944.0740740740741,20.88,0
Ketchup Regular Doypack 250 g Hellmann's,GENÉRICA,Acuenta,Despensa General,1000.0,1944.0740740740741,-48.56,0
Caballa En Agua 425 g Acuenta,ACUENTA,Acuenta,Despensa General,1000.0,1944.0740740740741,-48.56,0
Salsa de Tomate Natural Doypack 200 g Acuenta...,ACUENTA,Acuenta,Despensa General,270.0,1944.0740740740741,-86.11,0
Salsa de Tomate Toscana Bolognesa Doypack 200 g...,GENÉRICA,Acuenta,Despensa General,940.0,1944.0740740740741,-51.65,0
Jurel Natural Unico,GENÉRICA,Acuenta,Despensa General,1750.0,1944.0740740740741,-9.98,0
Salsa de Tomate Italiana Pack 6 Un Bolsa 200 g ...,GENÉRICA,Acuenta,Despensa General,3790.0,1944.0740740740741,94.95,0
Bebida de soya loncoleche natural 1 l,Loncoleche,Unimarc,"Lácteos, Huevos y Refrigerados",2890.0,9088.284482758621,-68.2,0
Yoghurt pucará casero con mermelada de mora 230 g,Pucara,Unimarc,"Lácteos, Huevos y Refrigerados",1790.0,9088.284482758621,-80.3,2
Huevo de campo ecoterra gallina libre 18 un,Ecoterra,Unimarc,"Lácteos, Huevos y Refrigerados",11190.0,9088.284482758621,23.13,2
Leche cultivada soprole sabor chirimoya cajita 3 un de 170ml,Soprole,Unimarc,"Lácteos, Huevos y Refrigerados",1850.0,9088.284482758621,-79.64,0
Leche semidescremada sin lactosa loncoleche 200 ml,Loncoleche,Unimarc,"Lácteos, Huevos y Refrigerados",570.0,9088.284482758621,-93.73,0
Pack crema de leche nestlé 6 un de 200 ml,Nestle,Unimarc,"Lácteos, Huevos y Refrigerados",8890.0,9088.284482758621,-2.18,0
"Pack leche semidescremada sin lactosa surlat, 6 un de 1 l",Surlat,Unimarc,"Lácteos, Huevos y Refrigerados",8700.0,9088.284482758621,-4.27,0
Mantequilla calo con sal pan 125 g,Calo,Unimarc,"Lácteos, Huevos y Refrigerados",1890.0,9088.284482758621,-79.2,0
Leche semidescremada natural soprole 6 un de 200 ml,Soprole,Unimarc,"Lácteos, Huevos y Refrigerados",3350.0,9088.284482758621,-63.14,0
Pack minishot probíotico calán frutilla 6 un de 90 ml,Calan,Unimarc,"Lácteos, Huevos y Refrigerados",2490.0,9088.284482758621,-72.6,0
Saborizante cola cao chocolate doypack 700 g,Cola Cao,Unimarc,"Lácteos, Huevos y Refrigerados",7290.0,9088.284482758621,-19.79,0
Crema vegana vilay alternative tetra 200 ml,Vilay,Unimarc,"Lácteos, Huevos y Refrigerados",1550.0,9088.284482758621,-82.95,0
Leche colun con avena chocolate 330 ml,Colun,Unimarc,"Lácteos, Huevos y Refrigerados",1190.0,9088.284482758621,-86.91,0
Yoghurt batido yoghito soprole vainilla tetra 115 g,Soprole,Unimarc,"Lácteos, Huevos y Refrigerados",460.0,9088.284482758621,-94.94,0
Crema para batir loncoleche larga vida 1 l,Loncoleche,Unimarc,"Lácteos, Huevos y Refrigerados",6390.0,9088.284482758621,-29.69,0
Flan nestlé vainilla pote 110 g,Nestle,Unimarc,"Lácteos, Huevos y Refrigerados",410.0,9088.284482758621,-95.49,0
Bebida de arroz vilay original 1 l,Vilay,Unimarc,"Lácteos, Huevos y Refrigerados",2450.0,9088.284482758621,-73.04,0
Saborizante para leche trencito doypack 350 g,Trencito,Unimarc,"Lácteos, Huevos y Refrigerados",3250.0,9088.284482758621,-64.24,2
Bebida láctea milo sin lactosa 200 ml,Milo,Unimarc,"Lácteos, Huevos y Refrigerados",680.0,9088.284482758621,-92.52,0
Crema ácida quillayes bajo en grasas 160 gr,Quillayes,Unimarc,"Lácteos, Huevos y Refrigerados",3350.0,9088.284482758621,-63.14,0
Bebida de almendra vilay vainilla 1 l,Vilay,Unimarc,"Lácteos, Huevos y Refrigerados",2450.0,9088.284482758621,-73.04,0
Yoghurt batido yogu yogu sabor frutilla botella 900 g,Yogu Yogu,Unimarc,"Lácteos, Huevos y Refrigerados",2490.0,9088.284482758621,-72.6,2
Yoghurt batido yoghito soprole frutilla tetra 115 g,Soprole,Unimarc,"Lácteos, Huevos y Refrigerados",460.0,9088.284482758621,-94.94,0
Puré de fruta orgánico ama pera kiwi espinaca 90 g,Ama,Unimarc,"Lácteos, Huevos y Refrigerados",1190.0,9088.284482758621,-86.91,2
Yoghurt soprole sin azúcar vainilla 155 g,Soprole,Unimarc,"Lácteos, Huevos y Refrigerados",680.0,9088.284482758621,-92.52,0
Mantequilla president con sal pan 200 g,President,Unimarc,"Lácteos, Huevos y Refrigerados",2990.0,9088.284482758621,-67.1,2
Yoghurt batido soprole vainilla 165 g,Soprole,Unimarc,"Lácteos, Huevos y Refrigerados",580.0,9088.284482758621,-93.62,0
Huevos grande omega 3 bandeja 6 un,Omega 3,Unimarc,"Lácteos, Huevos y Refrigerados",3090.0,9088.284482758621,-66.0,2
Leche sin lactosa colun light chocolate 330 ml,Colun,Unimarc,"Lácteos, Huevos y Refrigerados",1090.0,9088.284482758621,-88.01,0
Leche de cabra libre ecoterra 1 l,Ecoterra,Unimarc,"Lácteos, Huevos y Refrigerados",4990.0,9088.284482758621,-45.09,2
Bebida vegetal orasi barista soya 500 ml,Orasi,Unimarc,"Lácteos, Huevos y Refrigerados",2350.0,9088.284482758621,-74.14,2
Bebida vegetal vilay wilk té chai 330 ml,Vilay,Unimarc,"Lácteos, Huevos y Refrigerados",1390.0,9088.284482758621,-84.71,0
Leche semidescremada loncoleche sabor chocolate 200 ml,Loncoleche,Unimarc,"Lácteos, Huevos y Refrigerados",570.0,9088.284482758621,-93.73,0
Huevo color avicola san antonio bandeja 30 un,Avicola San Antonio,Unimarc,"Lácteos, Huevos y Refrigerados",10190.0,9088.284482758621,12.12,2
Probiótico calan minions frutilla 12 un de 108 ml,Calan,Unimarc,"Lácteos, Huevos y Refrigerados",5490.0,9088.284482758621,-39.59,0
Huevos grande color cintazul 12 un,Cintazul,Unimarc,"Lácteos, Huevos y Refrigerados",4350.0,9088.284482758621,-52.14,0
Yoghurt batido colun light sin lactosa vainilla 120 g,Colun,Unimarc,"Lácteos, Huevos y Refrigerados",390.0,9088.284482758621,-95.71,0
Yoghurt batifrut trozos damasco 165 gr,Soprole,Unimarc,"Lácteos, Huevos y Refrigerados",790.0,9088.284482758621,-91.31,0
Pack leche semidescremada loncoleche sabor chocolate 6 un de 200 ml,Loncoleche,Unimarc,"Lácteos, Huevos y Refrigerados",3390.0,9088.284482758621,-62.7,0
Huevo grande blanco san antonio 30un,Avicola San Antonio,Unimarc,"Lácteos, Huevos y Refrigerados",9190.0,9088.284482758621,1.12,2
Leche sin lactosa loncoleche break cappuccino 1 lt,Loncoleche,Unimarc,"Lácteos, Huevos y Refrigerados",2890.0,9088.284482758621,-68.2,0
Leche semidescremada soprole en simple con cacao 1 l,Soprole,Unimarc,"Lácteos, Huevos y Refrigerados",1850.0,9088.284482758621,-79.64,0
Flan nestlé caramelo pote 110 g,Nestle,Unimarc,"Lácteos, Huevos y Refrigerados",410.0,9088.284482758621,-95.49,0
Pack crema para batir de leche colun 6 un de 200 ml,Colun,Unimarc,"Lácteos, Huevos y Refrigerados",8290.0,9088.284482758621,-8.78,0
Leche loncoleche descremada extra calcio 800 g,Loncoleche,Unimarc,"Lácteos, Huevos y Refrigerados",9550.0,9088.284482758621,5.08,0
Yoghurt sin lactosa soprole trozos frutilla 155 g,Soprole,Unimarc,"Lácteos, Huevos y Refrigerados",720.0,9088.284482758621,-92.08,0
Yoghurt batido colun light sin lactosa chirimoya 120 g,Colun,Unimarc,"Lácteos, Huevos y Refrigerados",390.0,9088.284482758621,-95.71,0
Yoghurt soprole sin azúcar frutilla 155 g,Soprole,Unimarc,"Lácteos, Huevos y Refrigerados",680.0,9088.284482758621,-92.52,0
"Pack leche descremada sin lactosa colun, 12 un de 1 l",Colun,Unimarc,"Lácteos, Huevos y Refrigerados",16680.0,9088.284482758621,83.53,0
Leche cultivada soprole vainilla 1 l,Soprole,Unimarc,"Lácteos, Huevos y Refrigerados",2590.0,9088.284482758621,-71.5,0
Leche semidescremada soprole en simple con cacao 200 ml,Soprole,Unimarc,"Lácteos, Huevos y Refrigerados",620.0,9088.284482758621,-93.18,0
Gelatina dila frambuesa 250 g,Dila,Unimarc,"Lácteos, Huevos y Refrigerados",990.0,9088.284482758621,-89.11,2
Saborizante de leche nesquik sabor vainilla 380 g,Nesquik,Unimarc,"Lácteos, Huevos y Refrigerados",3890.0,9088.284482758621,-57.2,2
Leche descremada colun 200 ml,Colun,Unimarc,"Lácteos, Huevos y Refrigerados",620.0,9088.284482758621,-93.18,0
Huevos extra blanco yemita 12 un,Yemita,Unimarc,"Lácteos, Huevos y Refrigerados",4750.0,9088.284482758621,-47.73,2
Leche semidescremada soprole frutilla 6 un de 200 ml,Soprole,Unimarc,"Lácteos, Huevos y Refrigerados",3590.0,9088.284482758621,-60.5,0
Jalea slupea ambrosoli loop 100 g,Ambrosoli,Unimarc,"Lácteos, Huevos y Refrigerados",630.0,9088.284482758621,-93.07,0
Saborizante cocoa raff chocolate doypack 280 gr,Raff,Unimarc,"Lácteos, Huevos y Refrigerados",1990.0,9088.284482758621,-78.1,2
Compota vivo break avena yoghurt naranja y plátano 90 gr,Vivo,Unimarc,"Lácteos, Huevos y Refrigerados",870.0,9088.284482758621,-90.43,0
Leche semidescremada natural soprole 200 ml,Soprole,Unimarc,"Lácteos, Huevos y Refrigerados",560.0,9088.284482758621,-93.84,0
Huevo grande color la granja 12 un,La Granja,Unimarc,"Lácteos, Huevos y Refrigerados",5390.0,9088.284482758621,-40.69,2
Huevos cintazul gallina libre 12 un,Cintazul,Unimarc,"Lácteos, Huevos y Refrigerados",4990.0,9088.284482758621,-45.09,0
Pack leche milo nestlé fortificada chocolate 6 un de 200 ml,Milo,Unimarc,"Lácteos, Huevos y Refrigerados",3990.0,9088.284482758621,-56.1,0
Sémola con leche dila pote 250 g,Dila,Unimarc,"Lácteos, Huevos y Refrigerados",1490.0,9088.284482758621,-83.61,2
Crema chantilly soprole light botella 250 g,Soprole,Unimarc,"Lácteos, Huevos y Refrigerados",4990.0,9088.284482758621,-45.09,0
Huevos gallina libre santa elvira con omega 3 bandeja 12 un,Santa Elvira,Unimarc,"Lácteos, Huevos y Refrigerados",6490.0,9088.284482758621,-28.59,2
Arroz con leche dila pote 250 g,Dila,Unimarc,"Lácteos, Huevos y Refrigerados",1490.0,9088.284482758621,-83.61,2
Yoghurt casero pucara con mermelada de frambuesa frasco 230 g,Pucara,Unimarc,"Lácteos, Huevos y Refrigerados",1790.0,9088.284482758621,-80.3,2
Yoghurt batido danone light vainilla 115 g,Danone,Unimarc,"Lácteos, Huevos y Refrigerados",370.0,9088.284482758621,-95.93,2
"Pack leche semidescremada sin lactosa colun, 12 un de 1 l",Colun,Unimarc,"Lácteos, Huevos y Refrigerados",16680.0,9088.284482758621,83.53,0
Bebida de arroz vilay chocolate 1 l,Vilay,Unimarc,"Lácteos, Huevos y Refrigerados",2450.0,9088.284482758621,-73.04,0
Leche cultivada soprole sabor frutilla cajita 3 un de 170 ml,Soprole,Unimarc,"Lácteos, Huevos y Refrigerados",1850.0,9088.284482758621,-79.64,0
Jalea slupea ambrosoli flipy 100 g,Ambrosoli,Unimarc,"Lácteos, Huevos y Refrigerados",630.0,9088.284482758621,-93.07,0
Puré de frutas orgánico ama mango squeeze 90 g,Ama,Unimarc,"Lácteos, Huevos y Refrigerados",1190.0,9088.284482758621,-86.91,2
Leche cultivada soprole sin lactosa frutilla 1 l,Soprole,Unimarc,"Lácteos, Huevos y Refrigerados",2750.0,9088.284482758621,-69.74,0
"Pack leche descremada sin lactosa surlat, 6 un de 1 l",Surlat,Unimarc,"Lácteos, Huevos y Refrigerados",8700.0,9088.284482758621,-4.27,0
Postre chandelle nestlé sin lactosa manjar 120 g,Chandelle,Unimarc,"Lácteos, Huevos y Refrigerados",870.0,9088.284482758621,-90.43,0
Leche cultivada loncoleche protein chirimoya 900 ml,Loncoleche,Unimarc,"Lácteos, Huevos y Refrigerados",3250.0,9088.284482758621,-64.24,0
Margarina qualy sabor choclo pote 500 g,Qualy,Unimarc,"Lácteos, Huevos y Refrigerados",2790.0,9088.284482758621,-69.3,2
Puré de fruta orgánico ama manzana betarraga arándano 90 g,Ama,Unimarc,"Lácteos, Huevos y Refrigerados",1190.0,9088.284482758621,-86.91,2
Yoghurt batido soprole vainilla botella 1 l,Soprole,Unimarc,"Lácteos, Huevos y Refrigerados",2590.0,9088.284482758621,-71.5,0
Flan de vainilla dila pote 250 g,Dila,Unimarc,"Lácteos, Huevos y Refrigerados",1490.0,9088.284482758621,-83.61,2
Yoghurt colun light sin lactosa chirimoya 900g,Colun,Unimarc,"Lácteos, Huevos y Refrigerados",2290.0,9088.284482758621,-74.8,0
Jalea ambrosoli slupea naranja pouch 100 g,Ambrosoli,Unimarc,"Lácteos, Huevos y Refrigerados",630.0,9088.284482758621,-93.07,0
Yoghurt pucará casero natural 210 g,Pucara,Unimarc,"Lácteos, Huevos y Refrigerados",1790.0,9088.284482758621,-80.3,2
Leche cultivada soprole proteína chirimoya 1 l,Soprole,Unimarc,"Lácteos, Huevos y Refrigerados",3590.0,9088.284482758621,-60.5,0
Pack leche semidescremada sin lactosa loncoleche 6 un de 200 ml,Loncoleche,Unimarc,"Lácteos, Huevos y Refrigerados",3390.0,9088.284482758621,-62.7,0
Ensure advance vainilla 850 g,Ensure,Unimarc,"Lácteos, Huevos y Refrigerados",33890.0,9088.284482758621,272.9,1
Huevos fundo río alegre mediano blanco 30 un,Fundo Rio Alegre,Unimarc,"Lácteos, Huevos y Refrigerados",9350.0,9088.284482758621,2.88,2
Bebida de coco deyco lata 400 ml,Deyco,Unimarc,"Lácteos, Huevos y Refrigerados",2690.0,9088.284482758621,-70.4,2
Leche semidescremada loncoleche sabor plátano 200 ml,Loncoleche,Unimarc,"Lácteos, Huevos y Refrigerados",570.0,9088.284482758621,-93.73,0
Crema vegetal orasi cocina 200 g,Orasi,Unimarc,"Lácteos, Huevos y Refrigerados",1490.0,9088.284482758621,-83.61,2
Saborizante cola cao chocolate energy 250 g,Cola Cao,Unimarc,"Lácteos, Huevos y Refrigerados",2390.0,9088.284482758621,-73.7,0
Yoghurt batido danone light frutilla 115 g,Danone,Unimarc,"Lácteos, Huevos y Refrigerados",370.0,9088.284482758621,-95.93,2
Arroz con leche soprole sin lactosa 130 g,Soprole,Unimarc,"Lácteos, Huevos y Refrigerados",810.0,9088.284482758621,-91.09,0
Postre sémola soprole damasco 140 g,Soprole,Unimarc,"Lácteos, Huevos y Refrigerados",730.0,9088.284482758621,-91.97,0
Mantequilla loncoleche con aceite de canola pote 250 g,Loncoleche,Unimarc,"Lácteos, Huevos y Refrigerados",4290.0,9088.284482758621,-52.8,0
Yoghurt sin lactosa soprole chirimoya 120 g,Soprole,Unimarc,"Lácteos, Huevos y Refrigerados",380.0,9088.284482758621,-95.82,0
Leche soprole con avena y chocolate 6 un de 200 ml,Soprole,Unimarc,"Lácteos, Huevos y Refrigerados",3590.0,9088.284482758621,-60.5,0
Huevos diet omega 3 12 un,Omega 3,Unimarc,"Lácteos, Huevos y Refrigerados",4090.0,9088.284482758621,-55.0,2
Postre sémola soprole caramelo sin lactosa 140 g,Soprole,Unimarc,"Lácteos, Huevos y Refrigerados",800.0,9088.284482758621,-91.2,0
Leche break loncoleche sabor capuccino 250 ml,Loncoleche,Unimarc,"Lácteos, Huevos y Refrigerados",870.0,9088.284482758621,-90.43,0
Leche semidescremada moments danone cappuccino 1 l,Moments,Unimarc,"Lácteos, Huevos y Refrigerados",2890.0,9088.284482758621,-68.2,2
Saborizante nesquik chocolate doypack 180 g,Nesquik,Unimarc,"Lácteos, Huevos y Refrigerados",1990.0,9088.284482758621,-78.1,2
Huevos mediano color omega 3 bandeja 30 un,Omega 3,Unimarc,"Lácteos, Huevos y Refrigerados",10950.0,9088.284482758621,20.48,2
Puré de frutas orgánico ama manzana plátano y mango squeeze 90 g.,Ama,Unimarc,"Lácteos, Huevos y Refrigerados",1190.0,9088.284482758621,-86.91,2
Mantequilla sin lactosa quillayes 200 gr,Quillayes,Unimarc,"Lácteos, Huevos y Refrigerados",4190.0,9088.284482758621,-53.9,0
Huevos la herradura primera color 30 un,La Herradura,Unimarc,"Lácteos, Huevos y Refrigerados",10990.0,9088.284482758621,20.92,2
Postre oikos cheescake berries 132 g,Oikos,Unimarc,"Lácteos, Huevos y Refrigerados",1350.0,9088.284482758621,-85.15,0
Saborizante cola cao chocolate stevia 300 g,Cola Cao,Unimarc,"Lácteos, Huevos y Refrigerados",4890.0,9088.284482758621,-46.19,0
Compota nestlé pera pote 120 g,Nestle,Unimarc,"Lácteos, Huevos y Refrigerados",520.0,9088.284482758621,-94.28,0
Huevos grande color yemita 12 un,Yemita,Unimarc,"Lácteos, Huevos y Refrigerados",4750.0,9088.284482758621,-47.73,2
Mantequilla las parcelas de valdivia pote 200 g,Las Parcelas De Valdivia,Unimarc,"Lácteos, Huevos y Refrigerados",3750.0,9088.284482758621,-58.74,2
Pack leche semidescremada moments cappuccino 6 un de 200 ml,Moments,Unimarc,"Lácteos, Huevos y Refrigerados",4690.0,9088.284482758621,-48.4,2
Yoghurt danone light frutilla bolsa 900 g,Danone,Unimarc,"Lácteos, Huevos y Refrigerados",2090.0,9088.284482758621,-77.0,2
Yoghurt quillayes griego sin azúcar frutillas pote 800 gr,Quillayes,Unimarc,"Lácteos, Huevos y Refrigerados",4890.0,9088.284482758621,-46.19,0
Huevo grande blanco yemita 6 un,Yemita,Unimarc,"Lácteos, Huevos y Refrigerados",2450.0,9088.284482758621,-73.04,2
Yoghurt batido soprole vainilla sin azúcar bolsa 800 g,Soprole,Unimarc,"Lácteos, Huevos y Refrigerados",1790.0,9088.284482758621,-80.3,0
Postre chandelle nestlé sin lactosa chocolate 120 g,Chandelle,Unimarc,"Lácteos, Huevos y Refrigerados",870.0,9088.284482758621,-90.43,0
Yoghurt soprole sin azúcar trozo frutos del bosque 155 g,Soprole,Unimarc,"Lácteos, Huevos y Refrigerados",740.0,9088.284482758621,-91.86,0
Yoghurt con cereal soprole 1+1 sin lactosa chocokrispis 140 g,Soprole,Unimarc,"Lácteos, Huevos y Refrigerados",760.0,9088.284482758621,-91.64,0
Pack jalea regimel naranja 4 un de 100 g,Regimel,Unimarc,"Lácteos, Huevos y Refrigerados",1990.0,9088.284482758621,-78.1,0
Yoghurt batido soprole chirimoya 165 g,Soprole,Unimarc,"Lácteos, Huevos y Refrigerados",580.0,9088.284482758621,-93.62,0
Leche entera natural colun 200 ml,Colun,Unimarc,"Lácteos, Huevos y Refrigerados",620.0,9088.284482758621,-93.18,0
Fortificante para leche milo activ go 150 g,Milo,Unimarc,"Lácteos, Huevos y Refrigerados",2250.0,9088.284482758621,-75.24,0
Bebida vegetal notshake protein chocolate 16 g de proteína 250 ml,Not Milk,Unimarc,"Lácteos, Huevos y Refrigerados",1690.0,9088.284482758621,-81.4,2
Pack leche descremada colun 6 un de 200 ml,Colun,Unimarc,"Lácteos, Huevos y Refrigerados",3890.0,9088.284482758621,-57.2,0
Bebida de almendra vilay chocolate 1 l,Vilay,Unimarc,"Lácteos, Huevos y Refrigerados",2450.0,9088.284482758621,-73.04,0
Leche cultivada soprole chirimoya 1 l,Soprole,Unimarc,"Lácteos, Huevos y Refrigerados",2590.0,9088.284482758621,-71.5,0
Bebida vegetal notmilk chocolate 1 l,Not Milk,Unimarc,"Lácteos, Huevos y Refrigerados",2950.0,9088.284482758621,-67.54,2
Yoghurt batido sin lactosa soprole chirimoya bolsa 1 kg,Soprole,Unimarc,"Lácteos, Huevos y Refrigerados",2190.0,9088.284482758621,-75.9,0
Mantequilla clarificada ambar ghee 210 g,Ambar Ghee,Unimarc,"Lácteos, Huevos y Refrigerados",6790.0,9088.284482758621,-25.29,2
Crema para batir de leche fresca soprole bolsa 1 l,Soprole,Unimarc,"Lácteos, Huevos y Refrigerados",6450.0,9088.284482758621,-29.03,0
Yoghurt batido colun light sin lactosa frutilla 120 g,Colun,Unimarc,"Lácteos, Huevos y Refrigerados",390.0,9088.284482758621,-95.71,0
Leche cultivada soprole proteína sabor frutilla 3 un de 170 ml,Soprole,Unimarc,"Lácteos, Huevos y Refrigerados",2090.0,9088.284482758621,-77.0,0
Leche cultivada soprole sin lactosa chirimoya 1 l,Soprole,Unimarc,"Lácteos, Huevos y Refrigerados",2750.0,9088.284482758621,-69.74,0
Yoghurt sin lactosa soprole chocolate y almendras 155 g,Soprole,Unimarc,"Lácteos, Huevos y Refrigerados",720.0,9088.284482758621,-92.08,0
Leche moments cappuccino 200 ml,Moments,Unimarc,"Lácteos, Huevos y Refrigerados",790.0,9088.284482758621,-91.31,2
Yoghurt batido yogu yogu sabor mora botella 900 g,Yogu Yogu,Unimarc,"Lácteos, Huevos y Refrigerados",2490.0,9088.284482758621,-72.6,2
Bebida de almendra vilay original 1 l,Vilay,Unimarc,"Lácteos, Huevos y Refrigerados",2450.0,9088.284482758621,-73.04,0
Puré de frutas orgánico ama frambuesa squeeze 90 g,Ama,Unimarc,"Lácteos, Huevos y Refrigerados",1190.0,9088.284482758621,-86.91,2
Leche descremada light colun sabor chocolate 200 ml,Colun,Unimarc,"Lácteos, Huevos y Refrigerados",630.0,9088.284482758621,-93.07,0
Saborizante copacabana cocoa dulce caja 200 g,Copacabana,Unimarc,"Lácteos, Huevos y Refrigerados",1590.0,9088.284482758621,-82.5,2
Leche en polvo alcafood entera instantánea bolsa 800 g,Alcafood,Unimarc,"Lácteos, Huevos y Refrigerados",7490.0,9088.284482758621,-17.59,2
Leche descremada sin lactosa colun 200 ml,Colun,Unimarc,"Lácteos, Huevos y Refrigerados",640.0,9088.284482758621,-92.96,0
Huevos campo gallina libre ecoterra bandeja 30 un,Ecoterra,Unimarc,"Lácteos, Huevos y Refrigerados",13790.0,9088.284482758621,51.73,2
Crema chantilly soprole botella 250 g,Soprole,Unimarc,"Lácteos, Huevos y Refrigerados",4990.0,9088.284482758621,-45.09,0
Yoghurt loncoleche sin lactosa chirimoya bolsa 900 g,Loncoleche,Unimarc,"Lácteos, Huevos y Refrigerados",2350.0,9088.284482758621,-74.14,0
Huevo de codorniz don guillermo bandeja 24 un,Don Guillermo,Unimarc,"Lácteos, Huevos y Refrigerados",3090.0,9088.284482758621,-66.0,2
Crema de leche soprole natural larga vida 6 un de 200 ml,Soprole,Unimarc,"Lácteos, Huevos y Refrigerados",8290.0,9088.284482758621,-8.78,0
Crema de coco vilay 330 ml,Vilay,Unimarc,"Lácteos, Huevos y Refrigerados",2450.0,9088.284482758621,-73.04,0
Huevos fundo río alegre extra blanco 20 un,Fundo Rio Alegre,Unimarc,"Lácteos, Huevos y Refrigerados",7490.0,9088.284482758621,-17.59,2
Leche cultivada light colun sabor chirimoya 180 ml,Colun,Unimarc,"Lácteos, Huevos y Refrigerados",700.0,9088.284482758621,-92.3,0
Postre snack soprole protein sabor caramelo 130 g,Soprole,Unimarc,"Lácteos, Huevos y Refrigerados",800.0,9088.284482758621,-91.2,0
Yoghurt con cereal soprole 1+1 sin lactosa zucaritas 140 g,Soprole,Unimarc,"Lácteos, Huevos y Refrigerados",760.0,9088.284482758621,-91.64,0
Postre nestlé leche asada pote 120 g,Nestle,Unimarc,"Lácteos, Huevos y Refrigerados",720.0,9088.284482758621,-92.08,0
Huevo grande color la granja 6 un,La Granja,Unimarc,"Lácteos, Huevos y Refrigerados",3090.0,9088.284482758621,-66.0,2
Postre goodnes protein vainilla 115 gr,Nestle,Unimarc,"Lácteos, Huevos y Refrigerados",870.0,9088.284482758621,-90.43,0
Mantequilla soprole quilque receta de campo pan 250 g,Soprole,Unimarc,"Lácteos, Huevos y Refrigerados",3390.0,9088.284482758621,-62.7,0
Yoghurt+cereal nestlé chocapic con cuchara 142 g,Nestle,Unimarc,"Lácteos, Huevos y Refrigerados",740.0,9088.284482758621,-91.86,0
Pack leche descremada light colun sabor chocolate 6 un de 200 ml,Colun,Unimarc,"Lácteos, Huevos y Refrigerados",3750.0,9088.284482758621,-58.74,0
Mantequilla soprole con sal de mar 250 g,Soprole,Unimarc,"Lácteos, Huevos y Refrigerados",3850.0,9088.284482758621,-57.64,0
Pack leche semidescremada sin lactosa loncoleche sabor chocolate 6 un de 200 ml,Loncoleche,Unimarc,"Lácteos, Huevos y Refrigerados",3390.0,9088.284482758621,-62.7,0
Pack compotas vivo mifrut manzana y pera 5 un de 90 g,Vivo,Unimarc,"Lácteos, Huevos y Refrigerados",2890.0,9088.284482758621,-68.2,0
Postre gold creme caramel 120 g,Soprole,Unimarc,"Lácteos, Huevos y Refrigerados",790.0,9088.284482758621,-91.31,0
Margarina mix soprole 200gr,Soprole,Unimarc,"Lácteos, Huevos y Refrigerados",1790.0,9088.284482758621,-80.3,0
Bebida de soya orasí 1 l,Orasi,Unimarc,"Lácteos, Huevos y Refrigerados",3690.0,9088.284482758621,-59.4,2
Jalea nestlé guinda pote 110 g,Nestle,Unimarc,"Lácteos, Huevos y Refrigerados",390.0,9088.284482758621,-95.71,0
Leche soprole semidescremada con avena 6 un de 200 ml,Soprole,Unimarc,"Lácteos, Huevos y Refrigerados",3450.0,9088.284482758621,-62.04,0
Yoghurt soprole sin azúcar trozos papaya 155 g,Soprole,Unimarc,"Lácteos, Huevos y Refrigerados",740.0,9088.284482758621,-91.86,0
Yoghurt loncoleche sin lactosa frutilla bolsa 900 g,Loncoleche,Unimarc,"Lácteos, Huevos y Refrigerados",2350.0,9088.284482758621,-74.14,0
Compóta orgánica my way manzana durazno quínoa 90g,My Way,Unimarc,"Lácteos, Huevos y Refrigerados",990.0,9088.284482758621,-89.11,2
Bebida vegetal loncoleche avena chocolate 1 l,Loncoleche,Unimarc,"Lácteos, Huevos y Refrigerados",2890.0,9088.284482758621,-68.2,0
Compota nestlé manzana pote 120 g,Nestle,Unimarc,"Lácteos, Huevos y Refrigerados",520.0,9088.284482758621,-94.28,0
Leche semidescremada sin lactosa colun sabor chocolate con tapa 1 l,Colun,Unimarc,"Lácteos, Huevos y Refrigerados",2290.0,9088.284482758621,-74.8,0
Postre oikos pie de limón 132 g,Oikos,Unimarc,"Lácteos, Huevos y Refrigerados",1350.0,9088.284482758621,-85.15,0
Yoghurt batido sin lactosa soprole frutilla bolsa 1 kg,Soprole,Unimarc,"Lácteos, Huevos y Refrigerados",2190.0,9088.284482758621,-75.9,0
Jalea pouch ambrosoli piña squeeze 100 g,Ambrosoli,Unimarc,"Lácteos, Huevos y Refrigerados",630.0,9088.284482758621,-93.07,0
Yoghurt griego danone oikos colchón de fruta papaya 150 g,Oikos,Unimarc,"Lácteos, Huevos y Refrigerados",780.0,9088.284482758621,-91.42,0
Yoghurt soprole sin azúcar trozos frutilla 155 g,Soprole,Unimarc,"Lácteos, Huevos y Refrigerados",740.0,9088.284482758621,-91.86,0
Postre trencito nestlé mousse de chocolate 70 g,Trencito,Unimarc,"Lácteos, Huevos y Refrigerados",720.0,9088.284482758621,-92.08,2
Yoghurt soprole sin azúcar vainilla 120 g,Soprole,Unimarc,"Lácteos, Huevos y Refrigerados",380.0,9088.284482758621,-95.82,0
Yoghurt soprole sin azúcar trozos chía arándano 155 g,Soprole,Unimarc,"Lácteos, Huevos y Refrigerados",740.0,9088.284482758621,-91.86,0
Postre arroz con leche soprole 130 g,Soprole,Unimarc,"Lácteos, Huevos y Refrigerados",740.0,9088.284482758621,-91.86,0
Yoghurt danone light y free dulce y natural 115 g,Danone,Unimarc,"Lácteos, Huevos y Refrigerados",370.0,9088.284482758621,-95.93,2
Crema vegetal bravo crem azucarada con tapa 1 l,Master Martini,Unimarc,"Lácteos, Huevos y Refrigerados",5490.0,9088.284482758621,-39.59,2
Pack jalea regimel arándano pote 4 un de 100 g,Regimel,Unimarc,"Lácteos, Huevos y Refrigerados",1990.0,9088.284482758621,-78.1,0
Margarina sureña pote 250 g,Sureña,Unimarc,"Lácteos, Huevos y Refrigerados",1950.0,9088.284482758621,-78.54,2
Compota orgánica my way manzana zapallo italiano espinaca frutilla 90g,My Way,Unimarc,"Lácteos, Huevos y Refrigerados",990.0,9088.284482758621,-89.11,2
Leche cultivada next soprole chirimoya 1 l,Next,Unimarc,"Lácteos, Huevos y Refrigerados",2490.0,9088.284482758621,-72.6,2
Pack yoghurt batido los alerces surtido 12 un de 125 g,Los Alerces,Unimarc,"Lácteos, Huevos y Refrigerados",3150.0,9088.284482758621,-65.34,2
Leche nido buen dia softpack 300 g,Nido,Unimarc,"Lácteos, Huevos y Refrigerados",3550.0,9088.284482758621,-60.94,0
Bebida vegetal barista orasí almendra 1 l,Orasi,Unimarc,"Lácteos, Huevos y Refrigerados",3990.0,9088.284482758621,-56.1,2
Leche cultivada loncoleche protein berries 900 ml,Loncoleche,Unimarc,"Lácteos, Huevos y Refrigerados",3250.0,9088.284482758621,-64.24,0
Yoghurt batifrut trozos papaya 165 g,Soprole,Unimarc,"Lácteos, Huevos y Refrigerados",710.0,9088.284482758621,-92.19,0
Yoghurt batido soprole surtido 12 un de 120 g,Soprole,Unimarc,"Lácteos, Huevos y Refrigerados",3890.0,9088.284482758621,-57.2,0
Leche semidescremada soprole chocolate requetepatitas 200 ml,Soprole,Unimarc,"Lácteos, Huevos y Refrigerados",600.0,9088.284482758621,-93.4,0
Mantequilla untable soprole pote 320 gr,Soprole,Unimarc,"Lácteos, Huevos y Refrigerados",6190.0,9088.284482758621,-31.89,0
Bebida de arroz orasí 1 l,Orasi,Unimarc,"Lácteos, Huevos y Refrigerados",3690.0,9088.284482758621,-59.4,2
Pack leche entera natural colun 6 un de 200 ml,Colun,Unimarc,"Lácteos, Huevos y Refrigerados",3890.0,9088.284482758621,-57.2,0
Jalea soprole sin azúcar limón 4 un de 110 g,Soprole,Unimarc,"Lácteos, Huevos y Refrigerados",1590.0,9088.284482758621,-82.5,0
Yoghurt sin lactosa soprole vainilla 120 g,Soprole,Unimarc,"Lácteos, Huevos y Refrigerados",380.0,9088.284482758621,-95.82,0
Yoghurt griego danone oikos trozos papaya 110 g,Oikos,Unimarc,"Lácteos, Huevos y Refrigerados",650.0,9088.284482758621,-92.85,0
Mantequilla colun sin sal pan 250 g,Colun,Unimarc,"Lácteos, Huevos y Refrigerados",4090.0,9088.284482758621,-55.0,0
Crema chantilly quillayes spray 250 g,Quillayes,Unimarc,"Lácteos, Huevos y Refrigerados",4850.0,9088.284482758621,-46.63,0
Yoghurt batifrut trozos piña 165 g,Soprole,Unimarc,"Lácteos, Huevos y Refrigerados",710.0,9088.284482758621,-92.19,0
Huevos blanco grande cintazul 12 un,Cintazul,Unimarc,"Lácteos, Huevos y Refrigerados",4290.0,9088.284482758621,-52.8,0
Yoghurt batido soprole frutilla botella 1 l,Soprole,Unimarc,"Lácteos, Huevos y Refrigerados",2590.0,9088.284482758621,-71.5,0
Compota vivo break avena yoghurt berries y plátano 90 gr,Vivo,Unimarc,"Lácteos, Huevos y Refrigerados",870.0,9088.284482758621,-90.43,0
Manteca delicias soprole 1 kg,Soprole,Unimarc,"Lácteos, Huevos y Refrigerados",6790.0,9088.284482758621,-25.29,0
Yoghurt soprole sin azúcar frutilla 120 g,Soprole,Unimarc,"Lácteos, Huevos y Refrigerados",380.0,9088.284482758621,-95.82,0
Yoghurt batido soprole vainilla bolsa 1 kg,Soprole,Unimarc,"Lácteos, Huevos y Refrigerados",1990.0,9088.284482758621,-78.1,0
Yoghurt colun light vainilla bolsa 900 g,Colun,Unimarc,"Lácteos, Huevos y Refrigerados",1990.0,9088.284482758621,-78.1,0
Leche en polvo sin lactosa svelty 300gr,Svelty,Unimarc,"Lácteos, Huevos y Refrigerados",4390.0,9088.284482758621,-51.7,2
Leche cultivada soprole frutilla 1 l,Soprole,Unimarc,"Lácteos, Huevos y Refrigerados",2590.0,9088.284482758621,-71.5,0
Pack leche semidescremada loncoleche sabor plátano 6 un de 200 ml,Loncoleche,Unimarc,"Lácteos, Huevos y Refrigerados",3390.0,9088.284482758621,-62.7,0
Chocolate en polvo nestlé dulce tarro 400 g,Nestle,Unimarc,"Lácteos, Huevos y Refrigerados",7950.0,9088.284482758621,-12.52,0
Leche semidescremada soprole chocolate 6 un de 200 ml,Soprole,Unimarc,"Lácteos, Huevos y Refrigerados",3590.0,9088.284482758621,-60.5,0
Yoghurt batido soprole frutilla bolsa 1 kg,Soprole,Unimarc,"Lácteos, Huevos y Refrigerados",1990.0,9088.284482758621,-78.1,0
Huevos nuestra cocina color grande 6 un,Nuestra Cocina,Unimarc,"Lácteos, Huevos y Refrigerados",2490.0,9088.284482758621,-72.6,0
Leche chocolate fortificada milo 200 ml.,Milo,Unimarc,"Lácteos, Huevos y Refrigerados",680.0,9088.284482758621,-92.52,0
Margarina sureña pote 900 g,Sureña,Unimarc,"Lácteos, Huevos y Refrigerados",6150.0,9088.284482758621,-32.33,2
Leche en polvo loncoleche sin lactosa 800 g,Loncoleche,Unimarc,"Lácteos, Huevos y Refrigerados",11390.0,9088.284482758621,25.33,0
Leche cultivada next soprole frutilla 1 l,Next,Unimarc,"Lácteos, Huevos y Refrigerados",2490.0,9088.284482758621,-72.6,2
Postre snack soprole protein sabor chocolate 130 g,Soprole,Unimarc,"Lácteos, Huevos y Refrigerados",800.0,9088.284482758621,-91.2,0
Huevo yemita extra blanco 18 un,Yemita,Unimarc,"Lácteos, Huevos y Refrigerados",6890.0,9088.284482758621,-24.19,2
Leche cultivada soprole proteína frutilla 1 l,Soprole,Unimarc,"Lácteos, Huevos y Refrigerados",3590.0,9088.284482758621,-60.5,0
Huevos blanco grande cintazul 30 un,Cintazul,Unimarc,"Lácteos, Huevos y Refrigerados",10190.0,9088.284482758621,12.12,2
Saborizante para leche nesquik optistart frutilla bolsa 380 g,Nesquik,Unimarc,"Lácteos, Huevos y Refrigerados",3890.0,9088.284482758621,-57.2,2
Jalea nestlé piña pote 110 g,Nestle,Unimarc,"Lácteos, Huevos y Refrigerados",390.0,9088.284482758621,-95.71,0
Yoghurt soprole sin azúcar trozos frutos secos 155 g,Soprole,Unimarc,"Lácteos, Huevos y Refrigerados",740.0,9088.284482758621,-91.86,0
Pack jalea regimel frambuesa pote 4 un de 100 g,Regimel,Unimarc,"Lácteos, Huevos y Refrigerados",1990.0,9088.284482758621,-78.1,0
Compota watt's durazno con manzana pouch 90 g,Watts,Unimarc,"Lácteos, Huevos y Refrigerados",510.0,9088.284482758621,-94.39,0
Pack chiquitín nestlé 12 un de 45 g,Nestle,Unimarc,"Lácteos, Huevos y Refrigerados",4150.0,9088.284482758621,-54.34,0
Yoghurt batifrut trozos durazno 165 g,Soprole,Unimarc,"Lácteos, Huevos y Refrigerados",710.0,9088.284482758621,-92.19,0
Pack yogu yogu loncoleche chirimoya 6 un de 200 ml,Yogu Yogu,Unimarc,"Lácteos, Huevos y Refrigerados",3750.0,9088.284482758621,-58.74,2
Leche en polvo nido semidescremada bolsa 700 g,Nido,Unimarc,"Lácteos, Huevos y Refrigerados",9790.0,9088.284482758621,7.72,0
Yoghurt batido yoghito vainilla tetra mini 6 un de 75 g,Soprole,Unimarc,"Lácteos, Huevos y Refrigerados",2090.0,9088.284482758621,-77.0,0
Margarina soprole con toques de mantequilla pote 500 g,Soprole,Unimarc,"Lácteos, Huevos y Refrigerados",3150.0,9088.284482758621,-65.34,0
Yoghurt griego danone oikos trozos durazno 110 g,Oikos,Unimarc,"Lácteos, Huevos y Refrigerados",650.0,9088.284482758621,-92.85,0
Leche cultivada soprole proteína sabor chirimoya 3 un de 170 ml,Soprole,Unimarc,"Lácteos, Huevos y Refrigerados",2090.0,9088.284482758621,-77.0,0
Bebida vegetal orasi barista avena 500 ml,Orasi,Unimarc,"Lácteos, Huevos y Refrigerados",2350.0,9088.284482758621,-74.14,2
Margarina next soprole light 250 g,Next,Unimarc,"Lácteos, Huevos y Refrigerados",1590.0,9088.284482758621,-82.5,2
Leche en polvo calo entera instantánea bolsa 1.440 kg,Calo,Unimarc,"Lácteos, Huevos y Refrigerados",12990.0,9088.284482758621,42.93,0
Pack leche semidescremada colun sabor vainilla 6 un de 200 ml,Colun,Unimarc,"Lácteos, Huevos y Refrigerados",3750.0,9088.284482758621,-58.74,0
Yoghurt quillayes natural 0% pote 800 g,Quillayes,Unimarc,"Lácteos, Huevos y Refrigerados",4350.0,9088.284482758621,-52.14,0
Yogurt batido yogu yogu frutilla 6 un de 115 ml,Watts,Unimarc,"Lácteos, Huevos y Refrigerados",2590.0,9088.284482758621,-71.5,0
Postre gold pannacotta frambuesa 120 g,Soprole,Unimarc,"Lácteos, Huevos y Refrigerados",790.0,9088.284482758621,-91.31,0
Jalea soprole sin azúcar frambuesa 4 un de 110 g,Soprole,Unimarc,"Lácteos, Huevos y Refrigerados",1590.0,9088.284482758621,-82.5,0
Leche en polvo soprole semidescremada 700 g,Soprole,Unimarc,"Lácteos, Huevos y Refrigerados",6490.0,9088.284482758621,-28.59,0
Yoghurt+cereal mix nestlé milo con cuchara 142 g,Nestle,Unimarc,"Lácteos, Huevos y Refrigerados",740.0,9088.284482758621,-91.86,0
Yoghurt con cereal soprole 1+1 choco krispis 140 g,Soprole,Unimarc,"Lácteos, Huevos y Refrigerados",760.0,9088.284482758621,-91.64,0
Bebida de coco vilay sin azúcar 1 l,Vilay,Unimarc,"Lácteos, Huevos y Refrigerados",2450.0,9088.284482758621,-73.04,0
Yoghurt protein soprole con granola berries 150 g,Soprole,Unimarc,"Lácteos, Huevos y Refrigerados",920.0,9088.284482758621,-89.88,0
Postre sémola soprole frambuesa 140 g,Soprole,Unimarc,"Lácteos, Huevos y Refrigerados",730.0,9088.284482758621,-91.97,0
Yoghurt griego danone oikos nuts caramel crunch 142 g,Oikos,Unimarc,"Lácteos, Huevos y Refrigerados",1190.0,9088.284482758621,-86.91,0
Yoghurt griego danone oikos trozos frutilla 110 g,Oikos,Unimarc,"Lácteos, Huevos y Refrigerados",650.0,9088.284482758621,-92.85,0
Postre chandelle nestlé crema piña colada 120 g,Chandelle,Unimarc,"Lácteos, Huevos y Refrigerados",810.0,9088.284482758621,-91.09,0
Margarina soprole pote 500 g,Soprole,Unimarc,"Lácteos, Huevos y Refrigerados",2790.0,9088.284482758621,-69.3,0
Jalea nestlé frambuesa pote 110 g,Nestle,Unimarc,"Lácteos, Huevos y Refrigerados",390.0,9088.284482758621,-95.71,0
Pack leche semidescremada colun sabor frutilla 6 un de 200 ml,Colun,Unimarc,"Lácteos, Huevos y Refrigerados",3750.0,9088.284482758621,-58.74,0
Yoghurt soprole proteína frutos secos 150 g,Soprole,Unimarc,"Lácteos, Huevos y Refrigerados",920.0,9088.284482758621,-89.88,0
Leche cultivada soprole sabor chirimoya cajita 170 ml,Soprole,Unimarc,"Lácteos, Huevos y Refrigerados",620.0,9088.284482758621,-93.18,0
Postre leche asada postres de la abuela 120 g,Soprole,Unimarc,"Lácteos, Huevos y Refrigerados",710.0,9088.284482758621,-92.19,0
Postre del sur colun sabor manjar 110 g,Colun,Unimarc,"Lácteos, Huevos y Refrigerados",650.0,9088.284482758621,-92.85,0
Saborizante para leche milo activ-go 620 g,Milo,Unimarc,"Lácteos, Huevos y Refrigerados",6990.0,9088.284482758621,-23.09,0
Leche cultivada soprole sabor frutilla cajita 170 ml,Soprole,Unimarc,"Lácteos, Huevos y Refrigerados",620.0,9088.284482758621,-93.18,0
Leche en polvo colun entera instantánea bolsa 1.4 kg,Colun,Unimarc,"Lácteos, Huevos y Refrigerados",13590.0,9088.284482758621,49.53,0
Pack yoghurt danone surtido 12 un de 110 g,Calan,Unimarc,"Lácteos, Huevos y Refrigerados",3090.0,9088.284482758621,-66.0,0
Leche soprole semidescremada con avena y chocolate 200 ml,Soprole,Unimarc,"Lácteos, Huevos y Refrigerados",600.0,9088.284482758621,-93.4,0
Margarina soprole 250 g,Soprole,Unimarc,"Lácteos, Huevos y Refrigerados",1550.0,9088.284482758621,-82.95,0
Compota vivo mifrut durazno 90 g,Vivo,Unimarc,"Lácteos, Huevos y Refrigerados",560.0,9088.284482758621,-93.84,0
Probiótico soprole uno multifruta cajitas 6 un de 80 ml,Uno,Unimarc,"Lácteos, Huevos y Refrigerados",2250.0,9088.284482758621,-75.24,2
Yoghurt griego danone oikos colchón de fruta frutilla 150 g,Oikos,Unimarc,"Lácteos, Huevos y Refrigerados",780.0,9088.284482758621,-91.42,0
Huevos gallina libre nuestra cocina 12 un,Nuestra Cocina,Unimarc,"Lácteos, Huevos y Refrigerados",4650.0,9088.284482758621,-48.84,0
Yogurt batido danone chirimoya bolsa 1 kg,Calan,Unimarc,"Lácteos, Huevos y Refrigerados",1790.0,9088.284482758621,-80.3,0
Leche en polvo colun entera instantánea 400 g,Colun,Unimarc,"Lácteos, Huevos y Refrigerados",3850.0,9088.284482758621,-57.64,0
Margarina sureña mix pote 450 g,Sureña,Unimarc,"Lácteos, Huevos y Refrigerados",3790.0,9088.284482758621,-58.3,2
Huevos blanco nuestra cocina grande bandeja 6 un,Nuestra Cocina,Unimarc,"Lácteos, Huevos y Refrigerados",2190.0,9088.284482758621,-75.9,0
Yoghurt batido danone frutilla bolsa 1 kg,Calan,Unimarc,"Lácteos, Huevos y Refrigerados",1790.0,9088.284482758621,-80.3,0
Leche en polvo soprole entera instantánea 800 g,Soprole,Unimarc,"Lácteos, Huevos y Refrigerados",6990.0,9088.284482758621,-23.09,0
Yoghurt batido soprole zerolacto sin lactosa frutilla pote 120 g,Soprole,Unimarc,"Lácteos, Huevos y Refrigerados",380.0,9088.284482758621,-95.82,0
Yoghurt griego nestle natural sin endulzar 120 g,Nestle,Unimarc,"Lácteos, Huevos y Refrigerados",490.0,9088.284482758621,-94.61,0
Postre sémola soprole caramelo 140 g,Soprole,Unimarc,"Lácteos, Huevos y Refrigerados",730.0,9088.284482758621,-91.97,0
Postre chandelle nestlé crema irlandesa 120 g,Chandelle,Unimarc,"Lácteos, Huevos y Refrigerados",810.0,9088.284482758621,-91.09,0
Postre chandelle nestlé crema lúcuma 120 g,Chandelle,Unimarc,"Lácteos, Huevos y Refrigerados",810.0,9088.284482758621,-91.09,0
Pack bebida láctea chamyto nestlé frambuesa 12 un de 80 ml,Nestle,Unimarc,"Lácteos, Huevos y Refrigerados",4390.0,9088.284482758621,-51.7,0
Huevo color santa elvira grande bandeja 30 un,Santa Elvira,Unimarc,"Lácteos, Huevos y Refrigerados",10650.0,9088.284482758621,17.18,2
Pack yogu yogu loncoleche frutilla 6 un de 200 ml,Yogu Yogu,Unimarc,"Lácteos, Huevos y Refrigerados",3750.0,9088.284482758621,-58.74,2
Jalea pouch ambrosoli frambuesa squeeze 100 g,Ambrosoli,Unimarc,"Lácteos, Huevos y Refrigerados",630.0,9088.284482758621,-93.07,0
Manteca panadera rancherita 1 kg,Rancherita,Unimarc,"Lácteos, Huevos y Refrigerados",5390.0,9088.284482758621,-40.69,2
Probiótico soprole uno frutilla 18 un de 80 ml,Uno,Unimarc,"Lácteos, Huevos y Refrigerados",6490.0,9088.284482758621,-28.59,2
Leche sin lactosa light colun sabor café cappuccino 330 ml,Colun,Unimarc,"Lácteos, Huevos y Refrigerados",1090.0,9088.284482758621,-88.01,0
Leche en polvo loncoleche protein semidescremada bolsa 550 g,Loncoleche,Unimarc,"Lácteos, Huevos y Refrigerados",11490.0,9088.284482758621,26.43,0
Chiquitín nestlé frutilla 45 g,Nestle,Unimarc,"Lácteos, Huevos y Refrigerados",370.0,9088.284482758621,-95.93,0
Yoghurt danone light natural bolsa 900 g,Danone,Unimarc,"Lácteos, Huevos y Refrigerados",2090.0,9088.284482758621,-77.0,2
Manteca astra pan 200 g,Astra,Unimarc,"Lácteos, Huevos y Refrigerados",2350.0,9088.284482758621,-74.14,2
Batido proteina en línea chocolate 350 g,En Linea,Unimarc,"Lácteos, Huevos y Refrigerados",15950.0,9088.284482758621,75.5,2
Bebida de almendra vilay sin azúcar 1 l,Vilay,Unimarc,"Lácteos, Huevos y Refrigerados",2450.0,9088.284482758621,-73.04,0
Crema vegetal master martini bravo 200 ml,Master Martini,Unimarc,"Lácteos, Huevos y Refrigerados",1250.0,9088.284482758621,-86.25,2
Yoghurt batido yoghito frutilla tetra mini 6 un de 75 g,Soprole,Unimarc,"Lácteos, Huevos y Refrigerados",2090.0,9088.284482758621,-77.0,0
Compota nuestra cocina manzana 90 g,Nuestra Cocina,Unimarc,"Lácteos, Huevos y Refrigerados",440.0,9088.284482758621,-95.16,0
Yoghurt batido yoghito damasco tetra 6 un de 115 g,Soprole,Unimarc,"Lácteos, Huevos y Refrigerados",2750.0,9088.284482758621,-69.74,0
Yoghurt soprole proteína trozos kiwi plátano manzana 155 g,Soprole,Unimarc,"Lácteos, Huevos y Refrigerados",820.0,9088.284482758621,-90.98,0
Leche sin lactosa soprole entera 1 l,Soprole,Unimarc,"Lácteos, Huevos y Refrigerados",1450.0,9088.284482758621,-84.05,0
Huevos nuestra cocina blanco grande 12 un,Nuestra Cocina,Unimarc,"Lácteos, Huevos y Refrigerados",4350.0,9088.284482758621,-52.14,0
Leche semidescremada colun origen chocolate 200 ml,Colun,Unimarc,"Lácteos, Huevos y Refrigerados",650.0,9088.284482758621,-92.85,0
Leche semidescremada colun origen chocolate 1 l,Colun,Unimarc,"Lácteos, Huevos y Refrigerados",1950.0,9088.284482758621,-78.54,0
Compota watt's pera pouch 90 g,Watts,Unimarc,"Lácteos, Huevos y Refrigerados",510.0,9088.284482758621,-94.39,0
Leche en polvo nido 1 nutri esencial 500 g,Nido,Unimarc,"Lácteos, Huevos y Refrigerados",3990.0,9088.284482758621,-56.1,0
Leche en polvo calo entera instantánea bolsa 850 g,Calo,Unimarc,"Lácteos, Huevos y Refrigerados",6790.0,9088.284482758621,-25.29,0
Saborizante para leche milo activ-go tarro 700 g,Milo,Unimarc,"Lácteos, Huevos y Refrigerados",8590.0,9088.284482758621,-5.48,0
Compota nuestra cocina manzana plátano 90 g,Nuestra Cocina,Unimarc,"Lácteos, Huevos y Refrigerados",450.0,9088.284482758621,-95.05,0
Leche en polvo nido entera 800 g,Nido,Unimarc,"Lácteos, Huevos y Refrigerados",9990.0,9088.284482758621,9.92,0
Saborizante copacabana cacao amargo caja 150 g,Copacabana,Unimarc,"Lácteos, Huevos y Refrigerados",2990.0,9088.284482758621,-67.1,2
Yoghurt natural quillayes kefir pote 400 g,Quillayes,Unimarc,"Lácteos, Huevos y Refrigerados",2350.0,9088.284482758621,-74.14,0
Kefir soprole natural 1 l,Soprole,Unimarc,"Lácteos, Huevos y Refrigerados",2790.0,9088.284482758621,-69.3,0
Compota vivo mifrut plátano 90 g,Vivo,Unimarc,"Lácteos, Huevos y Refrigerados",560.0,9088.284482758621,-93.84,0
Compota watt's multifruta pouch 90 g,Watts,Unimarc,"Lácteos, Huevos y Refrigerados",510.0,9088.284482758621,-94.39,0
Compota vivo mifrut pera 90 g,Vivo,Unimarc,"Lácteos, Huevos y Refrigerados",560.0,9088.284482758621,-93.84,0
Crema vegetal decor art tipo chantilly 1 l,Decor Art,Unimarc,"Lácteos, Huevos y Refrigerados",5250.0,9088.284482758621,-42.23,2
Yoghurt soprole 1+1 natural botella 1 kg,Soprole,Unimarc,"Lácteos, Huevos y Refrigerados",2790.0,9088.284482758621,-69.3,0
Pack yoghurt batido yoghito soprole vainilla tetra 6 un de 115 g,Soprole,Unimarc,"Lácteos, Huevos y Refrigerados",2750.0,9088.284482758621,-69.74,0
Postre goodnes protein chocolate 115 g,Nestle,Unimarc,"Lácteos, Huevos y Refrigerados",870.0,9088.284482758621,-90.43,0
Mantequilla colun untable con sal pote 200 g,Colun,Unimarc,"Lácteos, Huevos y Refrigerados",3790.0,9088.284482758621,-58.3,0
Leche en polvo nido etapa 5 tarro 1.350 kg,Nido,Unimarc,"Lácteos, Huevos y Refrigerados",17690.0,9088.284482758621,94.65,0
Mantequilla colun con sal pan 125 g,Colun,Unimarc,"Lácteos, Huevos y Refrigerados",1850.0,9088.284482758621,-79.64,0
Yogurt griego oikos choco crunch 142 g,Oikos,Unimarc,"Lácteos, Huevos y Refrigerados",1190.0,9088.284482758621,-86.91,0
Yoghurt batido yoghito mora 120 g,Soprole,Unimarc,"Lácteos, Huevos y Refrigerados",300.0,9088.284482758621,-96.7,0
Mantequilla calo con sal pan 250 g,Calo,Unimarc,"Lácteos, Huevos y Refrigerados",2890.0,9088.284482758621,-68.2,0
Pack leche descremada soprole 12 un de 1 l,Soprole,Unimarc,"Lácteos, Huevos y Refrigerados",14400.0,9088.284482758621,58.45,0
"Pack leche descremada colun, sin tapa 12 un de 1 l",Colun,Unimarc,"Lácteos, Huevos y Refrigerados",15000.0,9088.284482758621,65.05,0
Crema de leche nestlé cajita 200 ml,Nestle,Unimarc,"Lácteos, Huevos y Refrigerados",1490.0,9088.284482758621,-83.61,0
Leche en polvo descremada colun instantánea bolsa 800 g,Colun,Unimarc,"Lácteos, Huevos y Refrigerados",7390.0,9088.284482758621,-18.69,0
Saborizante en polvo edra cacao dulce 200 g,Edra,Unimarc,"Lácteos, Huevos y Refrigerados",1590.0,9088.284482758621,-82.5,2
Yoghurt con cereal soprole 1+1 mini cookies 140 g,Soprole,Unimarc,"Lácteos, Huevos y Refrigerados",760.0,9088.284482758621,-91.64,0
Yogurt batido yogu yogu mora 6 un de 115 ml,Watts,Unimarc,"Lácteos, Huevos y Refrigerados",2590.0,9088.284482758621,-71.5,0
Huevos mediano color la granja 18 un,La Granja,Unimarc,"Lácteos, Huevos y Refrigerados",5890.0,9088.284482758621,-35.19,2
Yoghurt colun origen chirimoya 120 g,Colun,Unimarc,"Lácteos, Huevos y Refrigerados",400.0,9088.284482758621,-95.6,0
Postre del sur colun sabor chocolate 110 g,Colun,Unimarc,"Lácteos, Huevos y Refrigerados",650.0,9088.284482758621,-92.85,0
"Pack leche semidescremada colun, sin tapa 12 un de 1 l",Colun,Unimarc,"Lácteos, Huevos y Refrigerados",15000.0,9088.284482758621,65.05,0
Yoghurt griego quillayes triple 0 trozos berries 800 g,Quillayes,Unimarc,"Lácteos, Huevos y Refrigerados",4490.0,9088.284482758621,-50.6,0
Pack leche semidescremada soprole 12 un de 1 l,Soprole,Unimarc,"Lácteos, Huevos y Refrigerados",14400.0,9088.284482758621,58.45,0
Leche semidescremada sin lactosa soprole frutilla 6 un de 200 ml,Soprole,Unimarc,"Lácteos, Huevos y Refrigerados",3190.0,9088.284482758621,-64.9,0
Pack bebida láctea chamyto manzana 12 un de 80 ml,Nestle,Unimarc,"Lácteos, Huevos y Refrigerados",4390.0,9088.284482758621,-51.7,0
Mantequilla soprole sin sal 250 g,Soprole,Unimarc,"Lácteos, Huevos y Refrigerados",3450.0,9088.284482758621,-62.04,0
Compota nuestra cocina pera y manzana 90 g,Nuestra Cocina,Unimarc,"Lácteos, Huevos y Refrigerados",440.0,9088.284482758621,-95.16,0
Yoghurt colun origen frutilla bolsa 900 g,Colun,Unimarc,"Lácteos, Huevos y Refrigerados",2250.0,9088.284482758621,-75.24,0
Probiótico soprole uno vitamina c frutilla 6 un de 80 ml,Soprole,Unimarc,"Lácteos, Huevos y Refrigerados",2150.0,9088.284482758621,-76.34,0
Leche proteína soprole sabor vainilla 1 l,Soprole,Unimarc,"Lácteos, Huevos y Refrigerados",2450.0,9088.284482758621,-73.04,0
Leche sin lactosa semidescremada soprole 1 l,Soprole,Unimarc,"Lácteos, Huevos y Refrigerados",1450.0,9088.284482758621,-84.05,0
Leche en polvo loncoleche descremada 760 g,Loncoleche,Unimarc,"Lácteos, Huevos y Refrigerados",6770.0,9088.284482758621,-25.51,0
Mantequilla los peumos con sal 250 g,Los Peumos,Unimarc,"Lácteos, Huevos y Refrigerados",2790.0,9088.284482758621,-69.3,2
Margarina deline pote 500 g,Deline,Unimarc,"Lácteos, Huevos y Refrigerados",1990.0,9088.284482758621,-78.1,2
Compota watt's manzana pouch 90 g,Watts,Unimarc,"Lácteos, Huevos y Refrigerados",510.0,9088.284482758621,-94.39,0
Mantequilla quilque soprole pote 200 gr,Soprole,Unimarc,"Lácteos, Huevos y Refrigerados",3090.0,9088.284482758621,-66.0,0
Yoghurt soprole proteína trozos mango maracuyá 155 g,Soprole,Unimarc,"Lácteos, Huevos y Refrigerados",820.0,9088.284482758621,-90.98,0
Huevos medianos blancos yemita 30 un,Yemita,Unimarc,"Lácteos, Huevos y Refrigerados",9990.0,9088.284482758621,9.92,2
Pack yoghurt batido nestlé berries 12 un de 115 g,Nestle,Unimarc,"Lácteos, Huevos y Refrigerados",3390.0,9088.284482758621,-62.7,0
Bebida vegetal loncoleche almendra 1 l,Loncoleche,Unimarc,"Lácteos, Huevos y Refrigerados",2890.0,9088.284482758621,-68.2,0
Leche en polvo nido semidescremada sin lactosa bolsa 700 g,Nido,Unimarc,"Lácteos, Huevos y Refrigerados",9890.0,9088.284482758621,8.82,0
"Pack leche entera natural colun, sin tapa 12 un de 1 l",Colun,Unimarc,"Lácteos, Huevos y Refrigerados",15000.0,9088.284482758621,65.05,0
Leche en polvo nido etapa 3 tarro 1.350 kg,Nido,Unimarc,"Lácteos, Huevos y Refrigerados",17690.0,9088.284482758621,94.65,0
Postre tartufo dolce italia pote 90 g,Dolce Italia,Unimarc,"Lácteos, Huevos y Refrigerados",1750.0,9088.284482758621,-80.74,2
Probiótico soprole uno multifruta 6 un de 80 ml,Uno,Unimarc,"Lácteos, Huevos y Refrigerados",2000.0,9088.284482758621,-77.99,2
Yoghurt batido danone surtido 8 un de 90 gr,Calan,Unimarc,"Lácteos, Huevos y Refrigerados",1590.0,9088.284482758621,-82.5,0
Leche en polvo calo crecer 1+ semidescremada 1.5 kg,Calo,Unimarc,"Lácteos, Huevos y Refrigerados",12240.0,9088.284482758621,34.68,0
Pack leche entera trencito nestlé chocolate 6 un de 200 ml,Nestle,Unimarc,"Lácteos, Huevos y Refrigerados",3400.0,9088.284482758621,-62.59,0
Probiótico soprole uno frutilla 12 un de 80 ml,Uno,Unimarc,"Lácteos, Huevos y Refrigerados",3790.0,9088.284482758621,-58.3,2
Probiótico soprole uno frutilla cajitas 12 un de 80 ml,Uno,Unimarc,"Lácteos, Huevos y Refrigerados",4450.0,9088.284482758621,-51.04,2
Leche semidescremada soprole chocolate requetepatitas 1 l,Soprole,Unimarc,"Lácteos, Huevos y Refrigerados",1590.0,9088.284482758621,-82.5,0
Leche en polvo svelty descremada bolsa 800 g,Svelty,Unimarc,"Lácteos, Huevos y Refrigerados",7290.0,9088.284482758621,-19.79,2
Postre tiramisú dolce italia pote 80 g,Dolce Italia,Unimarc,"Lácteos, Huevos y Refrigerados",1750.0,9088.284482758621,-80.74,2
Leche semidescremada colun origen chocolate 6 un de 200 ml,Colun,Unimarc,"Lácteos, Huevos y Refrigerados",3890.0,9088.284482758621,-57.2,0
Pack leche semidescremada los peumos 12 un de 1 l,Los Peumos,Unimarc,"Lácteos, Huevos y Refrigerados",12000.0,9088.284482758621,32.04,2
Saborizante cola cao chocolate instantáneo bolsa 450 g,Cola Cao,Unimarc,"Lácteos, Huevos y Refrigerados",3590.0,9088.284482758621,-60.5,0
Yoghurt batido yoghito damasco 120 g,Soprole,Unimarc,"Lácteos, Huevos y Refrigerados",300.0,9088.284482758621,-96.7,0
Margarina next soprole light pote 500 g,Next,Unimarc,"Lácteos, Huevos y Refrigerados",2590.0,9088.284482758621,-71.5,2
Yoghurt soprole protein trozo arándano y frutilla 155 g,Soprole,Unimarc,"Lácteos, Huevos y Refrigerados",820.0,9088.284482758621,-90.98,0
Leche en polvo calo crecer 4+ semidescremada 800 g,Calo,Unimarc,"Lácteos, Huevos y Refrigerados",6240.0,9088.284482758621,-31.34,0
Leche semidescremada colun sabor manjar 1 l,Colun,Unimarc,"Lácteos, Huevos y Refrigerados",1590.0,9088.284482758621,-82.5,0
Mantequilla untable soprole pote 200 g,Soprole,Unimarc,"Lácteos, Huevos y Refrigerados",3790.0,9088.284482758621,-58.3,0
Leche semidescremada sin lactosa soprole chocolate 6 un de 200 ml,Soprole,Unimarc,"Lácteos, Huevos y Refrigerados",3190.0,9088.284482758621,-64.9,0
Mote con huesillo dila pote 400 g,Dila,Unimarc,"Lácteos, Huevos y Refrigerados",1690.0,9088.284482758621,-81.4,2
Huevos extra blanco grande cintazul 12 un,Cintazul,Unimarc,"Lácteos, Huevos y Refrigerados",4790.0,9088.284482758621,-47.29,0
Margarina qualy sabor mantequilla pote 500 gr,Qualy,Unimarc,"Lácteos, Huevos y Refrigerados",2820.0,9088.284482758621,-68.97,2
Yoghurt batido soprole natural 155 g,Soprole,Unimarc,"Lácteos, Huevos y Refrigerados",500.0,9088.284482758621,-94.5,0
Margarina calo light pote 450 g,Calo,Unimarc,"Lácteos, Huevos y Refrigerados",1690.0,9088.284482758621,-81.4,0
Pack yoghurt batido yoghito soprole frutilla tetra 6 un de 115 g,Soprole,Unimarc,"Lácteos, Huevos y Refrigerados",2750.0,9088.284482758621,-69.74,0
Mantequilla surlat con sal 200 g,Surlat,Unimarc,"Lácteos, Huevos y Refrigerados",2690.0,9088.284482758621,-70.4,0
Leche loncoleche plátano 1 l,Loncoleche,Unimarc,"Lácteos, Huevos y Refrigerados",1620.0,9088.284482758621,-82.17,0
Bebida vegetal notmilk zero sin azúcar 1 l,Not Milk,Unimarc,"Lácteos, Huevos y Refrigerados",2190.0,9088.284482758621,-75.9,2
Bebida vegetal notmilk original 1 l,Not Milk,Unimarc,"Lácteos, Huevos y Refrigerados",2190.0,9088.284482758621,-75.9,2
Leche semidescremada soprole chocolate 1 l,Soprole,Unimarc,"Lácteos, Huevos y Refrigerados",1590.0,9088.284482758621,-82.5,0
Postre goodnes protein caramelo 115 g,Nestle,Unimarc,"Lácteos, Huevos y Refrigerados",870.0,9088.284482758621,-90.43,0
Leche soprole zero lacto frutilla 1 l,Soprole,Unimarc,"Lácteos, Huevos y Refrigerados",1750.0,9088.284482758621,-80.74,0
Mantequilla con sal quillayes 200 g,Quillayes,Unimarc,"Lácteos, Huevos y Refrigerados",2650.0,9088.284482758621,-70.84,0
Crema para batir de leche colun 200 ml,Colun,Unimarc,"Lácteos, Huevos y Refrigerados",1390.0,9088.284482758621,-84.71,0
Kefir quillayes sin endulzante naranja pomelo 4 un de 80 ml,Quillayes,Unimarc,"Lácteos, Huevos y Refrigerados",2000.0,9088.284482758621,-77.99,0
Huevo coliumo grande color 30 un,Coliumo,Unimarc,"Lácteos, Huevos y Refrigerados",9990.0,9088.284482758621,9.92,2
Margarina calo mix pote 350 g,Calo,Unimarc,"Lácteos, Huevos y Refrigerados",2150.0,9088.284482758621,-76.34,0
Yogurt griego oikos miel granola crunch 142 g,Oikos,Unimarc,"Lácteos, Huevos y Refrigerados",990.0,9088.284482758621,-89.11,0
Mantequilla surlat sin lactosa 200 g,Surlat,Unimarc,"Lácteos, Huevos y Refrigerados",2590.0,9088.284482758621,-71.5,0
Crema para batir loncoleche 500 ml,Watts,Unimarc,"Lácteos, Huevos y Refrigerados",2690.0,9088.284482758621,-70.4,0
Leche en polvo calo crecer 1+ semidescremada 800 g,Calo,Unimarc,"Lácteos, Huevos y Refrigerados",6240.0,9088.284482758621,-31.34,0
Probiótico soprole uno multifruta 12 un de 80 ml,Uno,Unimarc,"Lácteos, Huevos y Refrigerados",3790.0,9088.284482758621,-58.3,2
Margarina calo con leche pote 450 g,Calo,Unimarc,"Lácteos, Huevos y Refrigerados",1850.0,9088.284482758621,-79.64,0
Yoghurt batido yoghito frambuesa tetra 6 un de 115 g,Soprole,Unimarc,"Lácteos, Huevos y Refrigerados",2750.0,9088.284482758621,-69.74,0
Pack yogu yogu loncoleche mora 6 un de 200 ml,Yogu Yogu,Unimarc,"Lácteos, Huevos y Refrigerados",3750.0,9088.284482758621,-58.74,2
Leche semidescremada colun sabor vainilla sin tapa 1 l,Colun,Unimarc,"Lácteos, Huevos y Refrigerados",1590.0,9088.284482758621,-82.5,0
Pack jalea loncoleche protein piña 4 un de 100 g,Loncoleche,Unimarc,"Lácteos, Huevos y Refrigerados",2520.0,9088.284482758621,-72.27,0
Pack bebida láctea chamyto frambuesa 6 un de 80 ml,Nestle,Unimarc,"Lácteos, Huevos y Refrigerados",2110.0,9088.284482758621,-76.78,0
Bebida vegetal vilay wilk chocolate 1 l,Vilay,Unimarc,"Lácteos, Huevos y Refrigerados",2000.0,9088.284482758621,-77.99,0
Yoghurt colun frambuesa bolsa 1 kg,Colun,Unimarc,"Lácteos, Huevos y Refrigerados",1750.0,9088.284482758621,-80.74,0
Pack leche semidescremada loncoleche 12 un 1 l,Loncoleche,Unimarc,"Lácteos, Huevos y Refrigerados",12000.0,9088.284482758621,32.04,0
Yoghurt colun damasco bolsa 1 kg,Colun,Unimarc,"Lácteos, Huevos y Refrigerados",1750.0,9088.284482758621,-80.74,0
Leche en polvo loncoleche entera instantánea 760 gr,Loncoleche,Unimarc,"Lácteos, Huevos y Refrigerados",6290.0,9088.284482758621,-30.79,0
Yoghurt batido yoghito plátano 120 g,Soprole,Unimarc,"Lácteos, Huevos y Refrigerados",300.0,9088.284482758621,-96.7,0
Manteca crucina pan 400 g,Crucina,Unimarc,"Lácteos, Huevos y Refrigerados",3050.0,9088.284482758621,-66.44,2
Pack yoghurt nestlé tradicional12 un de 115 g,Nestle,Unimarc,"Lácteos, Huevos y Refrigerados",3390.0,9088.284482758621,-62.7,0
Bebida vegetal notmilk simple avena 4 ingredientes 1 l,Not Milk,Unimarc,"Lácteos, Huevos y Refrigerados",2190.0,9088.284482758621,-75.9,2
Leche descremada sin lactosa extra proteína loncoleche chocolate 1 l,Loncoleche,Unimarc,"Lácteos, Huevos y Refrigerados",2100.0,9088.284482758621,-76.89,0
Kefir soprole berries 1 l,Soprole,Unimarc,"Lácteos, Huevos y Refrigerados",2790.0,9088.284482758621,-69.3,0
Pack bebida láctea chamyto frutilla 6 un de 80 ml,Nestle,Unimarc,"Lácteos, Huevos y Refrigerados",2110.0,9088.284482758621,-76.78,0
Mantequilla calo untable pote 350 g,Calo,Unimarc,"Lácteos, Huevos y Refrigerados",4650.0,9088.284482758621,-48.84,0
Bebida vegetal vilay wilk original 1 l,Vilay,Unimarc,"Lácteos, Huevos y Refrigerados",2000.0,9088.284482758621,-77.99,0
Postre chandelle nestlé crema manjar 120 g,Chandelle,Unimarc,"Lácteos, Huevos y Refrigerados",810.0,9088.284482758621,-91.09,0
Leche soprole semidescremada con avena y chocolate 1 l,Soprole,Unimarc,"Lácteos, Huevos y Refrigerados",1490.0,9088.284482758621,-83.61,0
Compota vivo mifrut manzana 90 g,Vivo,Unimarc,"Lácteos, Huevos y Refrigerados",560.0,9088.284482758621,-93.84,0
Yoghurt loncoleche protein granola 142 g,Loncoleche,Unimarc,"Lácteos, Huevos y Refrigerados",1035.0,9088.284482758621,-88.61,0
Pack bebida láctea chamyto nestlé frutilla 12 un de 80 ml,Nestle,Unimarc,"Lácteos, Huevos y Refrigerados",4390.0,9088.284482758621,-51.7,0
Jalea frambuesa soprole 110 g,Soprole,Unimarc,"Lácteos, Huevos y Refrigerados",340.0,9088.284482758621,-96.26,0
Saborizante para leche cola cao chocolate bolsa 1 kg,Cola Cao,Unimarc,"Lácteos, Huevos y Refrigerados",6890.0,9088.284482758621,-24.19,0
Leche surlat whey proteína descremada caramelo 1 l,Surlat,Unimarc,"Lácteos, Huevos y Refrigerados",2690.0,9088.284482758621,-70.4,0
Fórmula láctea nido etapa 1 tarro 1.350 kg,Nido,Unimarc,"Lácteos, Huevos y Refrigerados",19790.0,9088.284482758621,117.75,0
Leche entera surlat sin lactosa 1 l,Surlat,Unimarc,"Lácteos, Huevos y Refrigerados",1190.0,9088.284482758621,-86.91,0
Jalea vivo pouch colágeno sabor naranja 100 gr,Vivo,Unimarc,"Lácteos, Huevos y Refrigerados",21620.0,9088.284482758621,137.89,0
Compota vivo veggie pera manzana y espinaca 120 g,Vivo,Unimarc,"Lácteos, Huevos y Refrigerados",21640.0,9088.284482758621,138.11,0
Leche cultivada soprole proteína sabor frutilla cajita 170 ml,Soprole,Unimarc,"Lácteos, Huevos y Refrigerados",31900.0,9088.284482758621,251.0,1
Leche cultivada light colun sabor frambuesa 1 l,Colun,Unimarc,"Lácteos, Huevos y Refrigerados",1950.0,9088.284482758621,-78.54,0
Compota vivo orgánico manzana pera 90 g,Vivo,Unimarc,"Lácteos, Huevos y Refrigerados",21590.0,9088.284482758621,137.56,0
Yoghurt surlat whey protein sabor mango maracuyá 140 gr,Surlat,Unimarc,"Lácteos, Huevos y Refrigerados",21380.0,9088.284482758621,135.25,0
Yoghurt loncoleche protein natural balde 800 gr,Loncoleche,Unimarc,"Lácteos, Huevos y Refrigerados",4290.0,9088.284482758621,-52.8,0
Yoghurt soprole proteína power sabor natural 155 gr,Soprole,Unimarc,"Lácteos, Huevos y Refrigerados",21600.0,9088.284482758621,137.67,0
Leche cultivada light colun sabor chirimoya 1 l,Colun,Unimarc,"Lácteos, Huevos y Refrigerados",1950.0,9088.284482758621,-78.54,0
Leche cultivada soprole proteína sabor chirimoya cajita 170 ml,Soprole,Unimarc,"Lácteos, Huevos y Refrigerados",31900.0,9088.284482758621,251.0,1
Yoghurt surlat whey protein sabor acaí frutilla 140 gr,Surlat,Unimarc,"Lácteos, Huevos y Refrigerados",21380.0,9088.284482758621,135.25,0
Compota vivo orgánica zapallo manzana y plátano 90 gr,Vivo,Unimarc,"Lácteos, Huevos y Refrigerados",21590.0,9088.284482758621,137.56,0
Leche semidescremada natural soprole 1 l,Soprole,Unimarc,"Lácteos, Huevos y Refrigerados",1200.0,9088.284482758621,-86.8,0
Leche semidescremada soprole protein nitro vainilla 6 un de 200 ml,Soprole,Unimarc,"Lácteos, Huevos y Refrigerados",3790.0,9088.284482758621,-58.3,0
Leche descremada sin lactosa protein extra loncoleche cappuccino 1 l,Loncoleche,Unimarc,"Lácteos, Huevos y Refrigerados",2100.0,9088.284482758621,-76.89,0
Yoghurt batido soprole con avena 155 g,Soprole,Unimarc,"Lácteos, Huevos y Refrigerados",42000.0,9088.284482758621,362.13,1
Leche surlat whey proteína descremada chocolate 1 l,Surlat,Unimarc,"Lácteos, Huevos y Refrigerados",2890.0,9088.284482758621,-68.2,0
Crema de leche lista loncoleche tetra 200 ml,Loncoleche,Unimarc,"Lácteos, Huevos y Refrigerados",1190.0,9088.284482758621,-86.91,0
Yoghurt soprole proteina power sabor frutilla 155 gr,Soprole,Unimarc,"Lácteos, Huevos y Refrigerados",21600.0,9088.284482758621,137.67,0
Cacao amargo en polvo edra 150 gr,Edra,Unimarc,"Lácteos, Huevos y Refrigerados",2490.0,9088.284482758621,-72.6,2
Postre manjarate 3d soprole 100 g,Manjarate,Unimarc,"Lácteos, Huevos y Refrigerados",53300.0,9088.284482758621,486.47,1
Compota vivo veggie naranja y zanahoria 120 g,Vivo,Unimarc,"Lácteos, Huevos y Refrigerados",21640.0,9088.284482758621,138.11,0
Pack jalea loncoleche protein guinda 4 un de 100 g,Loncoleche,Unimarc,"Lácteos, Huevos y Refrigerados",2520.0,9088.284482758621,-72.27,0
Yogurt griego oikos colchón de miel 150 g,Oikos,Unimarc,"Lácteos, Huevos y Refrigerados",21320.0,9088.284482758621,134.59,0
Yoghurt gold nueces y cranberry 165 g,Soprole,Unimarc,"Lácteos, Huevos y Refrigerados",21480.0,9088.284482758621,136.35,0
Yoghurt griego quillayes sin lactosa papaya 110 g,Quillayes,Unimarc,"Lácteos, Huevos y Refrigerados",63000.0,9088.284482758621,593.2,1
Flan soprole zero lacto sabor vainilla pote 110 g,Soprole,Unimarc,"Lácteos, Huevos y Refrigerados",41750.0,9088.284482758621,359.38,1
Leche semidescremada sin lactosa surlat 1 l,Surlat,Unimarc,"Lácteos, Huevos y Refrigerados",1190.0,9088.284482758621,-86.91,0
Yoghurt goodnes magnesio natural 140 gr,Nestle,Unimarc,"Lácteos, Huevos y Refrigerados",21000.0,9088.284482758621,131.07,0
Flan colun manjar pote 100 g,Colun,Unimarc,"Lácteos, Huevos y Refrigerados",62000.0,9088.284482758621,582.2,1
Leche proteína soprole chocolate 6 un de 200 ml,Soprole,Unimarc,"Lácteos, Huevos y Refrigerados",3790.0,9088.284482758621,-58.3,0
Yoghurt loncoleche protein trozo mango maracuyá 140 g,Loncoleche,Unimarc,"Lácteos, Huevos y Refrigerados",21250.0,9088.284482758621,133.82,0
Margarina sureña con mantequilla pote 450 g,Sureña,Unimarc,"Lácteos, Huevos y Refrigerados",2190.0,9088.284482758621,-75.9,2
Yoghurt light colun frutilla 120g,Colun,Unimarc,"Lácteos, Huevos y Refrigerados",61890.0,9088.284482758621,580.99,1
Leche semidescremada sin lactosa soprole frutilla 200 ml,Soprole,Unimarc,"Lácteos, Huevos y Refrigerados",63190.0,9088.284482758621,595.29,1
Compota vivo fruta frambuesa cranberry 120 g,Vivo,Unimarc,"Lácteos, Huevos y Refrigerados",21640.0,9088.284482758621,138.11,0
Leche en polvo descremada svelty 300gr,Svelty,Unimarc,"Lácteos, Huevos y Refrigerados",26190.0,9088.284482758621,188.17,2
Yoghurt kefir soprole trozo piña 120 g,Soprole,Unimarc,"Lácteos, Huevos y Refrigerados",41800.0,9088.284482758621,359.93,1
Compota vivo fruta mango maracuyá 120 g,Vivo,Unimarc,"Lácteos, Huevos y Refrigerados",21640.0,9088.284482758621,138.11,0
Yoghurt light colun vainilla 120g,Colun,Unimarc,"Lácteos, Huevos y Refrigerados",61890.0,9088.284482758621,580.99,1
Yoghurt loncoleche full pro proteína frutilla 150 g,Loncoleche,Unimarc,"Lácteos, Huevos y Refrigerados",950.0,9088.284482758621,-89.55,0
Leche descremada sin lactosa extra proteína loncoleche 1 l,Loncoleche,Unimarc,"Lácteos, Huevos y Refrigerados",2100.0,9088.284482758621,-76.89,0
Flan colun vainilla pote 100 g,Colun,Unimarc,"Lácteos, Huevos y Refrigerados",62000.0,9088.284482758621,582.2,1
Jalea nuestra cocina frambuesa 100 g,Nuestra Cocina,Unimarc,"Lácteos, Huevos y Refrigerados",41000.0,9088.284482758621,351.13,1
Leche soprole semidescremada con avena 1 l,Soprole,Unimarc,"Lácteos, Huevos y Refrigerados",1450.0,9088.284482758621,-84.05,0
Pack yoghurt colun light 12un 120g,Colun,Unimarc,"Lácteos, Huevos y Refrigerados",3350.0,9088.284482758621,-63.14,0
Compota vivo orgánico durazno plátano y arándano 90 g,Vivo,Unimarc,"Lácteos, Huevos y Refrigerados",21590.0,9088.284482758621,137.56,0
Postre sémola nestlé frambuesa 130 g,Nestle,Unimarc,"Lácteos, Huevos y Refrigerados",42200.0,9088.284482758621,364.33,1
Yoghurt batido colun light mora 120 g,Colun,Unimarc,"Lácteos, Huevos y Refrigerados",61890.0,9088.284482758621,580.99,1
Yoghurt batido nestlé damasco 115 g,Nestle,Unimarc,"Lácteos, Huevos y Refrigerados",81890.0,9088.284482758621,801.05,1
Postre sémola nestlé caramelo 130 g,Nestle,Unimarc,"Lácteos, Huevos y Refrigerados",42200.0,9088.284482758621,364.33,1
Mantequilla soprole con sal 125 g,Soprole,Unimarc,"Lácteos, Huevos y Refrigerados",1590.0,9088.284482758621,-82.5,0
Yoghurt soprole proteína maracuyá 155 g,Soprole,Unimarc,"Lácteos, Huevos y Refrigerados",42600.0,9088.284482758621,368.74,1
Flan soprole zero lacto sabor caramelo pote 110 g,Soprole,Unimarc,"Lácteos, Huevos y Refrigerados",41750.0,9088.284482758621,359.38,1
Leche semidescremada soprole frutilla 200 ml,Soprole,Unimarc,"Lácteos, Huevos y Refrigerados",42100.0,9088.284482758621,363.23,1
Huevos nuestra cocina blanco extra 20 un,Nuestra Cocina,Unimarc,"Lácteos, Huevos y Refrigerados",7350.0,9088.284482758621,-19.13,0
Yoghurt loncoleche protein natural no endulzado 140 gr,Loncoleche,Unimarc,"Lácteos, Huevos y Refrigerados",53250.0,9088.284482758621,485.92,1
Yoghurt goodnes probióticos natural endulzado pote 140 g,Nestle,Unimarc,"Lácteos, Huevos y Refrigerados",21000.0,9088.284482758621,131.07,0
Jalea nuestra cocina limón 100 g,Nuestra Cocina,Unimarc,"Lácteos, Huevos y Refrigerados",41000.0,9088.284482758621,351.13,1
Leche semidescremada sin lactosa soprole chocolate 200 ml,Soprole,Unimarc,"Lácteos, Huevos y Refrigerados",63190.0,9088.284482758621,595.29,1
Pack leche entera loncoleche 12 un 1 l,Loncoleche,Unimarc,"Lácteos, Huevos y Refrigerados",12000.0,9088.284482758621,32.04,0
Leche entera trencito nestlé sabor chocolate 200 ml,Nestle,Unimarc,"Lácteos, Huevos y Refrigerados",63400.0,9088.284482758621,597.6,1
Leche en polvo nido etapa 3 bolsa 700 g,Nido,Unimarc,"Lácteos, Huevos y Refrigerados",7850.0,9088.284482758621,-13.63,0
Saborizante en polvo nestlé cacao dulce 230 g,Nestle,Unimarc,"Lácteos, Huevos y Refrigerados",2510.0,9088.284482758621,-72.38,0
Yoghurt griego quillayes sin lactosa berries 110 g,Quillayes,Unimarc,"Lácteos, Huevos y Refrigerados",63000.0,9088.284482758621,593.2,1
Leche sin lactosa semidescremada soprole chocolate 1 l,Soprole,Unimarc,"Lácteos, Huevos y Refrigerados",1750.0,9088.284482758621,-80.74,0
Yoghurt batido colun light frambuesa 120 g,Colun,Unimarc,"Lácteos, Huevos y Refrigerados",61890.0,9088.284482758621,580.99,1
Yoghurt goodnes probióticos sabor frutilla pote 140 g,Nestle,Unimarc,"Lácteos, Huevos y Refrigerados",21000.0,9088.284482758621,131.07,0
Jalea nuestra cocina guinda 100 g,Nuestra Cocina,Unimarc,"Lácteos, Huevos y Refrigerados",41000.0,9088.284482758621,351.13,1
Yoghurt batido soprole kefir berries 120 g,Soprole,Unimarc,"Lácteos, Huevos y Refrigerados",41550.0,9088.284482758621,357.18,1
Jalea colun limón pote 100 g,Colun,Unimarc,"Lácteos, Huevos y Refrigerados",41090.0,9088.284482758621,352.12,1
Jalea colún guinda 100 g,Colun,Unimarc,"Lácteos, Huevos y Refrigerados",41090.0,9088.284482758621,352.12,1
Yoghurt soprole protein con avena 155 g,Soprole,Unimarc,"Lácteos, Huevos y Refrigerados",42900.0,9088.284482758621,372.04,1
Leche protein loncoleche chocolate 200 ml,Loncoleche,Unimarc,"Lácteos, Huevos y Refrigerados",21100.0,9088.284482758621,132.17,0
Yoghurt griego danone oikos colchón de fruta frutos del bosque 150 g,Oikos,Unimarc,"Lácteos, Huevos y Refrigerados",21320.0,9088.284482758621,134.59,0
Yoghurt kefir soprole batido natural 120 g,Soprole,Unimarc,"Lácteos, Huevos y Refrigerados",41550.0,9088.284482758621,357.18,1
Yoghurt batido nestlé frutilla 115 g,Nestle,Unimarc,"Lácteos, Huevos y Refrigerados",81890.0,9088.284482758621,801.05,1
Leche semidescremada colun original sabor chocolate 1 l,Colun,Unimarc,"Lácteos, Huevos y Refrigerados",1590.0,9088.284482758621,-82.5,0
Jalea soprole sabor guinda pote 110 g,Soprole,Unimarc,"Lácteos, Huevos y Refrigerados",340.0,9088.284482758621,-96.26,0
Leche surlat whey proteína descremada caramelo 200 ml,Surlat,Unimarc,"Lácteos, Huevos y Refrigerados",65100.0,9088.284482758621,616.31,1
Yoghurt sin lactosa loncoleche trozos papaya 140 g,Loncoleche,Unimarc,"Lácteos, Huevos y Refrigerados",21090.0,9088.284482758621,132.06,0
Yoghurt colun mora bolsa 1 kg,Colun,Unimarc,"Lácteos, Huevos y Refrigerados",1750.0,9088.284482758621,-80.74,0
Margarina soprole mix con mantequilla pote 500 g,Soprole,Unimarc,"Lácteos, Huevos y Refrigerados",4290.0,9088.284482758621,-52.8,0
Yoghurt goodnes protein chirimoya 140 g,Nestle,Unimarc,"Lácteos, Huevos y Refrigerados",42000.0,9088.284482758621,362.13,1
Leche descremada colun 1 l,Colun,Unimarc,"Lácteos, Huevos y Refrigerados",1250.0,9088.284482758621,-86.25,0
Yoghurt soprole proteína vainilla 155 g,Soprole,Unimarc,"Lácteos, Huevos y Refrigerados",42600.0,9088.284482758621,368.74,1
Yoghurt colun protein plus sin lactosa vainilla 150 g,Colun,Unimarc,"Lácteos, Huevos y Refrigerados",21320.0,9088.284482758621,134.59,0
Yoghurt sin lactosa loncoleche trozos durazno 140 g,Loncoleche,Unimarc,"Lácteos, Huevos y Refrigerados",21090.0,9088.284482758621,132.06,0
Leche proteína natural soprole semidescremada 1 l,Soprole,Unimarc,"Lácteos, Huevos y Refrigerados",2390.0,9088.284482758621,-73.7,0
Leche protein soprole sabor cappuccino 1 l,Soprole,Unimarc,"Lácteos, Huevos y Refrigerados",2350.0,9088.284482758621,-74.14,0
Yoghurt sin lactosa loncoleche trozos berries 140 g,Loncoleche,Unimarc,"Lácteos, Huevos y Refrigerados",21090.0,9088.284482758621,132.06,0
Yoghurt batido danone chirimoya 110 gr,Calan,Unimarc,"Lácteos, Huevos y Refrigerados",102000.0,9088.284482758621,1022.32,1
Yoghurt gold chocolate y almendras 165 g,Soprole,Unimarc,"Lácteos, Huevos y Refrigerados",21480.0,9088.284482758621,136.35,0
Yoghurt colun vainilla bolsa 1 kg,Colun,Unimarc,"Lácteos, Huevos y Refrigerados",1750.0,9088.284482758621,-80.74,0
Yoghurt batido colun light sin azúcar chirimoya 120 g,Colun,Unimarc,"Lácteos, Huevos y Refrigerados",61890.0,9088.284482758621,580.99,1
Yoghurt loncoleche full pro proteína natural 150 g,Loncoleche,Unimarc,"Lácteos, Huevos y Refrigerados",950.0,9088.284482758621,-89.55,0
Yoghurt batido danone vainilla 110 gr,Calan,Unimarc,"Lácteos, Huevos y Refrigerados",102000.0,9088.284482758621,1022.32,1
Jalea colun frambuesa pote 100 g,Colun,Unimarc,"Lácteos, Huevos y Refrigerados",41090.0,9088.284482758621,352.12,1
Yoghurt colun frutilla bolsa 1 kg,Colun,Unimarc,"Lácteos, Huevos y Refrigerados",1750.0,9088.284482758621,-80.74,0
Huevos nuestra cocina blanco mediano 30 un,Nuestra Cocina,Unimarc,"Lácteos, Huevos y Refrigerados",9350.0,9088.284482758621,2.88,0
Yoghurt loncoleche protein vainilla 140 g,Loncoleche,Unimarc,"Lácteos, Huevos y Refrigerados",53000.0,9088.284482758621,483.17,1
Flan soprole sabor caramelo con salsa de caramelo pote 110 g,Soprole,Unimarc,"Lácteos, Huevos y Refrigerados",41350.0,9088.284482758621,354.98,1
Saborizante para leche milo bolsa 300 g,Milo,Unimarc,"Lácteos, Huevos y Refrigerados",2950.0,9088.284482758621,-67.54,0
Yoghurt gold tradicional 165 g,Soprole,Unimarc,"Lácteos, Huevos y Refrigerados",21480.0,9088.284482758621,136.35,0
Flan soprole vainilla con salsa de caramelo pote 110 g,Soprole,Unimarc,"Lácteos, Huevos y Refrigerados",41350.0,9088.284482758621,354.98,1
Leche semidescremada soprole chocolate 200 ml,Soprole,Unimarc,"Lácteos, Huevos y Refrigerados",42100.0,9088.284482758621,363.23,1
Pack yoghurt colun surtido 12 un de 125 g,Colun,Unimarc,"Lácteos, Huevos y Refrigerados",3150.0,9088.284482758621,-65.34,0
Huevos extra blanco grande cintazul 20 un,Cintazul,Unimarc,"Lácteos, Huevos y Refrigerados",7950.0,9088.284482758621,-12.52,2
Yoghurt origen colun natural 120 g,Colun,Unimarc,"Lácteos, Huevos y Refrigerados",400.0,9088.284482758621,-95.6,0
Yoghurt soprole proteína trozos frutilla 155 g,Soprole,Unimarc,"Lácteos, Huevos y Refrigerados",820.0,9088.284482758621,-90.98,0
Leche entera sin lactosa loncoleche con tapa 1 l,Loncoleche,Unimarc,"Lácteos, Huevos y Refrigerados",1300.0,9088.284482758621,-85.7,0
Yoghurt goodnes protein frutilla 140 g,Nestle,Unimarc,"Lácteos, Huevos y Refrigerados",42000.0,9088.284482758621,362.13,1
Leche semidescremada colun sin tapa 1 l,Colun,Unimarc,"Lácteos, Huevos y Refrigerados",1250.0,9088.284482758621,-86.25,0
Margarina qualy cremosa pote 500 g,Qualy,Unimarc,"Lácteos, Huevos y Refrigerados",2350.0,9088.284482758621,-74.14,2
Huevos nuestra cocina grande color 12 un,Nuestra Cocina,Unimarc,"Lácteos, Huevos y Refrigerados",4550.0,9088.284482758621,-49.94,0
Yoghurt batido colun light sin azúcar frutilla 120 g,Colun,Unimarc,"Lácteos, Huevos y Refrigerados",61890.0,9088.284482758621,580.99,1
Leche descremada sin lactosa loncoleche con tapa 1 l,Loncoleche,Unimarc,"Lácteos, Huevos y Refrigerados",1300.0,9088.284482758621,-85.7,0
Yoghurt batido danone frutilla 110 gr,Calan,Unimarc,"Lácteos, Huevos y Refrigerados",102000.0,9088.284482758621,1022.32,1
Leche descremada los peumos 1 l,Los Peumos,Unimarc,"Lácteos, Huevos y Refrigerados",1000.0,9088.284482758621,-89.0,2
Pack bebida láctea chamyto nestlé frutilla 18 un de 80 ml,Nestle,Unimarc,"Lácteos, Huevos y Refrigerados",6590.0,9088.284482758621,-27.49,0
Crema de leche nestlé lata abre fácil 157 g,Nestle,Unimarc,"Lácteos, Huevos y Refrigerados",1390.0,9088.284482758621,-84.71,0
Yoghurt con cereal soprole 1+1 zucaritas y chocokrispis 5 un de 140 g,Soprole,Unimarc,"Lácteos, Huevos y Refrigerados",3590.0,9088.284482758621,-60.5,0
Yoghurt loncoleche protein frutilla 140 g,Loncoleche,Unimarc,"Lácteos, Huevos y Refrigerados",53000.0,9088.284482758621,483.17,1
Postre manjarate soprole original 80 g,Manjarate,Unimarc,"Lácteos, Huevos y Refrigerados",53300.0,9088.284482758621,486.47,1
Yoghurt colun protein plus sin lactosa frutilla plátano 150 g,Colun,Unimarc,"Lácteos, Huevos y Refrigerados",21320.0,9088.284482758621,134.59,0
Yoghurt colun frambuesa 125 g,Colun,Unimarc,"Lácteos, Huevos y Refrigerados",82000.0,9088.284482758621,802.26,1
Crema de leche lista loncoleche sin lactosa tetra 200 ml,Loncoleche,Unimarc,"Lácteos, Huevos y Refrigerados",1450.0,9088.284482758621,-84.05,0
Leche semidescremada colun sabor chocolate 200 ml,Colun,Unimarc,"Lácteos, Huevos y Refrigerados",630.0,9088.284482758621,-93.07,0
Yoghurt soprole proteína natural 155 g,Soprole,Unimarc,"Lácteos, Huevos y Refrigerados",42600.0,9088.284482758621,368.74,1
Yoghurt colun mora 125 g,Colun,Unimarc,"Lácteos, Huevos y Refrigerados",82000.0,9088.284482758621,802.26,1
Yoghurt griego quillayes protein natural pote 800 g,Quillayes,Unimarc,"Lácteos, Huevos y Refrigerados",4750.0,9088.284482758621,-47.73,0
Yoghurt colun piña 125 g,Colun,Unimarc,"Lácteos, Huevos y Refrigerados",82000.0,9088.284482758621,802.26,1
Fórmula láctea nido etapa 1 bolsa 700 g,Nido,Unimarc,"Lácteos, Huevos y Refrigerados",7230.0,9088.284482758621,-20.45,0
Leche semidescremada sin lactosa loncoleche con tapa 1 l,Loncoleche,Unimarc,"Lácteos, Huevos y Refrigerados",1300.0,9088.284482758621,-85.7,0
Leche descremada loncoleche sin tapa 1 l,Loncoleche,Unimarc,"Lácteos, Huevos y Refrigerados",1000.0,9088.284482758621,-89.0,0
Yoghurt loncoleche protein natural endulzado 140 g,Loncoleche,Unimarc,"Lácteos, Huevos y Refrigerados",53000.0,9088.284482758621,483.17,1
Leche entera natural con tapa soprole 1 l,Soprole,Unimarc,"Lácteos, Huevos y Refrigerados",1200.0,9088.284482758621,-86.8,0
Leche semidescremada sin lactosa colun 1 l,Colun,Unimarc,"Lácteos, Huevos y Refrigerados",1350.0,9088.284482758621,-85.15,0
Leche en polvo colun entera instantáneo doypack 900 g,Colun,Unimarc,"Lácteos, Huevos y Refrigerados",7590.0,9088.284482758621,-16.49,0
Yoghurt colun frutilla 125 g,Colun,Unimarc,"Lácteos, Huevos y Refrigerados",82000.0,9088.284482758621,802.26,1
Leche entera natural colun sin tapa 1 l,Colun,Unimarc,"Lácteos, Huevos y Refrigerados",1250.0,9088.284482758621,-86.25,0
Leche semidescremada loncoleche sin tapa 1 l,Loncoleche,Unimarc,"Lácteos, Huevos y Refrigerados",1000.0,9088.284482758621,-89.0,0
Leche entera los peumos 1 l,Los Peumos,Unimarc,"Lácteos, Huevos y Refrigerados",1000.0,9088.284482758621,-89.0,2
Leche entera loncoleche sin tapa 1 l,Loncoleche,Unimarc,"Lácteos, Huevos y Refrigerados",1000.0,9088.284482758621,-89.0,0
"Longaniza Artesanal Ahumada Pacel, 750g.",OTRA,Cugat,Fiambrería Y Embutidos,5990.0,5990.0,0.0,0
Sopa Sabor Carne con Fideos (5 Porciones) Sobre...,GENÉRICA,Acuenta,Pastas,590.0,988.1818181818181,-40.29,0
Fideos Instantaneos Sabor Pollo 65 g Traverso...,TRAVERSO,Acuenta,Pastas,990.0,988.1818181818181,0.18,0
Fideos Instantaneos Sabor Carne 65 g Traverso...,TRAVERSO,Acuenta,Pastas,990.0,988.1818181818181,0.18,0
Taza De Fideos Queso Cheddar 69 g Nissin,GENÉRICA,Acuenta,Pastas,1450.0,988.1818181818181,46.73,0
Fideo Pasta Sin Gluten Spaghetti N°5 Bolsa 400 ...,GENÉRICA,Acuenta,Pastas,3390.0,988.1818181818181,243.05,0
Fideo Pasta al Huevo Espirales Bolsa 400 g Lide...,GENÉRICA,Acuenta,Pastas,890.0,988.1818181818181,-9.94,0
Fideo Pasta al Huevo Rigati Bolsa 400 g Lider...,LIDER,Acuenta,Pastas,890.0,988.1818181818181,-9.94,0
Fideo Pasta al Huevo Corbatas Bolsa 400 g Lider...,LIDER,Acuenta,Pastas,890.0,988.1818181818181,-9.94,0
Fideo Pasta Canutos Bolsa 400 g Acuenta,ACUENTA,Acuenta,Pastas,460.0,988.1818181818181,-53.45,0
Fideo Pasta Pack Spaghetti N°5 3 Unidades 400 g...,GENÉRICA,Acuenta,Pastas,2450.0,988.1818181818181,147.93,0
Fideo Pasta Tres Vegetales Espirales Bolsa 400 ...,GENÉRICA,Acuenta,Pastas,950.0,988.1818181818181,-3.86,0
Fideo Pasta Tres Vegetales Corbatas Bolsa 400 g...,GENÉRICA,Acuenta,Pastas,950.0,988.1818181818181,-3.86,0
Fideo Pasta Mostaccioli Bolsa 400 g Acuenta...,ACUENTA,Acuenta,Pastas,460.0,988.1818181818181,-53.45,0
Fideo Pasta Fettuccine Bolsa 400 g Selección...,GENÉRICA,Acuenta,Pastas,1190.0,988.1818181818181,20.42,0
Fideo Pasta Farfalle Bolsa 400 g Selección...,GENÉRICA,Acuenta,Pastas,1190.0,988.1818181818181,20.42,0
Fideo Pasta Spaghetti Bolsa 400 g Selección...,GENÉRICA,Acuenta,Pastas,1190.0,988.1818181818181,20.42,0
Pasta Instantánea Sabor Carne Asada Pote 64 g M...,GENÉRICA,Acuenta,Pastas,1090.0,988.1818181818181,10.3,0
Sopa Sabor Pollo con Verduras y Fideos (5 Porci...,GENÉRICA,Acuenta,Pastas,450.0,988.1818181818181,-54.46,0
Sopa para Uno Sabor Pollo con Fideos Sobre 16 g...,GENÉRICA,Acuenta,Pastas,490.0,988.1818181818181,-50.41,0
Fideo Pasta Integral Espirales Bolsa 400 g Lucc...,GENÉRICA,Acuenta,Pastas,890.0,988.1818181818181,-9.94,0
Fideo Pasta Integral Rigati Bolsa 400 g Lucchet...,GENÉRICA,Acuenta,Pastas,890.0,988.1818181818181,-9.94,0
Fideo Pasta Tres Vegetales Rigati Bolsa 400 g L...,GENÉRICA,Acuenta,Pastas,950.0,988.1818181818181,-3.86,0
Fideo Pasta Integral Spaghetti N°5 Bolsa 400 g ...,GENÉRICA,Acuenta,Pastas,890.0,988.1818181818181,-9.94,0
Fideo Pasta Macaroni & Cheese Caja 296 g Lucche...,GENÉRICA,Acuenta,Pastas,1290.0,988.1818181818181,30.54,0
Fideo Pasta Caracoles al Queso Caja 296 g Lucch...,GENÉRICA,Acuenta,Pastas,1290.0,988.1818181818181,30.54,0
Fideo Pasta al Huevo Spaghetti N°5 Bolsa 400 g ...,GENÉRICA,Acuenta,Pastas,890.0,988.1818181818181,-9.94,0
Fideo Pasta al Huevo Rigati Bolsa 400 g Tallian...,GENÉRICA,Acuenta,Pastas,990.0,988.1818181818181,0.18,0
Fideo Pasta al Huevo Tallarines N°78 Bolsa 400 ...,GENÉRICA,Acuenta,Pastas,890.0,988.1818181818181,-9.94,0
Fideo Pasta al Huevo Spirali Bolsa 400 g Tallia...,GENÉRICA,Acuenta,Pastas,990.0,988.1818181818181,0.18,0
Fideo Pasta al Huevo Farfalle Bolsa 400 g Talli...,GENÉRICA,Acuenta,Pastas,990.0,988.1818181818181,0.18,0
Fideo Pasta al Huevo Anellini Bolsa 250 g Talli...,GENÉRICA,Acuenta,Pastas,1390.0,988.1818181818181,40.66,0
Fideo Pasta Caracolitos N°35 Bolsa 400 g Lucche...,GENÉRICA,Acuenta,Pastas,780.0,988.1818181818181,-21.07,0
Fideo Pasta Mariposas N°81 Bolsa 250 g Lucchett...,GENÉRICA,Acuenta,Pastas,780.0,988.1818181818181,-21.07,0
Fideo Pasta Dedalitos N°31 Bolsa 250 g Lucchett...,GENÉRICA,Acuenta,Pastas,780.0,988.1818181818181,-21.07,0
Fideo Pasta Mix Tallarines N°87 Espinaca Bolsa ...,GENÉRICA,Acuenta,Pastas,950.0,988.1818181818181,-3.86,0
Fideo Pasta Mix Corbatas Tricolor Bolsa 400 g C...,GENÉRICA,Acuenta,Pastas,950.0,988.1818181818181,-3.86,0
Fideo Pasta Ravioli Carne Bolsa 400 g Trattoria...,GENÉRICA,Acuenta,Pastas,2750.0,988.1818181818181,178.29,0
Fideo Pasta Canelones Caja 250 g Lucchetti...,LUCCHETTI,Acuenta,Pastas,2190.0,988.1818181818181,121.62,0
Fideo Pasta Spirali Bolsa 400 g Selección...,GENÉRICA,Acuenta,Pastas,1190.0,988.1818181818181,20.42,0
Fideos instantáneos sabor Camarón 64 g Great Va...,GENÉRICA,Acuenta,Pastas,780.0,988.1818181818181,-21.07,0
Fideo Pasta Canutos Bolsa 400 g Lider,LIDER,Acuenta,Pastas,750.0,988.1818181818181,-24.1,0
Fideos Instantáneos sabor carne Pote 64 g Great...,GENÉRICA,Acuenta,Pastas,520.0,988.1818181818181,-47.38,0
Fideo Pasta Granizo N°73 Bolsa 250 g Carozzi...,CAROZZI,Acuenta,Pastas,830.0,988.1818181818181,-16.01,0
Pasta Rápida Sabor Pollo 85 g Great Value...,GENÉRICA,Acuenta,Pastas,580.0,988.1818181818181,-41.31,0
Fideo Pasta Cabellitos Bolsa 400 g Lider,LIDER,Acuenta,Pastas,750.0,988.1818181818181,-24.1,0
Fideos Instantáneos sabor pollo Pote 64 g Great...,GENÉRICA,Acuenta,Pastas,780.0,988.1818181818181,-21.07,0
Fideo Pasta Mostaccioli Bolsa 400 g Lider...,LIDER,Acuenta,Pastas,750.0,988.1818181818181,-24.1,0
Fideo Pasta Alfabeto N°64 Bolsa 250 g Carozzi...,CAROZZI,Acuenta,Pastas,830.0,988.1818181818181,-16.01,0
Fideo Pasta Quifaros Bolsa 400 g Lider,LIDER,Acuenta,Pastas,750.0,988.1818181818181,-24.1,0
Fideo Pasta Mix Fusilli Tricolor Bolsa 400 g Ca...,GENÉRICA,Acuenta,Pastas,950.0,988.1818181818181,-3.86,0
Fideo Pasta Pantrucas Bolsa 250 g Carozzi...,CAROZZI,Acuenta,Pastas,830.0,988.1818181818181,-16.01,0
Fideo Pasta Mariposas N°93 Bolsa 250 g Carozzi...,CAROZZI,Acuenta,Pastas,830.0,988.1818181818181,-16.01,0
Pasta Rápida Sabor Carne 85 g Great Value...,GENÉRICA,Acuenta,Pastas,590.0,988.1818181818181,-40.29,0
Fideo Pasta Tallarines N°77 Bolsa 400 g Lider...,LIDER,Acuenta,Pastas,750.0,988.1818181818181,-24.1,0
Fideo Pasta Corbatas Bolsa 400 g Lider,LIDER,Acuenta,Pastas,750.0,988.1818181818181,-24.1,0
Fideo Pasta Cabellos de Angel Bolsa 400 g Lucch...,GENÉRICA,Acuenta,Pastas,970.0,988.1818181818181,-1.84,0
Fideo Pasta Cabellitos Bolsa 400 g Lucchetti...,LUCCHETTI,Acuenta,Pastas,970.0,988.1818181818181,-1.84,0
Fideo Pasta Spaghetti N°5 Bolsa 400 g Lider...,LIDER,Acuenta,Pastas,750.0,988.1818181818181,-24.1,0
Fideo Pasta Espirales Bolsa 400 g Lider,LIDER,Acuenta,Pastas,750.0,988.1818181818181,-24.1,0
Fideo Pasta Quifaros N°33 Bolsa 400 g Lucchetti...,LUCCHETTI,Acuenta,Pastas,970.0,988.1818181818181,-1.84,0
Fideo Pasta Canutos N°47 Bolsa 400 g Lucchetti...,LUCCHETTI,Acuenta,Pastas,970.0,988.1818181818181,-1.84,0
Pasta Instantánea Sabor a Pollo Pote 64 g Maruc...,GENÉRICA,Acuenta,Pastas,1090.0,988.1818181818181,10.3,0
Pasta Para Uno Caracoquesos Pote 70 g Carozzi...,CAROZZI,Acuenta,Pastas,1250.0,988.1818181818181,26.49,0
Sopa Individual Sabor Pollo con Fideos Sobre 15...,GENÉRICA,Acuenta,Pastas,450.0,988.1818181818181,-54.46,0
Fideo Pasta Espirales Bolsa 400 g Acuenta...,ACUENTA,Acuenta,Pastas,430.0,988.1818181818181,-56.49,0
Fideo Pasta Corbatitas N°30 Bolsa 400 g Carozzi...,CAROZZI,Acuenta,Pastas,990.0,988.1818181818181,0.18,0
Fideo Pasta Spaghetti N°5 Bolsa 400 g Acuenta...,ACUENTA,Acuenta,Pastas,430.0,988.1818181818181,-56.49,0
Sopa Individual Sabor Costilla con Fideos Sobre...,GENÉRICA,Acuenta,Pastas,450.0,988.1818181818181,-54.46,0
Fideo Pasta Ravioli Ricotta y espinaca Bolsa 40...,GENÉRICA,Acuenta,Pastas,2450.0,988.1818181818181,147.93,0
Sopa Sabor Costilla con Fideos (5 Porciones) So...,GENÉRICA,Acuenta,Pastas,450.0,988.1818181818181,-54.46,0
Fideo Pasta Corbatas N°88 Bolsa 400 g Lucchetti...,LUCCHETTI,Acuenta,Pastas,970.0,988.1818181818181,-1.84,0
Fideo Pasta Spaghetti N°5 Bolsa 400 g Lucchetti...,LUCCHETTI,Acuenta,Pastas,970.0,988.1818181818181,-1.84,0
Fideo Pasta Caracoquesos Caja 296 g Carozzi...,CAROZZI,Acuenta,Pastas,1890.0,988.1818181818181,91.26,0
Fideo Pasta Quifaros Bolsa 400 g Acuenta,ACUENTA,Acuenta,Pastas,460.0,988.1818181818181,-53.45,0
Fideo Pasta Ravioli Carne Bolsa 400 g Carozzi...,CAROZZI,Acuenta,Pastas,2450.0,988.1818181818181,147.93,0
Fideo Pasta Rigatoni N°48 Bolsa 400 g Carozzi...,CAROZZI,Acuenta,Pastas,990.0,988.1818181818181,0.18,0
Fideo Pasta Tallarines N°77 Bolsa 400 g Lucchet...,GENÉRICA,Acuenta,Pastas,970.0,988.1818181818181,-1.84,0
Fideo Pasta Cabellos de Angel Corto Bolsa 400 g...,GENÉRICA,Acuenta,Pastas,990.0,988.1818181818181,0.18,0
Fideo Pasta Corbatas Bolsa 400 g Acuenta,ACUENTA,Acuenta,Pastas,430.0,988.1818181818181,-56.49,0
Fideo Pasta Tallarines N°77 Bolsa 400 g Acuenta...,ACUENTA,Acuenta,Pastas,430.0,988.1818181818181,-56.49,0
Fideo Pasta Mostaccioli N°46 Bolsa 400 g Carozz...,GENÉRICA,Acuenta,Pastas,990.0,988.1818181818181,0.18,0
Fideo Pasta Fettucinne N°88 Bolsa 400 g Carozzi...,CAROZZI,Acuenta,Pastas,990.0,988.1818181818181,0.18,0
Fideo Pasta Corbatas N°80 Bolsa 400 g Carozzi...,CAROZZI,Acuenta,Pastas,990.0,988.1818181818181,0.18,0
Sopa Sabor Pollo con Fideos (5 Porciones) Sobre...,GENÉRICA,Acuenta,Pastas,450.0,988.1818181818181,-54.46,0
Fideo Pasta Espirales N°49 Bolsa 400 g Carozzi...,CAROZZI,Acuenta,Pastas,990.0,988.1818181818181,0.18,0
Fideo Pasta Tallarines N°87 Bolsa 400 g Carozzi...,CAROZZI,Acuenta,Pastas,990.0,988.1818181818181,0.18,0
Fideo Pasta Espirales N°56 Bolsa 400 g Lucchett...,GENÉRICA,Acuenta,Pastas,970.0,988.1818181818181,-1.84,0
Fideo Pasta Spaghetti N°5 Bolsa 400 g Carozzi...,CAROZZI,Acuenta,Pastas,990.0,988.1818181818181,0.18,0
Arroz Grado 2 largo y delgado 1200 g Lider...,LIDER,Acuenta,Arroz,1000.0,1454.5454545454545,-31.25,0
Arroz Preparado Chaufán Bolsa 210 g Tucapel...,TUCAPEL,Acuenta,Arroz,750.0,1454.5454545454545,-48.44,0
Arroz Preparado Champiñón Bolsa 210 g Tucapel...,TUCAPEL,Acuenta,Arroz,750.0,1454.5454545454545,-48.44,0
Arroz Grado 1 Grano Largo Pregraneado Bolsa 1 k...,GENÉRICA,Acuenta,Arroz,1850.0,1454.5454545454545,27.19,0
Arroz Grado 1 Grano Largo Blue Bonnet Bolsa 1 K...,GENÉRICA,Acuenta,Arroz,2250.0,1454.5454545454545,54.69,0
Arroz Integral Grado 1 Grano Largo y Ancho Bols...,GENÉRICA,Acuenta,Arroz,1990.0,1454.5454545454545,36.81,0
Caldo en Polvo para Arroz (5 Sobres) Bolsa 32 g...,GENÉRICA,Acuenta,Arroz,660.0,1454.5454545454545,-54.63,0
Fideo Pasta de Arroz Ancho Bolsa 375 g Cock Bra...,GENÉRICA,Acuenta,Arroz,2650.0,1454.5454545454545,82.19,0
Arroz Grado 1 Grano Largo Pregraneado Bolsa 1 K...,GENÉRICA,Acuenta,Arroz,1950.0,1454.5454545454545,34.06,0
Sazonador en Polvo para Arroz (6 Sobres) Bolsa ...,GENÉRICA,Acuenta,Arroz,740.0,1454.5454545454545,-49.13,0
Arroz Grado 2 Grano Largo Bolsa 1 kg Acuenta...,ACUENTA,Acuenta,Arroz,850.0,1454.5454545454545,-41.56,0
Arroz Grado 2 Grano Largo Bolsa 1 kg Tucapel...,TUCAPEL,Acuenta,Arroz,1390.0,1454.5454545454545,-4.44,0
Sopa Sabor Pollo con Arroz (5 Porciones) Sobre ...,GENÉRICA,Acuenta,Arroz,450.0,1454.5454545454545,-69.06,0
Arroz Grado 2 Grano Largo y Delgado Bolsa 1 kg ...,GENÉRICA,Acuenta,Arroz,1190.0,1454.5454545454545,-18.19,0
Arroz Grado 1 Grano Largo y Ancho Bolsa 1 kg Li...,GENÉRICA,Acuenta,Arroz,1890.0,1454.5454545454545,29.94,0
Arroz Grado 2 Grano Largo y Ancho Bolsa 1 kg Li...,GENÉRICA,Acuenta,Arroz,1490.0,1454.5454545454545,2.44,0
Arroz Largo Ancho Grano 2 Banquete,BANQUETE,Acuenta,Arroz,2000.0,1454.5454545454545,37.5,0
Arroz Grado 1 Grano Largo y Delgado Bolsa 1 kg ...,GENÉRICA,Acuenta,Arroz,1650.0,1454.5454545454545,13.44,0
Arroz Grado 1 Grano Largo Bolsa 800 g La Romana...,LA ROMA,Acuenta,Arroz,1000.0,1454.5454545454545,-31.25,2
Arroz Grado 1 Grano Largo Bolsa 1 Kg Miraflores...,MIRAFLORES,Acuenta,Arroz,2350.0,1454.5454545454545,61.56,0
Arroz Grado 1 Grano Largo Bolsa 1 kg Tucapel...,TUCAPEL,Acuenta,Arroz,2150.0,1454.5454545454545,47.81,0
Arroz Tucapel Extra Fino Grado 2 Grano largo fi...,TUCAPEL,Acuenta,Arroz,1000.0,1454.5454545454545,-31.25,0
Mantequilla de campo con sal Kumey 125g,OTRA,Cugat,Mantequillas y Margarinas,1690.0,2340.0,-27.78,0
"Mantequilla de campo con sal Kumey, 250g",OTRA,Cugat,Mantequillas y Margarinas,2990.0,2340.0,27.78,0
"Atún Lomito en Aceite San José, 160g neto (104g drenado)",OTRA,Cugat,Conservas y Enlatados,1490.0,1938.8372093023256,-23.15,0
"Atún Lomito en Agua San José, 160g neto (104g drenado)",OTRA,Cugat,Conservas y Enlatados,1490.0,1938.8372093023256,-23.15,0
"Champiñones Enteros Esmeralda, 400g neto (230g drenado)",OTRA,Cugat,Conservas y Enlatados,1990.0,1938.8372093023256,2.64,0
"Choclitos de Cocktail Esmeralda, 425g neto (230g drenado)",OTRA,Cugat,Conservas y Enlatados,2990.0,1938.8372093023256,54.22,0
"Choritos al Natural San José, 190g neto (100g drenado)",NATURA,Cugat,Conservas y Enlatados,1990.0,1938.8372093023256,2.64,0
"Choritos al Natural San José, 425g neto (200g drenado)",NATURA,Cugat,Conservas y Enlatados,2990.0,1938.8372093023256,54.22,0
"Choritos en Aceite 100% Maravilla San José, 190g neto (100g drenado)",OTRA,Cugat,Conservas y Enlatados,1990.0,1938.8372093023256,2.64,0
"Choritos en Agua Robinson Crusoe, 190g neto (100g drenado)",OTRA,Cugat,Conservas y Enlatados,1990.0,1938.8372093023256,2.64,0
"Cóctel de Frutas Wasil, 560g neto (340g drenado)",OTRA,Cugat,Conservas y Enlatados,3290.0,1938.8372093023256,69.69,0
"Duraznos en Cubitos Wasil, 500g neto (265g drenado)",OTRA,Cugat,Conservas y Enlatados,1790.0,1938.8372093023256,-7.68,0
"Duraznos en Cubitos Aconcagua, 590g neto (340g drenado)",OTRA,Cugat,Conservas y Enlatados,2390.0,1938.8372093023256,23.27,0
"Duraznos en Cubitos Wasil, 590g neto (340g drenado)",OTRA,Cugat,Conservas y Enlatados,1990.0,1938.8372093023256,2.64,0
"Duraznos en Mitades Wasil, 590g neto (340g drenado)",OTRA,Cugat,Conservas y Enlatados,1990.0,1938.8372093023256,2.64,0
"Duraznos en Mitades Dos Caballos, 590g neto (340g drenado)",OTRA,Cugat,Conservas y Enlatados,2290.0,1938.8372093023256,18.11,0
"Jurel Natural San José Bajo en Sodio, 425g neto (drenado 300g)",NATURA,Cugat,Conservas y Enlatados,2690.0,1938.8372093023256,38.74,0
"Jurel Natural San José, 425g neto (drenado 300g).",NATURA,Cugat,Conservas y Enlatados,2090.0,1938.8372093023256,7.8,0
"Atún Desmenuzado Esmeralda en Aceite, 160g neto (drenado 104g)",OTRA,Cugat,Conservas y Enlatados,1990.0,1938.8372093023256,2.64,0
"Palmitos en Rodajas Wasil Tarro, 400g neto (drenado 220g)",OTRA,Cugat,Conservas y Enlatados,2190.0,1938.8372093023256,12.95,0
"Duraznos en Trocitos Bonanza, 590g neto (340g drenado)",BONANZA,Cugat,Conservas y Enlatados,1990.0,1938.8372093023256,2.64,2
"Piña Wasil en Rodajas Lata, 560g neto (drenado 340g)",OTRA,Cugat,Conservas y Enlatados,2190.0,1938.8372093023256,12.95,0
"Piña Esmeralda en Trocitos Lata, 565g neta (drenado 340g)",OTRA,Cugat,Conservas y Enlatados,2190.0,1938.8372093023256,12.95,0
"Porotos Wasil Listos para Servir, 380g neto (drenado 230g)",OTRA,Cugat,Conservas y Enlatados,1590.0,1938.8372093023256,-17.99,0
"Poroto Negro Wasil Listos para Servir, 380g neto (drenado 230g)",OTRA,Cugat,Conservas y Enlatados,1590.0,1938.8372093023256,-17.99,0
"Salsa para Bruschetta Espárrago Verde Perfect Choice, 280g",OTRA,Cugat,Conservas y Enlatados,3490.0,1938.8372093023256,80.0,0
"Carbonada Casera Lista Wasil Tetra, 380g",OTRA,Cugat,Conservas y Enlatados,2190.0,1938.8372093023256,12.95,0
"Garbanzos Wasil Listos para Servir, 380g neto (drenado 230g)",OTRA,Cugat,Conservas y Enlatados,1590.0,1938.8372093023256,-17.99,0
"Atún Lomitos en Agua Van Camp’s, 142g neto (92g drenado)",OTRA,Cugat,Conservas y Enlatados,1590.0,1938.8372093023256,-17.99,0
"Atún Lomitos en Aceite Van Camp´s, 142g neto (92g drenado)",OTRA,Cugat,Conservas y Enlatados,1590.0,1938.8372093023256,-17.99,0
"Champiñones Laminados Esmeralda, 400g neto (drenado 230g)",OTRA,Cugat,Conservas y Enlatados,2190.0,1938.8372093023256,12.95,0
"Palmitos en Rodajas Esmeralda, 400g neto (drenado 220g)",OTRA,Cugat,Conservas y Enlatados,2490.0,1938.8372093023256,28.43,0
"Atún Desmenuzado Esmeralda en Agua, 160g neto (drenado 104g)",OTRA,Cugat,Conservas y Enlatados,1990.0,1938.8372093023256,2.64,0
"Duraznos en Mitades Aruna, 420g neto (250g drenado)",ARUNA,Cugat,Conservas y Enlatados,1490.0,1938.8372093023256,-23.15,0
"Lentejas Wasil Listas para Servir, 380g neto (drenado 230g)",OTRA,Cugat,Conservas y Enlatados,1590.0,1938.8372093023256,-17.99,0
"Garbanzos Cocidos Aruna Frasco, 570ml. neto (drenado 400g)",ARUNA,Cugat,Conservas y Enlatados,1390.0,1938.8372093023256,-28.31,0
"Poroto Rojo Wasil Listo para Servir, 380g neto (drenado 230g)",OTRA,Cugat,Conservas y Enlatados,1590.0,1938.8372093023256,-17.99,0
"Poroto Blanco Esmeralda Lata, 400g neto (drenado 240g)",OTRA,Cugat,Conservas y Enlatados,1390.0,1938.8372093023256,-28.31,0
"Poroto Negro Esmeralda Lata, 400g neto (drenado 240g)",OTRA,Cugat,Conservas y Enlatados,1390.0,1938.8372093023256,-28.31,0
"Lentejas Listas para Servir Esmeralda, 400g neto (drenado 240g)",OTRA,Cugat,Conservas y Enlatados,1390.0,1938.8372093023256,-28.31,0
"Garbanzos Esmeralda Listos Para Servir, 400g neto (drenado 240g)",OTRA,Cugat,Conservas y Enlatados,1390.0,1938.8372093023256,-28.31,0
"Lenteja Cocida Aruna Frasco, 580ml (drenado 400g)",ARUNA,Cugat,Conservas y Enlatados,1290.0,1938.8372093023256,-33.47,0
"Porotos Aruna Carilla Cocido, 570g neto (drenado 400g)",ARUNA,Cugat,Conservas y Enlatados,1490.0,1938.8372093023256,-23.15,0
"Jurel en Conserva Aruna, 425g neto (drenado 300g).",ARUNA,Cugat,Conservas y Enlatados,1090.0,1938.8372093023256,-43.78,0
"Atún Lomito en Agua Otuna, 140g neto (91g drenado)",OTRA,Cugat,Conservas y Enlatados,1590.0,1938.8372093023256,-17.99,0
Mayonesa Mavesa 445 Gr 445 g Mavesa,GENÉRICA,Acuenta,Salsas,4690.0,3935.5555555555557,19.17,0
Mayonesa Regular Doypack 800 g Hellmann's...,GENÉRICA,Acuenta,Salsas,2750.0,3935.5555555555557,-30.12,0
Mayonesa Supreme Deli Doypack 650 g Hellmann's...,GENÉRICA,Acuenta,Salsas,2990.0,3935.5555555555557,-24.03,0
Mayonesa Regular Doypack 630 g Hellmann's...,GENÉRICA,Acuenta,Salsas,2990.0,3935.5555555555557,-24.03,0
Mayonesa Deli Doypack 650 g Kraft,KRAFT,Acuenta,Salsas,3590.0,3935.5555555555557,-8.78,0
Mayonesa Regular Frasco 850 g Great Value...,GENÉRICA,Acuenta,Salsas,4890.0,3935.5555555555557,24.25,0
Mayonesa Tartara Doypack 250 g Lider,LIDER,Acuenta,Salsas,1250.0,3935.5555555555557,-68.24,0
Mayonesa al Ajo Doypack 372 g Lider,LIDER,Acuenta,Salsas,2290.0,3935.5555555555557,-41.81,0
Mayonesa Light Doypack 796 g Lider,LIDER,Acuenta,Salsas,3390.0,3935.5555555555557,-13.86,0
Mayonesa Supreme Frasco 380 g Hellmann's,GENÉRICA,Acuenta,Salsas,3890.0,3935.5555555555557,-1.16,0
Mayonesa Supreme Frasco 735 g Hellmann's,GENÉRICA,Acuenta,Salsas,4790.0,3935.5555555555557,21.71,0
Mayonesa Regular Doypack 790 g Lider,LIDER,Acuenta,Salsas,3390.0,3935.5555555555557,-13.86,0
Mayonesa Regular Doypack 988 g Lider,LIDER,Acuenta,Salsas,3890.0,3935.5555555555557,-1.16,0
Mayonesa Regular Frasco 394 g Kraft,KRAFT,Acuenta,Salsas,4490.0,3935.5555555555557,14.09,0
Mayonesa Regular Frasco 1.262 g Kraft,KRAFT,Acuenta,Salsas,9890.0,3935.5555555555557,151.3,0
Mayonesa Regular Frasco 789 g Kraft,KRAFT,Acuenta,Salsas,6590.0,3935.5555555555557,67.45,0
Mayonesa Regular Doypack 800 g Acuenta,ACUENTA,Acuenta,Salsas,2190.0,3935.5555555555557,-44.35,0
Mayonesa Deli Doypack 850 g Kraft,KRAFT,Acuenta,Salsas,2890.0,3935.5555555555557,-26.57,0
"Fideos Pastanova Espirales, 400g",OTRA,Cugat,Pastas Fideos y Salsas,690.0,845.0,-18.34,0
"Fideos Pastanova Spaghetti N°5, 400g",OTRA,Cugat,Pastas Fideos y Salsas,1000.0,845.0,18.34,0
Jalea Flipy 100 g Ambrosoli,GENÉRICA,Acuenta,Colaciones/Postres,450.0,541.9277108433735,-16.96,0
Postre Preparado Mote Con Huesillos 1 Un 400 g ...,GENÉRICA,Acuenta,Colaciones/Postres,1950.0,541.9277108433735,259.83,0
Postre Mousse De Chocolate Tradicional 100 g Sa...,GENÉRICA,Acuenta,Colaciones/Postres,760.0,541.9277108433735,40.24,0
Arroz con Leche Postre Tradicional 130 g Soprol...,GENÉRICA,Acuenta,Colaciones/Postres,680.0,541.9277108433735,25.48,0
Postre Gold Creme Caramel Pote 120 g Soprole...,SOPROLE,Acuenta,Colaciones/Postres,770.0,541.9277108433735,42.09,0
Postre de Chocolate Mousse Pote 70 g Trencito...,GENÉRICA,Acuenta,Colaciones/Postres,710.0,541.9277108433735,31.01,0
Jalea Piña Postre 100 g Colun,COLUN,Acuenta,Colaciones/Postres,280.0,541.9277108433735,-48.33,0
Flan Caramelo Tradicional 110 g Nestlé,GENÉRICA,Acuenta,Colaciones/Postres,390.0,541.9277108433735,-28.03,0
Jalea Sabor Limón Tradicional 100 g Lider...,LIDER,Acuenta,Colaciones/Postres,250.0,541.9277108433735,-53.87,0
Postre Gold Panna Cotta Sabor Frambuesa Pote 12...,GENÉRICA,Acuenta,Colaciones/Postres,770.0,541.9277108433735,42.09,0
Postre Goodnes Protein Vainilla 115G 115 g Good...,GENÉRICA,Acuenta,Colaciones/Postres,810.0,541.9277108433735,49.47,0
Postre Sémola con Leche Sabor Frambuesa Pote 14...,GENÉRICA,Acuenta,Colaciones/Postres,670.0,541.9277108433735,23.63,0
Postre Sémola Damasco Tradicional 140 g Soprole...,SOPROLE,Acuenta,Colaciones/Postres,670.0,541.9277108433735,23.63,0
Postre Goodnes Protein Sabor Chocolate Pote 115...,GENÉRICA,Acuenta,Colaciones/Postres,810.0,541.9277108433735,49.47,0
Jalea Sabor Piña Postre Tradicional 100 g Lider...,LIDER,Acuenta,Colaciones/Postres,250.0,541.9277108433735,-53.87,0
Jalea Frambuesa Light Pack Postre 100 gr Regime...,GENÉRICA,Acuenta,Colaciones/Postres,1490.0,541.9277108433735,174.94,0
Flan Vainilla Tradicional 110 g Nestlé,GENÉRICA,Acuenta,Colaciones/Postres,390.0,541.9277108433735,-28.03,0
Postre Sémola con Leche Sabor Caramelo Pote 140...,GENÉRICA,Acuenta,Colaciones/Postres,670.0,541.9277108433735,23.63,0
Jalea Naranja Postre 100 g Colun,COLUN,Acuenta,Colaciones/Postres,280.0,541.9277108433735,-48.33,0
Jalea Piña Pote Tradicional 110 g Soprole...,SOPROLE,Acuenta,Colaciones/Postres,320.0,541.9277108433735,-40.95,0
Flan Sabor Caramelo Pote 110 g Soprole,SOPROLE,Acuenta,Colaciones/Postres,340.0,541.9277108433735,-37.26,0
Postre Goodnes Protein Sabor Caramelo Pote 115 ...,GENÉRICA,Acuenta,Colaciones/Postres,800.0,541.9277108433735,47.62,0
Jalea Sabor Frambuesa Tradicional 100 g Lider...,LIDER,Acuenta,Colaciones/Postres,250.0,541.9277108433735,-53.87,0
Flan Sabor Vainilla Pote 110 g Soprole,SOPROLE,Acuenta,Colaciones/Postres,340.0,541.9277108433735,-37.26,0
Flan Sabor Chocolate Pote 110 g Soprole,SOPROLE,Acuenta,Colaciones/Postres,340.0,541.9277108433735,-37.26,0
Jalea Sabor Guinda Tradicional 100 g Lider...,LIDER,Acuenta,Colaciones/Postres,250.0,541.9277108433735,-53.87,0
Jalea Guinda Postre 100 g Colun,COLUN,Acuenta,Colaciones/Postres,380.0,541.9277108433735,-29.88,0
Jalea Sabor Frambuesa Pote 110 g Soprole,SOPROLE,Acuenta,Colaciones/Postres,320.0,541.9277108433735,-40.95,0
Jalea Sabor Naranja Tradicional 100 g Lider...,LIDER,Acuenta,Colaciones/Postres,250.0,541.9277108433735,-53.87,0
Yoghurt Natural Aflanado 155 g Soprole,SOPROLE,Acuenta,Colaciones/Postres,450.0,541.9277108433735,-16.96,0
Postre Leche Asada Pote 120 g Soprole,SOPROLE,Acuenta,Colaciones/Postres,640.0,541.9277108433735,18.1,0
Postre Sémola con Leche Salda de Frambuesa Pote...,GENÉRICA,Acuenta,Colaciones/Postres,540.0,541.9277108433735,-0.36,0
Jalea Frambuesa Postre 100 g Colun,COLUN,Acuenta,Colaciones/Postres,250.0,541.9277108433735,-53.87,0
Postre Sémola con Leche de Caramelo Pote 130 g ...,GENÉRICA,Acuenta,Colaciones/Postres,540.0,541.9277108433735,-0.36,0
Flan Vainilla Postre 100 g Colun,COLUN,Acuenta,Colaciones/Postres,290.0,541.9277108433735,-46.49,0
Postre Crema sabor Lúcuma 120 g Chandelle...,GENÉRICA,Acuenta,Colaciones/Postres,760.0,541.9277108433735,40.24,0
Jalea Piña Tradicional 110 g Nestlé,GENÉRICA,Acuenta,Colaciones/Postres,350.0,541.9277108433735,-35.42,0
Postre Petit Suisse Plátano Pote 45 g g Chiquit...,GENÉRICA,Acuenta,Colaciones/Postres,330.0,541.9277108433735,-39.11,0
Jalea Frambuesa 110 g Nestle,NESTLE,Acuenta,Colaciones/Postres,350.0,541.9277108433735,-35.42,0
Jalea Guinda Postre Tradicional 110 g Nestlé...,GENÉRICA,Acuenta,Colaciones/Postres,350.0,541.9277108433735,-35.42,0
Postre Cremoso Petit Suisse Frutilla Pote 45 g ...,TIL,Acuenta,Colaciones/Postres,330.0,541.9277108433735,-39.11,0
Postre Crema sabor Chocolate 120 g Chandelle...,GENÉRICA,Acuenta,Colaciones/Postres,760.0,541.9277108433735,40.24,0
Postre Goodnes Protein Vainilla 115G 115 g Good...,GENÉRICA,ACUENTA,Colaciones/Postres,810.0,541.9277108433735,49.47,0
Jalea Piña Postre 100 g Colun,COLUN,ACUENTA,Colaciones/Postres,280.0,541.9277108433735,-48.33,0
Jalea Naranja Postre 100 g Colun,COLUN,ACUENTA,Colaciones/Postres,280.0,541.9277108433735,-48.33,0
Jalea Frambuesa Light Pack Postre 100 gr Regime...,GENÉRICA,ACUENTA,Colaciones/Postres,1890.0,541.9277108433735,248.76,0
Postre Goodnes Protein Sabor Chocolate Pote 115...,GENÉRICA,ACUENTA,Colaciones/Postres,810.0,541.9277108433735,49.47,0
Postre Goodnes Protein Sabor Caramelo Pote 115 ...,GENÉRICA,ACUENTA,Colaciones/Postres,800.0,541.9277108433735,47.62,0
Arroz con Leche Postre Tradicional 130 g Soprol...,GENÉRICA,ACUENTA,Colaciones/Postres,680.0,541.9277108433735,25.48,0
Postre Gold Creme Caramel Pote 120 g Soprole...,SOPROLE,ACUENTA,Colaciones/Postres,770.0,541.9277108433735,42.09,0
Postre Gold Panna Cotta Sabor Frambuesa Pote 12...,GENÉRICA,ACUENTA,Colaciones/Postres,770.0,541.9277108433735,42.09,0
Postre Mousse De Chocolate Tradicional 100 g Sa...,GENÉRICA,ACUENTA,Colaciones/Postres,760.0,541.9277108433735,40.24,0
Postre de Chocolate Mousse Pote 70 g Trencito...,GENÉRICA,ACUENTA,Colaciones/Postres,660.0,541.9277108433735,21.79,0
Jalea Guinda Postre 100 g Colun,COLUN,ACUENTA,Colaciones/Postres,380.0,541.9277108433735,-29.88,0
Postre Sémola con Leche Sabor Frambuesa Pote 14...,GENÉRICA,ACUENTA,Colaciones/Postres,670.0,541.9277108433735,23.63,0
Postre Sémola Damasco Tradicional 140 g Soprole...,SOPROLE,ACUENTA,Colaciones/Postres,670.0,541.9277108433735,23.63,0
Postre Sémola con Leche Sabor Caramelo Pote 140...,GENÉRICA,ACUENTA,Colaciones/Postres,670.0,541.9277108433735,23.63,0
Jalea Sabor Limón Tradicional 100 g Lider...,LIDER,ACUENTA,Colaciones/Postres,250.0,541.9277108433735,-53.87,0
Jalea Sabor Naranja Tradicional 100 g Lider...,LIDER,ACUENTA,Colaciones/Postres,250.0,541.9277108433735,-53.87,0
Jalea Sabor Piña Postre Tradicional 100 g Lider...,LIDER,ACUENTA,Colaciones/Postres,250.0,541.9277108433735,-53.87,0
Jalea Sabor Frambuesa Tradicional 100 g Lider...,LIDER,ACUENTA,Colaciones/Postres,250.0,541.9277108433735,-53.87,0
Jalea Sabor Guinda Tradicional 100 g Lider...,LIDER,ACUENTA,Colaciones/Postres,250.0,541.9277108433735,-53.87,0
Postre Preparado Mote Con Huesillos 1 Un 400 g ...,GENÉRICA,ACUENTA,Colaciones/Postres,1950.0,541.9277108433735,259.83,0
Flan Vainilla Tradicional 110 g Nestlé,GENÉRICA,ACUENTA,Colaciones/Postres,380.0,541.9277108433735,-29.88,0
Postre Petit Suisse Plátano Pote 45 g g Chiquit...,GENÉRICA,ACUENTA,Colaciones/Postres,330.0,541.9277108433735,-39.11,0
Jalea Piña Tradicional 110 g Nestlé,GENÉRICA,ACUENTA,Colaciones/Postres,360.0,541.9277108433735,-33.57,0
Flan Caramelo Tradicional 110 g Nestlé,GENÉRICA,ACUENTA,Colaciones/Postres,380.0,541.9277108433735,-29.88,0
Postre Leche Asada Pote 120 g Soprole,SOPROLE,ACUENTA,Colaciones/Postres,640.0,541.9277108433735,18.1,0
Jalea Piña Pote Tradicional 110 g Soprole...,SOPROLE,ACUENTA,Colaciones/Postres,320.0,541.9277108433735,-40.95,0
Jalea Sabor Frambuesa Pote 110 g Soprole,SOPROLE,ACUENTA,Colaciones/Postres,320.0,541.9277108433735,-40.95,0
Postre Sémola con Leche Salda de Frambuesa Pote...,GENÉRICA,ACUENTA,Colaciones/Postres,540.0,541.9277108433735,-0.36,0
Jalea Guinda Postre Tradicional 110 g Nestlé...,GENÉRICA,ACUENTA,Colaciones/Postres,360.0,541.9277108433735,-33.57,0
Flan Sabor Chocolate Pote 110 g Soprole,SOPROLE,ACUENTA,Colaciones/Postres,340.0,541.9277108433735,-37.26,0
Jalea Frambuesa Postre 100 g Colun,COLUN,ACUENTA,Colaciones/Postres,250.0,541.9277108433735,-53.87,0
Postre Cremoso Petit Suisse Frutilla Pote 45 g ...,TIL,ACUENTA,Colaciones/Postres,330.0,541.9277108433735,-39.11,0
Jalea Frambuesa 110 g Nestle,NESTLE,ACUENTA,Colaciones/Postres,360.0,541.9277108433735,-33.57,0
Yoghurt Natural Aflanado 155 g Soprole,SOPROLE,ACUENTA,Colaciones/Postres,360.0,541.9277108433735,-33.57,0
Flan Sabor Vainilla Pote 110 g Soprole,SOPROLE,ACUENTA,Colaciones/Postres,340.0,541.9277108433735,-37.26,0
Flan Sabor Caramelo Pote 110 g Soprole,SOPROLE,ACUENTA,Colaciones/Postres,340.0,541.9277108433735,-37.26,0
Flan Vainilla Postre 100 g Colun,COLUN,ACUENTA,Colaciones/Postres,290.0,541.9277108433735,-46.49,0
Postre Sémola con Leche de Caramelo Pote 130 g ...,GENÉRICA,ACUENTA,Colaciones/Postres,540.0,541.9277108433735,-0.36,0
Postre Crema sabor Chocolate 120 g Chandelle...,GENÉRICA,ACUENTA,Colaciones/Postres,760.0,541.9277108433735,40.24,0
Postre Crema sabor Lúcuma 120 g Chandelle...,GENÉRICA,ACUENTA,Colaciones/Postres,760.0,541.9277108433735,40.24,0
Bolsa de Basura Pequeña para Papelero 50x55 cm ...,GENÉRICA,Acuenta,Aseo,1350.0,4666.176470588235,-71.07,0
Toalla de Papel Premium Triple Hoja 20 Metros ...,GENÉRICA,Acuenta,Aseo,2790.0,4666.176470588235,-40.21,0
Papel Film Plástico 30 Metros Corte Sierra 1 Un...,GENÉRICA,Acuenta,Aseo,1500.0,4666.176470588235,-67.85,0
Toalla de Papel Ultra Absorbente Triple Hoja 20...,GENÉRICA,Acuenta,Aseo,2950.0,4666.176470588235,-36.78,0
Toalla de Papel Tradicional Doble Hoja 12 m 3 U...,GENÉRICA,Acuenta,Aseo,1500.0,4666.176470588235,-67.85,0
Toalla de Papel Clásica Gigante XL Doble Hoj...,GENÉRICA,Acuenta,Aseo,1850.0,4666.176470588235,-60.35,0
Papel Higiénico Rendiplus Doble Hoja 27 m 18 Un...,GENÉRICA,Acuenta,Aseo,8990.0,4666.176470588235,92.66,0
Toalla de Papel Doble Hoja 10 m Clásica Bolsa 3...,GENÉRICA,Acuenta,Aseo,950.0,4666.176470588235,-79.64,0
Papel Higiénico Doble Hoja 30 m 8 Un Confort...,GENÉRICA,Acuenta,Aseo,4250.0,4666.176470588235,-8.92,0
"Papel Aluminio 7,62 Metros Corte Sierra 1 Un Gr...",GENÉRICA,Acuenta,Aseo,1200.0,4666.176470588235,-74.28,0
Toalla de Papel Gigante Doble Hoja 70 m 1 Un No...,GENÉRICA,Acuenta,Aseo,3550.0,4666.176470588235,-23.92,0
Toalla de Papel Ultra Megarollo Doble Hoja 26 m...,GENÉRICA,Acuenta,Aseo,2590.0,4666.176470588235,-44.49,0
Papel Higiénico Ultra Doble Hoja 50 m 12 Un Eli...,GENÉRICA,Acuenta,Aseo,12790.0,4666.176470588235,174.1,0
Toalla de Papel XL Doble Hoja 100 m 1 Un Acuent...,GENÉRICA,Acuenta,Aseo,2590.0,4666.176470588235,-44.49,0
Papel Higiénico Max Una Hoja 100 m 8 Un Confort...,GENÉRICA,Acuenta,Aseo,10890.0,4666.176470588235,133.38,0
Papel Higiénico Doble Hoja 22 Metros 40 Un Conf...,GENÉRICA,Acuenta,Aseo,14150.0,4666.176470588235,203.25,0
Toalla de Papel Doble Hoja 80 Metros 1 Un Ovell...,GENÉRICA,Acuenta,Aseo,2000.0,4666.176470588235,-57.14,0
Papel Higiénico Una Hoja 100 m 8 Un Lider...,LIDER,Acuenta,Aseo,8990.0,4666.176470588235,92.66,0
Papel Higiénico Familiar Doble Hoja 22 m 40 Un ...,GENÉRICA,Acuenta,Aseo,11690.0,4666.176470588235,150.53,0
Toalla de Papel Super Mega Doble Hoja 26 m 2 Un...,GENÉRICA,Acuenta,Aseo,2190.0,4666.176470588235,-53.07,0
Papel Higiénico Doble Hoja 50 m 12 Un Lider...,LIDER,Acuenta,Aseo,8990.0,4666.176470588235,92.66,0
Papel Higiénico Doble Hoja 22 Metros 40 Un Acue...,GENÉRICA,Acuenta,Aseo,9390.0,4666.176470588235,101.24,0
Toalla de Papel Clásica Doble Hoja 10 Metros ...,GENÉRICA,Acuenta,Aseo,1350.0,4666.176470588235,-71.07,0
Toalla de Papel Multiuso 22 Metros 2 Un Favori...,GENÉRICA,Acuenta,Aseo,2000.0,4666.176470588235,-57.14,0
Papel Film Plástico 20 Metros Sin Corte 1 Un Al...,GENÉRICA,Acuenta,Aseo,1000.0,4666.176470588235,-78.57,0
Papel Higiénico Doble Hoja 45 Metros 4 Un Elite...,GENÉRICA,Acuenta,Aseo,4590.0,4666.176470588235,-1.63,0
Toalla de Papel Nova 14m 2 Un Nova,GENÉRICA,Acuenta,Aseo,1000.0,4666.176470588235,-78.57,0
Toalla de Papel XL 100 m 1 Un Abolengo,GENÉRICA,Acuenta,Aseo,3590.0,4666.176470588235,-23.06,0
Papel Higiénico Doble Hoja 32 m 6 Un Noble...,GENÉRICA,Acuenta,Aseo,2000.0,4666.176470588235,-57.14,0
Papel Higiénico Doble Hoja 22 m 40 Un Noble...,GENÉRICA,Acuenta,Aseo,10490.0,4666.176470588235,124.81,0
Papel Higiénico Doble Hoja 50 Metros 4 Un Swan...,GENÉRICA,Acuenta,Aseo,2000.0,4666.176470588235,-57.14,0
Toalla de Papel Clásica Gigante 70 Metros 1 Un ...,GENÉRICA,Acuenta,Aseo,2000.0,4666.176470588235,-57.14,0
Papel Higiénico Sensación Doble Hoja 22 m 40 Un...,GENÉRICA,Acuenta,Aseo,10490.0,4666.176470588235,124.81,0
Papel Higiénico Doble Hoja 20 Metros 4 Un Confo...,GENÉRICA,Acuenta,Aseo,1000.0,4666.176470588235,-78.57,0
Azúcar Blanca 1.8 kg Iansa,IANSA,Acuenta,Azúcares,1950.0,1612.1739130434783,20.95,0
Cacao Natural En Polvo con Azúcar Dulce 200 g L...,GENÉRICA,Acuenta,Azúcares,1150.0,1612.1739130434783,-28.67,0
Azúcar Rubia Granulada Bolsa 500 g Lider,LIDER,Acuenta,Azúcares,1090.0,1612.1739130434783,-32.39,0
Azúcar Flor Bolsa 500 g Lider,LIDER,Acuenta,Azúcares,1050.0,1612.1739130434783,-34.87,0
Azúcar Rubia Granulada Bolsa 1 Kg Iansa,IANSA,Acuenta,Azúcares,2190.0,1612.1739130434783,35.84,0
Azúcar Blanca Granulada Light con Sucralosa Bol...,GENÉRICA,Acuenta,Azúcares,1690.0,1612.1739130434783,4.83,0
Azúcar Flor Bolsa 1 Kg Iansa,IANSA,Acuenta,Azúcares,2550.0,1612.1739130434783,58.17,0
Azúcar Rubia Cubos Caja 420 g Iansa,IANSA,Acuenta,Azúcares,1850.0,1612.1739130434783,14.75,0
Azúcar Rubia Granulada Bolsa 1 kg Lider,LIDER,Acuenta,Azúcares,2150.0,1612.1739130434783,33.36,0
Azúcar Blanca Granulada Light con Stevia Bolsa ...,GENÉRICA,Acuenta,Azúcares,1850.0,1612.1739130434783,14.75,0
Gelatina 0% azúcar Sabor Piña 22 g Lider,LIDER,Acuenta,Azúcares,640.0,1612.1739130434783,-60.3,0
Gelatina 0% azúcar Sabor Frambuesa 22 g Lider...,LIDER,Acuenta,Azúcares,640.0,1612.1739130434783,-60.3,0
Gelatina 0% azúcar Sabor Berries 22 g Lider...,LIDER,Acuenta,Azúcares,640.0,1612.1739130434783,-60.3,0
Gelatina 0% azúcar Sabor Frutilla 22 g Lider...,LIDER,Acuenta,Azúcares,640.0,1612.1739130434783,-60.3,0
Gelatina 0% azúcar Sabor Naranja 22 g Lider...,LIDER,Acuenta,Azúcares,640.0,1612.1739130434783,-60.3,0
Azúcar Blanca Granulada Bolsa 5 Kg Iansa,IANSA,Acuenta,Azúcares,5290.0,1612.1739130434783,228.13,0
Azúcar Blanca Granulada Bolsa 1 kg Acuenta...,ACUENTA,Acuenta,Azúcares,750.0,1612.1739130434783,-53.48,0
Azúcar Blanca Granulada Bolsa 1 Kg Iansa,IANSA,Acuenta,Azúcares,1350.0,1612.1739130434783,-16.26,0
Azúcar Flor Bolsa 500 g Iansa,IANSA,Acuenta,Azúcares,1000.0,1612.1739130434783,-37.97,0
Azúcar Blanca Granulada Bolsa 5 kg Lider,LIDER,Acuenta,Azúcares,4490.0,1612.1739130434783,178.51,0
Azúcar Blanca Granulada Bolsa 1 kg Lider,LIDER,Acuenta,Azúcares,1190.0,1612.1739130434783,-26.19,0
Azúcar Blanca Granulada 1.1 kg Lider,LIDER,Acuenta,Azúcares,1000.0,1612.1739130434783,-37.97,0
Azúcar Rubia Granulada Bolsa 500 g Iansa,IANSA,Acuenta,Azúcares,1290.0,1612.1739130434783,-19.98,0
"Agua Mineral Benedictinos con Gas, 1.5Lts.",BENEDICTINOS,Cugat,Agua con Gas,1290.0,1156.6666666666667,11.53,2
"Agua Mineral Cachantun Con Gas, 1.6Lts",OTRA,Cugat,Agua con Gas,1090.0,1156.6666666666667,-5.76,0
"Agua Mineral Cachantun con Gas Light, 1.6Lts.",OTRA,Cugat,Agua con Gas,1090.0,1156.6666666666667,-5.76,0
Leche Proteína Sabor Vainilla 200 ml Soprole...,SOPROLE,Acuenta,Lácteos,670.0,2758.8453389830506,-75.71,0
Margarina Mavesa 500 Gr 500 g Mavesa,GENÉRICA,Acuenta,Lácteos,3990.0,2758.8453389830506,44.63,0
Bebida Leche Láctea Yogu Yogu Mora Caja 200 g Y...,GENÉRICA,Acuenta,Lácteos,590.0,2758.8453389830506,-78.61,0
Bebida Leche Láctea Yogu Yogu Damasco Caja 200 ...,GENÉRICA,Acuenta,Lácteos,590.0,2758.8453389830506,-78.61,0
Leche Entera Natural 200 ml Soprole,SOPROLE,Acuenta,Lácteos,390.0,2758.8453389830506,-85.86,0
Bebida Leche Láctea Trencito Chocolate Caja 200...,GENÉRICA,Acuenta,Lácteos,650.0,2758.8453389830506,-76.44,0
Leche Sin Lactosa Frutilla 200 ml Soprole...,SOPROLE,Acuenta,Lácteos,560.0,2758.8453389830506,-79.7,0
Leche Plátano Caja 200 ml Loncoleche,LONCOLECHE,Acuenta,Lácteos,560.0,2758.8453389830506,-79.7,0
Leche Sin Lactosa Chocolate 200 g Soprole...,SOPROLE,Acuenta,Lácteos,560.0,2758.8453389830506,-79.7,0
Leche Semidescremada Chocolate Caja 200 g Lonco...,GENÉRICA,Acuenta,Lácteos,560.0,2758.8453389830506,-79.7,0
Leche Entera Natural Caja 200 ml Colun,COLUN,Acuenta,Lácteos,620.0,2758.8453389830506,-77.53,0
Leche Larga Vida Frutilla Caja 200 ml Loncolech...,TIL,Acuenta,Lácteos,560.0,2758.8453389830506,-79.7,0
Saborizante de leche Trencito Sabor chocolate 3...,GENÉRICA,Acuenta,Lácteos,2890.0,2758.8453389830506,4.75,0
Saborizante Para Leche Caja 112 G Milo,GENÉRICA,Acuenta,Lácteos,2490.0,2758.8453389830506,-9.74,0
Leche en Polvo Semidescremada Sin Lactosa Bolsa...,GENÉRICA,Acuenta,Lácteos,11090.0,2758.8453389830506,301.98,0
Crema de Coco Vegetal 330 ml Vilay,GENÉRICA,Acuenta,Lácteos,2250.0,2758.8453389830506,-18.44,0
Margarina Mix Tradicional 450 g Lider,LIDER,Acuenta,Lácteos,2950.0,2758.8453389830506,6.93,0
Mantequilla Con Sal Tradicional 125 g Calo...,CALO,Acuenta,Lácteos,1750.0,2758.8453389830506,-36.57,0
Leche Bon Moments Cappuccino Caja 1 L Danone...,DANONE,Acuenta,Lácteos,2690.0,2758.8453389830506,-2.5,2
Leche en Polvo Semidescremada Crecer 4+ Bolsa 8...,GENÉRICA,Acuenta,Lácteos,7190.0,2758.8453389830506,160.62,0
Margarina Mix Con Mantequilla 200 g Soprole...,SOPROLE,Acuenta,Lácteos,1650.0,2758.8453389830506,-40.19,0
Yogurt Griego Mix Galleta Y Nuez Caramelizada P...,GENÉRICA,Acuenta,Lácteos,990.0,2758.8453389830506,-64.12,0
Yogurt oikos natural sin endulzar 800 g Watt's...,WATT'S,Acuenta,Lácteos,3790.0,2758.8453389830506,37.38,2
Crema Tradicional Para Batir 500 ml Loncoleche...,LONCOLECHE,Acuenta,Lácteos,2850.0,2758.8453389830506,3.3,0
Saborizante De Leche Instantáneo Sabor chocolat...,GENÉRICA,Acuenta,Lácteos,3790.0,2758.8453389830506,37.38,0
Margarina Mix Tradicional 350 gr Calo,CALO,Acuenta,Lácteos,2350.0,2758.8453389830506,-14.82,0
Mantequilla Sin sal 250 g Colun,COLUN,Acuenta,Lácteos,3890.0,2758.8453389830506,41.0,0
Bebida Láctea Sin Lactosa Con Probióticos Sabor...,GENÉRICA,Acuenta,Lácteos,1390.0,2758.8453389830506,-49.62,0
Leche en Polvo Entera Buen Día Bolsa 300 g Nido...,GENÉRICA,Acuenta,Lácteos,3150.0,2758.8453389830506,14.18,0
Leche En Polvo Entera Instantánea Etapa 1+ 1350...,GENÉRICA,Acuenta,Lácteos,17750.0,2758.8453389830506,543.39,1
Saborizante de Leche Chocolate ActivGo Bolsa 30...,GENÉRICA,Acuenta,Lácteos,3590.0,2758.8453389830506,30.13,0
Leche En Polvo Entera 300 g Nido,GENÉRICA,Acuenta,Lácteos,3590.0,2758.8453389830506,30.13,0
Mantequilla Artesanal de Campo Tradicional 250 ...,GENÉRICA,Acuenta,Lácteos,3390.0,2758.8453389830506,22.88,0
Leche Semidescremada Sin Lactosa Caja Con Tapa ...,GENÉRICA,Acuenta,Lácteos,1390.0,2758.8453389830506,-49.62,0
Leche En Polvo Semidescremada Etapa 5+ Bolsa 70...,GENÉRICA,Acuenta,Lácteos,9390.0,2758.8453389830506,240.36,0
Leche Evaporada Lata 390 g 390 g Ideal,GENÉRICA,Acuenta,Lácteos,1990.0,2758.8453389830506,-27.87,0
Saborizante para Leche Tarro ActivGo 700 g Nest...,GENÉRICA,Acuenta,Lácteos,8290.0,2758.8453389830506,200.49,0
Leche Descremada Natural Cremosa 1 L Soprole...,SOPROLE,Acuenta,Lácteos,1250.0,2758.8453389830506,-54.69,0
Leche en Polvo Move+ Descremada Sin Lactosa Bo...,GENÉRICA,Acuenta,Lácteos,10990.0,2758.8453389830506,298.36,0
Crema Chantilly 1 Litro 1 L Monna Lisa,TIL,Acuenta,Lácteos,3690.0,2758.8453389830506,33.75,0
Saborizante Para Leche En Polvo Fortificado Sab...,GENÉRICA,Acuenta,Lácteos,2390.0,2758.8453389830506,-13.37,0
Saborizante para leche Chocolate Bolsa 700 g Co...,GENÉRICA,Acuenta,Lácteos,6490.0,2758.8453389830506,135.24,0
Leche Descremada Instantánea Bolsa 800 g Lider...,LIDER,Acuenta,Lácteos,5790.0,2758.8453389830506,109.87,0
Leche Cultivada Proteína Frutilla 1 L Soprole...,SOPROLE,Acuenta,Lácteos,3190.0,2758.8453389830506,15.63,0
Leche Semidescremada Frutilla 1 L Soprole...,SOPROLE,Acuenta,Lácteos,1590.0,2758.8453389830506,-42.37,0
Margarina Tradicional 900 g Sureña,GENÉRICA,Acuenta,Lácteos,5190.0,2758.8453389830506,88.12,0
Leche en Polvo Semidescremada Instantánea Bolsa...,GENÉRICA,Acuenta,Lácteos,6190.0,2758.8453389830506,124.37,0
Leche en Polvo Entera Bolsa 1440 g Calo,CALO,Acuenta,Lácteos,11450.0,2758.8453389830506,315.03,0
Margarina Con Toque Mantequilla Tradicional 500...,GENÉRICA,Acuenta,Lácteos,2890.0,2758.8453389830506,4.75,0
Probiótico Manzana Multipack 18Un 8 ml Chamyto...,CHAMYTO,Acuenta,Lácteos,6190.0,2758.8453389830506,124.37,2
Saborizante para Leche Chocolate Tradicional 62...,GENÉRICA,Acuenta,Lácteos,5790.0,2758.8453389830506,109.87,0
Leche Cultivada Sabor Frutilla Botella 1 L Sopr...,TIL,Acuenta,Lácteos,2350.0,2758.8453389830506,-14.82,0
Leche Descremada Sin Lactosa Caja 1 L Colun...,COLUN,Acuenta,Lácteos,1390.0,2758.8453389830506,-49.62,0
Leche en Polvo Semidescremada Crecer 1+ Bolsa 8...,GENÉRICA,Acuenta,Lácteos,7190.0,2758.8453389830506,160.62,0
Leche Cultivada Sabor Chirimoya Botella 1 L Sop...,GENÉRICA,Acuenta,Lácteos,2350.0,2758.8453389830506,-14.82,0
Margarina Tradicional 450 g Calo,CALO,Acuenta,Lácteos,2520.0,2758.8453389830506,-8.66,0
Leche Evaporada Tarro 410 g Lider,LIDER,Acuenta,Lácteos,1790.0,2758.8453389830506,-35.12,0
Mantequilla Receta Artesanal 200 g Las Parcelas...,GENÉRICA,Acuenta,Lácteos,2490.0,2758.8453389830506,-9.74,0
Margarina Tradicional 250 g Soprole,SOPROLE,Acuenta,Lácteos,1490.0,2758.8453389830506,-45.99,0
Leche En Polvo Descremada Bolsa 760 g Loncolech...,GENÉRICA,Acuenta,Lácteos,6490.0,2758.8453389830506,135.24,0
Leche Cultivada Next Sabor Chirimoya Botella 1 ...,GENÉRICA,Acuenta,Lácteos,2150.0,2758.8453389830506,-22.07,0
Leche Zero % Descremada Sin Lactosa 1 L Lider...,LIDER,Acuenta,Lácteos,1190.0,2758.8453389830506,-56.87,0
Crema de Leche para batir y cocinar Caja 200 ml...,GENÉRICA,Acuenta,Lácteos,1350.0,2758.8453389830506,-51.07,0
Mantequilla Con sal 125 g Colun,COLUN,Acuenta,Lácteos,1750.0,2758.8453389830506,-36.57,0
Mantequilla Untable Tradicional 200 g Colun...,COLUN,Acuenta,Lácteos,3690.0,2758.8453389830506,33.75,0
Margarina Mix Tradicional 450 g Sureña,GENÉRICA,Acuenta,Lácteos,3190.0,2758.8453389830506,15.63,0
Leche Entera Sin Lactosa con Tapa 1 L Colun...,COLUN,Acuenta,Lácteos,1390.0,2758.8453389830506,-49.62,0
Qualy Sabor Mantequilla 500 g Qualy,GENÉRICA,Acuenta,Lácteos,2850.0,2758.8453389830506,3.3,0
Leche Condensada Clásica Doypack Tradicional 18...,GENÉRICA,Acuenta,Lácteos,1350.0,2758.8453389830506,-51.07,0
Probiótico Frutilla Multipack 18Un 1440 ml Cham...,TIL,Acuenta,Lácteos,5990.0,2758.8453389830506,117.12,0
Leche Semidescremada Sin Lactosa 1 L Lider...,LIDER,Acuenta,Lácteos,1190.0,2758.8453389830506,-56.87,0
Leche en Polvo Semidescremada Etapa 3+ Bolsa 70...,GENÉRICA,Acuenta,Lácteos,9390.0,2758.8453389830506,240.36,0
Crema de Leche Light Lista Caja 200 ml Loncolec...,GENÉRICA,Acuenta,Lácteos,1150.0,2758.8453389830506,-58.32,0
Crema De Leche 15%Mg Tradicional 200 ml Lider...,LIDER,Acuenta,Lácteos,1000.0,2758.8453389830506,-63.75,0
Leche Semidescremada Chocolate 1 L Soprole...,SOPROLE,Acuenta,Lácteos,1590.0,2758.8453389830506,-42.37,0
Crema de leche Natural Para Batir Caja 200 ml C...,GENÉRICA,Acuenta,Lácteos,1350.0,2758.8453389830506,-51.07,0
Sucedáneo de Leche Condensada 395 g Acuenta...,ACUENTA,Acuenta,Lácteos,1090.0,2758.8453389830506,-60.49,0
Leche en Polvo día Semidescremada 700g Nido...,GENÉRICA,Acuenta,Lácteos,5950.0,2758.8453389830506,115.67,0
Leche Semidescremada Natural 1 l 1 L Soprole...,SOPROLE,Acuenta,Lácteos,1250.0,2758.8453389830506,-54.69,0
Leche en Polvo Entera Bolsa 800 g Ula,GENÉRICA,Acuenta,Lácteos,5990.0,2758.8453389830506,117.12,0
Leche Blanca Descremada Caja 1 l 1 L Lider...,LIDER,Acuenta,Lácteos,990.0,2758.8453389830506,-64.12,0
Leche en Polvo Entera Bolsa 900 g Colun,COLUN,Acuenta,Lácteos,7890.0,2758.8453389830506,185.99,0
Margarina Vegetal 1 kg Acuenta,ACUENTA,Acuenta,Lácteos,2590.0,2758.8453389830506,-6.12,0
Crema de Leche Para Batir y Cocinar 1 L Lider...,LIDER,Acuenta,Lácteos,4590.0,2758.8453389830506,66.37,0
Leche Condensada Tarro 395 g Lider,LIDER,Acuenta,Lácteos,1300.0,2758.8453389830506,-52.88,0
Mantequilla Con Sal Tradicional 250 g Lider...,LIDER,Acuenta,Lácteos,2690.0,2758.8453389830506,-2.5,0
Leche Condensada Bolsa 794 g Nestlé,GENÉRICA,Acuenta,Lácteos,2850.0,2758.8453389830506,3.3,0
Saborizante de Leche Sabor Frutilla Bolsa 380 g...,TIL,Acuenta,Lácteos,2790.0,2758.8453389830506,1.13,0
Crema De Leche Espesa Tarro 155 g Lider,LIDER,Acuenta,Lácteos,1150.0,2758.8453389830506,-58.32,0
Leche Semidescremada Frutilla 1 L Loncoleche...,LONCOLECHE,Acuenta,Lácteos,1450.0,2758.8453389830506,-47.44,0
Leche Semidescremada Chocolate 1 L Loncoleche...,LONCOLECHE,Acuenta,Lácteos,1450.0,2758.8453389830506,-47.44,0
Saborizante De Leche Tradicional Sabor Cacao Du...,GENÉRICA,Acuenta,Lácteos,2550.0,2758.8453389830506,-7.57,0
Leche Semidescremada Vainilla 1 L Loncoleche...,LONCOLECHE,Acuenta,Lácteos,1450.0,2758.8453389830506,-47.44,0
Crema de Leche Nestlé Clásica Tarro 236 g Nestl...,GENÉRICA,Acuenta,Lácteos,2050.0,2758.8453389830506,-25.69,0
Bebida Láctea Probiótico UNO Sabor Frutilla Pac...,TIL,Acuenta,Lácteos,3950.0,2758.8453389830506,43.18,0
Leche Semidescremada Plátano 1 L Loncoleche...,LONCOLECHE,Acuenta,Lácteos,1450.0,2758.8453389830506,-47.44,0
Flan Manjar Postre 100 g Colun,COLUN,Acuenta,Lácteos,290.0,2758.8453389830506,-89.49,0
Margarina Light 450 g Calo,CALO,Acuenta,Lácteos,1650.0,2758.8453389830506,-40.19,0
Bebida Láctea Probiótico Sabor Manzana Multipac...,GENÉRICA,Acuenta,Lácteos,3350.0,2758.8453389830506,21.43,0
Margarina Tradicional 900 g Pamperita,GENÉRICA,Acuenta,Lácteos,2550.0,2758.8453389830506,-7.57,0
Leche Extra Proteína Caja 1 L Loncoleche,LONCOLECHE,Acuenta,Lácteos,1890.0,2758.8453389830506,-31.49,0
Leche en Polvo Entera Bolsa 800 g Nido,GENÉRICA,Acuenta,Lácteos,8090.0,2758.8453389830506,193.24,0
Crema de Leche Natural Para Batir Colun 1 L Col...,COLUN,Acuenta,Lácteos,4890.0,2758.8453389830506,77.25,0
Leche Semidescremada Frutilla 1 L Colun,COLUN,Acuenta,Lácteos,1550.0,2758.8453389830506,-43.82,0
Bebida Láctea Probiótico Sabor Frambuesa Multip...,GENÉRICA,Acuenta,Lácteos,3350.0,2758.8453389830506,21.43,0
Leche Evaporada Gloria 390 g 390 g Nestlé...,GENÉRICA,Acuenta,Lácteos,1790.0,2758.8453389830506,-35.12,0
Probiótico UNO Frutilla Pack 18 Botellas 80 ml ...,TIL,Acuenta,Lácteos,4990.0,2758.8453389830506,80.87,0
Margarina Tradicional 1 Kg Qualy,GENÉRICA,Acuenta,Lácteos,4650.0,2758.8453389830506,68.55,0
Saborizante Para Leche Chocolate 200 g Milo...,GENÉRICA,Acuenta,Lácteos,2000.0,2758.8453389830506,-27.51,0
Mantequilla Con Sal Tradicional 125 g Lider...,LIDER,Acuenta,Lácteos,1490.0,2758.8453389830506,-45.99,0
Leche en Polvo Entera Bolsa 800 g Lider,LIDER,Acuenta,Lácteos,6190.0,2758.8453389830506,124.37,0
Bebida Láctea Probiótico UNO Multifruta Pack 12...,GENÉRICA,Acuenta,Lácteos,3550.0,2758.8453389830506,28.68,0
Mantequilla Sin sal 250 g Soprole,SOPROLE,Acuenta,Lácteos,2550.0,2758.8453389830506,-7.57,0
Mantequilla Con Sal Tradicional 250 g Los Alerc...,GENÉRICA,Acuenta,Lácteos,2490.0,2758.8453389830506,-9.74,0
Margarina Pote Tradicional 500 g Soprole,SOPROLE,Acuenta,Lácteos,2190.0,2758.8453389830506,-20.62,0
Bebida Láctea Probiótico Sabor Frutilla Multipa...,TIL,Acuenta,Lácteos,3350.0,2758.8453389830506,21.43,0
Margarina Mix con Mantequilla Tradicional 500 g...,GENÉRICA,Acuenta,Lácteos,3250.0,2758.8453389830506,17.8,0
Saborizante para Leche Chocolate Bolsa ActivGo ...,GENÉRICA,Acuenta,Lácteos,7790.0,2758.8453389830506,182.36,0
Mantequilla con Sal 250 g Soprole,SOPROLE,Acuenta,Lácteos,2690.0,2758.8453389830506,-2.5,0
Leche en Polvo Entera Bolsa 850 g Calo,CALO,Acuenta,Lácteos,6390.0,2758.8453389830506,131.62,0
Mantequilla Con sal 250 g Colun,COLUN,Acuenta,Lácteos,3090.0,2758.8453389830506,12.0,0
Leche en Polvo Entera Bolsa 1440 g Colun,COLUN,Acuenta,Lácteos,11390.0,2758.8453389830506,312.85,0
Mantequilla Con Sal Tradicional 250 g Calo...,CALO,Acuenta,Lácteos,2450.0,2758.8453389830506,-11.19,0
Leche Condensada Tarro 397 g 397 g Nestle...,NESTLE,Acuenta,Lácteos,1690.0,2758.8453389830506,-38.74,0
Leche Semidescremada Chocolate 1 L Colun,COLUN,Acuenta,Lácteos,1550.0,2758.8453389830506,-43.82,0
Bebida Láctea Probiótico Sabor Mora Botella Pac...,GENÉRICA,Acuenta,Lácteos,2000.0,2758.8453389830506,-27.51,0
Bebida Láctea Probiótico Sabor Frutilla Pack Bo...,TIL,Acuenta,Lácteos,2000.0,2758.8453389830506,-27.51,0
Bebida Láctea Probiótico Sabor Multifruta Pack ...,GENÉRICA,Acuenta,Lácteos,2000.0,2758.8453389830506,-27.51,0
Postre Manjarate Manjars Pote 100 gr Soprole...,SOPROLE,Acuenta,Lácteos,740.0,2758.8453389830506,-73.18,0
Probiótico Manzana Multipack 80ml Chamyto...,CHAMYTO,Acuenta,Lácteos,2000.0,2758.8453389830506,-27.51,2
Postre Manjarate Chocolate Receta Original Blac...,GENÉRICA,Acuenta,Lácteos,740.0,2758.8453389830506,-73.18,0
Crema de Leche Tradicional Lista Sin Lactosa 20...,GENÉRICA,Acuenta,Lácteos,1000.0,2758.8453389830506,-63.75,0
Mantequilla Con Sal Tradicional 125 g Los Alerc...,GENÉRICA,Acuenta,Lácteos,1590.0,2758.8453389830506,-42.37,0
Postre Crema Manjar 120 g Chandelle,GENÉRICA,Acuenta,Lácteos,760.0,2758.8453389830506,-72.45,0
Postre Manjarate Chocolate Receta Original Pote...,GENÉRICA,Acuenta,Lácteos,740.0,2758.8453389830506,-73.18,0
Yoghurt Probiótico Frutilla Multipack 80ml Cham...,TIL,Acuenta,Lácteos,2000.0,2758.8453389830506,-27.51,0
Margarina con Mantequilla Tradicional 450 g Sur...,GENÉRICA,Acuenta,Lácteos,2000.0,2758.8453389830506,-27.51,0
Crema de Leche Natural Espesa Larga Vida 200 g ...,GENÉRICA,Acuenta,Lácteos,1000.0,2758.8453389830506,-63.75,0
Margarina Tradicional 500 g Qualy,GENÉRICA,Acuenta,Lácteos,2000.0,2758.8453389830506,-27.51,0
Mantequilla Con sal 200 g Soprole,SOPROLE,Acuenta,Lácteos,2000.0,2758.8453389830506,-27.51,0
Crema De Leche Tarro 157g Nestle,NESTLE,Acuenta,Lácteos,1000.0,2758.8453389830506,-63.75,0
Leche Entera Natural 1 l 1 L Soprole,SOPROLE,Acuenta,Lácteos,1100.0,2758.8453389830506,-60.13,0
Leche Semidescremada 1 L Lider,LIDER,Acuenta,Lácteos,990.0,2758.8453389830506,-64.12,0
Leche Natural Entera caja 1 L Lider,LIDER,Acuenta,Lácteos,990.0,2758.8453389830506,-64.12,0
Leche Descremada Natural sin Lactosa 1 L Loncol...,GENÉRICA,Acuenta,Lácteos,1080.0,2758.8453389830506,-60.85,0
Leche Entera Natural sin Lactosa 1 L Loncoleche...,LONCOLECHE,Acuenta,Lácteos,1080.0,2758.8453389830506,-60.85,0
Sucedáneo Leche Condensada Tarro 397 g 397 g Le...,GENÉRICA,Acuenta,Lácteos,1690.0,2758.8453389830506,-38.74,0
Manjar Tradicional Bolsa 1 Kg Nestle,NESTLE,Acuenta,Lácteos,4290.0,2758.8453389830506,55.5,0
Leche en Polvo Semidescremada Etapa 1+ Bolsa 70...,GENÉRICA,Acuenta,Lácteos,8090.0,2758.8453389830506,193.24,0
Leche Blanca Descremada 1L Loncoleche,LONCOLECHE,Acuenta,Lácteos,980.0,2758.8453389830506,-64.48,0
Leche Blanca Semidescremada 1L Loncoleche...,LONCOLECHE,Acuenta,Lácteos,980.0,2758.8453389830506,-64.48,0
Leche Descremada Natural Caja 1 l 1 L Colun...,COLUN,Acuenta,Lácteos,980.0,2758.8453389830506,-64.48,0
Leche Semidescremada Natural Caja 1 l 1 L Colun...,COLUN,Acuenta,Lácteos,980.0,2758.8453389830506,-64.48,0
Leche Natural Entera Lonco Leche 1 L Loncoleche...,LONCOLECHE,Acuenta,Lácteos,980.0,2758.8453389830506,-64.48,0
Leche Entera Natural Caja 1 l 1 L Colun,COLUN,Acuenta,Lácteos,980.0,2758.8453389830506,-64.48,0
"Leche semidescremada sin lactosa sabor chocolate Loncoleche, 200ml",LONCOLECHE,Cugat,Lácteos,629.0,2758.8453389830506,-77.2,0
"Leche semidescremada de chocolate Loncoleche, 200ml.",LONCOLECHE,Cugat,Lácteos,629.0,2758.8453389830506,-77.2,0
"Leche semidescremada sabor frutilla LoncoLeche, 200ml",LONCOLECHE,Cugat,Lácteos,629.0,2758.8453389830506,-77.2,0
"Compota pura fruta sabor mango-manzana Livean, 90g",LIVEAN,Cugat,Lácteos,639.0,2758.8453389830506,-76.84,0
"Mantequilla untable tradicional con aceite de canola con sal Calo, 350g",CALO,Cugat,Lácteos,5390.0,2758.8453389830506,95.37,0
"Compota pura fruta sabor durazno Livean, 90g",LIVEAN,Cugat,Lácteos,639.0,2758.8453389830506,-76.84,0
"Compota pura fruta sabor manzana Livean, 90g",LIVEAN,Cugat,Lácteos,639.0,2758.8453389830506,-76.84,0
"Compota pura fruta sabor pera Livean, 90g",LIVEAN,Cugat,Lácteos,639.0,2758.8453389830506,-76.84,0
"Bebida láctea sabor frutilla bajo en grasas sin azúcar Yogu Yogu, 200ml",OTRA,Cugat,Lácteos,690.0,2758.8453389830506,-74.99,0
"Bebida láctea sabor damasco bajo en grasas sin azúcar Yogu Yogu, 200ml",OTRA,Cugat,Lácteos,690.0,2758.8453389830506,-74.99,0
"Bebida láctea sabor piña bajo en grasas sin azúcar Yogu Yogu, 200ml",OTRA,Cugat,Lácteos,690.0,2758.8453389830506,-74.99,0
"Bebida láctea sabor vainilla bajo en grasas sin azúcar Yogu Yogu, 200ml",OTRA,Cugat,Lácteos,690.0,2758.8453389830506,-74.99,0
"Bebida láctea sabor mora bajo en grasas sin azúcar Yogu Yogu, 200ml",OTRA,Cugat,Lácteos,690.0,2758.8453389830506,-74.99,0
"Bebida láctea sabor chirimoya bajo en grasas sin azúcar Yogu Yogu, 200ml",OTRA,Cugat,Lácteos,690.0,2758.8453389830506,-74.99,0
"Pack compota Livean pouch, 5 unid. x 90g",LIVEAN,Cugat,Lácteos,2690.0,2758.8453389830506,-2.5,0
"Postre Gold Creme Caramel Soprole, 120g",SOPROLE,Cugat,Lácteos,890.0,2758.8453389830506,-67.74,0
"Postre Gold Panna Cotta sabor frambuesa Soprole, 120g",SOPROLE,Cugat,Lácteos,890.0,2758.8453389830506,-67.74,0
"Mantequilla con sal Colun, 250g",COLUN,Cugat,Lácteos,3290.0,2758.8453389830506,19.25,0
"Yoghurt con cereal 1+1 Zucaritas de Soprole, 140g",SOPROLE,Cugat,Lácteos,869.0,2758.8453389830506,-68.5,0
"Yoghurt griego con trozos de papaya Oikos de Danone, 110g",PAP,Cugat,Lácteos,690.0,2758.8453389830506,-74.99,0
"Pack de leche semidescremada sabor chocolate Loncoleche, 6 x 200ml",LONCOLECHE,Cugat,Lácteos,3590.0,2758.8453389830506,30.13,0
"Pack de leche semidescremada sin Lactosa sabor chocolate Loncoleche, 6 x 200ml",LONCOLECHE,Cugat,Lácteos,3590.0,2758.8453389830506,30.13,0
"Pack de leche semidescremada sabor frutilla Loncoleche, 6 x 200ml",LONCOLECHE,Cugat,Lácteos,3590.0,2758.8453389830506,30.13,0
"Pack de leche semidescremada sabor plátano Loncoleche, 6 x 200ml",LONCOLECHE,Cugat,Lácteos,3590.0,2758.8453389830506,30.13,0
"Pack de leche semidescremada sabor vainilla Loncoleche, 6 x 200ml",LONCOLECHE,Cugat,Lácteos,3590.0,2758.8453389830506,30.13,0
"Leche en polvo entera instantánea Colun, 400g",COLUN,Cugat,Lácteos,4490.0,2758.8453389830506,62.75,0
"Manjarate de manjars Soprole, 100g",SOPROLE,Cugat,Lácteos,690.0,2758.8453389830506,-74.99,0
"Manjarate Black receta original Soprole, 80g",SOPROLE,Cugat,Lácteos,690.0,2758.8453389830506,-74.99,0
"Leche semidescremada de frutilla Colun, 1 Lt.",COLUN,Cugat,Lácteos,1990.0,2758.8453389830506,-27.87,0
"Leche en polvo entera Ula bolsa, 800g",OTRA,Cugat,Lácteos,7190.0,2758.8453389830506,160.62,0
"Leche semidescremada de frutilla Loncoleche, 1 Lt.",LONCOLECHE,Cugat,Lácteos,1890.0,2758.8453389830506,-31.49,0
"Leche semidescremada de Vainilla Loncoleche, 1 Lt.",LONCOLECHE,Cugat,Lácteos,1890.0,2758.8453389830506,-31.49,0
"Leche semidescremada de Plátano Loncoleche, 1 Lt.",LONCOLECHE,Cugat,Lácteos,1890.0,2758.8453389830506,-31.49,0
"Leche en polvo semidescremada crecer 1+ Calo, 800g",CALO,Cugat,Lácteos,8490.0,2758.8453389830506,207.74,0
"Leche en polvo semidescremada Calo Crecer 4+, 800g",CALO,Cugat,Lácteos,8490.0,2758.8453389830506,207.74,0
"Leche semidescremada de Chocolate Loncoleche, 1Lt.",LONCOLECHE,Cugat,Lácteos,1890.0,2758.8453389830506,-31.49,0
Margarina Mavesa 500 Gr 500 g Mavesa,GENÉRICA,ACUENTA,Lácteos,3990.0,2758.8453389830506,44.63,0
1+1 Soprole Natural Endulzado 155 Gr,NATURA,Cugat,Lácteos,598.0,2758.8453389830506,-78.32,0
Chamyto Probioticos Frutilla 12 Unidades X 80 Ml,OTRA,Cugat,Lácteos,5790.0,2758.8453389830506,109.87,0
Crema Chantilly Soprole 250 Gr,SOPROLE,Cugat,Lácteos,4290.0,2758.8453389830506,55.5,0
Crema Colun 200 Ml,COLUN,Cugat,Lácteos,1290.0,2758.8453389830506,-53.24,0
Crema Nestlé 200 Ml,OTRA,Cugat,Lácteos,1490.0,2758.8453389830506,-45.99,0
Flan De Caramelo 110 Gr,OTRA,Cugat,Lácteos,489.0,2758.8453389830506,-82.28,0
Flan De Chocolate Nestlé 110 Gr,OTRA,Cugat,Lácteos,489.0,2758.8453389830506,-82.28,0
Flan De Vainilla Nestlé 110 Gr,OTRA,Cugat,Lácteos,489.0,2758.8453389830506,-82.28,0
Jalea Guinda 110 Gr,OTRA,Cugat,Lácteos,479.0,2758.8453389830506,-82.64,0
Jalea Naranja Nestlé 110 Gr,OTRA,Cugat,Lácteos,479.0,2758.8453389830506,-82.64,0
Jalea Piña Nestlé 110 Gr,OTRA,Cugat,Lácteos,479.0,2758.8453389830506,-82.64,0
Jalea Sabor Frambuesa Nestlé 110 Gr,OTRA,Cugat,Lácteos,479.0,2758.8453389830506,-82.64,0
Jalea Soprole Frambuesa 110 Gr,SOPROLE,Cugat,Lácteos,349.0,2758.8453389830506,-87.35,0
Jalea Soprole Guinda 110 Gr,SOPROLE,Cugat,Lácteos,349.0,2758.8453389830506,-87.35,0
Leche Sin Lactosa Descremada Soprole 1 Lt,SOPROLE,Cugat,Lácteos,1490.0,2758.8453389830506,-45.99,0
Leche Cultivada Protein Frutilla 1 Lt,OTRA,Cugat,Lácteos,3590.0,2758.8453389830506,30.13,0
Leche Cultivada Soprole Frutilla 1 Lt,SOPROLE,Cugat,Lácteos,2690.0,2758.8453389830506,-2.5,0
Leche Cultivada Soprole Sin Lactosa Chirimoya 1 Lt,SOPROLE,Cugat,Lácteos,2790.0,2758.8453389830506,1.13,0
Leche Cultivada Soprole Sin Lactosa Frutilla 1 Lt,SOPROLE,Cugat,Lácteos,2790.0,2758.8453389830506,1.13,0
Leche Cultivada Soprole Vainilla 1 Lt,SOPROLE,Cugat,Lácteos,2690.0,2758.8453389830506,-2.5,0
Leche En Polvo Colun Descremada 800 Gr,COLUN,Cugat,Lácteos,8990.0,2758.8453389830506,225.86,0
Leche En Polvo Colun Entera Alta En Calcio 1.4 Kg,COLUN,Cugat,Lácteos,14990.0,2758.8453389830506,443.34,1
Leche Natural Colun 1 Lt,NATURA,Cugat,Lácteos,1190.0,2758.8453389830506,-56.87,0
Leche Semidescremada Chocolate Soprole 1 Lt,SOPROLE,Cugat,Lácteos,2090.0,2758.8453389830506,-24.24,0
Mantequilla Sin Sal Colun 250 Gr,COLUN,Cugat,Lácteos,3290.0,2758.8453389830506,19.25,0
Mantequilla Fundo Los Alerces 250 Gr,OTRA,Cugat,Lácteos,2690.0,2758.8453389830506,-2.5,0
Mantequilla Pan Calo 250 Gr,CALO,Cugat,Lácteos,2990.0,2758.8453389830506,8.38,0
Mantequilla Quillayes 250 Gr,QUILLAYES,Cugat,Lácteos,3490.0,2758.8453389830506,26.5,0
Mantequilla Untable Colun 200 Gr,COLUN,Cugat,Lácteos,3590.0,2758.8453389830506,30.13,0
Mantequilla Con Sal Soprole 125 Gr,SOPROLE,Cugat,Lácteos,1590.0,2758.8453389830506,-42.37,0
Mantequillas Sin Sal Soprole 250 Gr,SOPROLE,Cugat,Lácteos,3290.0,2758.8453389830506,19.25,0
Margarina Cremosa Soprole 500 Gr,SOPROLE,Cugat,Lácteos,2990.0,2758.8453389830506,8.38,0
Margarina Pamperita Vegetal 900gr.,OTRA,Cugat,Lácteos,3390.0,2758.8453389830506,22.88,0
Margarina Sureña En Pote 900grs.,OTRA,Cugat,Lácteos,6490.0,2758.8453389830506,135.24,0
Mix Mantequilla Sureña 500 Gr,OTRA,Cugat,Lácteos,3990.0,2758.8453389830506,44.63,0
Mix Margarina-mantequilla Soprole 500 Gr,SOPROLE,Cugat,Lácteos,3990.0,2758.8453389830506,44.63,0
Mousse Trencito Nestlé 70 Gr,OTRA,Cugat,Lácteos,869.0,2758.8453389830506,-68.5,0
Pack Yoghurt Batido Colun 12×125 Gr,COLUN,Cugat,Lácteos,3990.0,2758.8453389830506,44.63,0
Pack Yoghurt Batido Nestlé 12 X 115grs.,OTRA,Cugat,Lácteos,3990.0,2758.8453389830506,44.63,0
Yoghurt Yoghito Soprole Frutilla 120 Gr,SOPROLE,Cugat,Lácteos,299.0,2758.8453389830506,-89.16,0
Yoghurt Colun Frambuesa 125 Gr,COLUN,Cugat,Lácteos,319.0,2758.8453389830506,-88.44,0
Yoghurt Colun Frutilla 125 Gr,COLUN,Cugat,Lácteos,319.0,2758.8453389830506,-88.44,0
Yoghurt Colun Vainilla 125 Gr,COLUN,Cugat,Lácteos,319.0,2758.8453389830506,-88.44,0
Yoghurt Gold Soprole Frutos Secos 165 Gr,SOPROLE,Cugat,Lácteos,890.0,2758.8453389830506,-67.74,0
Yoghurt Yoghito Soprole Damasco 120 Gr,SOPROLE,Cugat,Lácteos,299.0,2758.8453389830506,-89.16,0
Yoghurt Yoghito Soprole Plátano 120 Gr,SOPROLE,Cugat,Lácteos,299.0,2758.8453389830506,-89.16,0
Yoghurt Yoghito Soprole Vainilla 120 Gr,SOPROLE,Cugat,Lácteos,299.0,2758.8453389830506,-89.16,0
Leche Semidescremada Chocolate Colun 1 Lt,COLUN,Cugat,Lácteos,1990.0,2758.8453389830506,-27.87,0
Crema Colun 1 Lt,COLUN,Cugat,Lácteos,5290.0,2758.8453389830506,91.75,0
Crema Espesa Nestlé 157 Gr,OTRA,Cugat,Lácteos,1590.0,2758.8453389830506,-42.37,0
Crema Espesa Soprole 200 Gr,SOPROLE,Cugat,Lácteos,1390.0,2758.8453389830506,-49.62,0
Crema Soprole 1 Lt,SOPROLE,Cugat,Lácteos,4990.0,2758.8453389830506,80.87,0
Leche Asada Soprole 120 Gr,SOPROLE,Cugat,Lácteos,749.0,2758.8453389830506,-72.85,0
Leche Descremada Colun 1 Lt,COLUN,Cugat,Lácteos,1190.0,2758.8453389830506,-56.87,0
Leche Entera En Polvo Calo 850gr.,CALO,Cugat,Lácteos,6990.0,2758.8453389830506,153.37,0
Leche En Polvo Colun Entera 900 Gr,COLUN,Cugat,Lácteos,9990.0,2758.8453389830506,262.11,0
Leche Entera Soprole 1 Lt,SOPROLE,Cugat,Lácteos,1090.0,2758.8453389830506,-60.49,0
Leche Entera Surlat 1 Lt,SURLAT,Cugat,Lácteos,1290.0,2758.8453389830506,-53.24,2
Leche Semidescremada Soprole 1 Lt,SOPROLE,Cugat,Lácteos,1090.0,2758.8453389830506,-60.49,0
Leche Semidescremada Colun 1 Lt,COLUN,Cugat,Lácteos,1190.0,2758.8453389830506,-56.87,0
Leche Sin Lactosa Semidescremada Loncoleche 1lt,LONCOLECHE,Cugat,Lácteos,1590.0,2758.8453389830506,-42.37,0
Manjarate Soprole 80 Gr,SOPROLE,Cugat,Lácteos,790.0,2758.8453389830506,-71.36,0
Mantequilla Con Sal Soprole 250 Gr,SOPROLE,Cugat,Lácteos,3290.0,2758.8453389830506,19.25,0
Margarina Sureña 450 Gr,OTRA,Cugat,Lácteos,2790.0,2758.8453389830506,1.13,0
Pack 1+1 Soprole 5 Unidades X 140 Gr,SOPROLE,Cugat,Lácteos,3990.0,2758.8453389830506,44.63,0
Pack Uno Soprole Multi Frutilla 12 Und X 80 Ml C/u,SOPROLE,Cugat,Lácteos,4990.0,2758.8453389830506,80.87,0
Yoghurt Protein Soprole Natural 155 Gr,NATURA,Cugat,Lácteos,849.0,2758.8453389830506,-69.23,0
Yoghurt Yoghito Soprole Frambuesa 120 Gr,SOPROLE,Cugat,Lácteos,299.0,2758.8453389830506,-89.16,0
Yoghurt Sabor Frutilla Los Alerces 1 Kg,OTRA,Cugat,Lácteos,1890.0,2758.8453389830506,-31.49,0
Yoghurt Sabor Damasco Los Alerces 1 Kg,OTRA,Cugat,Lácteos,1890.0,2758.8453389830506,-31.49,0
Yoghurt Sabor Piña Los Alerces 1 Kg,OTRA,Cugat,Lácteos,1890.0,2758.8453389830506,-31.49,0
Yoghurt Sabor Frambuesa Los Alerces 1 Kg,OTRA,Cugat,Lácteos,1890.0,2758.8453389830506,-31.49,0
Yoghurt Sabor Plátano Los Alerces 1 Kg,OTRA,Cugat,Lácteos,1890.0,2758.8453389830506,-31.49,0
Yoghurt Sabor Mora Los Alerces 1 Kg,OTRA,Cugat,Lácteos,1890.0,2758.8453389830506,-31.49,0
Yoghurt Sabor Vainilla Los Alerces 1 Kg,OTRA,Cugat,Lácteos,1890.0,2758.8453389830506,-31.49,0
Margarina Light Sureña 450 Gr,OTRA,Cugat,Lácteos,2790.0,2758.8453389830506,1.13,0
Yoghurt Sabor a Frutilla Calán 110gr,OTRA,Cugat,Lácteos,990.0,2758.8453389830506,-64.12,0
Yoghurt Sabor a Vainilla Calán 110 Gr,OTRA,Cugat,Lácteos,990.0,2758.8453389830506,-64.12,0
Yoghurt Sabor a Chirimoya Calán 110 Gr,OTRA,Cugat,Lácteos,990.0,2758.8453389830506,-64.12,0
Margarina Sureña Mix 200 Gr,OTRA,Cugat,Lácteos,1490.0,2758.8453389830506,-45.99,0
Mantequilla Untable Con Aceite De Canola Lonco Leche 250 Gr,OTRA,Cugat,Lácteos,3990.0,2758.8453389830506,44.63,0
"Margarina con Sabor a Mantequilla Calo, 450gr.",CALO,Cugat,Lácteos,2590.0,2758.8453389830506,-6.12,0
Margarina Vegetal Light Calo 450 Gr,CALO,Cugat,Lácteos,2590.0,2758.8453389830506,-6.12,0
Leche Semidescremada Plátano LoncoLeche Und X 200 Ml,LONCOLECHE,Cugat,Lácteos,629.0,2758.8453389830506,-77.2,0
Leche Semidescremada Vainilla Lonco Und X 200 Ml,OTRA,Cugat,Lácteos,629.0,2758.8453389830506,-77.2,0
Leche Semidescremada Sin Lactosa Lonco Und X 200 Ml,OTRA,Cugat,Lácteos,629.0,2758.8453389830506,-77.2,0
Leche Descremada Sabor A Chocolate Lonco Und X 200 Ml,OTRA,Cugat,Lácteos,629.0,2758.8453389830506,-77.2,0
Leche Semidescremada Sin Lactosa Sabor A Chocolate Loncoleche 200 Ml,LONCOLECHE,Cugat,Lácteos,629.0,2758.8453389830506,-77.2,0
Leche Semidescremada Sabor A Chocolate Loncoleche 200 Ml,LONCOLECHE,Cugat,Lácteos,629.0,2758.8453389830506,-77.2,0
Leche Semidescremada Frutilla LoncoLeche 200 Ml,LONCOLECHE,Cugat,Lácteos,629.0,2758.8453389830506,-77.2,0
Compota Tu Fruta Rica Sabor A Manzana-mango Livean Purfrut 90 Gr,LIVEAN,Cugat,Lácteos,459.0,2758.8453389830506,-83.36,0
Mezcla De Mantequilla Y Aceite De Canola Con Sal Calo 350 Gr,CALO,Cugat,Lácteos,5390.0,2758.8453389830506,95.37,0
Compota Tu Fruta Rica Sabor a Durazno Livean Purfrut 90 Gr,LIVEAN,Cugat,Lácteos,459.0,2758.8453389830506,-83.36,0
Compota Tu Fruta Rica Sabor a Manzana Livean Purfrut 90 Gr,LIVEAN,Cugat,Lácteos,459.0,2758.8453389830506,-83.36,0
Compota Tu Fruta Rica Sabor a Pera Livean Purfrut 90 Gr,LIVEAN,Cugat,Lácteos,459.0,2758.8453389830506,-83.36,0
Bebida Láctea Sabor A Frutilla Bajo En Grasas Sin Azúcar Añadida Yogu Yogu 200 Ml,OTRA,Cugat,Lácteos,690.0,2758.8453389830506,-74.99,0
Bebida Láctea Sabor A Damasco Bajo En Grasas Sin Azúcar Añadida Yogu Yogu 200 Ml,OTRA,Cugat,Lácteos,690.0,2758.8453389830506,-74.99,0
Bebida Láctea Sabor A Piña Bajo En Grasas Sin Azúcar Añadida Yogu Yogu 200 Ml,OTRA,Cugat,Lácteos,690.0,2758.8453389830506,-74.99,0
Bebida Láctea Sabor A Vainilla Bajo En Grasas Sin Azúcar Añadida Yogu Yogu 200 Ml,OTRA,Cugat,Lácteos,690.0,2758.8453389830506,-74.99,0
Bebida Láctea Sabor A Mora Bajo En Grasas Sin Azúcar Añadida Yogu Yogu 200 Ml,OTRA,Cugat,Lácteos,690.0,2758.8453389830506,-74.99,0
Bebida Láctea Sabor A Chirimoya Bajo En Grasas Sin Azúcar Añadida Yogu Yogu 200 Ml,OTRA,Cugat,Lácteos,690.0,2758.8453389830506,-74.99,0
Pack Compota Livean Pouch 90 Gr,LIVEAN,Cugat,Lácteos,2690.0,2758.8453389830506,-2.5,0
Postre Soprole Gold Creme Caramel 120 Gr,SOPROLE,Cugat,Lácteos,849.0,2758.8453389830506,-69.23,0
Postre Soprole Gold Panna Cotta Frambuesa 120 Gr,SOPROLE,Cugat,Lácteos,849.0,2758.8453389830506,-69.23,0
Mantequilla Pan Colun 250 Gr,COLUN,Cugat,Lácteos,2690.0,2758.8453389830506,-2.5,0
Yogurt + Cereales Zucaritas 140 G,OTRA,Cugat,Lácteos,798.0,2758.8453389830506,-71.07,0
"Yogurt Griego Papaya, 110g",PAP,Cugat,Lácteos,690.0,2758.8453389830506,-74.99,0
Pack Loncoleche Sabor A Chocolate 6×200 Ml,LONCOLECHE,Cugat,Lácteos,3590.0,2758.8453389830506,30.13,0
Pack Loncoleche Sin Lactosa Sabor A Chocolate 6×200 Ml,LONCOLECHE,Cugat,Lácteos,3590.0,2758.8453389830506,30.13,0
Pack Loncoleche Sabor Frutilla 6×200 Ml,LONCOLECHE,Cugat,Lácteos,3590.0,2758.8453389830506,30.13,0
Pack Loncoleche Sabor Platano 6×200 Ml,LONCOLECHE,Cugat,Lácteos,3590.0,2758.8453389830506,30.13,0
Pack Loncoleche Sabor Vainilla 6×200 Ml,LONCOLECHE,Cugat,Lácteos,3590.0,2758.8453389830506,30.13,0
Leche En Polvo Colun Entera 400 Gr,COLUN,Cugat,Lácteos,4490.0,2758.8453389830506,62.75,0
"Manjarate 3d Soprole, 100g",SOPROLE,Cugat,Lácteos,790.0,2758.8453389830506,-71.36,0
"Manjarate Black Soprole, 80g",SOPROLE,Cugat,Lácteos,790.0,2758.8453389830506,-71.36,0
Leche Frutilla Colun 1 Lt,COLUN,Cugat,Lácteos,1790.0,2758.8453389830506,-35.12,0
Leche Asturiana Descremada 1 Lt.,OTRA,Cugat,Lácteos,1290.0,2758.8453389830506,-53.24,0
Leche Ula Entera 800 Gr,OTRA,Cugat,Lácteos,6990.0,2758.8453389830506,153.37,0
Bebida De Soya Asturiana,OTRA,Cugat,Lácteos,2190.0,2758.8453389830506,-20.62,0
Leche De Frutilla Loncoleche 1 L,LONCOLECHE,Cugat,Lácteos,1890.0,2758.8453389830506,-31.49,0
Leche De Platano Loncoleche 1 L,LONCOLECHE,Cugat,Lácteos,1890.0,2758.8453389830506,-31.49,0
Leche En Polvo Crecer 1+ Calo 800g,CALO,Cugat,Lácteos,8490.0,2758.8453389830506,207.74,0
Leche En Polvo Crecer 4+ Calo 800g,CALO,Cugat,Lácteos,8490.0,2758.8453389830506,207.74,0
"Leche semidescremada Loncoleche de Chocolate, 1Lt.",LONCOLECHE,Cugat,Lácteos,1890.0,2758.8453389830506,-31.49,0
Saborizante Para Leche Caja 112 G Milo,GENÉRICA,ACUENTA,Lácteos,2390.0,2758.8453389830506,-13.37,0
Yogurt oikos natural sin endulzar 800 g Watt's...,WATT'S,ACUENTA,Lácteos,3790.0,2758.8453389830506,37.38,2
Margarina Mix Con Mantequilla 200 g Soprole...,SOPROLE,ACUENTA,Lácteos,1650.0,2758.8453389830506,-40.19,0
Margarina Con Toque Mantequilla Tradicional 500...,GENÉRICA,ACUENTA,Lácteos,2890.0,2758.8453389830506,4.75,0
Crema Chantilly 1 Litro 1 L Monna Lisa,TIL,ACUENTA,Lácteos,3690.0,2758.8453389830506,33.75,0
Yogurt Griego Mix Galleta Y Nuez Caramelizada P...,GENÉRICA,ACUENTA,Lácteos,990.0,2758.8453389830506,-64.12,0
Bebida Láctea Sin Lactosa Con Probióticos Sabor...,GENÉRICA,ACUENTA,Lácteos,1290.0,2758.8453389830506,-53.24,0
Mantequilla Receta Artesanal 200 g Las Parcelas...,GENÉRICA,ACUENTA,Lácteos,2490.0,2758.8453389830506,-9.74,0
Bebida Leche Láctea Yogu Yogu Mora Caja 200 g Y...,GENÉRICA,ACUENTA,Lácteos,570.0,2758.8453389830506,-79.34,0
Bebida Leche Láctea Yogu Yogu Damasco Caja 200 ...,GENÉRICA,ACUENTA,Lácteos,570.0,2758.8453389830506,-79.34,0
Leche Entera Natural 200 ml Soprole,SOPROLE,ACUENTA,Lácteos,400.0,2758.8453389830506,-85.5,0
Leche Sin Lactosa Frutilla 200 ml Soprole...,SOPROLE,ACUENTA,Lácteos,530.0,2758.8453389830506,-80.79,0
Leche Plátano Caja 200 ml Loncoleche,LONCOLECHE,ACUENTA,Lácteos,450.0,2758.8453389830506,-83.69,0
Leche Proteína Chocolate 200 ml Soprole,SOPROLE,ACUENTA,Lácteos,670.0,2758.8453389830506,-75.71,0
Leche Sin Lactosa Chocolate 200 g Soprole...,SOPROLE,ACUENTA,Lácteos,530.0,2758.8453389830506,-80.79,0
Leche Semidescremada Vainilla 200 ml Loncoleche...,LONCOLECHE,ACUENTA,Lácteos,450.0,2758.8453389830506,-83.69,0
Leche Semidescremada Chocolate Caja 200 g Lonco...,GENÉRICA,ACUENTA,Lácteos,450.0,2758.8453389830506,-83.69,0
Leche Descremada Sin Lactosa 200 ml Colun...,COLUN,ACUENTA,Lácteos,590.0,2758.8453389830506,-78.61,0
Leche Entera Natural Caja 200 ml Colun,COLUN,ACUENTA,Lácteos,550.0,2758.8453389830506,-80.06,0
Leche Larga Vida Frutilla Caja 200 ml Loncolech...,TIL,ACUENTA,Lácteos,450.0,2758.8453389830506,-83.69,0
Saborizante de leche Trencito Sabor chocolate 3...,GENÉRICA,ACUENTA,Lácteos,2890.0,2758.8453389830506,4.75,0
Crema de Coco Vegetal 330 ml Vilay,GENÉRICA,ACUENTA,Lácteos,2250.0,2758.8453389830506,-18.44,0
Mantequilla Sin sal 250 g Colun,COLUN,ACUENTA,Lácteos,3890.0,2758.8453389830506,41.0,0
Mantequilla Con Sal Tradicional 125 g Calo...,CALO,ACUENTA,Lácteos,1750.0,2758.8453389830506,-36.57,0
Margarina Mix Tradicional 450 g Lider,LIDER,ACUENTA,Lácteos,2950.0,2758.8453389830506,6.93,0
Mantequilla Artesanal de Campo Tradicional 250 ...,GENÉRICA,ACUENTA,Lácteos,3390.0,2758.8453389830506,22.88,0
Leche Semidescremada Frutilla 200 g Soprole...,SOPROLE,ACUENTA,Lácteos,540.0,2758.8453389830506,-80.43,0
Margarina Mix Tradicional 350 gr Calo,CALO,ACUENTA,Lácteos,2350.0,2758.8453389830506,-14.82,0
Mantequilla Untable Tradicional 200 g Colun...,COLUN,ACUENTA,Lácteos,3690.0,2758.8453389830506,33.75,0
Margarina Mix Tradicional 450 g Sureña,GENÉRICA,ACUENTA,Lácteos,3190.0,2758.8453389830506,15.63,0
Mantequilla Con sal 125 g Colun,COLUN,ACUENTA,Lácteos,1750.0,2758.8453389830506,-36.57,0
Leche En Polvo Descremada Bolsa 760 g Loncolech...,GENÉRICA,ACUENTA,Lácteos,6090.0,2758.8453389830506,120.74,0
Leche en Polvo Semidescremada Sin Lactosa Bolsa...,GENÉRICA,ACUENTA,Lácteos,11090.0,2758.8453389830506,301.98,0
Crema de Leche para batir y cocinar Caja 200 ml...,GENÉRICA,ACUENTA,Lácteos,1350.0,2758.8453389830506,-51.07,0
Margarina Tradicional 900 g Sureña,GENÉRICA,ACUENTA,Lácteos,5190.0,2758.8453389830506,88.12,0
Saborizante para leche Chocolate Bolsa 700 g Co...,GENÉRICA,ACUENTA,Lácteos,6490.0,2758.8453389830506,135.24,0
Saborizante de Leche Chocolate ActivGo Bolsa 30...,GENÉRICA,ACUENTA,Lácteos,3590.0,2758.8453389830506,30.13,0
Leche Descremada Instantánea Bolsa 800 g Lider...,LIDER,ACUENTA,Lácteos,5790.0,2758.8453389830506,109.87,0
Crema de leche Natural Para Batir Caja 200 ml C...,GENÉRICA,ACUENTA,Lácteos,1350.0,2758.8453389830506,-51.07,0
Leche Semidescremada Natural 1 l 1 L Soprole...,SOPROLE,ACUENTA,Lácteos,1250.0,2758.8453389830506,-54.69,0
Saborizante De Leche Instantáneo Sabor chocolat...,GENÉRICA,ACUENTA,Lácteos,2190.0,2758.8453389830506,-20.62,0
Leche en Polvo Semidescremada Crecer 4+ Bolsa 8...,GENÉRICA,ACUENTA,Lácteos,7090.0,2758.8453389830506,156.99,0
Leche Bon Moments Cappuccino Caja 1 L Danone...,DANONE,ACUENTA,Lácteos,2690.0,2758.8453389830506,-2.5,2
Leche Zero % Descremada Sin Lactosa 1 L Lider...,LIDER,ACUENTA,Lácteos,1190.0,2758.8453389830506,-56.87,0
Margarina Tradicional 450 g Calo,CALO,ACUENTA,Lácteos,2520.0,2758.8453389830506,-8.66,0
Leche En Polvo Entera Instantánea Etapa 1+ 1350...,GENÉRICA,ACUENTA,Lácteos,17750.0,2758.8453389830506,543.39,1
Leche en Polvo Entera Buen Día Bolsa 300 g Nido...,GENÉRICA,ACUENTA,Lácteos,3150.0,2758.8453389830506,14.18,0
Leche Zero Lacto Chocolate 1 L Soprole,SOPROLE,ACUENTA,Lácteos,1950.0,2758.8453389830506,-29.32,0
Leche Semidescremada Sin Lactosa 1 L Lider...,LIDER,ACUENTA,Lácteos,1190.0,2758.8453389830506,-56.87,0
Saborizante Para Leche En Polvo Fortificado Sab...,GENÉRICA,ACUENTA,Lácteos,2390.0,2758.8453389830506,-13.37,0
Crema Tradicional Para Batir 500 ml Loncoleche...,LONCOLECHE,ACUENTA,Lácteos,2850.0,2758.8453389830506,3.3,0
Leche Descremada Natural Cremosa 1 L Soprole...,SOPROLE,ACUENTA,Lácteos,1250.0,2758.8453389830506,-54.69,0
Leche Descremada Sin Lactosa Caja 1 L Colun...,COLUN,ACUENTA,Lácteos,1350.0,2758.8453389830506,-51.07,0
Saborizante para Leche Tarro ActivGo 700 g Nest...,GENÉRICA,ACUENTA,Lácteos,8290.0,2758.8453389830506,200.49,0
Bebida Láctea Probiótico Sabor Mora Botella Pac...,GENÉRICA,ACUENTA,Lácteos,2450.0,2758.8453389830506,-11.19,0
Leche en Polvo Entera Bolsa 800 g Ula,GENÉRICA,ACUENTA,Lácteos,5990.0,2758.8453389830506,117.12,0
Bebida Láctea Probiótico Sabor Multifruta Pack ...,GENÉRICA,ACUENTA,Lácteos,2450.0,2758.8453389830506,-11.19,0
Leche en Polvo Semidescremada Instantánea Bolsa...,GENÉRICA,ACUENTA,Lácteos,6190.0,2758.8453389830506,124.37,0
Leche en Polvo Entera Bolsa 1440 g Calo,CALO,ACUENTA,Lácteos,11450.0,2758.8453389830506,315.03,0
Leche Entera Sin Lactosa con Tapa 1 L Colun...,COLUN,ACUENTA,Lácteos,1350.0,2758.8453389830506,-51.07,0
Leche Semidescremada Sin Lactosa Caja Con Tapa ...,GENÉRICA,ACUENTA,Lácteos,1350.0,2758.8453389830506,-51.07,0
Leche en Polvo Move+ Descremada Sin Lactosa Bo...,GENÉRICA,ACUENTA,Lácteos,10990.0,2758.8453389830506,298.36,0
Bebida Láctea Probiótico Sabor Frutilla Pack Bo...,TIL,ACUENTA,Lácteos,2350.0,2758.8453389830506,-14.82,0
Leche Semidescremada Frutilla 1 L Loncoleche...,LONCOLECHE,ACUENTA,Lácteos,1450.0,2758.8453389830506,-47.44,0
Leche Semidescremada Frutilla 1 L Soprole...,SOPROLE,ACUENTA,Lácteos,1590.0,2758.8453389830506,-42.37,0
Leche En Polvo Entera 300 g Nido,GENÉRICA,ACUENTA,Lácteos,3590.0,2758.8453389830506,30.13,0
Saborizante de Leche Sabor Frutilla Bolsa 380 g...,TIL,ACUENTA,Lácteos,2790.0,2758.8453389830506,1.13,0
Leche Evaporada Tarro 410 g Lider,LIDER,ACUENTA,Lácteos,1790.0,2758.8453389830506,-35.12,0
Leche en Polvo Semidescremada Crecer 1+ Bolsa 8...,GENÉRICA,ACUENTA,Lácteos,7050.0,2758.8453389830506,155.54,0
Leche Semidescremada Chocolate 1 L Loncoleche...,LONCOLECHE,ACUENTA,Lácteos,1450.0,2758.8453389830506,-47.44,0
Leche Evaporada Lata 390 g 390 g Ideal,GENÉRICA,ACUENTA,Lácteos,1750.0,2758.8453389830506,-36.57,0
Leche Semidescremada Vainilla 1 L Loncoleche...,LONCOLECHE,ACUENTA,Lácteos,1450.0,2758.8453389830506,-47.44,0
Saborizante para Leche Chocolate Tradicional 62...,GENÉRICA,ACUENTA,Lácteos,5790.0,2758.8453389830506,109.87,0
Probiótico Manzana Multipack 18Un 8 ml Chamyto...,CHAMYTO,ACUENTA,Lácteos,6190.0,2758.8453389830506,124.37,2
Leche en Polvo día Semidescremada 700g Nido...,GENÉRICA,ACUENTA,Lácteos,5950.0,2758.8453389830506,115.67,0
Crema De Leche Espesa Tarro 155 g Lider,LIDER,ACUENTA,Lácteos,1150.0,2758.8453389830506,-58.32,0
Crema de Leche Tradicional Lista Sin Lactosa 20...,GENÉRICA,ACUENTA,Lácteos,1190.0,2758.8453389830506,-56.87,0
Leche Cultivada Proteína Frutilla 1 L Soprole...,SOPROLE,ACUENTA,Lácteos,3190.0,2758.8453389830506,15.63,0
Leche Descremada Natural sin Lactosa 1 L Loncol...,GENÉRICA,ACUENTA,Lácteos,1290.0,2758.8453389830506,-53.24,0
Leche Natural Entera Lonco Leche 1 L Loncoleche...,LONCOLECHE,ACUENTA,Lácteos,1090.0,2758.8453389830506,-60.49,0
Sucedáneo Leche Condensada Tarro 397 g 397 g Le...,GENÉRICA,ACUENTA,Lácteos,1690.0,2758.8453389830506,-38.74,0
Leche Semidescremada Plátano 1 L Loncoleche...,LONCOLECHE,ACUENTA,Lácteos,1450.0,2758.8453389830506,-47.44,0
Crema de Leche Para Batir y Cocinar 1 L Lider...,LIDER,ACUENTA,Lácteos,4590.0,2758.8453389830506,66.37,0
Leche en Polvo Entera Bolsa 850 g Calo,CALO,ACUENTA,Lácteos,6390.0,2758.8453389830506,131.62,0
Leche Cultivada Sabor Frutilla Botella 1 L Sopr...,TIL,ACUENTA,Lácteos,2350.0,2758.8453389830506,-14.82,0
Crema De Leche 15%Mg Tradicional 200 ml Lider...,LIDER,ACUENTA,Lácteos,1190.0,2758.8453389830506,-56.87,0
Leche Cultivada Next Sabor Chirimoya Botella 1 ...,GENÉRICA,ACUENTA,Lácteos,2150.0,2758.8453389830506,-22.07,0
Leche Cultivada Sabor Chirimoya Botella 1 L Sop...,GENÉRICA,ACUENTA,Lácteos,2350.0,2758.8453389830506,-14.82,0
Postre Manjarate Manjars Pote 100 gr Soprole...,SOPROLE,ACUENTA,Lácteos,740.0,2758.8453389830506,-73.18,0
Leche Semidescremada Natural Caja 1 l 1 L Colun...,COLUN,ACUENTA,Lácteos,1250.0,2758.8453389830506,-54.69,0
Margarina Light 450 g Calo,CALO,ACUENTA,Lácteos,1650.0,2758.8453389830506,-40.19,0
Leche En Polvo Semidescremada Etapa 5+ Bolsa 70...,GENÉRICA,ACUENTA,Lácteos,8790.0,2758.8453389830506,218.61,0
Bebida Láctea Probiótico Sabor Manzana Multipac...,GENÉRICA,ACUENTA,Lácteos,3350.0,2758.8453389830506,21.43,0
Margarina Tradicional 250 g Soprole,SOPROLE,ACUENTA,Lácteos,1450.0,2758.8453389830506,-47.44,0
Postre Manjarate Chocolate Receta Original Blac...,GENÉRICA,ACUENTA,Lácteos,740.0,2758.8453389830506,-73.18,0
Leche en Polvo Entera Bolsa 800 g Nido,GENÉRICA,ACUENTA,Lácteos,8090.0,2758.8453389830506,193.24,0
Leche en Polvo Semidescremada Etapa 3+ Bolsa 70...,GENÉRICA,ACUENTA,Lácteos,8790.0,2758.8453389830506,218.61,0
Bebida Láctea Probiótico Sabor Frambuesa Multip...,GENÉRICA,ACUENTA,Lácteos,3350.0,2758.8453389830506,21.43,0
Leche en Polvo Entera Bolsa 900 g Colun,COLUN,ACUENTA,Lácteos,7890.0,2758.8453389830506,185.99,0
Crema de Leche Nestlé Clásica Tarro 236 g Nestl...,GENÉRICA,ACUENTA,Lácteos,2050.0,2758.8453389830506,-25.69,0
Bebida Láctea Probiótico UNO Sabor Frutilla Pac...,TIL,ACUENTA,Lácteos,3550.0,2758.8453389830506,28.68,0
Mantequilla Con Sal Tradicional 250 g Lider...,LIDER,ACUENTA,Lácteos,2690.0,2758.8453389830506,-2.5,0
Leche en Polvo Semidescremada Etapa 1+ Bolsa 70...,GENÉRICA,ACUENTA,Lácteos,8090.0,2758.8453389830506,193.24,0
Leche Evaporada Gloria 390 g 390 g Nestlé...,GENÉRICA,ACUENTA,Lácteos,1790.0,2758.8453389830506,-35.12,0
Probiótico Manzana Multipack 80ml Chamyto...,CHAMYTO,ACUENTA,Lácteos,2690.0,2758.8453389830506,-2.5,2
Mantequilla Con Sal Tradicional 125 g Lider...,LIDER,ACUENTA,Lácteos,1490.0,2758.8453389830506,-45.99,0
Probiótico UNO Frutilla Pack 18 Botellas 80 ml ...,TIL,ACUENTA,Lácteos,4990.0,2758.8453389830506,80.87,0
Leche Extra Proteína Caja 1 L Loncoleche,LONCOLECHE,ACUENTA,Lácteos,1890.0,2758.8453389830506,-31.49,0
Probiótico Frutilla Multipack 18Un 1440 ml Cham...,TIL,ACUENTA,Lácteos,5990.0,2758.8453389830506,117.12,0
Margarina Tradicional 1 Kg Qualy,GENÉRICA,ACUENTA,Lácteos,4650.0,2758.8453389830506,68.55,0
Leche Semidescremada Frutilla 1 L Colun,COLUN,ACUENTA,Lácteos,1550.0,2758.8453389830506,-43.82,0
Margarina Tradicional 900 g Pamperita,GENÉRICA,ACUENTA,Lácteos,2550.0,2758.8453389830506,-7.57,0
Crema de Leche Natural Para Batir Colun 1 L Col...,COLUN,ACUENTA,Lácteos,4890.0,2758.8453389830506,77.25,0
Mantequilla Sin sal 250 g Soprole,SOPROLE,ACUENTA,Lácteos,2550.0,2758.8453389830506,-7.57,0
Mantequilla Con Sal Tradicional 250 g Los Alerc...,GENÉRICA,ACUENTA,Lácteos,2490.0,2758.8453389830506,-9.74,0
Leche Semidescremada Sin Lactosa 1 L Loncoleche...,LONCOLECHE,ACUENTA,Lácteos,1290.0,2758.8453389830506,-53.24,0
Leche Condensada Tarro 395 g Lider,LIDER,ACUENTA,Lácteos,1490.0,2758.8453389830506,-45.99,0
Qualy Sabor Mantequilla 500 g Qualy,GENÉRICA,ACUENTA,Lácteos,2850.0,2758.8453389830506,3.3,0
Yoghurt Probiótico Frutilla Multipack 80ml Cham...,TIL,ACUENTA,Lácteos,2690.0,2758.8453389830506,-2.5,0
Saborizante para Leche Chocolate Bolsa ActivGo ...,GENÉRICA,ACUENTA,Lácteos,7790.0,2758.8453389830506,182.36,0
Leche Blanca Descremada Caja 1 l 1 L Lider...,LIDER,ACUENTA,Lácteos,990.0,2758.8453389830506,-64.12,0
Flan Manjar Postre 100 g Colun,COLUN,ACUENTA,Lácteos,290.0,2758.8453389830506,-89.49,0
Margarina Vegetal 1 kg Acuenta,ACUENTA,ACUENTA,Lácteos,2590.0,2758.8453389830506,-6.12,0
Margarina Pote Tradicional 500 g Soprole,SOPROLE,ACUENTA,Lácteos,2190.0,2758.8453389830506,-20.62,0
Bebida Láctea Probiótico UNO Multifruta Pack 12...,GENÉRICA,ACUENTA,Lácteos,3550.0,2758.8453389830506,28.68,0
Sucedáneo de Leche Condensada 395 g Acuenta...,ACUENTA,ACUENTA,Lácteos,1090.0,2758.8453389830506,-60.49,0
Manjar Tradicional Bolsa 1 Kg Nestle,NESTLE,ACUENTA,Lácteos,4290.0,2758.8453389830506,55.5,0
Bebida Láctea Probiótico Sabor Frutilla Multipa...,TIL,ACUENTA,Lácteos,3350.0,2758.8453389830506,21.43,0
Margarina Mix con Mantequilla Tradicional 500 g...,GENÉRICA,ACUENTA,Lácteos,3250.0,2758.8453389830506,17.8,0
Leche Descremada Natural Caja 1 l 1 L Colun...,COLUN,ACUENTA,Lácteos,1250.0,2758.8453389830506,-54.69,0
Margarina con Mantequilla Tradicional 450 g Sur...,GENÉRICA,ACUENTA,Lácteos,2790.0,2758.8453389830506,1.13,0
Leche en Polvo Descremada Bolsa 800 g Colun...,COLUN,ACUENTA,Lácteos,6490.0,2758.8453389830506,135.24,0
Leche Semidescremada Chocolate 1 L Soprole...,SOPROLE,ACUENTA,Lácteos,1590.0,2758.8453389830506,-42.37,0
Leche en Polvo Entera Bolsa 800 g Lider,LIDER,ACUENTA,Lácteos,6190.0,2758.8453389830506,124.37,0
Leche Semidescremada Chocolate 200 g Soprole...,SOPROLE,ACUENTA,Lácteos,540.0,2758.8453389830506,-80.43,0
Mantequilla Con Sal Tradicional 125 g Los Alerc...,GENÉRICA,ACUENTA,Lácteos,1650.0,2758.8453389830506,-40.19,0
Margarina Tradicional 500 g Deline,GENÉRICA,ACUENTA,Lácteos,1590.0,2758.8453389830506,-42.37,0
Postre Manjarate Chocolate Receta Original Pote...,GENÉRICA,ACUENTA,Lácteos,740.0,2758.8453389830506,-73.18,0
Postre Crema Manjar 120 g Chandelle,GENÉRICA,ACUENTA,Lácteos,760.0,2758.8453389830506,-72.45,0
Crema de Leche Light Lista Caja 200 ml Loncolec...,GENÉRICA,ACUENTA,Lácteos,1150.0,2758.8453389830506,-58.32,0
Mantequilla con Sal 250 g Soprole,SOPROLE,ACUENTA,Lácteos,2690.0,2758.8453389830506,-2.5,0
Leche Condensada Clásica Doypack Tradicional 18...,GENÉRICA,ACUENTA,Lácteos,1350.0,2758.8453389830506,-51.07,0
Saborizante Para Leche Chocolate 200 g Milo...,GENÉRICA,ACUENTA,Lácteos,2000.0,2758.8453389830506,-27.51,0
Leche en Polvo Entera Bolsa 1440 g Colun,COLUN,ACUENTA,Lácteos,11390.0,2758.8453389830506,312.85,0
Leche Semidescremada Chocolate 1 L Colun,COLUN,ACUENTA,Lácteos,1550.0,2758.8453389830506,-43.82,0
Leche Semidescremada 1 L Lider,LIDER,ACUENTA,Lácteos,990.0,2758.8453389830506,-64.12,0
Margarina Tradicional 500 g Qualy,GENÉRICA,ACUENTA,Lácteos,2450.0,2758.8453389830506,-11.19,0
Crema de Leche Natural Espesa Larga Vida 200 g ...,GENÉRICA,ACUENTA,Lácteos,1390.0,2758.8453389830506,-49.62,0
Mantequilla Con sal 250 g Colun,COLUN,ACUENTA,Lácteos,3090.0,2758.8453389830506,12.0,0
Leche Entera Natural sin Lactosa 1 L Loncoleche...,LONCOLECHE,ACUENTA,Lácteos,1290.0,2758.8453389830506,-53.24,0
Leche Entera Natural Caja 1 l 1 L Colun,COLUN,ACUENTA,Lácteos,1250.0,2758.8453389830506,-54.69,0
Crema De Leche Tarro 157g Nestle,NESTLE,ACUENTA,Lácteos,1000.0,2758.8453389830506,-63.75,0
Leche Condensada Tarro 397 g 397 g Nestle...,NESTLE,ACUENTA,Lácteos,1690.0,2758.8453389830506,-38.74,0
Leche Entera Natural 1 l 1 L Soprole,SOPROLE,ACUENTA,Lácteos,1050.0,2758.8453389830506,-61.94,0
Mantequilla Con Sal Tradicional 250 g Calo...,CALO,ACUENTA,Lácteos,2450.0,2758.8453389830506,-11.19,0
Leche Natural Entera caja 1 L Lider,LIDER,ACUENTA,Lácteos,990.0,2758.8453389830506,-64.12,0
Leche Nido instantánea entera 1350gr.,OTRA,Cugat,Leche en Polvo,17990.0,17990.0,0.0,0
Fiambre sándwich 150 g San jorge,SAN JORGE,Acuenta,Otros Frescos,1000.0,1567.7619047619048,-36.21,0
Compota De Fruta Multifruta 90 g Watts,GENÉRICA,Acuenta,Otros Frescos,480.0,1567.7619047619048,-69.38,0
Compota De Fruta Manzana 90 g Watts,GENÉRICA,Acuenta,Otros Frescos,480.0,1567.7619047619048,-69.38,0
Yoghurt Protein con Trozos Sabor Mango Maracuyá...,GENÉRICA,Acuenta,Otros Frescos,770.0,1567.7619047619048,-50.89,0
Pasta Fresca Ravioles Ricotta Espinaca 500 g Li...,GENÉRICA,Acuenta,Otros Frescos,3890.0,1567.7619047619048,148.12,0
Pack Empanadas De Pino 2 Un Lider,LIDER,Acuenta,Otros Frescos,2590.0,1567.7619047619048,65.2,0
Gnocchi De Papas 500 g Lider,LIDER,Acuenta,Otros Frescos,2990.0,1567.7619047619048,90.72,0
Pasta Coctel Ave Pimentón 250 g Lider,LIDER,Acuenta,Otros Frescos,2990.0,1567.7619047619048,90.72,0
Pack Empanadas Coctel Carne 10 Un 350 g Lider...,LIDER,Acuenta,Otros Frescos,3590.0,1567.7619047619048,128.99,0
Bebida Vegetal Orasi Avena 1000 L Orasi,GENÉRICA,Acuenta,Otros Frescos,3790.0,1567.7619047619048,141.75,0
Yoghurt Batido Sin Azucar con Trozos Sabor Papa...,GENÉRICA,Acuenta,Otros Frescos,650.0,1567.7619047619048,-58.54,0
Yoghurt Batido Sin Azúcar con Trozos de Frutos...,GENÉRICA,Acuenta,Otros Frescos,650.0,1567.7619047619048,-58.54,0
Yoghurt Batido sin Azúcar con Trozos Sabor Frut...,GENÉRICA,Acuenta,Otros Frescos,650.0,1567.7619047619048,-58.54,0
Tocino Ahumado 150 g PF,PF,Acuenta,Otros Frescos,3590.0,1567.7619047619048,128.99,0
Saborizante Vainilla,GENÉRICA,Acuenta,Otros Frescos,1090.0,1567.7619047619048,-30.47,0
Saborizante Frutilla,TIL,Acuenta,Otros Frescos,1090.0,1567.7619047619048,-30.47,0
Yoghurt Batido Sabor Mora 1 kg Lider,LIDER,Acuenta,Otros Frescos,1790.0,1567.7619047619048,14.18,0
Yoghurt Proteína Natural Endulzado Pote 140 g G...,GENÉRICA,Acuenta,Otros Frescos,620.0,1567.7619047619048,-60.45,0
Bebida Láctea Sabor Mora 1 L Yogu Yogu,GENÉRICA,Acuenta,Otros Frescos,1990.0,1567.7619047619048,26.93,0
Yoghurt Batido Sabor Mora 115 g Yogu Yogu...,GENÉRICA,Acuenta,Otros Frescos,390.0,1567.7619047619048,-75.12,0
Yoghurt Protein con Trozos Frutos Secos Pote 15...,GENÉRICA,Acuenta,Otros Frescos,770.0,1567.7619047619048,-50.89,0
Yoghurt + Cereal Nestlé Chocapic Y Trix Pack Mu...,GENÉRICA,Acuenta,Otros Frescos,3750.0,1567.7619047619048,139.19,0
Yoghurt Batido Sabor Vainilla Pote 110 g Lider...,LIDER,Acuenta,Otros Frescos,240.0,1567.7619047619048,-84.69,0
Arrollado Huaso 150 gr PF,PF,Acuenta,Otros Frescos,1350.0,1567.7619047619048,-13.89,0
Yoghurt Batido Sabor Damasco Pote 110 g Lider...,LIDER,Acuenta,Otros Frescos,240.0,1567.7619047619048,-84.69,0
Yoghurt Proteína Sabor Frutilla Pote 140 g Good...,TIL,Acuenta,Otros Frescos,610.0,1567.7619047619048,-61.09,0
Yoghurt Griego Colchón de Frutas con Frutos del...,GENÉRICA,Acuenta,Otros Frescos,750.0,1567.7619047619048,-52.16,0
Yoghurt Batido Sabor Frambuesa Pack 6 Caja 690 ...,GENÉRICA,Acuenta,Otros Frescos,2590.0,1567.7619047619048,65.2,0
Yoghurt Batido Sin lactosa con Trozos sabor Pap...,GENÉRICA,Acuenta,Otros Frescos,560.0,1567.7619047619048,-64.28,0
Yoghurt Batido Sin lactosa con Trozos sabor Ber...,GENÉRICA,Acuenta,Otros Frescos,560.0,1567.7619047619048,-64.28,0
Yoghurt Batido Sin lactosa con Trozos sabor Dur...,GENÉRICA,Acuenta,Otros Frescos,560.0,1567.7619047619048,-64.28,0
Manteca Bolsa 1 Kg Collico,GENÉRICA,Acuenta,Otros Frescos,4890.0,1567.7619047619048,211.91,0
Compota Manzana Tradicional 120 g Nestlé,GENÉRICA,Acuenta,Otros Frescos,490.0,1567.7619047619048,-68.75,0
Saborizante sabor Chocolate Bolsa 700 g Nesquik...,GENÉRICA,Acuenta,Otros Frescos,4090.0,1567.7619047619048,160.88,0
Yoghurt Batido Sabor Damasco 1 kg Lider,LIDER,Acuenta,Otros Frescos,1790.0,1567.7619047619048,14.18,0
Yoghurt Griego Colchón de Frutas con Trozos de ...,GENÉRICA,Acuenta,Otros Frescos,750.0,1567.7619047619048,-52.16,0
Yoghurt con Cereal 1+1 Mini Cookies 140 g Sopro...,GENÉRICA,Acuenta,Otros Frescos,720.0,1567.7619047619048,-54.07,0
Yoghurt Oikos Choco Crunch Pote 142 g Danone...,DANONE,Acuenta,Otros Frescos,990.0,1567.7619047619048,-36.85,2
Fórmula Láctea de Crecimiento en Polvo Nutri Es...,GENÉRICA,Acuenta,Otros Frescos,3890.0,1567.7619047619048,148.12,0
Bebida Láctea Sabor Chocolate 1 L Surlat,SURLAT,Acuenta,Otros Frescos,1190.0,1567.7619047619048,-24.1,2
Yoghurt Batido Sabor Vainilla 1 kg Lider,LIDER,Acuenta,Otros Frescos,1790.0,1567.7619047619048,14.18,0
Yoghurt Batido Sabor Cereza Bolsa 1 Kg Colun...,COLUN,Acuenta,Otros Frescos,1950.0,1567.7619047619048,24.38,0
Bebida Vegetal Sin Azúcar Coco 1 L Vilay,GENÉRICA,Acuenta,Otros Frescos,2020.0,1567.7619047619048,28.85,0
Yoghurt Batido Sabor Piña Bolsa 1 Kg Colun...,COLUN,Acuenta,Otros Frescos,1950.0,1567.7619047619048,24.38,0
Yoghurt con Cereal 1+1 Pack x5 Zucaritas + Mini...,GENÉRICA,Acuenta,Otros Frescos,3350.0,1567.7619047619048,113.68,0
Yoghurt Batido Sabor Plátano Bolsa 1 Kg Colun...,COLUN,Acuenta,Otros Frescos,1950.0,1567.7619047619048,24.38,0
Mini Salchichón Cervecero Embutido 400 g PF...,PF,Acuenta,Otros Frescos,2750.0,1567.7619047619048,75.41,0
Yoghurt Gold con Trozos de Almendras y Chocolat...,GENÉRICA,Acuenta,Otros Frescos,780.0,1567.7619047619048,-50.25,0
Yoghurt Batido Sabor Damasco Bolsa 1 Kg Colun...,COLUN,Acuenta,Otros Frescos,1950.0,1567.7619047619048,24.38,0
Yoghurt Batido Sabor Vainilla Bolsa 1 Kg Colun...,COLUN,Acuenta,Otros Frescos,1950.0,1567.7619047619048,24.38,0
Yoghurt Light Sin Lactosa Frutilla 120 g Colun...,COLUN,Acuenta,Otros Frescos,360.0,1567.7619047619048,-77.04,0
Yoghurt Batido Light sin Lactosa Sabor Chirimoy...,GENÉRICA,Acuenta,Otros Frescos,360.0,1567.7619047619048,-77.04,0
Yoghurt Batido Light Sabor Vainilla Pote 120 g ...,GENÉRICA,Acuenta,Otros Frescos,360.0,1567.7619047619048,-77.04,0
Yoghurt Sabor Natural Azucarado 1+1 Pote 155 gr...,GENÉRICA,Acuenta,Otros Frescos,490.0,1567.7619047619048,-68.75,0
Yoghurt Batido Sabor Mora Bolsa 1 Kg Colun...,COLUN,Acuenta,Otros Frescos,1950.0,1567.7619047619048,24.38,0
Yoghurt Griego con Trozos de Durazno Pote 110 g...,GENÉRICA,Acuenta,Otros Frescos,590.0,1567.7619047619048,-62.37,0
Yoghurt batido Pack 1440 g Soprole,SOPROLE,Acuenta,Otros Frescos,3290.0,1567.7619047619048,109.85,0
Quesillo Fresco Sin lactosa 320 g Colun,COLUN,Acuenta,Otros Frescos,2790.0,1567.7619047619048,77.96,0
Yoghurt Batido Frutilla Botella 1000 ml Soprole...,SOPROLE,Acuenta,Otros Frescos,2490.0,1567.7619047619048,58.83,0
Yoghurt Batido Light Sabor Frambuesa Pote 120 g...,GENÉRICA,Acuenta,Otros Frescos,360.0,1567.7619047619048,-77.04,0
Yoghurt Batido Light Sabor Frutilla Pote 120 g ...,TIL,Acuenta,Otros Frescos,360.0,1567.7619047619048,-77.04,0
Yoghurt Gold Batido con Trozos de Almedras y Nu...,GENÉRICA,Acuenta,Otros Frescos,780.0,1567.7619047619048,-50.25,0
Yoghurt con Cereal 1+1 Choco Krispis Chocolate ...,GENÉRICA,Acuenta,Otros Frescos,720.0,1567.7619047619048,-54.07,0
Yoghurt Batido Sabor Frambuesa Bolsa 1 Kg Colun...,COLUN,Acuenta,Otros Frescos,1950.0,1567.7619047619048,24.38,0
Yoghurt Protein con Trozos Sabor Frutilla Pote ...,TIL,Acuenta,Otros Frescos,770.0,1567.7619047619048,-50.89,0
Yoghurt Batido Sabor Frutilla Pote 110 g Lider...,LIDER,Acuenta,Otros Frescos,240.0,1567.7619047619048,-84.69,0
Yoghurt Batido Sabor Mora 110 g Lider,LIDER,Acuenta,Otros Frescos,240.0,1567.7619047619048,-84.69,0
Yoghurt Batido Sabor Vainilla Pote 110 g Acuent...,GENÉRICA,Acuenta,Otros Frescos,170.0,1567.7619047619048,-89.16,0
Bebida Vegetal Almendras Sabor Original Sin Azú...,GENÉRICA,Acuenta,Otros Frescos,2190.0,1567.7619047619048,39.69,0
Yoghurt Batido Sabor Frutilla Pote 110 g Acuent...,TIL,Acuenta,Otros Frescos,170.0,1567.7619047619048,-89.16,0
Quesillo Fresco tradicional Bolsa 320 g Colun...,COLUN,Acuenta,Otros Frescos,2450.0,1567.7619047619048,56.27,0
Yoghurt 1+1 Botella 1 L Soprole,SOPROLE,Acuenta,Otros Frescos,2450.0,1567.7619047619048,56.27,0
Yoghurt Griego Natural sin Azúcar Pote 150 g Oi...,GENÉRICA,Acuenta,Otros Frescos,460.0,1567.7619047619048,-70.66,0
Yoghurt Sabores Pack 1440 g Los alerces,GENÉRICA,Acuenta,Otros Frescos,3090.0,1567.7619047619048,97.1,0
Yoghurt Griego con Trozos de Frutilla Pote 110 ...,TIL,Acuenta,Otros Frescos,590.0,1567.7619047619048,-62.37,0
Yoghurt Batido Sabor Mora Pote 110 g Acuenta...,ACUENTA,Acuenta,Otros Frescos,170.0,1567.7619047619048,-89.16,0
Manteca hidrogenada vegetal Tradicional 200 g A...,GENÉRICA,Acuenta,Otros Frescos,2090.0,1567.7619047619048,33.31,0
Yoghurt Batido Sabor Frambuesa Pote 120 g Sopro...,GENÉRICA,Acuenta,Otros Frescos,280.0,1567.7619047619048,-82.14,0
Yoghurt Con cereal 1+1 Zucaritas 140 g Soprole...,SOPROLE,Acuenta,Otros Frescos,720.0,1567.7619047619048,-54.07,0
Yoghurt con Cereal 1+1 Pack x5 Zucaritas + Choc...,GENÉRICA,Acuenta,Otros Frescos,3390.0,1567.7619047619048,116.23,0
Yoghurt Batido Sabor Frutilla Bolsa 1 Kg Colun...,COLUN,Acuenta,Otros Frescos,1950.0,1567.7619047619048,24.38,0
Manteca Panadera Emulsionada 1 kg Acuenta...,ACUENTA,Acuenta,Otros Frescos,2790.0,1567.7619047619048,77.96,0
Bebida Láctea Blanca Caja 1 L Acuenta,ACUENTA,Acuenta,Otros Frescos,890.0,1567.7619047619048,-43.23,0
Yoghurt Batido Sabor Frutilla Pack 6 Caja 690 g...,TIL,Acuenta,Otros Frescos,2650.0,1567.7619047619048,69.03,0
Yoghurt Batido Sabor Vainilla Pack 6 Caja 690 g...,GENÉRICA,Acuenta,Otros Frescos,2650.0,1567.7619047619048,69.03,0
Bebida Vegetal Soya 1 L Orasí,GENÉRICA,Acuenta,Otros Frescos,2790.0,1567.7619047619048,77.96,0
Salchichón Cervecero 150 gr Receta del Abuelo...,GENÉRICA,Acuenta,Otros Frescos,1390.0,1567.7619047619048,-11.34,0
Yoghurt Batido Batifrut Trozos Piña 165 g Sopro...,GENÉRICA,Acuenta,Otros Frescos,670.0,1567.7619047619048,-57.26,0
Quesillo Fresco Light Bolsa 320 g Colun,COLUN,Acuenta,Otros Frescos,2290.0,1567.7619047619048,46.07,0
Yoghurt Origen Sabor Natural Pote 120 g Colun...,COLUN,Acuenta,Otros Frescos,310.0,1567.7619047619048,-80.23,0
Yoghurt Batido Batifrut con trozos de Frutilla ...,TIL,Acuenta,Otros Frescos,670.0,1567.7619047619048,-57.26,0
Tocino al Vacío Tradicional Bolsa 180 g La Pref...,GENÉRICA,Acuenta,Otros Frescos,3290.0,1567.7619047619048,109.85,0
Yoghurt Batido Sabor Mix Berries Multipack Pote...,GENÉRICA,Acuenta,Otros Frescos,2550.0,1567.7619047619048,62.65,0
Yoghurt Batido Sabor Vainilla Pote 110 g Calán...,GENÉRICA,Acuenta,Otros Frescos,260.0,1567.7619047619048,-83.42,0
Saborizante Chocolate 140Grs Cola Cao 140 g Col...,GENÉRICA,Acuenta,Otros Frescos,1000.0,1567.7619047619048,-36.21,0
Bebida Vegetal de Soya NotMilk Low Fat 1 L NotC...,GENÉRICA,Acuenta,Otros Frescos,2000.0,1567.7619047619048,27.57,0
Yoghurt Batido Sabor Chirimoya 110 g Calán...,GENÉRICA,Acuenta,Otros Frescos,260.0,1567.7619047619048,-83.42,0
Yoghurt Batido Sabor Frutilla Pote 110 g Calán...,TIL,Acuenta,Otros Frescos,260.0,1567.7619047619048,-83.42,0
Yoghurt Protein Sabor Vainilla Pote 155 gr Sopr...,GENÉRICA,Acuenta,Otros Frescos,680.0,1567.7619047619048,-56.63,0
Salchichón Cerveza Mini Pza 400 g Winter,WINTER,Acuenta,Otros Frescos,2000.0,1567.7619047619048,27.57,0
Quesillo Fresco 150 ml Quillayes,QUILLAYES,Acuenta,Otros Frescos,1000.0,1567.7619047619048,-36.21,0
Yoghurt Batido Sabor Plátano Pote 120 g Soprole...,SOPROLE,Acuenta,Otros Frescos,270.0,1567.7619047619048,-82.78,0
Yoghurt Batido Sabor Damasco Pote 115 g Nestlé...,GENÉRICA,Acuenta,Otros Frescos,250.0,1567.7619047619048,-84.05,0
Yoghurt Protein Sabor Chirimoya Pote 155 gr Sop...,GENÉRICA,Acuenta,Otros Frescos,680.0,1567.7619047619048,-56.63,0
Yoghurt Batido Vainilla 115 g Nestlé,GENÉRICA,Acuenta,Otros Frescos,250.0,1567.7619047619048,-84.05,0
Yoghurt Protein Sabor Natural Pote 155 g Soprol...,GENÉRICA,Acuenta,Otros Frescos,680.0,1567.7619047619048,-56.63,0
Yoghurt Batido Sabor Vainilla Pote 120 g Soprol...,GENÉRICA,Acuenta,Otros Frescos,270.0,1567.7619047619048,-82.78,0
Yoghurt Protein Sabor Frutilla Pote 155 g Sopro...,TIL,Acuenta,Otros Frescos,680.0,1567.7619047619048,-56.63,0
Yoghurt Batido Frutilla 115 g Nestlé,TIL,Acuenta,Otros Frescos,250.0,1567.7619047619048,-84.05,0
Yoghurt Batido Sabor Frutilla Pote 120 g Soprol...,TIL,Acuenta,Otros Frescos,270.0,1567.7619047619048,-82.78,0
Yoghurt Batido Sabor Damasco Pote 120 g Soprole...,SOPROLE,Acuenta,Otros Frescos,270.0,1567.7619047619048,-82.78,0
Yoghurt Batido Pack Multisabor 1500 ml Colun...,COLUN,Acuenta,Otros Frescos,3000.0,1567.7619047619048,91.36,0
Yoghurt Proteína Sabor Vainilla Pote 140 g Lonc...,GENÉRICA,Acuenta,Otros Frescos,543.0,1567.7619047619048,-65.36,0
Yoghurt Proteína Sabor Arándano Pote 140 g Lonc...,GENÉRICA,Acuenta,Otros Frescos,543.0,1567.7619047619048,-65.36,0
Yoghurt Protein Sabor natural endulzado Pote 14...,GENÉRICA,Acuenta,Otros Frescos,543.0,1567.7619047619048,-65.36,0
Yoghurt Protein Sabor Frutilla Pote 140 g Lonco...,TIL,Acuenta,Otros Frescos,543.0,1567.7619047619048,-65.36,0
Paila marina 500 g Seagarden,GENÉRICA,Acuenta,Otros Frescos,4490.0,1567.7619047619048,186.4,0
Guatita Trozada Congelada 800 gr Chilenaza...,GENÉRICA,Acuenta,Otros Frescos,5790.0,1567.7619047619048,269.32,0
Choricillo Cocktail Display 12 Un 180 g PF...,PF,Acuenta,Otros Frescos,1850.0,1567.7619047619048,18.0,0
Longanicilla Sureña 14 Un 280 g La Preferida...,GENÉRICA,Acuenta,Otros Frescos,3290.0,1567.7619047619048,109.85,0
Filetes de Pangasius sin Piel 500 g Lider...,LIDER,Acuenta,Otros Frescos,3990.0,1567.7619047619048,154.5,0
Tilapia Filete sin Piel 500 g Lider,LIDER,Acuenta,Otros Frescos,4890.0,1567.7619047619048,211.91,0
Longanicilla de Campo 280 g Receta del Abuelo...,GENÉRICA,Acuenta,Otros Frescos,2790.0,1567.7619047619048,77.96,0
Longanicilla de Campo Display 14 Un 14 Un La Cr...,GENÉRICA,Acuenta,Otros Frescos,1990.0,1567.7619047619048,26.93,0
Compota De Fruta Manzana 90 g Watts,GENÉRICA,ACUENTA,Otros Frescos,480.0,1567.7619047619048,-69.38,0
Saborizante Vainilla,GENÉRICA,ACUENTA,Otros Frescos,1090.0,1567.7619047619048,-30.47,0
Saborizante Frutilla,TIL,ACUENTA,Otros Frescos,1090.0,1567.7619047619048,-30.47,0
Compota De Fruta Multifruta 90 g Watts,GENÉRICA,ACUENTA,Otros Frescos,480.0,1567.7619047619048,-69.38,0
Yoghurt Proteína Natural Endulzado Pote 140 g G...,GENÉRICA,ACUENTA,Otros Frescos,620.0,1567.7619047619048,-60.45,0
Yoghurt Batido Sabor Frambuesa Pack 6 Caja 690 ...,GENÉRICA,ACUENTA,Otros Frescos,2590.0,1567.7619047619048,65.2,0
Yoghurt Proteína Sabor Arándano Pote 140 g Lonc...,GENÉRICA,ACUENTA,Otros Frescos,680.0,1567.7619047619048,-56.63,0
Yoghurt Batido sin Azúcar con Trozos Sabor Frut...,GENÉRICA,ACUENTA,Otros Frescos,650.0,1567.7619047619048,-58.54,0
Saborizante sabor Chocolate Bolsa 700 g Nesquik...,GENÉRICA,ACUENTA,Otros Frescos,4090.0,1567.7619047619048,160.88,0
Yoghurt batido Pack 1440 g Soprole,SOPROLE,ACUENTA,Otros Frescos,3290.0,1567.7619047619048,109.85,0
Yoghurt Sabores Pack 1440 g Los alerces,GENÉRICA,ACUENTA,Otros Frescos,3090.0,1567.7619047619048,97.1,0
Yoghurt Batido Sabor Mora 115 g Yogu Yogu...,GENÉRICA,ACUENTA,Otros Frescos,390.0,1567.7619047619048,-75.12,0
Yoghurt Protein con Trozos Frutos Secos Pote 15...,GENÉRICA,ACUENTA,Otros Frescos,720.0,1567.7619047619048,-54.07,0
Yoghurt con Cereal 1+1 Mini Cookies 140 g Sopro...,GENÉRICA,ACUENTA,Otros Frescos,720.0,1567.7619047619048,-54.07,0
Yoghurt Proteína Sabor Frutilla Pote 140 g Good...,TIL,ACUENTA,Otros Frescos,610.0,1567.7619047619048,-61.09,0
Levadura Fresca Individual Tradicional 38 g Col...,GENÉRICA,ACUENTA,Otros Frescos,490.0,1567.7619047619048,-68.75,0
Arrollado Huaso 150 gr PF,PF,ACUENTA,Otros Frescos,1350.0,1567.7619047619048,-13.89,0
Compota Manzana Tradicional 120 g Nestlé,GENÉRICA,ACUENTA,Otros Frescos,490.0,1567.7619047619048,-68.75,0
Tocino Ahumado 150 g PF,PF,ACUENTA,Otros Frescos,3590.0,1567.7619047619048,128.99,0
Manteca Bolsa 1 Kg Collico,GENÉRICA,ACUENTA,Otros Frescos,4890.0,1567.7619047619048,211.91,0
Mini Salchichón Cervecero Embutido 400 g PF...,PF,ACUENTA,Otros Frescos,2750.0,1567.7619047619048,75.41,0
Salchichón Cerveza 250 g Winter,WINTER,ACUENTA,Otros Frescos,1690.0,1567.7619047619048,7.8,0
Levadura Fresca Tradicional 500 g Collico...,GENÉRICA,ACUENTA,Otros Frescos,2250.0,1567.7619047619048,43.52,0
Saborizante Sabor Chocolate Cocoa 450 g Raff...,GENÉRICA,ACUENTA,Otros Frescos,3390.0,1567.7619047619048,116.23,0
Manteca hidrogenada vegetal Tradicional 200 g A...,GENÉRICA,ACUENTA,Otros Frescos,2090.0,1567.7619047619048,33.31,0
Quesillo Fresco Sin lactosa 320 g Colun,COLUN,ACUENTA,Otros Frescos,2790.0,1567.7619047619048,77.96,0
Pasta Fresca Ravioles Ricotta Espinaca 500 g Li...,GENÉRICA,ACUENTA,Otros Frescos,3890.0,1567.7619047619048,148.12,0
Gnocchi De Papas 500 g Lider,LIDER,ACUENTA,Otros Frescos,2990.0,1567.7619047619048,90.72,0
Bebida Vegetal Almendras Sabor Original Sin Azú...,GENÉRICA,ACUENTA,Otros Frescos,2150.0,1567.7619047619048,37.14,0
Bebida Láctea Sabor Mora 1 L Yogu Yogu,GENÉRICA,ACUENTA,Otros Frescos,1990.0,1567.7619047619048,26.93,0
Bebida Vegetal Sin Azúcar Coco 1 L Vilay,GENÉRICA,ACUENTA,Otros Frescos,1984.0,1567.7619047619048,26.55,0
Bebida Láctea Sabor Chocolate 1 L Surlat,SURLAT,ACUENTA,Otros Frescos,1190.0,1567.7619047619048,-24.1,2
Quesillo Fresco tradicional Bolsa 320 g Colun...,COLUN,ACUENTA,Otros Frescos,2450.0,1567.7619047619048,56.27,0
Yoghurt Griego Colchón de Frutas con Trozos de ...,GENÉRICA,ACUENTA,Otros Frescos,670.0,1567.7619047619048,-57.26,0
Yoghurt Batido Sin lactosa con Trozos sabor Dur...,GENÉRICA,ACUENTA,Otros Frescos,560.0,1567.7619047619048,-64.28,0
Fórmula Láctea de Crecimiento en Polvo Nutri Es...,GENÉRICA,ACUENTA,Otros Frescos,3890.0,1567.7619047619048,148.12,0
Yoghurt Griego Colchón de Frutas con Frutos del...,GENÉRICA,ACUENTA,Otros Frescos,670.0,1567.7619047619048,-57.26,0
Yoghurt Batido Sin lactosa con Trozos sabor Ber...,GENÉRICA,ACUENTA,Otros Frescos,560.0,1567.7619047619048,-64.28,0
Manteca Panadera Emulsionada 1 kg Acuenta...,ACUENTA,ACUENTA,Otros Frescos,2790.0,1567.7619047619048,77.96,0
Yoghurt Protein con Trozos Sabor Arándano y Fru...,GENÉRICA,ACUENTA,Otros Frescos,730.0,1567.7619047619048,-53.44,0
Yoghurt Batido Sabor Damasco 1 kg Lider,LIDER,ACUENTA,Otros Frescos,1790.0,1567.7619047619048,14.18,0
Yoghurt Batido Sabor Mora 1 kg Lider,LIDER,ACUENTA,Otros Frescos,1790.0,1567.7619047619048,14.18,0
Yoghurt Batido Sin lactosa con Trozos sabor Pap...,GENÉRICA,ACUENTA,Otros Frescos,560.0,1567.7619047619048,-64.28,0
Yoghurt Batido Sabor Damasco Pote 110 g Lider...,LIDER,ACUENTA,Otros Frescos,240.0,1567.7619047619048,-84.69,0
Yoghurt Batido Frutilla Botella 1000 ml Soprole...,SOPROLE,ACUENTA,Otros Frescos,2390.0,1567.7619047619048,52.45,0
Yoghurt Batido Sabor Vainilla Pote 110 g Lider...,LIDER,ACUENTA,Otros Frescos,240.0,1567.7619047619048,-84.69,0
Yoghurt + Cereal Nestlé Chocapic Y Trix Pack Mu...,GENÉRICA,ACUENTA,Otros Frescos,3750.0,1567.7619047619048,139.19,0
Pack Empanadas De Pino 2 Un Lider,LIDER,ACUENTA,Otros Frescos,2490.0,1567.7619047619048,58.83,0
Yoghurt Batido Sabor Damasco Pote 110 g Acuenta...,ACUENTA,ACUENTA,Otros Frescos,170.0,1567.7619047619048,-89.16,0
Yoghurt Batido Sabor Frutilla Pote 110 g Lider...,LIDER,ACUENTA,Otros Frescos,240.0,1567.7619047619048,-84.69,0
Yoghurt Light Sin Lactosa Frutilla 120 g Colun...,COLUN,ACUENTA,Otros Frescos,360.0,1567.7619047619048,-77.04,0
Yoghurt Batido Sabor Mora 110 g Lider,LIDER,ACUENTA,Otros Frescos,240.0,1567.7619047619048,-84.69,0
Levadura Fresca Tradicional 500 gr Golondrina...,GENÉRICA,ACUENTA,Otros Frescos,1950.0,1567.7619047619048,24.38,0
Yoghurt Sabor Natural Azucarado 1+1 Pote 155 gr...,GENÉRICA,ACUENTA,Otros Frescos,490.0,1567.7619047619048,-68.75,0
Yoghurt Batido Light sin Lactosa Sabor Chirimoy...,GENÉRICA,ACUENTA,Otros Frescos,360.0,1567.7619047619048,-77.04,0
Yoghurt Batido Sabor Damasco Bolsa 1 Kg Colun...,COLUN,ACUENTA,Otros Frescos,1890.0,1567.7619047619048,20.55,0
Yoghurt con Cereal 1+1 Pack x5 Zucaritas + Mini...,GENÉRICA,ACUENTA,Otros Frescos,3350.0,1567.7619047619048,113.68,0
Yoghurt Batido Sabor Vainilla Pote 110 g Acuent...,GENÉRICA,ACUENTA,Otros Frescos,170.0,1567.7619047619048,-89.16,0
Yoghurt Oikos Choco Crunch Pote 142 g Danone...,DANONE,ACUENTA,Otros Frescos,990.0,1567.7619047619048,-36.85,2
Bebida Vegetal de Soya NotMilk Low Fat 1 L NotC...,GENÉRICA,ACUENTA,Otros Frescos,2390.0,1567.7619047619048,52.45,0
Yoghurt Protein con Trozos Sabor Frutilla Pote ...,TIL,ACUENTA,Otros Frescos,720.0,1567.7619047619048,-54.07,0
Salchichón Cervecero 150 gr Receta del Abuelo...,GENÉRICA,ACUENTA,Otros Frescos,1390.0,1567.7619047619048,-11.34,0
Pasta Coctel Ave Pimentón 250 g Lider,LIDER,ACUENTA,Otros Frescos,2890.0,1567.7619047619048,84.34,0
Yoghurt Batido Sabor Mora Pote 110 g Acuenta...,ACUENTA,ACUENTA,Otros Frescos,170.0,1567.7619047619048,-89.16,0
Yoghurt Batido Sabor Vainilla 1 kg Lider,LIDER,ACUENTA,Otros Frescos,1790.0,1567.7619047619048,14.18,0
Yoghurt Batido Batifrut Trozos Piña 165 g Sopro...,GENÉRICA,ACUENTA,Otros Frescos,670.0,1567.7619047619048,-57.26,0
Bebida Vegetal Soya 1 L Orasí,GENÉRICA,ACUENTA,Otros Frescos,2790.0,1567.7619047619048,77.96,0
Yoghurt Batido Light Sabor Vainilla Pote 120 g ...,GENÉRICA,ACUENTA,Otros Frescos,360.0,1567.7619047619048,-77.04,0
Quesillo Fresco Light Bolsa 320 g Colun,COLUN,ACUENTA,Otros Frescos,2290.0,1567.7619047619048,46.07,0
Yoghurt Gold con Trozos de Almendras y Chocolat...,GENÉRICA,ACUENTA,Otros Frescos,720.0,1567.7619047619048,-54.07,0
Yoghurt Protein Sabor Vainilla Pote 155 gr Sopr...,GENÉRICA,ACUENTA,Otros Frescos,690.0,1567.7619047619048,-55.99,0
Yoghurt 1+1 Botella 1 L Soprole,SOPROLE,ACUENTA,Otros Frescos,2450.0,1567.7619047619048,56.27,0
Yoghurt Batido Light Sabor Frambuesa Pote 120 g...,GENÉRICA,ACUENTA,Otros Frescos,360.0,1567.7619047619048,-77.04,0
Yoghurt Batido Sabor Frutilla Pote 110 g Acuent...,TIL,ACUENTA,Otros Frescos,170.0,1567.7619047619048,-89.16,0
Yoghurt Batido Light Sabor Frutilla Pote 120 g ...,TIL,ACUENTA,Otros Frescos,360.0,1567.7619047619048,-77.04,0
Yoghurt Gold Batido con Trozos de Almedras y Nu...,GENÉRICA,ACUENTA,Otros Frescos,720.0,1567.7619047619048,-54.07,0
Yoghurt Griego con Trozos de Frutilla Pote 110 ...,TIL,ACUENTA,Otros Frescos,570.0,1567.7619047619048,-63.64,0
Yoghurt Batido Sabor Cereza Bolsa 1 Kg Colun...,COLUN,ACUENTA,Otros Frescos,1890.0,1567.7619047619048,20.55,0
Yoghurt Griego con Trozos de Durazno Pote 110 g...,GENÉRICA,ACUENTA,Otros Frescos,570.0,1567.7619047619048,-63.64,0
Yoghurt Batido Sabor Piña Bolsa 1 Kg Colun...,COLUN,ACUENTA,Otros Frescos,1890.0,1567.7619047619048,20.55,0
Yoghurt Batido Sabor Vainilla Bolsa 1 Kg Colun...,COLUN,ACUENTA,Otros Frescos,1890.0,1567.7619047619048,20.55,0
Yoghurt Batido Batifrut con trozos de Frutilla ...,TIL,ACUENTA,Otros Frescos,670.0,1567.7619047619048,-57.26,0
Yoghurt Batido Sabor Mora Bolsa 1 Kg Colun...,COLUN,ACUENTA,Otros Frescos,1890.0,1567.7619047619048,20.55,0
Quesillo Fresco 150 ml Quillayes,QUILLAYES,ACUENTA,Otros Frescos,1290.0,1567.7619047619048,-17.72,0
Yoghurt Batido Sabor Frambuesa Bolsa 1 Kg Colun...,COLUN,ACUENTA,Otros Frescos,1890.0,1567.7619047619048,20.55,0
Yoghurt Batido Sabor Chirimoya 110 g Calán...,GENÉRICA,ACUENTA,Otros Frescos,260.0,1567.7619047619048,-83.42,0
Yoghurt Griego Natural sin Azúcar Pote 150 g Oi...,GENÉRICA,ACUENTA,Otros Frescos,460.0,1567.7619047619048,-70.66,0
Yoghurt Batido Sabor Vainilla Pote 110 g Calán...,GENÉRICA,ACUENTA,Otros Frescos,370.0,1567.7619047619048,-76.4,0
Yoghurt con Cereal 1+1 Choco Krispis Chocolate ...,GENÉRICA,ACUENTA,Otros Frescos,720.0,1567.7619047619048,-54.07,0
Yoghurt Batido Sabor Plátano Bolsa 1 Kg Colun...,COLUN,ACUENTA,Otros Frescos,1890.0,1567.7619047619048,20.55,0
Yoghurt Batido Sabor Frutilla Pote 110 g Calán...,TIL,ACUENTA,Otros Frescos,370.0,1567.7619047619048,-76.4,0
Yoghurt Batido Sabor Frutilla Bolsa 1 Kg Colun...,COLUN,ACUENTA,Otros Frescos,1890.0,1567.7619047619048,20.55,0
Yoghurt Con cereal 1+1 Zucaritas 140 g Soprole...,SOPROLE,ACUENTA,Otros Frescos,720.0,1567.7619047619048,-54.07,0
Yoghurt con Cereal 1+1 Pack x5 Zucaritas + Choc...,GENÉRICA,ACUENTA,Otros Frescos,3390.0,1567.7619047619048,116.23,0
Salchichón Cerveza Mini Pza 400 g Winter,WINTER,ACUENTA,Otros Frescos,2000.0,1567.7619047619048,27.57,0
Yoghurt Batido Pack Multisabor 1500 ml Colun...,COLUN,ACUENTA,Otros Frescos,3390.0,1567.7619047619048,116.23,0
Tocino al Vacío Tradicional Bolsa 180 g La Pref...,GENÉRICA,ACUENTA,Otros Frescos,3290.0,1567.7619047619048,109.85,0
Yoghurt Protein Sabor Frutilla Pote 140 g Lonco...,TIL,ACUENTA,Otros Frescos,680.0,1567.7619047619048,-56.63,0
Yoghurt Batido Sabor Plátano Pote 120 g Soprole...,SOPROLE,ACUENTA,Otros Frescos,270.0,1567.7619047619048,-82.78,0
Yoghurt Batido Sabor Damasco Pote 115 g Nestlé...,GENÉRICA,ACUENTA,Otros Frescos,250.0,1567.7619047619048,-84.05,0
Yoghurt Protein Sabor natural endulzado Pote 14...,GENÉRICA,ACUENTA,Otros Frescos,680.0,1567.7619047619048,-56.63,0
Yoghurt Protein Sabor Chirimoya Pote 155 gr Sop...,GENÉRICA,ACUENTA,Otros Frescos,690.0,1567.7619047619048,-55.99,0
Yoghurt Batido Vainilla 115 g Nestlé,GENÉRICA,ACUENTA,Otros Frescos,250.0,1567.7619047619048,-84.05,0
Pack Empanadas Coctel Carne 10 Un 350 g Lider...,LIDER,ACUENTA,Otros Frescos,3590.0,1567.7619047619048,128.99,0
Yoghurt Batido Sabor Mix Berries Multipack Pote...,GENÉRICA,ACUENTA,Otros Frescos,2550.0,1567.7619047619048,62.65,0
Yoghurt Protein Sabor Frutilla Pote 155 g Sopro...,TIL,ACUENTA,Otros Frescos,690.0,1567.7619047619048,-55.99,0
Bebida Láctea Blanca Caja 1 L Acuenta,ACUENTA,ACUENTA,Otros Frescos,890.0,1567.7619047619048,-43.23,0
Yoghurt Origen Sabor Natural Pote 120 g Colun...,COLUN,ACUENTA,Otros Frescos,310.0,1567.7619047619048,-80.23,0
Yoghurt Batido Sabor Damasco Pote 120 g Soprole...,SOPROLE,ACUENTA,Otros Frescos,270.0,1567.7619047619048,-82.78,0
Yoghurt Batido Sabor Vainilla Pack 6 Caja 690 g...,GENÉRICA,ACUENTA,Otros Frescos,2550.0,1567.7619047619048,62.65,0
Yoghurt Batido Frutilla 115 g Nestlé,TIL,ACUENTA,Otros Frescos,250.0,1567.7619047619048,-84.05,0
Yoghurt Batido Sabor Frutilla Pote 120 g Soprol...,TIL,ACUENTA,Otros Frescos,270.0,1567.7619047619048,-82.78,0
Yoghurt Batido Sabor Vainilla Pote 120 g Soprol...,GENÉRICA,ACUENTA,Otros Frescos,270.0,1567.7619047619048,-82.78,0
Yoghurt Batido Sabor Frambuesa Pote 120 g Sopro...,GENÉRICA,ACUENTA,Otros Frescos,270.0,1567.7619047619048,-82.78,0
Yoghurt Proteína Sabor Vainilla Pote 140 g Lonc...,GENÉRICA,ACUENTA,Otros Frescos,680.0,1567.7619047619048,-56.63,0
Yoghurt Protein Sabor Natural Pote 155 g Soprol...,GENÉRICA,ACUENTA,Otros Frescos,690.0,1567.7619047619048,-55.99,0
Yoghurt Batido Sabor Frutilla Pack 6 Caja 690 g...,TIL,ACUENTA,Otros Frescos,2550.0,1567.7619047619048,62.65,0
Surtido de mariscos 500 g Seagarden,GENÉRICA,ACUENTA,Otros Frescos,3990.0,1567.7619047619048,154.5,0
Paila marina 500 g Seagarden,GENÉRICA,ACUENTA,Otros Frescos,3990.0,1567.7619047619048,154.5,0
Choricillo Cocktail Display 12 Un 180 g PF...,PF,ACUENTA,Otros Frescos,1850.0,1567.7619047619048,18.0,0
Longanicilla Sureña 14 Un 280 g La Preferida...,GENÉRICA,ACUENTA,Otros Frescos,3290.0,1567.7619047619048,109.85,0
Guatita Trozada Congelada 800 gr Chilenaza...,GENÉRICA,ACUENTA,Otros Frescos,5790.0,1567.7619047619048,269.32,0
Longanicilla de Campo Display 14 Un 14 Un La Cr...,GENÉRICA,ACUENTA,Otros Frescos,1990.0,1567.7619047619048,26.93,0
Filetes de Pangasius sin Piel 500 g Lider...,LIDER,ACUENTA,Otros Frescos,4290.0,1567.7619047619048,173.64,0
Tilapia Filete sin Piel 500 g Lider,LIDER,ACUENTA,Otros Frescos,4890.0,1567.7619047619048,211.91,0
Levadura Fresca Individual Tradicional 38 g Col...,GENÉRICA,Acuenta,Otros Frescos,490.0,1567.7619047619048,-68.75,0
Levadura Fresca Tradicional 500 g Collico...,GENÉRICA,Acuenta,Otros Frescos,2250.0,1567.7619047619048,43.52,0
Levadura Fresca Tradicional 500 gr Golondrina...,GENÉRICA,Acuenta,Otros Frescos,1950.0,1567.7619047619048,24.38,0
Jamón Pierna Tradicional 150 g Super Cerdo...,GENÉRICA,Acuenta,Cerdo,2250.0,5087.307692307692,-55.77,0
Jamón de Cerdo Acaramelado Laminado 150 g Super...,GENÉRICA,Acuenta,Cerdo,2050.0,5087.307692307692,-59.7,0
Jamón Pierna Acaramelado de Cerdo Bolsa 200 g P...,GENÉRICA,Acuenta,Cerdo,2250.0,5087.307692307692,-55.77,0
Jamón Pierna De Cerdo Corte Pluma Tradicional 1...,GENÉRICA,Acuenta,Cerdo,1890.0,5087.307692307692,-62.85,0
Jamón Artesanal 100 g Super Cerdo,GENÉRICA,Acuenta,Cerdo,1000.0,5087.307692307692,-80.34,0
Jamón de Cerdo Acaramelado 200 g San Jorge...,SAN JORGE,Acuenta,Cerdo,2000.0,5087.307692307692,-60.69,0
Medallita pulpa 100 g Chilenaza,GENÉRICA,Acuenta,Cerdo,990.0,5087.307692307692,-80.54,0
Costillas de Cerdo Baby Back Ribs Congelado 500...,TIL,Acuenta,Cerdo,4490.0,5087.307692307692,-11.74,0
Malayita de Cerdo Congelada 450 g Pilgrims...,GENÉRICA,Acuenta,Cerdo,5690.0,5087.307692307692,11.85,0
Punta Costilla 950 g Cerdo supremo,TIL,Acuenta,Cerdo,7990.0,5087.307692307692,57.06,0
Bife de Pierna de Cerdo con Hueso 450 g Cook & ...,GENÉRICA,Acuenta,Cerdo,3890.0,5087.307692307692,-23.54,0
Plateada De Cerdo Chilena 1 kg Buen Corte...,GENÉRICA,Acuenta,Cerdo,7890.0,5087.307692307692,55.09,0
Chuleta de Cerdo Vetada Congelada 900 g Cerdo S...,GENÉRICA,Acuenta,Cerdo,4990.0,5087.307692307692,-1.91,0
Plateada de Cerdo 450 g Dark Pork,GENÉRICA,Acuenta,Cerdo,3990.0,5087.307692307692,-21.57,0
Chuleta de Cerdo Centro Congelada 900 g Cerdo S...,GENÉRICA,Acuenta,Cerdo,4990.0,5087.307692307692,-1.91,0
Pulpa de Cerdo en Cubitos Congelada 500 g Super...,GENÉRICA,Acuenta,Cerdo,3000.0,5087.307692307692,-41.03,0
Malaya de Cerdo 400 g Super Cerdo,GENÉRICA,Acuenta,Cerdo,6590.0,5087.307692307692,29.54,0
Pulpa de Cerdo Tiritas Congelada 500 g Super Ce...,GENÉRICA,Acuenta,Cerdo,3000.0,5087.307692307692,-41.03,0
Lomo de Cerdo Centro Medallón 800 g Super Cerdo...,GENÉRICA,Acuenta,Cerdo,6790.0,5087.307692307692,33.47,0
Chuletitas de Cerdo 600 g Super Cerdo,GENÉRICA,Acuenta,Cerdo,4890.0,5087.307692307692,-3.88,0
Plateada de Cerdo a la Chilena 1 kg Super Cerdo...,GENÉRICA,Acuenta,Cerdo,9190.0,5087.307692307692,80.65,0
Pulpa de Cerdo a la Chilena 900 g Super Cerdo...,GENÉRICA,Acuenta,Cerdo,6550.0,5087.307692307692,28.75,0
Pulpa de Cerdo Pierna 450 g Dark Pork,GENÉRICA,Acuenta,Cerdo,3490.0,5087.307692307692,-31.4,0
Pulpa de Cerdo Pierna Chimichurri 450 g Dark Po...,GENÉRICA,Acuenta,Cerdo,3490.0,5087.307692307692,-31.4,0
"Costillar de Cerdo Tradicional 1,2 Kg Super Cer...",TIL,Acuenta,Cerdo,9468.0,5087.307692307692,86.11,0
Chuleta de Cerdo Centro 140 g Super Cerdo...,GENÉRICA,Acuenta,Cerdo,1000.0,5087.307692307692,-80.34,0
"Costillar de Cerdo a la Chilena 1,2 Kg Super Ce...",TIL,Acuenta,Cerdo,9468.0,5087.307692307692,86.11,0
Lomo de Cerdo Medallón 120 g Super Cerdo,GENÉRICA,Acuenta,Cerdo,1000.0,5087.307692307692,-80.34,0
"Costilla de Cerdo Americana 3,5 kg EEUU",TIL,Acuenta,Cerdo,17970.0,5087.307692307692,253.23,0
Pulpa de Cerdo Pierna 900 g Super Cerdo,GENÉRICA,Acuenta,Cerdo,5890.0,5087.307692307692,15.78,0
Posta Rosada de Cerdo 900 g Super Cerdo,GENÉRICA,Acuenta,Cerdo,4793.0,5087.307692307692,-5.79,0
Jamón Pierna Tradicional 150 g Super Cerdo...,GENÉRICA,ACUENTA,Cerdo,2250.0,5087.307692307692,-55.77,0
Jamón de Cerdo Acaramelado Laminado 150 g Super...,GENÉRICA,ACUENTA,Cerdo,2050.0,5087.307692307692,-59.7,0
Jamón Sándwich Artesanal de Cerdo Bolsa 250 g S...,GENÉRICA,ACUENTA,Cerdo,1790.0,5087.307692307692,-64.81,0
Jamón Pierna De Cerdo Corte Pluma Tradicional 1...,GENÉRICA,ACUENTA,Cerdo,1890.0,5087.307692307692,-62.85,0
Jamón Pierna Acaramelado de Cerdo Bolsa 200 g P...,GENÉRICA,ACUENTA,Cerdo,2250.0,5087.307692307692,-55.77,0
Jamón de Cerdo Acaramelado 200 g San Jorge...,SAN JORGE,ACUENTA,Cerdo,2000.0,5087.307692307692,-60.69,0
Plateada De Cerdo Chilena,GENÉRICA,ACUENTA,Cerdo,7290.0,5087.307692307692,43.3,0
Posta Rosada de Cerdo 900 g Super Cerdo,GENÉRICA,ACUENTA,Cerdo,6390.0,5087.307692307692,25.61,0
Malaya de Cerdo 400 g Super Cerdo,GENÉRICA,ACUENTA,Cerdo,6590.0,5087.307692307692,29.54,0
Plateada de Cerdo 450 g Dark Pork,GENÉRICA,ACUENTA,Cerdo,3990.0,5087.307692307692,-21.57,0
Plateada de Cerdo a la Chilena 1 kg Super Cerdo...,GENÉRICA,ACUENTA,Cerdo,9190.0,5087.307692307692,80.65,0
Bife de Pierna de Cerdo con Hueso 450 g Cook & ...,GENÉRICA,ACUENTA,Cerdo,3890.0,5087.307692307692,-23.54,0
Chuleta de Cerdo Centro Congelada 900 g Cerdo S...,GENÉRICA,ACUENTA,Cerdo,4990.0,5087.307692307692,-1.91,0
Chuleta de Cerdo Vetada Congelada 900 g Cerdo S...,GENÉRICA,ACUENTA,Cerdo,4990.0,5087.307692307692,-1.91,0
Pulpa de Cerdo Pierna 450 g Dark Pork,GENÉRICA,ACUENTA,Cerdo,4190.0,5087.307692307692,-17.64,0
Pulpa de Cerdo Pierna Chimichurri 450 g Dark Po...,GENÉRICA,ACUENTA,Cerdo,4090.0,5087.307692307692,-19.6,0
Chuleta de Cerdo Centro 140 g Super Cerdo...,GENÉRICA,ACUENTA,Cerdo,1490.0,5087.307692307692,-70.71,0
"Costillar de Cerdo Tradicional 1,2 Kg Super Cer...",TIL,ACUENTA,Cerdo,9468.0,5087.307692307692,86.11,0
Pulpa de Cerdo Pierna 900 g Super Cerdo,GENÉRICA,ACUENTA,Cerdo,5890.0,5087.307692307692,15.78,0
"Costilla de Cerdo Americana 3,5 kg EEUU",TIL,ACUENTA,Cerdo,17465.0,5087.307692307692,243.31,0
"Costillar de Cerdo a la Chilena 1,2 Kg Super Ce...",TIL,ACUENTA,Cerdo,9468.0,5087.307692307692,86.11,0
Leche De Vainilla Loncoleche 1 L,LONCOLECHE,Cugat,Bebidas Lácteas y Vegetales,1890.0,1890.0,0.0,0
Macaroni & Cheese Lucchetti 296 g,Lucchetti,Santa Isabel,Lacteos y Congelados,1820.0,2614.2762645914395,-30.38,0
Sedani Rigati Cuisine & Co Sin Gluten 400 g,Cuisine & Co,Santa Isabel,Lacteos y Congelados,2570.0,2614.2762645914395,-1.69,0
Salsa de Tomate Heinz Italiana Doypack 200 g,Heinz,Santa Isabel,Lacteos y Congelados,920.0,2614.2762645914395,-64.81,0
Salsa Champiñón Cuisine & Co Sobre 30 g,Cuisine & Co,Santa Isabel,Lacteos y Congelados,680.0,2614.2762645914395,-73.99,0
Lentejas Wasil con Chorizo 380 g,Wasil,Santa Isabel,Lacteos y Congelados,2690.0,2614.2762645914395,2.9,0
Alulosa Líquida Cuisine & Co 180 ml,Cuisine & Co,Santa Isabel,Lacteos y Congelados,2890.0,2614.2762645914395,10.55,0
Yerba Mate Supremo 500 g,Supremo,Santa Isabel,Lacteos y Congelados,2950.0,2614.2762645914395,12.84,0
Palmitos en Rodajas Esmeralda 220 g drenado,Esmeralda,Santa Isabel,Lacteos y Congelados,2780.0,2614.2762645914395,6.34,0
Mayonesa Kraft Real Mayo Light Frasco 896 g,Kraft,Santa Isabel,Lacteos y Congelados,6190.0,2614.2762645914395,136.78,0
Ají de Color Molido Gourmet Sobre 100 g,Gourmet,Santa Isabel,Lacteos y Congelados,1300.0,2614.2762645914395,-50.27,0
Cereal Fitness Miel y Almendras 330 g,Fitness,Santa Isabel,Lacteos y Congelados,3630.0,2614.2762645914395,38.85,2
Mermelada Cuisine & Co Frambuesa 250 g,Cuisine & Co,Santa Isabel,Lacteos y Congelados,1080.0,2614.2762645914395,-58.69,0
Paté de Ternera Castillo 100 g,Castillo,Santa Isabel,Lacteos y Congelados,1630.0,2614.2762645914395,-37.65,2
Té en Polvo Orjas 30 g,Orjas,Santa Isabel,Lacteos y Congelados,1390.0,2614.2762645914395,-46.83,2
Base para Preparar Gourmet Carne A La Cacerola 36 g,Gourmet,Santa Isabel,Lacteos y Congelados,860.0,2614.2762645914395,-67.1,0
Kétchup Cuisine & Co 240 g,Cuisine & Co,Santa Isabel,Lacteos y Congelados,1590.0,2614.2762645914395,-39.18,0
Sopa Para Uno Gourmet Verduras con Crutones 15 g,Gourmet,Santa Isabel,Lacteos y Congelados,500.0,2614.2762645914395,-80.87,0
Mermelada Regimel Durazno 0% Azúcar 200 g,Regimel,Santa Isabel,Lacteos y Congelados,1550.0,2614.2762645914395,-40.71,0
Corazones de Alcachofas Esmeralda 240 g drenado,Esmeralda,Santa Isabel,Lacteos y Congelados,3790.0,2614.2762645914395,44.97,0
Crema de Leche Colun Sin Tapa 1 L,Colun,Santa Isabel,Lacteos y Congelados,5550.0,2614.2762645914395,112.3,0
Ají Pebre Cuisine & Co 240 g,Cuisine & Co,Santa Isabel,Lacteos y Congelados,1190.0,2614.2762645914395,-54.48,0
Granola En Línea Cranberries 320 g,En Línea,Santa Isabel,Lacteos y Congelados,2650.0,2614.2762645914395,1.37,0
Té English Breakfast Twinings 50 un.,Twinings,Santa Isabel,Lacteos y Congelados,6990.0,2614.2762645914395,167.38,2
Azúcar Blanca Iansa Light con Stevia 500 g,Iansa,Santa Isabel,Lacteos y Congelados,1970.0,2614.2762645914395,-24.64,0
Aceite de Oliva Kardámili Clásico Extra Virgen 500 ml,Kardámili,Santa Isabel,Lacteos y Congelados,9890.0,2614.2762645914395,278.31,2
Mayonesa Light 760 g,Cuisine & Co,Santa Isabel,Lacteos y Congelados,2590.0,2614.2762645914395,-0.93,0
Puré de Papas Hoffmann 1 kg,Hoffmann,Santa Isabel,Lacteos y Congelados,8310.0,2614.2762645914395,217.87,2
Cereal En Línea Proteína Chocolate 300 g,En Línea,Santa Isabel,Lacteos y Congelados,5710.0,2614.2762645914395,118.42,0
Barra de Cereal Cerealbar Goldencereal 18 g 8 un.,Costa,Santa Isabel,Lacteos y Congelados,1920.0,2614.2762645914395,-26.56,0
Barra de Cereal Wild Soul Bar Manzana Canela 35 g 5 un.,Soul Bar,Santa Isabel,Lacteos y Congelados,2990.0,2614.2762645914395,14.37,2
Caldo en Polvo Maggi Arroz 32 g,Maggi,Santa Isabel,Lacteos y Congelados,720.0,2614.2762645914395,-72.46,0
Mermelada Vieja Fábrica Frambuesa 280 g,La Vieja Fábrica,Santa Isabel,Lacteos y Congelados,3490.0,2614.2762645914395,33.5,2
Gelatina Livean Sin Azúcar Piña,Livean,Santa Isabel,Lacteos y Congelados,820.0,2614.2762645914395,-68.63,0
Dulce de Membrillo Eckart con Sucralosa 330 g,Eckart,Santa Isabel,Lacteos y Congelados,3110.0,2614.2762645914395,18.96,2
"Barra Proteína Vegana Wild Protein Chocolate Coco 5 un. 45 g, 225 g neto",The Wild Foods,Santa Isabel,Lacteos y Congelados,4990.0,2614.2762645914395,90.88,0
Cereal Trix 805 g,Nestlé,Santa Isabel,Lacteos y Congelados,4990.0,2614.2762645914395,90.88,0
Espirales Tr3S Lucchetti 400 g,Lucchetti,Santa Isabel,Lacteos y Congelados,1130.0,2614.2762645914395,-56.78,0
Arroz Grado 1 Cuisine & Co Grano Largo y Ancho 3 kg,Cuisine & Co,Santa Isabel,Lacteos y Congelados,4990.0,2614.2762645914395,90.88,0
Jurel Al Natural San José Reducido en Sodio 300 g drenado,San José,Santa Isabel,Lacteos y Congelados,2760.0,2614.2762645914395,5.57,0
Mostaza Heinz Clásica Regular Doypack 350 g,Heinz,Santa Isabel,Lacteos y Congelados,1890.0,2614.2762645914395,-27.7,0
Canela Molida Gourmet Sobre 15 g,Gourmet,Santa Isabel,Lacteos y Congelados,610.0,2614.2762645914395,-76.67,0
Crema Chantilly Gourmet Sobre 60 g,Gourmet,Santa Isabel,Lacteos y Congelados,960.0,2614.2762645914395,-63.28,0
Fideos Instantáneos Traverso Sachet Carne 85 g,Traverso,Santa Isabel,Lacteos y Congelados,630.0,2614.2762645914395,-75.9,0
Miel de Abejas Cuisine & Co 1 kg,Cuisine & Co,Santa Isabel,Lacteos y Congelados,8650.0,2614.2762645914395,230.88,0
Comino Molido Gourmet Sobre 15 g,Gourmet,Santa Isabel,Lacteos y Congelados,490.0,2614.2762645914395,-81.26,0
Yerba Mate Argentina Supremo Bolsa 500 g,Supremo,Santa Isabel,Lacteos y Congelados,2950.0,2614.2762645914395,12.84,0
Aceite de Oliva Banquete Extra Virgen 250 ml,Banquete,Santa Isabel,Lacteos y Congelados,5490.0,2614.2762645914395,110.0,0
Sopa Individual Gourmet Zapallo A La Crema 20 g,Gourmet,Santa Isabel,Lacteos y Congelados,500.0,2614.2762645914395,-80.87,0
Té Earl Grey Twinings 50 un.,Twinings,Santa Isabel,Lacteos y Congelados,6990.0,2614.2762645914395,167.38,2
Mayonesa Light Cuisine 950 g,Cuisine & Co,Santa Isabel,Lacteos y Congelados,4120.0,2614.2762645914395,57.6,0
Mermelada En Línea Damasco Sin Azúcar 200 g,En Línea,Santa Isabel,Lacteos y Congelados,1130.0,2614.2762645914395,-56.78,0
Salsa de Soya Light Bridge Pearl River 150 cc,Pearl River Bridge,Santa Isabel,Lacteos y Congelados,1950.0,2614.2762645914395,-25.41,2
Mermelada Tía Lía Mora 250 g,Tía Lía,Santa Isabel,Lacteos y Congelados,830.0,2614.2762645914395,-68.25,2
Té Ceylán Supremo Naranja Caja 40 g 20 un.,Supremo,Santa Isabel,Lacteos y Congelados,2070.0,2614.2762645914395,-20.82,0
Mermelada Tía Lía Durazno 250 g,Tía Lía,Santa Isabel,Lacteos y Congelados,920.0,2614.2762645914395,-64.81,2
"Duraznos Aconcagua en Cubitos 340 g drenado, 590 g neto",Aconcagua,Santa Isabel,Lacteos y Congelados,2290.0,2614.2762645914395,-12.4,0
Cereal Chocapic 720 g,Chocapic,Santa Isabel,Lacteos y Congelados,6250.0,2614.2762645914395,139.07,0
Sal Biosal Light Pote 850 g,Biosal,Santa Isabel,Lacteos y Congelados,4250.0,2614.2762645914395,62.57,2
Quinoa Tricolor Banquete 250 g,Banquete,Santa Isabel,Lacteos y Congelados,2760.0,2614.2762645914395,5.57,0
Gelatina Sin Sabor Caja en Polvo 30 g,Gourmet,Santa Isabel,Lacteos y Congelados,1340.0,2614.2762645914395,-48.74,0
Laurel Entero Sobre 5 g,Gourmet,Santa Isabel,Lacteos y Congelados,630.0,2614.2762645914395,-75.9,0
Durazno Mitades 340 g drenado,Cuisine & Co,Santa Isabel,Lacteos y Congelados,1790.0,2614.2762645914395,-31.53,0
Café Instantáneo Nescafé Moka 144 g (8 x 18g),Nescafé,Santa Isabel,Lacteos y Congelados,3290.0,2614.2762645914395,25.85,0
Harina Selecta Sin Polvos de Hornear 3 kg,Selecta,Santa Isabel,Lacteos y Congelados,4290.0,2614.2762645914395,64.1,2
Mostaza Don Juan 900 g,Don Juan,Santa Isabel,Lacteos y Congelados,2280.0,2614.2762645914395,-12.79,0
Cobertura Gourmet Chocolate Semi Amargo 500 g,Gourmet,Santa Isabel,Lacteos y Congelados,6850.0,2614.2762645914395,162.02,0
Stevia Cuisine & Co en Tabletas 300 un.,Cuisine & Co,Santa Isabel,Lacteos y Congelados,2450.0,2614.2762645914395,-6.28,0
Mayonesa Hellmann's Bacon Squeeze 335 g,Hellmann's,Santa Isabel,Lacteos y Congelados,3490.0,2614.2762645914395,33.5,0
Pack Compota Livean 5 un.,Livean,Santa Isabel,Lacteos y Congelados,2340.0,2614.2762645914395,-10.49,0
Té Superior Ceylon Puro 125 g,Superior,Santa Isabel,Lacteos y Congelados,2030.0,2614.2762645914395,-22.35,2
Ajo Picado Gourmet en Aceite de Oliva 200 g,Gourmet,Santa Isabel,Lacteos y Congelados,3110.0,2614.2762645914395,18.96,0
Bicarbonato Cuisine & Co 30 g,Cuisine & Co,Santa Isabel,Lacteos y Congelados,160.0,2614.2762645914395,-93.88,0
Endulzante Iansa Cero K Líquido Alulosa 180 ml,Iansa Cero K,Santa Isabel,Lacteos y Congelados,3420.0,2614.2762645914395,30.82,0
Bicarbonato de Sodio Gourmet 100 g,Gourmet,Santa Isabel,Lacteos y Congelados,670.0,2614.2762645914395,-74.37,0
Arroz Grado 1 Tucapel Integral 1 kg,Tucapel,Santa Isabel,Lacteos y Congelados,1990.0,2614.2762645914395,-23.88,0
Salsa de Tomate Cuisine & Co Oliva 200 g,Cuisine & Co,Santa Isabel,Lacteos y Congelados,820.0,2614.2762645914395,-68.63,0
Cereal Chocapic Sin Azúcar Añadida 30 g,Chocapic,Santa Isabel,Lacteos y Congelados,640.0,2614.2762645914395,-75.52,0
Mermelada En Línea Frambuesa Sin Azúcar 200 g,En Línea,Santa Isabel,Lacteos y Congelados,1240.0,2614.2762645914395,-52.57,0
Mermelada Watt's Frutas del Sur 225 g,Watt's,Santa Isabel,Lacteos y Congelados,1230.0,2614.2762645914395,-52.95,0
Crema Colun Light 200 cc,Colun,Santa Isabel,Lacteos y Congelados,1000.0,2614.2762645914395,-61.75,0
Garbanzos Banquete Medianos Sin Piel 1 kg,Banquete,Santa Isabel,Lacteos y Congelados,4570.0,2614.2762645914395,74.81,0
Salsa Cobertura Mágica Ambrosoli Chocolate 215 g,Ambrosoli,Santa Isabel,Lacteos y Congelados,2550.0,2614.2762645914395,-2.46,0
"Atún Lomitos en Aceite 220 g drenado, 340 g neto",Cuisine & Co,Santa Isabel,Lacteos y Congelados,2930.0,2614.2762645914395,12.08,0
Cúrcuma Molida Gourmet Sobre 16 g,Gourmet,Santa Isabel,Lacteos y Congelados,750.0,2614.2762645914395,-71.31,0
Harina de Maíz P.A.N. Amarillo 1 kg,P.A.N.,Santa Isabel,Lacteos y Congelados,1850.0,2614.2762645914395,-29.23,2
"Salmón Lata Al Natural 100 g drenado, 170 g neto",Cuisine & Co,Santa Isabel,Lacteos y Congelados,3310.0,2614.2762645914395,26.61,0
Salsa de Tomates Lucchetti Italiana Doypack 200 g,Lucchetti,Santa Isabel,Lacteos y Congelados,810.0,2614.2762645914395,-69.02,0
Café Cápsulas Cuisine & Co Forte 10 un.,Cuisine & Co,Santa Isabel,Lacteos y Congelados,4590.0,2614.2762645914395,75.57,0
Mermelada Regimel Berries 0% Azúcar 200 g,Regimel,Santa Isabel,Lacteos y Congelados,1550.0,2614.2762645914395,-40.71,0
Garbanzos Martini Sin Piel Grandes 500 g,Martini,Santa Isabel,Lacteos y Congelados,2800.0,2614.2762645914395,7.1,0
Crema Individual Gourmet Choclo Sopa Para Uno Sobre 18 g,Gourmet,Santa Isabel,Lacteos y Congelados,500.0,2614.2762645914395,-80.87,0
Café Sobres Gold Tentaciones Caramelo 112 g 8 un.,Gold,Santa Isabel,Lacteos y Congelados,2990.0,2614.2762645914395,14.37,0
Romero Gourmet Display 10 g,Gourmet,Santa Isabel,Lacteos y Congelados,540.0,2614.2762645914395,-79.34,0
Aceto Balsámico Mazzetti Di Modena 500 ml,Mazzetti,Santa Isabel,Lacteos y Congelados,2690.0,2614.2762645914395,2.9,2
Salsa de Tomate Cuisine & Co Pesto 200 g,Cuisine & Co,Santa Isabel,Lacteos y Congelados,830.0,2614.2762645914395,-68.25,0
Azúcar Cuisine & Co 1.3 kg,Cuisine & Co,Santa Isabel,Lacteos y Congelados,1860.0,2614.2762645914395,-28.85,0
Barra de Cereal Wild Soul Bar Maqui Chía 35 g 5 un.,Soul Bar,Santa Isabel,Lacteos y Congelados,2990.0,2614.2762645914395,14.37,2
Crema para Batir Loncoleche 500 ml,Loncoleche,Santa Isabel,Lacteos y Congelados,3110.0,2614.2762645914395,18.96,0
Semola Vivo Sin Azúcar con Caramelo Vivo 150 g,Vivo,Santa Isabel,Lacteos y Congelados,900.0,2614.2762645914395,-65.57,0
Cereal Milo 700 g,Milo,Santa Isabel,Lacteos y Congelados,6020.0,2614.2762645914395,130.27,0
Cereal Vivo Good Chocolatados 330 g,Vivo,Santa Isabel,Lacteos y Congelados,2990.0,2614.2762645914395,14.37,0
Compota Fruta & Veggies Naranja Zanahoria 120 g,Vivo,Santa Isabel,Lacteos y Congelados,950.0,2614.2762645914395,-63.66,0
Mermelada Watt's 0% Azúcar Frambuesa 200 g,Watt's,Santa Isabel,Lacteos y Congelados,1530.0,2614.2762645914395,-41.48,0
Aceite de Oliva Chef Libre de Colesterol 1 L,Chef,Santa Isabel,Lacteos y Congelados,16630.0,2614.2762645914395,536.12,1
Mermelada Cuisine & Co Mora 250 g,Cuisine & Co,Santa Isabel,Lacteos y Congelados,1080.0,2614.2762645914395,-58.69,0
Pasta Spaghetti N°5 Vivo 350 g,Vivo,Santa Isabel,Lacteos y Congelados,1200.0,2614.2762645914395,-54.1,0
Cereal Kellogg's Choco Krispis 200 g,Kellogg's,Santa Isabel,Lacteos y Congelados,2290.0,2614.2762645914395,-12.4,2
Chips de Chocolate 200 g,Gourmet,Santa Isabel,Lacteos y Congelados,4770.0,2614.2762645914395,82.46,0
Cereal Natur Arroz 300 g,Natur,Santa Isabel,Lacteos y Congelados,2650.0,2614.2762645914395,1.37,0
"Mix de Frutas Durazno, Pera y Cerezas 240 g drenado, 420 g neto",Cuisine & Co,Santa Isabel,Lacteos y Congelados,1990.0,2614.2762645914395,-23.88,0
Cereal Natur Trigo Bolsa 100 g,Natur,Santa Isabel,Lacteos y Congelados,1330.0,2614.2762645914395,-49.13,0
Espirales Vitaminizados 400 g,Cuisine & Co,Santa Isabel,Lacteos y Congelados,790.0,2614.2762645914395,-69.78,0
Café Liofilizado Cruzeiro Arábica 170 g,Cruzeiro,Santa Isabel,Lacteos y Congelados,9870.0,2614.2762645914395,277.54,2
Flan Vivo Sin Azúcar Chocolate con Caramelo 90 g,Vivo,Santa Isabel,Lacteos y Congelados,900.0,2614.2762645914395,-65.57,0
Puré de Papas Instantáneo Cuisine & Co 800 g,Cuisine & Co,Santa Isabel,Lacteos y Congelados,5990.0,2614.2762645914395,129.13,0
Mermelada Watt's 0% Azúcar Arándano Mix 200 g,Watt's,Santa Isabel,Lacteos y Congelados,1530.0,2614.2762645914395,-41.48,0
Arroz Basmati Miraflores 400 g,Miraflores,Santa Isabel,Lacteos y Congelados,3070.0,2614.2762645914395,17.43,0
Arroz Preparado Miraflores Champiñón 210 g,Miraflores,Santa Isabel,Lacteos y Congelados,1150.0,2614.2762645914395,-56.01,0
Sopa Individual Gourmet Carne con Crutones 15 g,Gourmet,Santa Isabel,Lacteos y Congelados,500.0,2614.2762645914395,-80.87,0
Avena Integral Quaker Multisemillas 600 g,Quaker,Santa Isabel,Lacteos y Congelados,3730.0,2614.2762645914395,42.68,0
Té en Polvo Orjas Canela 30 g,Orjas,Santa Isabel,Lacteos y Congelados,1390.0,2614.2762645914395,-46.83,2
Hierbita Boldo Supremo 24 g 20 un.,Supremo,Santa Isabel,Lacteos y Congelados,1200.0,2614.2762645914395,-54.1,0
Té Ceylán Supremo Premium Doble Cámara Caja 40 g 20 un.,Supremo,Santa Isabel,Lacteos y Congelados,1650.0,2614.2762645914395,-36.89,0
Comida Mexicana Pancho Villa Sazonador Carne Pollo 30 g,Pancho Villa,Santa Isabel,Lacteos y Congelados,1300.0,2614.2762645914395,-50.27,2
Mermelada Watt's Mango Sin Azúcar 200 g,Watt's,Santa Isabel,Lacteos y Congelados,1530.0,2614.2762645914395,-41.48,0
Salsa BBQ Gourmet 280 g,Gourmet,Santa Isabel,Lacteos y Congelados,2800.0,2614.2762645914395,7.1,0
"Atún Lomitos en Aceite 104 g drenado, 160 g neto",Angelmo,Santa Isabel,Lacteos y Congelados,1550.0,2614.2762645914395,-40.71,2
Sal de Mar Lobos Fina 900 g,Lobos,Santa Isabel,Lacteos y Congelados,1650.0,2614.2762645914395,-36.89,0
Mermelada Vieja Fábrica Damasco 280 g,La Vieja Fábrica,Santa Isabel,Lacteos y Congelados,2990.0,2614.2762645914395,14.37,2
Sopa Naturezza Posta Cabello 55 g,Naturezza,Santa Isabel,Lacteos y Congelados,510.0,2614.2762645914395,-80.49,0
Choritos Ahumados Cuisine & Co 100 g drenado 190 g neto,Cuisine & Co,Santa Isabel,Lacteos y Congelados,1750.0,2614.2762645914395,-33.06,0
Gelatina Frutilla 100 g,Cuisine & Co,Santa Isabel,Lacteos y Congelados,632.0,2614.2762645914395,-75.83,0
Cereal Cola Cao Pillows Manjar 350 g,Cola Cao,Santa Isabel,Lacteos y Congelados,2890.0,2614.2762645914395,10.55,0
Nuez Moscada Molida Gourmet Sobre 5 g,Gourmet,Santa Isabel,Lacteos y Congelados,670.0,2614.2762645914395,-74.37,0
Porotos Rojos Cuisine & Co 1 kg,Cuisine & Co,Santa Isabel,Lacteos y Congelados,3260.0,2614.2762645914395,24.7,0
Pasta Penne La Molisana 500 g,La Molisana,Santa Isabel,Lacteos y Congelados,1294.0,2614.2762645914395,-50.5,2
Chuño Martini 250 g,Martini,Santa Isabel,Lacteos y Congelados,1240.0,2614.2762645914395,-52.57,0
Café Orgánico Marley Coffee Liofilizado Positive Vibration 100 g,Marley Coffee,Santa Isabel,Lacteos y Congelados,11950.0,2614.2762645914395,357.11,2
Pasta Fusilli Carozzi 400 g,Carozzi,Santa Isabel,Lacteos y Congelados,950.0,2614.2762645914395,-63.66,0
Gelatina Stevia Piña 22 g,Cuisine & Co,Santa Isabel,Lacteos y Congelados,608.0,2614.2762645914395,-76.74,0
Harina Selecta Sin Polvos de Hornear 1 kg,Selecta,Santa Isabel,Lacteos y Congelados,1650.0,2614.2762645914395,-36.89,2
Esencia de Vainilla Gourmet Botella 100 cc,Gourmet,Santa Isabel,Lacteos y Congelados,1200.0,2614.2762645914395,-54.1,0
Comino Molido Gourmet Sobre 100 g,Gourmet,Santa Isabel,Lacteos y Congelados,2130.0,2614.2762645914395,-18.52,0
Salsa Alfredo Cuisine & Co Sobre 45 g,Cuisine & Co,Santa Isabel,Lacteos y Congelados,680.0,2614.2762645914395,-73.99,0
Leche Condensada Doypack 200 g,Cuisine & Co,Santa Isabel,Lacteos y Congelados,1330.0,2614.2762645914395,-49.13,0
Barra Proteína Cuisine & Co Vegana Chocolate Coco 5 un.,Cuisine & Co,Santa Isabel,Lacteos y Congelados,5420.0,2614.2762645914395,107.32,0
Salsa de Ajo Gourmet 165 cc,Gourmet,Santa Isabel,Lacteos y Congelados,1650.0,2614.2762645914395,-36.89,0
Compota Ambrosoli Slupea Jalea Frambuesa 100 g,Ambrosoli,Santa Isabel,Lacteos y Congelados,419.0,2614.2762645914395,-83.97,0
Mermelada Regimel Mora 0% Azúcar 200 g,Regimel,Santa Isabel,Lacteos y Congelados,1550.0,2614.2762645914395,-40.71,0
Café Instantáneo Nescafé Tradición Frasco 170 g,Nescafé,Santa Isabel,Lacteos y Congelados,9790.0,2614.2762645914395,274.48,0
Lasaña Carozzi 400 g,Carozzi,Santa Isabel,Lacteos y Congelados,3110.0,2614.2762645914395,18.96,0
Cereal Vivo Line Integral 350 g,Vivo,Santa Isabel,Lacteos y Congelados,2830.0,2614.2762645914395,8.25,0
Corazón de Palmito Entero 220 g drenado,Cuisine & Co,Santa Isabel,Lacteos y Congelados,3090.0,2614.2762645914395,18.2,0
Arvejas Verdes Martini Bolsa 500 g,Martini,Santa Isabel,Lacteos y Congelados,1320.0,2614.2762645914395,-49.51,0
Mermelada Vivo Berries Sin Azúcar 200 g,Vivo,Santa Isabel,Lacteos y Congelados,1190.0,2614.2762645914395,-54.48,0
Arroz Especial Tucapel Preparado Curry Champiñón Sobre 210 g,Tucapel,Santa Isabel,Lacteos y Congelados,970.0,2614.2762645914395,-62.9,0
Endulzante Iansa Cero K Líquido Sucralosa 250 ml,Iansa Cero K,Santa Isabel,Lacteos y Congelados,3490.0,2614.2762645914395,33.5,0
Chancaca Deliciosa 400 g,Deliciosa,Santa Isabel,Lacteos y Congelados,2590.0,2614.2762645914395,-0.93,2
Aceite de Oliva Banquete Extra Virgen 500 ml,Banquete,Santa Isabel,Lacteos y Congelados,9990.0,2614.2762645914395,282.13,0
Mostaza Hellmann's Regular Doypack 470 g,Hellmann's,Santa Isabel,Lacteos y Congelados,1970.0,2614.2762645914395,-24.64,0
Mayonesa Tradicional 800 g,Cuisine & Co,Santa Isabel,Lacteos y Congelados,3640.0,2614.2762645914395,39.24,0
"Porotos Rojos Cuisine & Co 230 g drenado, 390 g neto",Cuisine & Co,Santa Isabel,Lacteos y Congelados,950.0,2614.2762645914395,-63.66,0
Café Sello Rojo 212 g,Sello Rojo,Santa Isabel,Lacteos y Congelados,5990.0,2614.2762645914395,129.13,2
Cereal Natur Trigo 300 g,Natur,Santa Isabel,Lacteos y Congelados,2660.0,2614.2762645914395,1.75,0
Té Negro Supremo Chai Supremo 20 un.,Supremo,Santa Isabel,Lacteos y Congelados,2760.0,2614.2762645914395,5.57,0
Harina de Arroz Tucapel 500 g,Tucapel,Santa Isabel,Lacteos y Congelados,1240.0,2614.2762645914395,-52.57,0
Harina Collico de Fuerza 1 kg,Collico,Santa Isabel,Lacteos y Congelados,1610.0,2614.2762645914395,-38.42,2
Lasaña Precocida Lucchetti 360 g,Lucchetti,Santa Isabel,Lacteos y Congelados,1920.0,2614.2762645914395,-26.56,0
Puré de Papas Instantáneo Alcafood Tradicional 1 kg,Alcafood,Santa Isabel,Lacteos y Congelados,6620.0,2614.2762645914395,153.22,2
Aliño Completo Cuisine & Co 15 g,Cuisine & Co,Santa Isabel,Lacteos y Congelados,250.0,2614.2762645914395,-90.44,0
Lentejas Banquete 6 mm 1 kg,Banquete,Santa Isabel,Lacteos y Congelados,4250.0,2614.2762645914395,62.57,0
Mermelada Vivo Damasco Sin Azúcar 200 g,Vivo,Santa Isabel,Lacteos y Congelados,1190.0,2614.2762645914395,-54.48,0
Aceite de Oliva Giada 500 ml,Giada,Santa Isabel,Lacteos y Congelados,6690.0,2614.2762645914395,155.9,2
Palmitos en Rodajas Wasil 220 g drenado,Wasil,Santa Isabel,Lacteos y Congelados,1990.0,2614.2762645914395,-23.88,0
Flan Ambrosoli Vainilla 90 g,Ambrosoli,Santa Isabel,Lacteos y Congelados,1280.0,2614.2762645914395,-51.04,0
Canutos Vitaminizados 400 g,Cuisine & Co,Santa Isabel,Lacteos y Congelados,790.0,2614.2762645914395,-69.78,0
Café Molido Daroma 100% Puro Café Excelso 250 g,Daroma,Santa Isabel,Lacteos y Congelados,5920.0,2614.2762645914395,126.45,2
Maicena Cuisine & Co Sobre 250 g,Cuisine & Co,Santa Isabel,Lacteos y Congelados,2490.0,2614.2762645914395,-4.75,0
Curry Powder Gourmet Sobre 15 g,Gourmet,Santa Isabel,Lacteos y Congelados,450.0,2614.2762645914395,-82.79,0
Sopa Maggi Sabor Pollo con Arroz 70 g,Maggi,Santa Isabel,Lacteos y Congelados,630.0,2614.2762645914395,-75.9,0
Salsa Americana Traverso 250 g,Traverso,Santa Isabel,Lacteos y Congelados,950.0,2614.2762645914395,-63.66,0
Café Liofilizado Nescafé Fina Selección Frasco 100 g,Nescafé,Santa Isabel,Lacteos y Congelados,10080.0,2614.2762645914395,285.58,0
Muesli Viola Chocolate Bolsa 1 kg,Viola,Santa Isabel,Lacteos y Congelados,6390.0,2614.2762645914395,144.43,2
Té Supremo Granel Lata Edición 150 Años,Supremo,Santa Isabel,Lacteos y Congelados,5990.0,2614.2762645914395,129.13,0
Arroz Preparado Primavera 210 g,Miraflores,Santa Isabel,Lacteos y Congelados,1150.0,2614.2762645914395,-56.01,0
Vinagre Manzana Traverso 500 ml,Traverso,Santa Isabel,Lacteos y Congelados,2170.0,2614.2762645914395,-16.99,0
Mayonesa Hellmann's Frasco 780 g,Hellmann's,Santa Isabel,Lacteos y Congelados,3490.0,2614.2762645914395,33.5,0
Spaghetti N°5 Lucchetti Integrales 400 g,Lucchetti,Santa Isabel,Lacteos y Congelados,1130.0,2614.2762645914395,-56.78,0
Mostaza Don Juan 240 g,Don Juan,Santa Isabel,Lacteos y Congelados,1450.0,2614.2762645914395,-44.54,0
Gelatina Caricia Piña 50 g,Caricia,Santa Isabel,Lacteos y Congelados,880.0,2614.2762645914395,-66.34,2
Crema Coco 160 ml,Exotic Food,Santa Isabel,Lacteos y Congelados,903.0,2614.2762645914395,-65.46,0
Barra Proteína Wild Protein Chocolate Maní 16 un.,The Wild Foods,Santa Isabel,Lacteos y Congelados,15990.0,2614.2762645914395,511.64,1
Mermelada En Línea Durazno Sin Azúcar 200 g,En Línea,Santa Isabel,Lacteos y Congelados,1340.0,2614.2762645914395,-48.74,0
Gelatina Livean Sin Azúcar Berries 20 g,Livean,Santa Isabel,Lacteos y Congelados,820.0,2614.2762645914395,-68.63,0
Surtido de Mariscos Cuisine & Co en Agua 100 g drenado,Cuisine & Co,Santa Isabel,Lacteos y Congelados,1890.0,2614.2762645914395,-27.7,0
Endulzante Líquido Daily Stevia 180 cc,Daily,Santa Isabel,Lacteos y Congelados,2488.0,2614.2762645914395,-4.83,0
"Choritos en Aceite 100 g drenado, 190 g neto",Robinson Crusoe,Santa Isabel,Lacteos y Congelados,1690.0,2614.2762645914395,-35.35,0
Esencia de Vainilla Gourmet Botella 500 cc,Gourmet,Santa Isabel,Lacteos y Congelados,2860.0,2614.2762645914395,9.4,0
Chancaca Iansa 450 g,Iansa,Santa Isabel,Lacteos y Congelados,2090.0,2614.2762645914395,-20.05,0
Mayonesa Kraft Real Mayo Regular Squeeze 315 g,Kraft,Santa Isabel,Lacteos y Congelados,4770.0,2614.2762645914395,82.46,0
Café Colombiano Cuisine & Co Balanceado Tostado y Molido 250 g,Cuisine & Co,Santa Isabel,Lacteos y Congelados,9790.0,2614.2762645914395,274.48,0
Cuscús Cuisine & Co 250 g,Cuisine & Co,Santa Isabel,Lacteos y Congelados,1590.0,2614.2762645914395,-39.18,0
Pasta Mariposa N°93 Carozzi 250 g,Carozzi,Santa Isabel,Lacteos y Congelados,690.0,2614.2762645914395,-73.61,0
Choclo Wasil 190 g drenado,Wasil,Santa Isabel,Lacteos y Congelados,1650.0,2614.2762645914395,-36.89,0
Caldo Sabor Costilla Maggi 8 Tabletas 80 g,Maggi,Santa Isabel,Lacteos y Congelados,900.0,2614.2762645914395,-65.57,0
Crema Vegetal Bravo Azucarada 1 L,Bravo,Santa Isabel,Lacteos y Congelados,5660.0,2614.2762645914395,116.5,2
Café Molido Gold Premier Forte 230 g,Gold,Santa Isabel,Lacteos y Congelados,5490.0,2614.2762645914395,110.0,0
Quinoa Natural Cuisine & Co 250 g,Cuisine & Co,Santa Isabel,Lacteos y Congelados,2220.0,2614.2762645914395,-15.08,0
Café Cápsulas Cuisine & Co Avellana 10 un.,Cuisine & Co,Santa Isabel,Lacteos y Congelados,4590.0,2614.2762645914395,75.57,0
Café Descafeinado Nescafé Decaf Tarro 100 g,Nescafé,Santa Isabel,Lacteos y Congelados,6550.0,2614.2762645914395,150.55,0
"Barra de Cereal Cerealbar Frutas + Yogurt 8 un. 21 g, 168 g neto",Costa,Santa Isabel,Lacteos y Congelados,1970.0,2614.2762645914395,-24.64,0
Mayonesa Kraft MayoDeli Doypack 350 g,Kraft,Santa Isabel,Lacteos y Congelados,2430.0,2614.2762645914395,-7.05,0
"Champiñónes Laminados 230 g drenado, 400 g neto",Cuisine & Co,Santa Isabel,Lacteos y Congelados,1490.0,2614.2762645914395,-43.01,0
Salsa Lista Carozzi Bechamel 200 g,Carozzi,Santa Isabel,Lacteos y Congelados,1170.0,2614.2762645914395,-55.25,0
Crema de Coco Exotic Food Libre de Colesterol 400 ml,Exotic Food,Santa Isabel,Lacteos y Congelados,1533.0,2614.2762645914395,-41.36,0
Sopa Para Uno Maggi Espárragos 14 g,Maggi,Santa Isabel,Lacteos y Congelados,500.0,2614.2762645914395,-80.87,0
Orégano Entero Gourmet Sobre 20 g,Gourmet,Santa Isabel,Lacteos y Congelados,580.0,2614.2762645914395,-77.81,0
Mermelada Naranja Dulce Vieja Fábrica 280 g,La Vieja Fábrica,Santa Isabel,Lacteos y Congelados,2390.0,2614.2762645914395,-8.58,2
Porotos Rojos Wasil Listo para Servir 230 g drenado,Wasil,Santa Isabel,Lacteos y Congelados,1450.0,2614.2762645914395,-44.54,0
Mostaza JB Regular Botella 240 g,JB,Santa Isabel,Lacteos y Congelados,1530.0,2614.2762645914395,-41.48,0
"Atún Lomitos en Agua con Finas Hierbas 91 g drenado, 140 g neto",Robinson Crusoe,Santa Isabel,Lacteos y Congelados,1490.0,2614.2762645914395,-43.01,0
Cereal Trix 30 g,Trix,Santa Isabel,Lacteos y Congelados,640.0,2614.2762645914395,-75.52,2
Duraznos Mitades 470 g drenado,Cuisine & Co,Santa Isabel,Lacteos y Congelados,2330.0,2614.2762645914395,-10.87,0
"Pack 3 un. Atún Lomitos en Agua 56 g drenado, 80 g neto",Robinson Crusoe,Santa Isabel,Lacteos y Congelados,3690.0,2614.2762645914395,41.15,0
Puré de Tomate Mutti Passata Al Basilico 700 g,Mutti,Santa Isabel,Lacteos y Congelados,3143.0,2614.2762645914395,20.22,2
Dulce de Membrillo Watt's 500 g,Watt's,Santa Isabel,Lacteos y Congelados,1490.0,2614.2762645914395,-43.01,0
Salsa de Tomate Cuisine & Co American Dream con Albahaca y Ajo 680 g,Cuisine & Co,Santa Isabel,Lacteos y Congelados,4250.0,2614.2762645914395,62.57,0
"Compota con Yogurt Vivo Break Avena, Naranja y Plátano 90 g",Vivo,Santa Isabel,Lacteos y Congelados,700.0,2614.2762645914395,-73.22,0
Harina Integral Selecta 1 kg,Selecta,Santa Isabel,Lacteos y Congelados,2070.0,2614.2762645914395,-20.82,2
Arroz Grado 1 Banquete Premium Grano Largo 2 kg,Banquete,Santa Isabel,Lacteos y Congelados,4670.0,2614.2762645914395,78.63,0
Cereal En Línea Hojuelas Chocolate con Stevia 330 g,En Línea,Santa Isabel,Lacteos y Congelados,2860.0,2614.2762645914395,9.4,0
Cereal Fitness 330 g,Fitness,Santa Isabel,Lacteos y Congelados,3210.0,2614.2762645914395,22.79,2
Salsa Blanca Gourmet 36 g,Gourmet,Santa Isabel,Lacteos y Congelados,840.0,2614.2762645914395,-67.87,0
Mayonesa Regular 950 g,Cuisine & Co,Santa Isabel,Lacteos y Congelados,3990.0,2614.2762645914395,52.62,0
Spaghetti Cuisine & Co Vitaminizado 400 g,Cuisine & Co,Santa Isabel,Lacteos y Congelados,790.0,2614.2762645914395,-69.78,0
Crema para Café Coffe Mate Original 435 g,Coffee Mate,Santa Isabel,Lacteos y Congelados,3790.0,2614.2762645914395,44.97,2
Sal Lobos Gruesa de Cocina 1 kg,Lobos,Santa Isabel,Lacteos y Congelados,680.0,2614.2762645914395,-73.99,0
Pimienta Negra Gourmet Molida Sobre 15 g,Gourmet,Santa Isabel,Lacteos y Congelados,700.0,2614.2762645914395,-73.22,0
Café Liofilizado Nescafé Fina Selección Frasco 50 g,Nescafé,Santa Isabel,Lacteos y Congelados,4330.0,2614.2762645914395,65.63,0
"Lentejas 230 g drenado, 390 g neto",Cuisine & Co,Santa Isabel,Lacteos y Congelados,950.0,2614.2762645914395,-63.66,0
Caldo de Costilla en Polvo Gourmet 6 un.,Gourmet,Santa Isabel,Lacteos y Congelados,830.0,2614.2762645914395,-68.25,0
Quinoa Tricolor Vivo 250 g,Vivo,Santa Isabel,Lacteos y Congelados,2690.0,2614.2762645914395,2.9,0
Arroz Preparado Miraflores Chaufan 210 g,Miraflores,Santa Isabel,Lacteos y Congelados,1150.0,2614.2762645914395,-56.01,0
Kétchup Heinz Regular Doypack 397 g,Heinz,Santa Isabel,Lacteos y Congelados,2340.0,2614.2762645914395,-10.49,0
Barra Proteína Cuisine & Co Vegana Chocolate Maní 5 un.,Cuisine & Co,Santa Isabel,Lacteos y Congelados,5420.0,2614.2762645914395,107.32,0
Vinagre Rosado Traverso 500 ml,Traverso,Santa Isabel,Lacteos y Congelados,1200.0,2614.2762645914395,-54.1,0
Atún Lomitos en Aceite San José 91 g Drenado,San José,Santa Isabel,Lacteos y Congelados,1490.0,2614.2762645914395,-43.01,0
Vinagre de Vino Blanco Traverso 1 L,Traverso,Santa Isabel,Lacteos y Congelados,2170.0,2614.2762645914395,-16.99,0
Aceite de Oliva Terra Santa Extra Virgen 500 ml,Terra Santa,Santa Isabel,Lacteos y Congelados,7850.0,2614.2762645914395,200.27,2
Kétchup Kraft Regular Doypack 450 g,Kraft,Santa Isabel,Lacteos y Congelados,2380.0,2614.2762645914395,-8.96,0
Hierbas Surtidas Supremo 50 un.,Supremo,Santa Isabel,Lacteos y Congelados,2590.0,2614.2762645914395,-0.93,0
Mermelada Regimel Damasco 0% Azúcar 200 g,Regimel,Santa Isabel,Lacteos y Congelados,1550.0,2614.2762645914395,-40.71,0
Pimienta Negra Entera 15 g,Cuisine & Co,Santa Isabel,Lacteos y Congelados,530.0,2614.2762645914395,-79.73,0
Crema Individual Gourmet Espárragos Sobre 15 g,Gourmet,Santa Isabel,Lacteos y Congelados,500.0,2614.2762645914395,-80.87,0
Mostaza Kraft Clásica Regular Doypack 400 g,Kraft,Santa Isabel,Lacteos y Congelados,1930.0,2614.2762645914395,-26.17,0
Esencia de Vainilla Gourmet 165 ml,Gourmet,Santa Isabel,Lacteos y Congelados,1510.0,2614.2762645914395,-42.24,0
Endulzante Alusweet Alulosa Granulado 500 g,AluSweet,Santa Isabel,Lacteos y Congelados,6890.0,2614.2762645914395,163.55,2
Té Ceylán Supremo en Hojas Bolsa 250 g,Supremo,Santa Isabel,Lacteos y Congelados,2890.0,2614.2762645914395,10.55,0
Cereal Pillows Pistacho 350 g,Cola Cao,Santa Isabel,Lacteos y Congelados,3790.0,2614.2762645914395,44.97,0
Gelatina Vivo Sin Azúcar Naranja 22 g,Vivo,Santa Isabel,Lacteos y Congelados,870.0,2614.2762645914395,-66.72,0
Infusión de Hierbas Supremo Jengibre y Limón 20 un.,Supremo,Santa Isabel,Lacteos y Congelados,1190.0,2614.2762645914395,-54.48,0
Muesli Viola Cinco Frutas Bolsa 1 kg,Viola,Santa Isabel,Lacteos y Congelados,5290.0,2614.2762645914395,102.35,2
Hierba Matico Supremo 20 g 20 un.,Supremo,Santa Isabel,Lacteos y Congelados,1200.0,2614.2762645914395,-54.1,0
Aceite de Coco Mi Tierra 350 g,Mi Tierra,Santa Isabel,Lacteos y Congelados,9560.0,2614.2762645914395,265.68,2
Crema Sin Lactosa Loncoleche 200 ml,Loncoleche,Santa Isabel,Lacteos y Congelados,1450.0,2614.2762645914395,-44.54,0
Azúcar Blanca Iansa Light con Sucralosa 500 g,Iansa,Santa Isabel,Lacteos y Congelados,1860.0,2614.2762645914395,-28.85,0
Mermelada Vivo Mora Sin Azúcar 200 g,Vivo,Santa Isabel,Lacteos y Congelados,1190.0,2614.2762645914395,-54.48,0
Harina Sin Polvos de Hornear 10 kg,Cuisine & Co,Santa Isabel,Lacteos y Congelados,10890.0,2614.2762645914395,316.56,0
Stevia Sucralosa Cuisine & Co Líquida 180 ml,Cuisine & Co,Santa Isabel,Lacteos y Congelados,2290.0,2614.2762645914395,-12.4,0
Té Verde Supremo Premium 40 g 20 un.,Supremo,Santa Isabel,Lacteos y Congelados,1850.0,2614.2762645914395,-29.23,0
Té Verde Chino 20 un.,Chino,Santa Isabel,Lacteos y Congelados,1400.0,2614.2762645914395,-46.45,2
Té Verde Supremo Aromatizado con Limón 40 g 20 un.,Supremo,Santa Isabel,Lacteos y Congelados,1820.0,2614.2762645914395,-30.38,0
Endulzante Líquido Cero K Stevia Sucralosa Recarga 200 ml,Iansa Cero K,Santa Isabel,Lacteos y Congelados,2090.0,2614.2762645914395,-20.05,0
Sopa Individual Gourmet Consomé de Pollo 15 g,Gourmet,Santa Isabel,Lacteos y Congelados,500.0,2614.2762645914395,-80.87,0
Vinagre Incoloro Traverso 500 ml,Traverso,Santa Isabel,Lacteos y Congelados,1240.0,2614.2762645914395,-52.57,0
Pack Spaghetti N°5 Carozzi 3 un. 400 g + Salsa de Tomate 1 un. 200 g,Carozzi,Santa Isabel,Lacteos y Congelados,3370.0,2614.2762645914395,28.91,0
Mostaza Heinz Clásica Regular Doypack 800 g,Heinz,Santa Isabel,Lacteos y Congelados,3420.0,2614.2762645914395,30.82,0
Mermelada Máxima Damasco 250 g,Máxima,Santa Isabel,Lacteos y Congelados,580.0,2614.2762645914395,-77.81,0
Aliño Completo Cuisine & Co 100 g,Cuisine & Co,Santa Isabel,Lacteos y Congelados,1490.0,2614.2762645914395,-43.01,0
Sucedáneo Jugo Limón Traverso 1 L,Traverso,Santa Isabel,Lacteos y Congelados,2250.0,2614.2762645914395,-13.93,0
Crema Maggi Zapallo 45 g,Maggi,Santa Isabel,Lacteos y Congelados,700.0,2614.2762645914395,-73.22,0
Avena Instantánea Cuisine & Co 450 g,Cuisine & Co,Santa Isabel,Lacteos y Congelados,1750.0,2614.2762645914395,-33.06,0
Café Sobres Gold Tentaciones Choco Moka 112 g 8 un.,Gold,Santa Isabel,Lacteos y Congelados,2990.0,2614.2762645914395,14.37,0
Caldo Sabor Costilla Maggi 12 Tabletas 120 g,Maggi,Santa Isabel,Lacteos y Congelados,1490.0,2614.2762645914395,-43.01,0
Cereal Natur Maíz 300 g,Natur,Santa Isabel,Lacteos y Congelados,2650.0,2614.2762645914395,1.37,0
Café Molido Gold Premier Excelso 230 g,Gold,Santa Isabel,Lacteos y Congelados,4990.0,2614.2762645914395,90.88,0
Harina Selecta con Polvos de Hornear 1 kg,Selecta,Santa Isabel,Lacteos y Congelados,1650.0,2614.2762645914395,-36.89,2
Cereal Chocapic Receta Original 640 g,Chocapic,Santa Isabel,Lacteos y Congelados,5950.0,2614.2762645914395,127.6,0
Té Negro Emblem Tea Ceylon Blend Original 100 un.,Emblem,Santa Isabel,Lacteos y Congelados,2290.0,2614.2762645914395,-12.4,2
Canela Entera Gourmet Sobre 15 g,Gourmet,Santa Isabel,Lacteos y Congelados,1090.0,2614.2762645914395,-58.31,0
Mermelada Vivo Frambuesa Sin Azúcar 200 g,Vivo,Santa Isabel,Lacteos y Congelados,1190.0,2614.2762645914395,-54.48,0
Ajo en Polvo Gourmet Sobre 15 g,Gourmet,Santa Isabel,Lacteos y Congelados,320.0,2614.2762645914395,-87.76,0
Flan Vivo Sin Azúcar Vainilla con Caramelo 80 g,Vivo,Santa Isabel,Lacteos y Congelados,900.0,2614.2762645914395,-65.57,0
Garbanzos Iansa Agro Listos 230 g drenado,Iansa Agro,Santa Isabel,Lacteos y Congelados,1570.0,2614.2762645914395,-39.95,0
Mermelada En Línea Mora Sin Azúcar 200 g,En Línea,Santa Isabel,Lacteos y Congelados,1340.0,2614.2762645914395,-48.74,0
Gelatina Caricia Frambuesa 50 g,Caricia,Santa Isabel,Lacteos y Congelados,880.0,2614.2762645914395,-66.34,2
Caldo Sabor Gallina Maggi 8 Tabletas 88 g,Maggi,Santa Isabel,Lacteos y Congelados,900.0,2614.2762645914395,-65.57,0
Cereal Natur Maíz Bolsa 100 g,Natur,Santa Isabel,Lacteos y Congelados,1330.0,2614.2762645914395,-49.13,0
Caldo Tocino Ajo y Cebolla Gourmet Polvo 48 g 6 un.,Gourmet,Santa Isabel,Lacteos y Congelados,830.0,2614.2762645914395,-68.25,0
Coco Rallado Blanco Sobre 100 g,Gourmet,Santa Isabel,Lacteos y Congelados,1860.0,2614.2762645914395,-28.85,0
Gelatina Stevia Limón 22 g,Cuisine & Co,Santa Isabel,Lacteos y Congelados,608.0,2614.2762645914395,-76.74,0
Sopa Naturezza Pollo Fideos 55 g,Naturezza,Santa Isabel,Lacteos y Congelados,510.0,2614.2762645914395,-80.49,0
Barra de Cereal En Línea Cranberries 90 g 6 un.,En Línea,Santa Isabel,Lacteos y Congelados,1790.0,2614.2762645914395,-31.53,0
Pack 6 un. Crema de Leche Nestlé Caja Multipack 200 ml,Nestlé,Santa Isabel,Lacteos y Congelados,6000.0,2614.2762645914395,129.51,0
Aceite Vegetal Natura 900 ml,Natura,Santa Isabel,Lacteos y Congelados,2790.0,2614.2762645914395,6.72,2
Café Molido Haiti Express Bolsa 250 g,Haiti,Santa Isabel,Lacteos y Congelados,5400.0,2614.2762645914395,106.56,2
Aceite de Oliva Cuisine & Co Extra Virgen 500 ml,Cuisine & Co,Santa Isabel,Lacteos y Congelados,8850.0,2614.2762645914395,238.53,0
Hierbas Surtidas Supremo Caja 20.4 g 20 un.,Supremo,Santa Isabel,Lacteos y Congelados,1190.0,2614.2762645914395,-54.48,0
Té Verde Supremo Premium 50 un.,Supremo,Santa Isabel,Lacteos y Congelados,3290.0,2614.2762645914395,25.85,0
Sopa Instantánea Maruchan Carnes de Res Pote 64 g,Maruchan,Santa Isabel,Lacteos y Congelados,1340.0,2614.2762645914395,-48.74,0
Comida Instantánea Maruchan Pollo Pote 64 g,Maruchan,Santa Isabel,Lacteos y Congelados,1340.0,2614.2762645914395,-48.74,0
Avena Tradicional Cuisine & Co 750 g,Cuisine & Co,Santa Isabel,Lacteos y Congelados,1990.0,2614.2762645914395,-23.88,0
Lentejas 4 mm Iansa Agro 1 kg,Iansa Agro,Santa Isabel,Lacteos y Congelados,2890.0,2614.2762645914395,10.55,0
Granola Wild Protein Crunchy Mix 300 g,The Wild Foods,Santa Isabel,Lacteos y Congelados,5610.0,2614.2762645914395,114.59,0
Sazonador Gourmet para Arroz 6 un.,Gourmet,Santa Isabel,Lacteos y Congelados,830.0,2614.2762645914395,-68.25,0
"Porotos Blancos Cuisine & Co 230 g drenado, 390 g neto",Cuisine & Co,Santa Isabel,Lacteos y Congelados,950.0,2614.2762645914395,-63.66,0
"Duraznos en Cubitos 200 g drenado, 380 g neto",Regimel,Santa Isabel,Lacteos y Congelados,1400.0,2614.2762645914395,-46.45,0
Sal Lobos de Selección Yodada Frasco 500 g,Lobos,Santa Isabel,Lacteos y Congelados,1510.0,2614.2762645914395,-42.24,0
Duraznos en Trozos 340 g drenado,Cuisine & Co,Santa Isabel,Lacteos y Congelados,1790.0,2614.2762645914395,-31.53,0
Frutillas Enteras Wasil 500 g,Wasil,Santa Isabel,Lacteos y Congelados,2170.0,2614.2762645914395,-16.99,0
Sal de Mar Lobos Entrefina 800 g,Lobos,Santa Isabel,Lacteos y Congelados,2090.0,2614.2762645914395,-20.05,0
Surtido de Mariscos en Aceite 200 g drenado,Robinson Crusoe,Santa Isabel,Lacteos y Congelados,3590.0,2614.2762645914395,37.32,0
Levadura en Polvo Lefersa Doypack 125 g,Lefersa,Santa Isabel,Lacteos y Congelados,2380.0,2614.2762645914395,-8.96,2
Fideos Mariposas Lucchetti 250 g,Lucchetti,Santa Isabel,Lacteos y Congelados,810.0,2614.2762645914395,-69.02,0
Dulce de Membrillo Cuisine & Co 1 kg,Cuisine & Co,Santa Isabel,Lacteos y Congelados,2710.0,2614.2762645914395,3.66,0
Café Liofilizado Cruzeiro 50 g,Cruzeiro,Santa Isabel,Lacteos y Congelados,3320.0,2614.2762645914395,26.99,2
Porotos Blancos Wasil 230 g drenado,Wasil,Santa Isabel,Lacteos y Congelados,1450.0,2614.2762645914395,-44.54,0
Té Ceylán Mildred Tea Caja 40 g 20 un.,Mildred Tea,Santa Isabel,Lacteos y Congelados,800.0,2614.2762645914395,-69.4,2
Infusión Supremo Buen Descanso 20 g 20 un.,Supremo,Santa Isabel,Lacteos y Congelados,2340.0,2614.2762645914395,-10.49,0
"Garbanzos 230 g drenado, 390 g neto",Cuisine & Co,Santa Isabel,Lacteos y Congelados,950.0,2614.2762645914395,-63.66,0
Endulzante Alusweet Alulosa Gotas 180 ml,AluSweet,Santa Isabel,Lacteos y Congelados,3730.0,2614.2762645914395,42.68,2
Garbanzos Pelados Iansa Agro 1 kg,Iansa Agro,Santa Isabel,Lacteos y Congelados,3190.0,2614.2762645914395,22.02,0
Porotos Tórtola Martini 500 g,Martini,Santa Isabel,Lacteos y Congelados,2230.0,2614.2762645914395,-14.7,0
Caldo Maggi Sabor Carne 80 g 8 Tabletas,Maggi,Santa Isabel,Lacteos y Congelados,900.0,2614.2762645914395,-65.57,0
Vinagre de Vino Rosado 500 ml,Cuisine & Co,Santa Isabel,Lacteos y Congelados,970.0,2614.2762645914395,-62.9,0
Cereal Natur Arroz Bolsa 100 g,Natur,Santa Isabel,Lacteos y Congelados,1330.0,2614.2762645914395,-49.13,0
Mermelada Vivo Durazno Sin Azúcar 200 g,Vivo,Santa Isabel,Lacteos y Congelados,1190.0,2614.2762645914395,-54.48,0
Crema de Espárragos Naturezza 60 g,Naturezza,Santa Isabel,Lacteos y Congelados,510.0,2614.2762645914395,-80.49,0
Lentejas Banquete 4 mm 1 kg,Banquete,Santa Isabel,Lacteos y Congelados,2650.0,2614.2762645914395,1.37,0
Café en Cápsulas Nescafé Dolce Gusto Lungo 10 Tazas,Nescafé Dolce Gusto,Santa Isabel,Lacteos y Congelados,4790.0,2614.2762645914395,83.22,2
Crema Chantilly 250 g,Cuisine & Co,Santa Isabel,Lacteos y Congelados,3590.0,2614.2762645914395,37.32,0
Azúcar Blanca Iansa 5 kg,Iansa,Santa Isabel,Lacteos y Congelados,7350.0,2614.2762645914395,181.15,0
"Compota Manzana, Zapallo y Plátano 90 g",Cuisine & Co,Santa Isabel,Lacteos y Congelados,510.0,2614.2762645914395,-80.49,0
Mayonesa Hellmann's Supreme Artesana Frasco 380 g,Hellmann's,Santa Isabel,Lacteos y Congelados,4250.0,2614.2762645914395,62.57,0
Mayonesa Kraft MayoDeli Doypack 1.1 kg,Kraft,Santa Isabel,Lacteos y Congelados,4880.0,2614.2762645914395,86.67,0
Harina de Fuerza 1 kg,Cuisine & Co,Santa Isabel,Lacteos y Congelados,1190.0,2614.2762645914395,-54.48,0
Puré de Papas Maggi 187 g,Maggi,Santa Isabel,Lacteos y Congelados,1890.0,2614.2762645914395,-27.7,0
Comino Molido Cuisine & Co 15 g,Cuisine & Co,Santa Isabel,Lacteos y Congelados,410.0,2614.2762645914395,-84.32,0
Semillas de Sésamo Tostado 30 g,Cuisine & Co,Santa Isabel,Lacteos y Congelados,530.0,2614.2762645914395,-79.73,0
Ramen Maruchan Carne de Res 85 g,Maruchan,Santa Isabel,Lacteos y Congelados,720.0,2614.2762645914395,-72.46,0
Salsa Blanca Cuisine & Co Sobre 36 g,Cuisine & Co,Santa Isabel,Lacteos y Congelados,680.0,2614.2762645914395,-73.99,0
Mermelada En Línea Frutilla Sin Azúcar 200 g,En Línea,Santa Isabel,Lacteos y Congelados,1340.0,2614.2762645914395,-48.74,0
Sal Lobos de Selección Yodada 125 g,Lobos,Santa Isabel,Lacteos y Congelados,670.0,2614.2762645914395,-74.37,0
"Compota Manzana, Pera, Espinaca y Zapallo Italiano 90 g",Cuisine & Co,Santa Isabel,Lacteos y Congelados,570.0,2614.2762645914395,-78.2,0
Polvos de Hornear Imperial 200 g,Imperial,Santa Isabel,Lacteos y Congelados,2650.0,2614.2762645914395,1.37,2
Té Club Ceylán Premium Sobre Envoltura 100 un.,Club,Santa Isabel,Lacteos y Congelados,3550.0,2614.2762645914395,35.79,2
Comida Instantánea Maruchan Pollo Sobre 85 g,Maruchan,Santa Isabel,Lacteos y Congelados,740.0,2614.2762645914395,-71.69,0
Mayonesa Tradicional 400 g,Cuisine & Co,Santa Isabel,Lacteos y Congelados,1990.0,2614.2762645914395,-23.88,0
Café Gold Descafeinado 100 g,Gold,Santa Isabel,Lacteos y Congelados,6590.0,2614.2762645914395,152.08,0
Tallarín N°78 Talliani 400 g,Talliani,Santa Isabel,Lacteos y Congelados,1000.0,2614.2762645914395,-61.75,0
Azúcar Rubia Iansa 1 kg,Iansa,Santa Isabel,Lacteos y Congelados,2390.0,2614.2762645914395,-8.58,0
Mermelada Vivo Mango Sin Azúcar 200 g,Vivo,Santa Isabel,Lacteos y Congelados,1190.0,2614.2762645914395,-54.48,0
Caldo Sabor Verduras Maggi 12 Tabletas 120 g,Maggi,Santa Isabel,Lacteos y Congelados,1490.0,2614.2762645914395,-43.01,0
Caldo Sabor Verduras Maggi 8 Tabletas 80 g,Maggi,Santa Isabel,Lacteos y Congelados,900.0,2614.2762645914395,-65.57,0
Porotos Blancos Banquete 1 kg,Banquete,Santa Isabel,Lacteos y Congelados,3990.0,2614.2762645914395,52.62,0
Pasta Dedalito N°27 Carozzi 250 g,Carozzi,Santa Isabel,Lacteos y Congelados,690.0,2614.2762645914395,-73.61,0
Piñas en Rodajas Cuisine & Co 340 g drenado,Cuisine & Co,Santa Isabel,Lacteos y Congelados,1890.0,2614.2762645914395,-27.7,0
Café Colombiano Cuisine & Co Intenso Tostado y Molido 250 g,Cuisine & Co,Santa Isabel,Lacteos y Congelados,9790.0,2614.2762645914395,274.48,0
Granola En Línea Almendra 320 g,En Línea,Santa Isabel,Lacteos y Congelados,2650.0,2614.2762645914395,1.37,0
Mayonesa Hellmann's Light Doypack 630 g,Hellmann's,Santa Isabel,Lacteos y Congelados,2990.0,2614.2762645914395,14.37,0
Pack 15 un. Barras Quaker Sabores Mixtos 270 g,Quaker,Santa Isabel,Lacteos y Congelados,3490.0,2614.2762645914395,33.5,0
Sopa Maggi Pollo con Sémola 68 g,Maggi,Santa Isabel,Lacteos y Congelados,630.0,2614.2762645914395,-75.9,0
Caldo en Polvo Maggi Costilla 35 g 5 Sobres de 7 g,Maggi,Santa Isabel,Lacteos y Congelados,720.0,2614.2762645914395,-72.46,0
Salsa de Tomate Maggi Tuco con Carne 980 g,Maggi,Santa Isabel,Lacteos y Congelados,5970.0,2614.2762645914395,128.36,0
Barra de Cereal Cerealbar Nuts Maní 5 un.,Costa,Santa Isabel,Lacteos y Congelados,1690.0,2614.2762645914395,-35.35,0
"Champiñones Laminados Esmeralda 230 g drenado, 400 g neto",Esmeralda,Santa Isabel,Lacteos y Congelados,2190.0,2614.2762645914395,-16.23,0
Choritos en Aceite Cuisine & Co 100 g drenado 190 g neto,Cuisine & Co,Santa Isabel,Lacteos y Congelados,1750.0,2614.2762645914395,-33.06,0
Cereal En Línea Bolitas de Chocolate 330 g,En Línea,Santa Isabel,Lacteos y Congelados,2590.0,2614.2762645914395,-0.93,0
Gelatina Frambuesa 100 g,Cuisine & Co,Santa Isabel,Lacteos y Congelados,632.0,2614.2762645914395,-75.83,0
Porotos Negros Cuisine & Co 1 kg,Cuisine & Co,Santa Isabel,Lacteos y Congelados,2000.0,2614.2762645914395,-23.5,0
Cereal Corn Flakes 480 g,Corn Flakes,Santa Isabel,Lacteos y Congelados,4150.0,2614.2762645914395,58.74,2
Caldo en Polvo Maggi Carne 35 g 5 Sobres de 7 g,Maggi,Santa Isabel,Lacteos y Congelados,720.0,2614.2762645914395,-72.46,0
Vinagre de Vino Blanco Traverso 500 ml,Traverso,Santa Isabel,Lacteos y Congelados,1200.0,2614.2762645914395,-54.1,0
Mermelada Watt's Frambuesa 225 g,Watt's,Santa Isabel,Lacteos y Congelados,1210.0,2614.2762645914395,-53.72,0
Café Liofilizado Cuisine & Co Descafeinado 190 g,Cuisine & Co,Santa Isabel,Lacteos y Congelados,14190.0,2614.2762645914395,442.79,1
Piñas en Trozos Cuisine & Co 340 g drenado,Cuisine & Co,Santa Isabel,Lacteos y Congelados,1890.0,2614.2762645914395,-27.7,0
"Compota con Yogurt Vivo Break Avena, Berries y Plátano 90 g",Vivo,Santa Isabel,Lacteos y Congelados,700.0,2614.2762645914395,-73.22,0
Pasta Pantrucas N°30 Carozzi 250 g,Carozzi,Santa Isabel,Lacteos y Congelados,870.0,2614.2762645914395,-66.72,0
Crema de Leche Nestlé Tarro 236 g,Nestlé,Santa Isabel,Lacteos y Congelados,1990.0,2614.2762645914395,-23.88,0
Compota Watt's Durazno 90 g,Watt's,Santa Isabel,Lacteos y Congelados,490.0,2614.2762645914395,-81.26,0
Arvejas Verdes Partidas Cuisine & Co 1 kg,Cuisine & Co,Santa Isabel,Lacteos y Congelados,2370.0,2614.2762645914395,-9.34,0
Sardinas en Aceite 90 g drenado,San José,Santa Isabel,Lacteos y Congelados,1360.0,2614.2762645914395,-47.98,0
"Dulce de Membrillo Watt's, 250 g",Watt's,Santa Isabel,Lacteos y Congelados,790.0,2614.2762645914395,-69.78,0
Gelatina Stevia Berries 22 g,Cuisine & Co,Santa Isabel,Lacteos y Congelados,608.0,2614.2762645914395,-76.74,0
Fideos de Arroz Exotic Food 3 mm Bolsa 250 g,Exotic Food,Santa Isabel,Lacteos y Congelados,1043.0,2614.2762645914395,-60.1,0
Endulzante Líquido Daily Tradicional 270 ml,Daily,Santa Isabel,Lacteos y Congelados,1550.0,2614.2762645914395,-40.71,0
Palmitos Máxima en Trozos 220 g drenado,Máxima,Santa Isabel,Lacteos y Congelados,1520.0,2614.2762645914395,-41.86,0
Porotos Negros Banquete 1 kg,Banquete,Santa Isabel,Lacteos y Congelados,3110.0,2614.2762645914395,18.96,0
Aceite de Pepita de Uva Chef 1 L,Chef,Santa Isabel,Lacteos y Congelados,8410.0,2614.2762645914395,221.7,2
Miel de Abejas Cuisine & Co 450 g,Cuisine & Co,Santa Isabel,Lacteos y Congelados,3490.0,2614.2762645914395,33.5,0
Cereal Vivo Line Berries 320 g,Vivo,Santa Isabel,Lacteos y Congelados,2830.0,2614.2762645914395,8.25,0
Arroz Especial Tucapel Basmati Pregraneado1 kg,Tucapel,Santa Isabel,Lacteos y Congelados,5610.0,2614.2762645914395,114.59,0
Pimienta Negra Molida 15 g,Cuisine & Co,Santa Isabel,Lacteos y Congelados,530.0,2614.2762645914395,-79.73,0
Espirales Integrales Lucchetti 400 g,Lucchetti,Santa Isabel,Lacteos y Congelados,1130.0,2614.2762645914395,-56.78,0
Dulce de Membrillo Cuisine & Co 500 g,Cuisine & Co,Santa Isabel,Lacteos y Congelados,1490.0,2614.2762645914395,-43.01,0
Crema Maggi Tomates 45 g,Maggi,Santa Isabel,Lacteos y Congelados,680.0,2614.2762645914395,-73.99,0
Salsa de Tomate Pomarola Italiana 200 g,Pomarola,Santa Isabel,Lacteos y Congelados,850.0,2614.2762645914395,-67.49,2
"Atún Desmenuzado en Aceite 104 g drenado, 170 g neto",Esmeralda,Santa Isabel,Lacteos y Congelados,750.0,2614.2762645914395,-71.31,0
Té Ceylán Supremo Manzana y Canela Caja 40 g 20 un.,Supremo,Santa Isabel,Lacteos y Congelados,1790.0,2614.2762645914395,-31.53,0
Mermelada Watt's Light Damasco Sin Azúcar 200 g,Watt's,Santa Isabel,Lacteos y Congelados,1530.0,2614.2762645914395,-41.48,0
Harina Flor Collico Sin Polvos de Hornear 1 kg,Collico,Santa Isabel,Lacteos y Congelados,1510.0,2614.2762645914395,-42.24,2
Cereal Vivo Check 360 g,Vivo,Santa Isabel,Lacteos y Congelados,3290.0,2614.2762645914395,25.85,0
Caldo Sabor Carne Maggi 12 Tabletas 120 g,Maggi,Santa Isabel,Lacteos y Congelados,1490.0,2614.2762645914395,-43.01,0
"Atún Lomitos en Agua 220 g drenado, 340 g neto",Cuisine & Co,Santa Isabel,Lacteos y Congelados,2930.0,2614.2762645914395,12.08,0
Salsa de Tomate Malloa Italiana 200 g,Malloa,Santa Isabel,Lacteos y Congelados,890.0,2614.2762645914395,-65.96,2
Leche Condensada 397 g,Cuisine & Co,Santa Isabel,Lacteos y Congelados,1790.0,2614.2762645914395,-31.53,0
Té Ceylán Canela Supremo Aromatizado Caja 40 g 20 un.,Supremo,Santa Isabel,Lacteos y Congelados,1390.0,2614.2762645914395,-46.83,0
Hierbita 8 Hierbas Supremo Caja 20 g 20 un.,Supremo,Santa Isabel,Lacteos y Congelados,1190.0,2614.2762645914395,-54.48,0
Crema de Leche Parmalat 200 g,Parmalat,Santa Isabel,Lacteos y Congelados,1000.0,2614.2762645914395,-61.75,2
Clavos de Olor Enteros Gourmet Sobre 5 g,Gourmet,Santa Isabel,Lacteos y Congelados,550.0,2614.2762645914395,-78.96,0
Crema de Leche Cuisine & Co 1 L,Cuisine & Co,Santa Isabel,Lacteos y Congelados,4790.0,2614.2762645914395,83.22,0
Cabellitos Lucchetti 400 g,Lucchetti,Santa Isabel,Lacteos y Congelados,1050.0,2614.2762645914395,-59.84,0
Almidón de Maíz Caja 250 g,Maizena,Santa Isabel,Lacteos y Congelados,3420.0,2614.2762645914395,30.82,2
Té Negro Original 100 Bolsas,Té Club,Santa Isabel,Lacteos y Congelados,2550.0,2614.2762645914395,-2.46,2
Puré de Tomate Mutti 400 g,Mutti,Santa Isabel,Lacteos y Congelados,2093.0,2614.2762645914395,-19.94,2
Kétchup Heinz Regular Doypack 190 g,Heinz,Santa Isabel,Lacteos y Congelados,1150.0,2614.2762645914395,-56.01,0
Nidos de Fetuccini Talliani Al Huevo 400 g,Talliani,Santa Isabel,Lacteos y Congelados,2030.0,2614.2762645914395,-22.35,0
Mermelada Watt's Alcayota 225 g,Watt's,Santa Isabel,Lacteos y Congelados,1210.0,2614.2762645914395,-53.72,0
Puré de Tomate Passata La Molisana 690 g,La Molisana,Santa Isabel,Lacteos y Congelados,2890.0,2614.2762645914395,10.55,2
Barra de Proteína Wild Protein Chocolate 45 g 5 un.,The Wild Foods,Santa Isabel,Lacteos y Congelados,4990.0,2614.2762645914395,90.88,0
Té Ceylán Supremo Express Caja 200 g 100 un.,Supremo,Santa Isabel,Lacteos y Congelados,3290.0,2614.2762645914395,25.85,0
Dulce de Membrillo Cuisine & Co 250 g,Cuisine & Co,Santa Isabel,Lacteos y Congelados,820.0,2614.2762645914395,-68.63,0
Ravioli Carozzi Ricotta Espinaca 400 g,Carozzi,Santa Isabel,Lacteos y Congelados,2290.0,2614.2762645914395,-12.4,0
Choritos Al Natural Cuisine & Co 100 g drenado 190 g neto,Cuisine & Co,Santa Isabel,Lacteos y Congelados,1750.0,2614.2762645914395,-33.06,0
Aceite de Oliva Cuisine & Co Extra Virgen 1 L,Cuisine & Co,Santa Isabel,Lacteos y Congelados,14990.0,2614.2762645914395,473.39,1
"Arvejas Cuisine & Co 170 g drenado, 310 g neto",Cuisine & Co,Santa Isabel,Lacteos y Congelados,840.0,2614.2762645914395,-67.87,0
Crema Nestlé Sin Lactosa 200 ml,Nestlé,Santa Isabel,Lacteos y Congelados,1450.0,2614.2762645914395,-44.54,0
Mayonesa Cuisine & Co American Dream Americana 394 g,Cuisine & Co,Santa Isabel,Lacteos y Congelados,4190.0,2614.2762645914395,60.27,0
Compota Watt's Pera 90 g,Watt's,Santa Isabel,Lacteos y Congelados,490.0,2614.2762645914395,-81.26,0
Avena Quaker Tradicional 700 g,Quaker,Santa Isabel,Lacteos y Congelados,2630.0,2614.2762645914395,0.6,0
Café Instantáneo Nescafé Tradición Tarro 310 g,Nescafé,Santa Isabel,Lacteos y Congelados,16110.0,2614.2762645914395,516.23,1
Café Molido Daroma Forte 250 g,Daroma,Santa Isabel,Lacteos y Congelados,5610.0,2614.2762645914395,114.59,2
Café Molido Haiti Super Moka 3 Bolsa 250 g,Haiti,Santa Isabel,Lacteos y Congelados,5400.0,2614.2762645914395,106.56,2
Azúcar Rubia Cuisine & Co 1 kg,Cuisine & Co,Santa Isabel,Lacteos y Congelados,2360.0,2614.2762645914395,-9.73,0
"Porotos Negros Cuisine & Co 230 g drenado, 390 g neto",Cuisine & Co,Santa Isabel,Lacteos y Congelados,950.0,2614.2762645914395,-63.66,0
Cereal Máxima Estrellas 500 g,Máxima,Santa Isabel,Lacteos y Congelados,1430.0,2614.2762645914395,-45.3,0
Mostaza Heinz Clásica Regular Doypack 200 g,Heinz,Santa Isabel,Lacteos y Congelados,1820.0,2614.2762645914395,-30.38,0
Barra de Cereal Cerealbar Frutos Rojos + Yogurt 21 g 8 un.,Costa,Santa Isabel,Lacteos y Congelados,1920.0,2614.2762645914395,-26.56,0
Café Grano Molido Monterrey 230 g,Monterrey,Santa Isabel,Lacteos y Congelados,4490.0,2614.2762645914395,71.75,2
Arroz Pregraneado Cuisine & Co 1 kg,Cuisine & Co,Santa Isabel,Lacteos y Congelados,1890.0,2614.2762645914395,-27.7,0
Barra de Cereal En Línea Chocolate 15 g 6 un.,En Línea,Santa Isabel,Lacteos y Congelados,1790.0,2614.2762645914395,-31.53,0
Arroz Grado 1 Tucapel Pregraneado Grano Largo 1 kg,Tucapel,Santa Isabel,Lacteos y Congelados,2490.0,2614.2762645914395,-4.75,0
Té Negro Ceylon Dilmah Premium 100 un.,Dilmah,Santa Isabel,Lacteos y Congelados,5990.0,2614.2762645914395,129.13,2
Cereal Chocapic Sin Azúcar 350 g,Chocapic,Santa Isabel,Lacteos y Congelados,3690.0,2614.2762645914395,41.15,0
Puré de Tomate Mutti Passata 700 g,Mutti,Santa Isabel,Lacteos y Congelados,3143.0,2614.2762645914395,20.22,2
Caldo en Polvo Maggi Verduras 35 g 5 Sobres de 7 g,Maggi,Santa Isabel,Lacteos y Congelados,720.0,2614.2762645914395,-72.46,0
Mermelada Máxima Frutilla 250 g,Máxima,Santa Isabel,Lacteos y Congelados,580.0,2614.2762645914395,-77.81,0
Cereal Cola Cao Pillows 720 g,Cola Cao,Santa Isabel,Lacteos y Congelados,5690.0,2614.2762645914395,117.65,0
Granola Vivo Miel & Almendras 330 g,Vivo,Santa Isabel,Lacteos y Congelados,2190.0,2614.2762645914395,-16.23,0
Arroz Grado 1 Cuisine & Co Grano Largo y Ancho 1 kg,Cuisine & Co,Santa Isabel,Lacteos y Congelados,1690.0,2614.2762645914395,-35.35,0
Aceite de Oliva Talliani Tradizione 1 L,Talliani,Santa Isabel,Lacteos y Congelados,14390.0,2614.2762645914395,450.44,1
Vinagre de Manzana 500 ml,Cuisine & Co,Santa Isabel,Lacteos y Congelados,1590.0,2614.2762645914395,-39.18,0
Cereal Kellogg's Corn Flakes 410 g,Kellogg's,Santa Isabel,Lacteos y Congelados,4670.0,2614.2762645914395,78.63,2
Lentejas 6 mm Iansa Agro 1 kg,Iansa Agro,Santa Isabel,Lacteos y Congelados,2890.0,2614.2762645914395,10.55,0
Mostaza JB 900 g,JB,Santa Isabel,Lacteos y Congelados,1920.0,2614.2762645914395,-26.56,0
Caracoles Talliani 400 g,Talliani,Santa Isabel,Lacteos y Congelados,1000.0,2614.2762645914395,-61.75,0
Ají Color Cuisine & Co 100 g,Cuisine & Co,Santa Isabel,Lacteos y Congelados,990.0,2614.2762645914395,-62.13,0
Avena Instantánea Cuisine & Co 750 g,Cuisine & Co,Santa Isabel,Lacteos y Congelados,1990.0,2614.2762645914395,-23.88,0
Té Negro Lipton Yellow Label 100 un.,Lipton,Santa Isabel,Lacteos y Congelados,4790.0,2614.2762645914395,83.22,2
"Atún Lomitos en Agua 104 g drenado, 160 g neto",Angelmo,Santa Isabel,Lacteos y Congelados,1550.0,2614.2762645914395,-40.71,2
"Barra Proteína Wild Protein Chocolate Maní 5 un. 45 g, 225 g neto",The Wild Foods,Santa Isabel,Lacteos y Congelados,4990.0,2614.2762645914395,90.88,0
Cereal Natur Trigo 20 g,Natur,Santa Isabel,Lacteos y Congelados,440.0,2614.2762645914395,-83.17,0
Ajo en Polvo Cuisine & Co 15 g,Cuisine & Co,Santa Isabel,Lacteos y Congelados,260.0,2614.2762645914395,-90.05,0
Caldo en Polvo Maggi Gallina 35 g 5 Sobres de 7 g,Maggi,Santa Isabel,Lacteos y Congelados,720.0,2614.2762645914395,-72.46,0
Mermelada Máxima Durazno 250 g,Máxima,Santa Isabel,Lacteos y Congelados,580.0,2614.2762645914395,-77.81,0
Compota Plátano y Yogurt 90 g,Cuisine & Co,Santa Isabel,Lacteos y Congelados,580.0,2614.2762645914395,-77.81,0
Salsa de Tomate Carozzi Toscana Al Pesto 200 g,Carozzi,Santa Isabel,Lacteos y Congelados,960.0,2614.2762645914395,-63.28,0
Sémola Carozzi 500 g,Carozzi,Santa Isabel,Lacteos y Congelados,1630.0,2614.2762645914395,-37.65,0
Laurel en Hojas 5 g,Cuisine & Co,Santa Isabel,Lacteos y Congelados,490.0,2614.2762645914395,-81.26,0
Compota Pera Manzana 90 g,Cuisine & Co,Santa Isabel,Lacteos y Congelados,470.0,2614.2762645914395,-82.02,0
"Atún Desmenuzado en Agua 104 g drenado, 170 g neto",Esmeralda,Santa Isabel,Lacteos y Congelados,750.0,2614.2762645914395,-71.31,0
Salsa de Tomate Heinz Natural Doypack 200 g,Heinz,Santa Isabel,Lacteos y Congelados,920.0,2614.2762645914395,-64.81,0
"Granola Quaker Avena, Miel y Almendras 320 g",Quaker,Santa Isabel,Lacteos y Congelados,2590.0,2614.2762645914395,-0.93,0
Choritos Al Natural Bajo en Sodio 100 g drenado,Robinson Crusoe,Santa Isabel,Lacteos y Congelados,1690.0,2614.2762645914395,-35.35,0
Cereal Pillows Chocolate 350 g,Pillows,Santa Isabel,Lacteos y Congelados,2890.0,2614.2762645914395,10.55,2
Café Gold Premier Clásico Frasco 170 g,Gold,Santa Isabel,Lacteos y Congelados,6890.0,2614.2762645914395,163.55,0
Polvo de Hornear Imperial 100 g,Imperial,Santa Isabel,Lacteos y Congelados,890.0,2614.2762645914395,-65.96,2
Mermelada Máxima Mora 250 g,Máxima,Santa Isabel,Lacteos y Congelados,580.0,2614.2762645914395,-77.81,0
Canela Molida Cuisine & Co 15 g,Cuisine & Co,Santa Isabel,Lacteos y Congelados,470.0,2614.2762645914395,-82.02,0
Gelatina Caricia Frutilla 50 g,Caricia,Santa Isabel,Lacteos y Congelados,880.0,2614.2762645914395,-66.34,2
Salsa de Tomate Pomarola Casera 200 g,Pomarola,Santa Isabel,Lacteos y Congelados,960.0,2614.2762645914395,-63.28,2
Café Grano Molido Monterrey Moka 230 g,Monterrey,Santa Isabel,Lacteos y Congelados,4490.0,2614.2762645914395,71.75,2
Sucedáneo Jugo Limón Traverso 500 ml,Traverso,Santa Isabel,Lacteos y Congelados,1200.0,2614.2762645914395,-54.1,0
Aceite de Oliva Extra Virgen 1 L,Olivo de Plata,Santa Isabel,Lacteos y Congelados,16490.0,2614.2762645914395,530.77,1
Café Descafeinado Nescafé Decaf Tarro 170 g,Nescafé,Santa Isabel,Lacteos y Congelados,8490.0,2614.2762645914395,224.76,0
Pasta Rigatoni N°48 Carozzi 400 g,Carozzi,Santa Isabel,Lacteos y Congelados,790.0,2614.2762645914395,-69.78,0
Pasta Fettuccini N°88 Trattoria 400 g,Trattoria,Santa Isabel,Lacteos y Congelados,1190.0,2614.2762645914395,-54.48,2
Compota Watt's Multifruta 90 g,Watt's,Santa Isabel,Lacteos y Congelados,490.0,2614.2762645914395,-81.26,0
Arroz Grado 2 Cuisine & Co Grano Largo y Ancho 1 kg,Cuisine & Co,Santa Isabel,Lacteos y Congelados,1690.0,2614.2762645914395,-35.35,0
Café Gold Descafeinado 170 g,Gold,Santa Isabel,Lacteos y Congelados,5450.0,2614.2762645914395,108.47,0
Surtido de Mariscos 200 g drenado,Robinson Crusoe,Santa Isabel,Lacteos y Congelados,3590.0,2614.2762645914395,37.32,0
Levadura Seca Collico 125 g,Collico,Santa Isabel,Lacteos y Congelados,2280.0,2614.2762645914395,-12.79,2
Puré de Papas Hoffmann 250 g,Hoffmann,Santa Isabel,Lacteos y Congelados,1990.0,2614.2762645914395,-23.88,2
Pasta Tallarín N°87 Carozzi Espinaca 400 g,Carozzi,Santa Isabel,Lacteos y Congelados,1170.0,2614.2762645914395,-55.25,0
Cereal Vivo Check Cacao 360 g,Vivo,Santa Isabel,Lacteos y Congelados,3290.0,2614.2762645914395,25.85,0
Cabellos de Ángel Vitaminizado 400 g,Cuisine & Co,Santa Isabel,Lacteos y Congelados,790.0,2614.2762645914395,-69.78,0
Pack 6 un. Salsa de Tomate Heinz Italiana Bolsa 1200 g,Heinz,Santa Isabel,Lacteos y Congelados,3390.0,2614.2762645914395,29.67,0
Sucedáneo de Limón 500 ml,Cuisine & Co,Santa Isabel,Lacteos y Congelados,1080.0,2614.2762645914395,-58.69,0
"Compota Plátano, Arándano y Avena 90 g",Cuisine & Co,Santa Isabel,Lacteos y Congelados,580.0,2614.2762645914395,-77.81,0
Mayonesa Hellmann's Regular 700 g,Hellmann's,Santa Isabel,Lacteos y Congelados,3890.0,2614.2762645914395,48.8,0
Aceite de Oliva Huasco Extra Virgen 2 L,Huasco,Santa Isabel,Lacteos y Congelados,25990.0,2614.2762645914395,894.16,1
Aceite de Oliva Montecristo Extra Virgen 500 ml,Montecristo,Santa Isabel,Lacteos y Congelados,6390.0,2614.2762645914395,144.43,2
Aceite de Maravilla Miraflores 900 ml,Miraflores,Santa Isabel,Lacteos y Congelados,3150.0,2614.2762645914395,20.49,0
Tallarín N°78 Lucchetti 400 g,Lucchetti,Santa Isabel,Lacteos y Congelados,1050.0,2614.2762645914395,-59.84,0
Farfalle Talliani Corbatas 400 g,Talliani,Santa Isabel,Lacteos y Congelados,1000.0,2614.2762645914395,-61.75,0
Té Lipton Royal 100 un.,Lipton,Santa Isabel,Lacteos y Congelados,7440.0,2614.2762645914395,184.59,2
Bebida Base de Cebada Ecco Instantáneo 170 g,Ecco,Santa Isabel,Lacteos y Congelados,3630.0,2614.2762645914395,38.85,2
Café Instantáneo Cuisine & Co 150 g,Cuisine & Co,Santa Isabel,Lacteos y Congelados,4440.0,2614.2762645914395,69.84,0
Puré de Papas Instantáneo Cuisine & Co 250 g,Cuisine & Co,Santa Isabel,Lacteos y Congelados,2610.0,2614.2762645914395,-0.16,0
"Barra de Cereal Cerealbar Chips Chocolate 8 un. 21 g, 168 g neto",Costa,Santa Isabel,Lacteos y Congelados,1920.0,2614.2762645914395,-26.56,0
Café Liofilizado Marley Coffee Wake Up & Live 100 g,Marley Coffee,Santa Isabel,Lacteos y Congelados,7590.0,2614.2762645914395,190.33,2
Compota Manzana 90 g,Cuisine & Co,Santa Isabel,Lacteos y Congelados,470.0,2614.2762645914395,-82.02,0
Compota Vivo Mifrut Durazno 90 g,Vivo,Santa Isabel,Lacteos y Congelados,520.0,2614.2762645914395,-80.11,0
Bicarbonato Cuisine & Co 100 g,Cuisine & Co,Santa Isabel,Lacteos y Congelados,550.0,2614.2762645914395,-78.96,0
Azúcar Flor Iansa 500 g,Iansa,Santa Isabel,Lacteos y Congelados,990.0,2614.2762645914395,-62.13,0
Granola Vivo Berries 330 g,Vivo,Santa Isabel,Lacteos y Congelados,2190.0,2614.2762645914395,-16.23,0
Lentejas 6 mm Máxima 1 kg,Máxima,Santa Isabel,Lacteos y Congelados,2890.0,2614.2762645914395,10.55,0
Lasaña Precocida Lucchetti 200 g,Lucchetti,Santa Isabel,Lacteos y Congelados,1090.0,2614.2762645914395,-58.31,0
Tallarín N°77 Talliani 400 g,Talliani,Santa Isabel,Lacteos y Congelados,1000.0,2614.2762645914395,-61.75,0
Harina Integral 1 kg,Cuisine & Co,Santa Isabel,Lacteos y Congelados,1490.0,2614.2762645914395,-43.01,0
Mermelada Watt's Damasco 225 g,Watt's,Santa Isabel,Lacteos y Congelados,1210.0,2614.2762645914395,-53.72,0
Pasta Spaghetti Carozzi Integral 400 g,Carozzi,Santa Isabel,Lacteos y Congelados,950.0,2614.2762645914395,-63.66,0
Sémola 100% Trigo Lucchetti 250 g,Lucchetti,Santa Isabel,Lacteos y Congelados,770.0,2614.2762645914395,-70.55,0
Compota Watt's Manzana 90 g,Watt's,Santa Isabel,Lacteos y Congelados,490.0,2614.2762645914395,-81.26,0
Mostaza Cuisine & Co 500 g,Cuisine & Co,Santa Isabel,Lacteos y Congelados,1520.0,2614.2762645914395,-41.86,0
Café Liofilizado Cruzeiro 170 g,Cruzeiro,Santa Isabel,Lacteos y Congelados,8590.0,2614.2762645914395,228.58,2
Canutos Lucchetti 400 g,Lucchetti,Santa Isabel,Lacteos y Congelados,1050.0,2614.2762645914395,-59.84,0
Mermelada Watt's Light Durazno Sin Azúcar 200 g,Watt's,Santa Isabel,Lacteos y Congelados,1530.0,2614.2762645914395,-41.48,0
Porotos Tórtola Banquete 1 kg,Banquete,Santa Isabel,Lacteos y Congelados,3490.0,2614.2762645914395,33.5,0
Cereal Máxima Aros Frutales 500 g,Máxima,Santa Isabel,Lacteos y Congelados,1430.0,2614.2762645914395,-45.3,0
Quífaros Lucchetti 400 g,Lucchetti,Santa Isabel,Lacteos y Congelados,1050.0,2614.2762645914395,-59.84,0
Cereal Máxima Hojuelas Chocolatadas 500 g,Máxima,Santa Isabel,Lacteos y Congelados,1450.0,2614.2762645914395,-44.54,0
Arroz Integral Grado 1 Cuisine & Co Largo y Ancho 1 kg,Cuisine & Co,Santa Isabel,Lacteos y Congelados,1890.0,2614.2762645914395,-27.7,0
Café Liofilizado Cuisine & Co 190 g,Cuisine & Co,Santa Isabel,Lacteos y Congelados,10590.0,2614.2762645914395,305.08,0
Pasta Caracoquesos Carozzi 296 g,Carozzi,Santa Isabel,Lacteos y Congelados,1590.0,2614.2762645914395,-39.18,0
Lentejas 5 mm Cuisine & Co 1 kg,Cuisine & Co,Santa Isabel,Lacteos y Congelados,3420.0,2614.2762645914395,30.82,0
Palmitos Enteros Cuisine & Co 220 g drenado,Cuisine & Co,Santa Isabel,Lacteos y Congelados,2450.0,2614.2762645914395,-6.28,0
Hierba Menta Supremo 20 g 20 un.,Supremo,Santa Isabel,Lacteos y Congelados,1200.0,2614.2762645914395,-54.1,0
"Barra de Cereal Cerealbar Chococereal 8 un. 18 g, 144 g neto",Costa,Santa Isabel,Lacteos y Congelados,1920.0,2614.2762645914395,-26.56,0
Aceite de Oliva Huasco Extra Virgen 500 ml,Huasco,Santa Isabel,Lacteos y Congelados,7990.0,2614.2762645914395,205.63,2
Compota Vivo Mifrut Plátano 90 g,Vivo,Santa Isabel,Lacteos y Congelados,520.0,2614.2762645914395,-80.11,0
Té Ceylán Supremo Mystic 50 un.,Supremo,Santa Isabel,Lacteos y Congelados,2390.0,2614.2762645914395,-8.58,0
"Duraznos Cubitos Wasil 265 g drenado, 500 g neto",Wasil,Santa Isabel,Lacteos y Congelados,1720.0,2614.2762645914395,-34.21,0
Café Instantáneo Nescafé Tradición Tarro 50 g,Nescafé,Santa Isabel,Lacteos y Congelados,2990.0,2614.2762645914395,14.37,0
Mermelada Watt's Light Mora Sin Azúcar 200 g,Watt's,Santa Isabel,Lacteos y Congelados,1530.0,2614.2762645914395,-41.48,0
Orégano Entero 20 g,Cuisine & Co,Santa Isabel,Lacteos y Congelados,460.0,2614.2762645914395,-82.4,0
Jurel San José 260 g,San José,Santa Isabel,Lacteos y Congelados,1940.0,2614.2762645914395,-25.79,0
Aceite de Oliva Banquete Extra Virgen 1 L,Banquete,Santa Isabel,Lacteos y Congelados,17360.0,2614.2762645914395,564.05,1
Ravioli Carozzi Carne 400 g,Carozzi,Santa Isabel,Lacteos y Congelados,2290.0,2614.2762645914395,-12.4,0
Harina Cuisine & Co con Polvos de Hornear 1 kg,Cuisine & Co,Santa Isabel,Lacteos y Congelados,930.0,2614.2762645914395,-64.43,0
Azúcar Flor Cuisine & Co 500 g,Cuisine & Co,Santa Isabel,Lacteos y Congelados,950.0,2614.2762645914395,-63.66,0
Café Instantáneo Nescafé Dolca Tarro 170 g,Nescafé,Santa Isabel,Lacteos y Congelados,5500.0,2614.2762645914395,110.38,0
Crema Sin Lactosa Surlat Minibrik 15% Materia Grasa 200 ml,Surlat,Santa Isabel,Lacteos y Congelados,1340.0,2614.2762645914395,-48.74,0
Cereal Natur Arroz 20 g,Natur,Santa Isabel,Lacteos y Congelados,440.0,2614.2762645914395,-83.17,0
Mayonesa Hellmann's Doypack 1 kg,Hellmann's,Santa Isabel,Lacteos y Congelados,3420.0,2614.2762645914395,30.82,0
Levadura Seca Collico 10 g,Collico,Santa Isabel,Lacteos y Congelados,250.0,2614.2762645914395,-90.44,2
Té Ceylán Supremo Oro 50 un.,Supremo,Santa Isabel,Lacteos y Congelados,1390.0,2614.2762645914395,-46.83,0
Cereal Natur Maíz 20 g,Natur,Santa Isabel,Lacteos y Congelados,440.0,2614.2762645914395,-83.17,0
Cereal Mono Rolls 400 g,Costa,Santa Isabel,Lacteos y Congelados,3490.0,2614.2762645914395,33.5,0
Té Ceylán Mildred Tea Bolsa 250 g,Mildred Tea,Santa Isabel,Lacteos y Congelados,2390.0,2614.2762645914395,-8.58,2
Tallarín N°77 Máxima 400 g,Máxima,Santa Isabel,Lacteos y Congelados,480.0,2614.2762645914395,-81.64,0
Compota Vivo Mifrut Pera 90 g,Vivo,Santa Isabel,Lacteos y Congelados,520.0,2614.2762645914395,-80.11,0
Rigati Talliani Al Huevo 400 g,Talliani,Santa Isabel,Lacteos y Congelados,1000.0,2614.2762645914395,-61.75,0
Pasta Fusilli Trattoria 400 g,Trattoria,Santa Isabel,Lacteos y Congelados,1190.0,2614.2762645914395,-54.48,2
Vinagre Vino Blanco 500 ml,Cuisine & Co,Santa Isabel,Lacteos y Congelados,970.0,2614.2762645914395,-62.9,0
Pasta Spaghetti N°5 Trattoria 400 g,Trattoria,Santa Isabel,Lacteos y Congelados,1190.0,2614.2762645914395,-54.48,2
Arroz Grado 2 Miraflores Grano Largo y Laminado 1 kg,Miraflores,Santa Isabel,Lacteos y Congelados,2190.0,2614.2762645914395,-16.23,0
Mayonesa Kraft Real Mayo Regular Frasco 394 g,Kraft,Santa Isabel,Lacteos y Congelados,4690.0,2614.2762645914395,79.4,0
Mayonesa Kraft Real Mayo Regular Squeeze 1.2 kg,Kraft,Santa Isabel,Lacteos y Congelados,9890.0,2614.2762645914395,278.31,0
Té Ceylán Supremo Mystic 80 un.,Supremo,Santa Isabel,Lacteos y Congelados,2890.0,2614.2762645914395,10.55,0
Mayonesa Hellmann's Supreme Deli Doypack 650 g,Hellmann's,Santa Isabel,Lacteos y Congelados,2490.0,2614.2762645914395,-4.75,0
Crema de Leche Soprole Natural Larga Vida 200 g.,Soprole,Santa Isabel,Lacteos y Congelados,1290.0,2614.2762645914395,-50.66,0
Lentejas 6 mm Martini Laird Grado 1 - 500 g,Martini,Santa Isabel,Lacteos y Congelados,1820.0,2614.2762645914395,-30.38,0
Aceite de Oliva Giada Extra Virgen 1 L,Giada,Santa Isabel,Lacteos y Congelados,11190.0,2614.2762645914395,328.03,2
Té en Hojas Superior Ceylán Bolsa 250 g,Superior,Santa Isabel,Lacteos y Congelados,3420.0,2614.2762645914395,30.82,2
Lentejas 4 mm Cuisine & Co 1 kg,Cuisine & Co,Santa Isabel,Lacteos y Congelados,3190.0,2614.2762645914395,22.02,0
"Atún Desmenuzado en Agua 104 g drenado, 160 g neto",Máxima,Santa Isabel,Lacteos y Congelados,720.0,2614.2762645914395,-72.46,0
Crema de Leche Soprole Natural Larga Vida 1 L,Soprole,Santa Isabel,Lacteos y Congelados,4990.0,2614.2762645914395,90.88,0
Salsa de Tomate Maggi Tuco con Carne 245 g,Maggi,Santa Isabel,Lacteos y Congelados,1650.0,2614.2762645914395,-36.89,0
Mermelada Watt's Durazno 225 g,Watt's,Santa Isabel,Lacteos y Congelados,1210.0,2614.2762645914395,-53.72,0
Cereal Trix 300 g,Trix,Santa Isabel,Lacteos y Congelados,2690.0,2614.2762645914395,2.9,2
Polvos de Hornear Gourmet 100 g,Gourmet,Santa Isabel,Lacteos y Congelados,980.0,2614.2762645914395,-62.51,0
Cereal Máxima Bolitas de Chocolate 500 g,Máxima,Santa Isabel,Lacteos y Congelados,1450.0,2614.2762645914395,-44.54,0
Pasta Fettuccine N°88 Carozzi 400 g,Carozzi,Santa Isabel,Lacteos y Congelados,790.0,2614.2762645914395,-69.78,0
Corbatas Máxima 400 g,Máxima,Santa Isabel,Lacteos y Congelados,480.0,2614.2762645914395,-81.64,0
Pasta Corbatitas N°30 Carozzi 400 g,Carozzi,Santa Isabel,Lacteos y Congelados,790.0,2614.2762645914395,-69.78,0
Azúcar Rubia Cuisine & Co 500 g,Cuisine & Co,Santa Isabel,Lacteos y Congelados,950.0,2614.2762645914395,-63.66,0
Salsa de Tomate Pomarola Natural 200 g,Pomarola,Santa Isabel,Lacteos y Congelados,850.0,2614.2762645914395,-67.49,2
Avena Instantánea Quaker 700 g,Quaker,Santa Isabel,Lacteos y Congelados,2500.0,2614.2762645914395,-4.37,0
Crema de Leche Colun 200 ml,Colun,Santa Isabel,Lacteos y Congelados,1190.0,2614.2762645914395,-54.48,0
Café Instantáneo Nescafé Tradición Tarro 120 g,Nescafé,Santa Isabel,Lacteos y Congelados,5150.0,2614.2762645914395,97.0,0
Mayonesa Hellmann's Doypack 800 g,Hellmann's,Santa Isabel,Lacteos y Congelados,2890.0,2614.2762645914395,10.55,0
Mermelada Watt's Mora 225 g,Watt's,Santa Isabel,Lacteos y Congelados,1230.0,2614.2762645914395,-52.95,0
Cereal Milo 300 g,Milo,Santa Isabel,Lacteos y Congelados,2690.0,2614.2762645914395,2.9,0
Fideos Mostaccioli Lucchetti 400 g,Lucchetti,Santa Isabel,Lacteos y Congelados,1050.0,2614.2762645914395,-59.84,0
Pasta Fusilli Tricolor Carozzi 400 g,Carozzi,Santa Isabel,Lacteos y Congelados,1170.0,2614.2762645914395,-55.25,0
Aceite 100% Vegetal 5 L,Máxima,Santa Isabel,Lacteos y Congelados,8590.0,2614.2762645914395,228.58,0
Harina Cuisine & Co Sin Polvos de Hornear 1 kg,Cuisine & Co,Santa Isabel,Lacteos y Congelados,1000.0,2614.2762645914395,-61.75,0
Pasta Quifaro N°36 Carozzi 400 g,Carozzi,Santa Isabel,Lacteos y Congelados,790.0,2614.2762645914395,-69.78,0
Café Liofilizado Nescafé Fina Selección Doypack 140 g,Nescafé,Santa Isabel,Lacteos y Congelados,8310.0,2614.2762645914395,217.87,0
"Atún Lomitos en Aceite 92 g drenado, 142 g neto",Van Camp's,Santa Isabel,Lacteos y Congelados,1950.0,2614.2762645914395,-25.41,2
Sal de Mar Fina Cuisine & Co 1 kg,Cuisine & Co,Santa Isabel,Lacteos y Congelados,890.0,2614.2762645914395,-65.96,0
Arroz Pregraneado Miraflores 1 kg,Miraflores,Santa Isabel,Lacteos y Congelados,1990.0,2614.2762645914395,-23.88,0
Compota Vivo Mifrut Manzana 90 g,Vivo,Santa Isabel,Lacteos y Congelados,520.0,2614.2762645914395,-80.11,0
Crema de Leche Loncoleche Light 200 ml,Loncoleche,Santa Isabel,Lacteos y Congelados,1370.0,2614.2762645914395,-47.6,0
Aceite de Maravilla Natura 900 ml,Natura,Santa Isabel,Lacteos y Congelados,3490.0,2614.2762645914395,33.5,2
Tallarín N°77 Lucchetti 400 g,Lucchetti,Santa Isabel,Lacteos y Congelados,1050.0,2614.2762645914395,-59.84,0
Arroz Grado 2 Tucapel Blue Grano Largo y Delgado 1 kg,Tucapel,Santa Isabel,Lacteos y Congelados,1150.0,2614.2762645914395,-56.01,0
Mayonesa Hellmann's Supreme Artesana Frasco 735 g,Hellmann's,Santa Isabel,Lacteos y Congelados,5190.0,2614.2762645914395,98.53,0
Espirales Talliani Al Huevo 400 g,Talliani,Santa Isabel,Lacteos y Congelados,1000.0,2614.2762645914395,-61.75,0
Café Gold Premier Liofilizado 170 g,Gold,Santa Isabel,Lacteos y Congelados,7490.0,2614.2762645914395,186.5,0
Salsa de Tomate Cuisine & Co Natural 200 g,Cuisine & Co,Santa Isabel,Lacteos y Congelados,670.0,2614.2762645914395,-74.37,0
Aceite de Oliva Huasco Extra Virgen 1 L,Huasco,Santa Isabel,Lacteos y Congelados,14990.0,2614.2762645914395,473.39,1
Pasta Tallarín N°87 Carozzi 400 g,Carozzi,Santa Isabel,Lacteos y Congelados,790.0,2614.2762645914395,-69.78,0
Mayonesa Kraft MayoDeli Doypack 850 g,Kraft,Santa Isabel,Lacteos y Congelados,3990.0,2614.2762645914395,52.62,0
Azúcar Rubia Iansa 500 g,Iansa,Santa Isabel,Lacteos y Congelados,1400.0,2614.2762645914395,-46.45,0
Crema de Leche Light 200 g,Cuisine & Co,Santa Isabel,Lacteos y Congelados,1000.0,2614.2762645914395,-61.75,0
Espirales Máxima 400 g,Máxima,Santa Isabel,Lacteos y Congelados,480.0,2614.2762645914395,-81.64,0
Palmitos en Rodajas Cuisine & Co 220 g drenado,Cuisine & Co,Santa Isabel,Lacteos y Congelados,2450.0,2614.2762645914395,-6.28,0
"Atún Lomitos en Agua 92 g drenado, 142 g neto",Van Camp's,Santa Isabel,Lacteos y Congelados,1950.0,2614.2762645914395,-25.41,2
Jurel de Reyes 230 g drenado,De Reyes,Santa Isabel,Lacteos y Congelados,1190.0,2614.2762645914395,-54.48,2
Pasta Mostaccioli N°46 Carozzi 400 g,Carozzi,Santa Isabel,Lacteos y Congelados,790.0,2614.2762645914395,-69.78,0
Salsa de Tomate Cuisine & Co Italiana 200 g,Cuisine & Co,Santa Isabel,Lacteos y Congelados,670.0,2614.2762645914395,-74.37,0
Aceite de Canola 1 L,Cuisine & Co,Santa Isabel,Lacteos y Congelados,2490.0,2614.2762645914395,-4.75,0
Corbatas Lucchetti 400 g,Lucchetti,Santa Isabel,Lacteos y Congelados,1050.0,2614.2762645914395,-59.84,0
Arroz Grado 1 Miraflores Grano Largo y Ancho 1 kg,Miraflores,Santa Isabel,Lacteos y Congelados,1990.0,2614.2762645914395,-23.88,0
Spaghetti N° 5 Máxima 400 g,Máxima,Santa Isabel,Lacteos y Congelados,480.0,2614.2762645914395,-81.64,0
Lasaña Precocida Carozzi Estuche 330 g,Carozzi,Santa Isabel,Lacteos y Congelados,2030.0,2614.2762645914395,-22.35,0
Aceite de Oliva Cuisine & Co Extra Virgen 250 ml,Cuisine & Co,Santa Isabel,Lacteos y Congelados,4490.0,2614.2762645914395,71.75,0
Pasta Cabello Ángel Corto Carozzi 400 g,Carozzi,Santa Isabel,Lacteos y Congelados,790.0,2614.2762645914395,-69.78,0
Arroz Grado 1 Cuisine & Co Grano Largo y Delgado 1 kg,Cuisine & Co,Santa Isabel,Lacteos y Congelados,1870.0,2614.2762645914395,-28.47,0
Café Gold Primera Selección 170 g,Gold,Santa Isabel,Lacteos y Congelados,5450.0,2614.2762645914395,108.47,0
Linguine 100% Trigo Duro 400 g,Cuisine & Co,Santa Isabel,Lacteos y Congelados,840.0,2614.2762645914395,-67.87,0
Hierba Manzanilla Supremo Caja 20 g 20 un.,Supremo,Santa Isabel,Lacteos y Congelados,890.0,2614.2762645914395,-65.96,0
Pasta Corbata N°80 Carozzi 400 g,Carozzi,Santa Isabel,Lacteos y Congelados,790.0,2614.2762645914395,-69.78,0
Mayonesa Hellmann's Regular Doypack 630 g,Hellmann's,Santa Isabel,Lacteos y Congelados,3190.0,2614.2762645914395,22.02,0
Mayonesa Kraft Real Mayo Regular Frasco 789 g,Kraft,Santa Isabel,Lacteos y Congelados,7030.0,2614.2762645914395,168.91,0
Sal Lobos Fina 1 kg,Lobos,Santa Isabel,Lacteos y Congelados,530.0,2614.2762645914395,-79.73,0
Spaghetti N°5 Talliani Al Huevo 400 g,Talliani,Santa Isabel,Lacteos y Congelados,1000.0,2614.2762645914395,-61.75,0
Té Negro Supremo Premium 100 g 50 un.,Supremo,Santa Isabel,Lacteos y Congelados,2990.0,2614.2762645914395,14.37,0
Lentejas 6 mm Cuisine & Co 1 kg,Cuisine & Co,Santa Isabel,Lacteos y Congelados,3650.0,2614.2762645914395,39.62,0
Aceite Vegetal Belmont 1 L,Belmont,Santa Isabel,Lacteos y Congelados,2590.0,2614.2762645914395,-0.93,2
Avena Instantánea Vivo 800 g,Vivo,Santa Isabel,Lacteos y Congelados,1990.0,2614.2762645914395,-23.88,0
Harina Máxima con Polvos de Hornear 1 kg,Máxima,Santa Isabel,Lacteos y Congelados,890.0,2614.2762645914395,-65.96,0
"Atún Lomitos Ahumados 91 g drenado, 140 g neto",Robinson Crusoe,Santa Isabel,Lacteos y Congelados,1490.0,2614.2762645914395,-43.01,0
Penne Cuisine & Co 100% Trigo Duro 400 g,Cuisine & Co,Santa Isabel,Lacteos y Congelados,840.0,2614.2762645914395,-67.87,0
Harina Mont Blanc con Polvos de Hornear 1 kg,Mont Blanc,Santa Isabel,Lacteos y Congelados,1090.0,2614.2762645914395,-58.31,2
Aceite de Oliva Chef Extra Virgen 1 L,Chef,Santa Isabel,Lacteos y Congelados,14880.0,2614.2762645914395,469.18,1
Crema de Leche Nestlé Tarro 157 g,Nestlé,Santa Isabel,Lacteos y Congelados,1290.0,2614.2762645914395,-50.66,0
Fusilli 100% Trigo Duro 400 g,Cuisine & Co,Santa Isabel,Lacteos y Congelados,840.0,2614.2762645914395,-67.87,0
Té Ceylán Supremo Premium 200 g 100 un.,Supremo,Santa Isabel,Lacteos y Congelados,4890.0,2614.2762645914395,87.05,0
Té Ceylán Mildred Tea Caja 200 g 100 un.,Mildred Tea,Santa Isabel,Lacteos y Congelados,2390.0,2614.2762645914395,-8.58,2
Aceite de Oliva Chef Extra Virgen 500 ml,Chef,Santa Isabel,Lacteos y Congelados,8990.0,2614.2762645914395,243.88,2
Harina Máxima Sin Polvos de Hornear 1 kg,Máxima,Santa Isabel,Lacteos y Congelados,870.0,2614.2762645914395,-66.72,0
Espirales Lucchetti Proslow 400 g,Lucchetti,Santa Isabel,Lacteos y Congelados,1050.0,2614.2762645914395,-59.84,0
Spaghetti Cuisine & Co 100% Trigo Duro 400 g,Cuisine & Co,Santa Isabel,Lacteos y Congelados,840.0,2614.2762645914395,-67.87,0
Azúcar Máxima 1 kg,Máxima,Santa Isabel,Lacteos y Congelados,950.0,2614.2762645914395,-63.66,0
Azúcar Blanca Iansa 1 kg,Iansa,Santa Isabel,Lacteos y Congelados,1420.0,2614.2762645914395,-45.68,0
Pasta Espiral N°49 Carozzi 400 g,Carozzi,Santa Isabel,Lacteos y Congelados,790.0,2614.2762645914395,-69.78,0
Crema de Leche Nestlé Caja 200 ml,Nestlé,Santa Isabel,Lacteos y Congelados,1000.0,2614.2762645914395,-61.75,0
Arroz Grado 2 Máxima Grano Largo Angosto 1 kg,Máxima,Santa Isabel,Lacteos y Congelados,950.0,2614.2762645914395,-63.66,0
Harina Mont Blanc Sin Polvos de Hornear 1 kg,Mont Blanc,Santa Isabel,Lacteos y Congelados,1090.0,2614.2762645914395,-58.31,2
Aceite Vegetal Libre de Colesterol 900 ml,Cuisine & Co,Santa Isabel,Lacteos y Congelados,1790.0,2614.2762645914395,-31.53,0
Arroz Grado 2 Tucapel Gran Selección Grano Largo y Ancho 1 kg,Tucapel,Santa Isabel,Lacteos y Congelados,2000.0,2614.2762645914395,-23.5,0
Arroz Grado 1 Tucapel Gran Selección Grano Largo y Ancho 1 kg,Tucapel,Santa Isabel,Lacteos y Congelados,2350.0,2614.2762645914395,-10.11,0
Spaghetti N°5 Lucchetti 400 g,Lucchetti,Santa Isabel,Lacteos y Congelados,1050.0,2614.2762645914395,-59.84,0
Azúcar Cuisine & Co Blanca Granulada 1 kg,Cuisine & Co,Santa Isabel,Lacteos y Congelados,1260.0,2614.2762645914395,-51.8,0
Aceite Vegetal Miraflores 900 ml,Miraflores,Santa Isabel,Lacteos y Congelados,2000.0,2614.2762645914395,-23.5,0
Pasta Spaghetti N°5 Carozzi 400 g,Carozzi,Santa Isabel,Lacteos y Congelados,790.0,2614.2762645914395,-69.78,0
Arroz Grado 1 Banquete Premium Grano Largo y Ancho 1 kg,Banquete,Santa Isabel,Lacteos y Congelados,1690.0,2614.2762645914395,-35.35,0
Aceite de Maravilla Chef 1 L,Chef,Santa Isabel,Lacteos y Congelados,3560.0,2614.2762645914395,36.18,2
Aceite de Maravilla 900 ml,Cuisine & Co,Santa Isabel,Lacteos y Congelados,2430.0,2614.2762645914395,-7.05,0
Azúcar Blanca Iansa 900 g,Iansa,Santa Isabel,Lacteos y Congelados,990.0,2614.2762645914395,-62.13,0
Arroz Grado 2 Cuisine & Co Largo y Delgado 1 kg,Cuisine & Co,Santa Isabel,Lacteos y Congelados,970.0,2614.2762645914395,-62.9,0
Jurel Al Natural San José Lata 300 g drenado,San José,Santa Isabel,Lacteos y Congelados,2190.0,2614.2762645914395,-16.23,0
Café Liofilizado Nescafé Fina Selección Frasco 200 g,Nescafé,Santa Isabel,Lacteos y Congelados,12990.0,2614.2762645914395,396.89,1
Aceite Vegetal 900 ml,Máxima,Santa Isabel,Lacteos y Congelados,1490.0,2614.2762645914395,-43.01,0
"Atún Lomitos en Aceite 91 g drenado, 140 g neto",Cuisine & Co,Santa Isabel,Lacteos y Congelados,990.0,2614.2762645914395,-62.13,0
Café Instantáneo Nescafé Tradición Tarro 170 g,Nescafé,Santa Isabel,Lacteos y Congelados,8790.0,2614.2762645914395,236.23,0
Lomos de Jurel en Aceite San José 104 g drenado,San José,Santa Isabel,Lacteos y Congelados,1450.0,2614.2762645914395,-44.54,0
Lomos de Jurel Ahumado San José 104 g drenado,San José,Santa Isabel,Lacteos y Congelados,1450.0,2614.2762645914395,-44.54,0
Lomos de Jurel Natural San José 104 g drenado,San José,Santa Isabel,Lacteos y Congelados,1450.0,2614.2762645914395,-44.54,0
"Atún Lomitos en Agua 91 g drenado, 140 g neto",San José,Santa Isabel,Lacteos y Congelados,1490.0,2614.2762645914395,-43.01,0
Salsa Americana Don Juan 180 g drenado,Don Juan,Santa Isabel,Lacteos y Congelados,1130.0,2614.2762645914395,-56.78,0
Salsa de Soya 500 ml,Pearl River Bridge,Santa Isabel,Lacteos y Congelados,3190.0,2614.2762645914395,22.02,2
Salsa Inglesa 165 cc,Gourmet,Santa Isabel,Lacteos y Congelados,3530.0,2614.2762645914395,35.03,0
Salsa de Soya Cuisine & Co 500 ml,Cuisine & Co,Santa Isabel,Lacteos y Congelados,2790.0,2614.2762645914395,6.72,0
Salsa de Soya Gourmet 500 cc,Gourmet,Santa Isabel,Lacteos y Congelados,3220.0,2614.2762645914395,23.17,0
Carbonada Wasil 380 g,Wasil,Santa Isabel,Lacteos y Congelados,2860.0,2614.2762645914395,9.4,0
Porotos Granados Wasil 380 g,Wasil,Santa Isabel,Lacteos y Congelados,2860.0,2614.2762645914395,9.4,0
Lentejas Wasil Listas para Servir 230 g drenado,Wasil,Santa Isabel,Lacteos y Congelados,1450.0,2614.2762645914395,-44.54,0
Garbanzos Wasil 230 g drenado,Wasil,Santa Isabel,Lacteos y Congelados,1450.0,2614.2762645914395,-44.54,0
Porotos Negros Wasil 230 g drenado,Wasil,Santa Isabel,Lacteos y Congelados,1490.0,2614.2762645914395,-43.01,0
Pimentón Paprika Gourmet Sobre 100 g,Gourmet,Santa Isabel,Lacteos y Congelados,1760.0,2614.2762645914395,-32.68,0
Merquén Gourmet Sobre 15 g,Gourmet,Santa Isabel,Lacteos y Congelados,500.0,2614.2762645914395,-80.87,0
Ajo en Polvo Cuisine & Co 100 g,Cuisine & Co,Santa Isabel,Lacteos y Congelados,1350.0,2614.2762645914395,-48.36,0
Orégano Entero Gourmet 50 g,Gourmet,Santa Isabel,Lacteos y Congelados,1090.0,2614.2762645914395,-58.31,0
Canela Entera Cuisine & Co 15 g,Cuisine & Co,Santa Isabel,Lacteos y Congelados,880.0,2614.2762645914395,-66.34,0
Mantequilla de Maní American Classic Cremosa 510 g,American Classic,Santa Isabel,Lacteos y Congelados,2590.0,2614.2762645914395,-0.93,2
Crema de Avellana Nutella Alemana 450 g,Nutella,Santa Isabel,Lacteos y Congelados,6790.0,2614.2762645914395,159.73,2
Crema de Avellanas Cuisine & Co 350 g,Cuisine & Co,Santa Isabel,Lacteos y Congelados,3290.0,2614.2762645914395,25.85,0
Pasta de Maní Cuisine & Co 500 g,Cuisine & Co,Santa Isabel,Lacteos y Congelados,2990.0,2614.2762645914395,14.37,0
Endulzante Iansa Cero K Líquido Alulosa 250 ml,Iansa Cero K,Santa Isabel,Lacteos y Congelados,3790.0,2614.2762645914395,44.97,0
Endulzante Iansa Cero K Líquido Stevia Sucralosa 350 ml,Iansa Cero K,Santa Isabel,Lacteos y Congelados,3790.0,2614.2762645914395,44.97,0
Endulzante Alusweet Alulosa 270 ml,AluSweet,Santa Isabel,Lacteos y Congelados,3890.0,2614.2762645914395,48.8,2
Endulzante Daily Stevia Líquido 400 ml,Daily,Santa Isabel,Lacteos y Congelados,3640.0,2614.2762645914395,39.24,0
Endulzante Iansa Cero K Líquido Stevia Sucralosa 250 ml,Iansa Cero K,Santa Isabel,Lacteos y Congelados,3850.0,2614.2762645914395,47.27,0
Crema Maggi Choclo 79 g,Maggi,Santa Isabel,Lacteos y Congelados,680.0,2614.2762645914395,-73.99,0
Sopa Maggi Costilla con Fideos 5 Porciones 60 g,Maggi,Santa Isabel,Lacteos y Congelados,630.0,2614.2762645914395,-75.9,0
Sopa Maggi Caracolitos 76 g,Maggi,Santa Isabel,Lacteos y Congelados,630.0,2614.2762645914395,-75.9,0
Crema Maggi Espárragos 68 g,Maggi,Santa Isabel,Lacteos y Congelados,680.0,2614.2762645914395,-73.99,0
Sopa Maggi Pollo Fideos 70 g,Maggi,Santa Isabel,Lacteos y Congelados,630.0,2614.2762645914395,-75.9,0
Té Verde Chino Caja de 100 un.,Chino,Santa Isabel,Lacteos y Congelados,6440.0,2614.2762645914395,146.34,2
Cereal Milo 805 g,Milo,Santa Isabel,Lacteos y Congelados,4990.0,2614.2762645914395,90.88,0
Cereal Mono Balls 400 g,Costa,Santa Isabel,Lacteos y Congelados,3490.0,2614.2762645914395,33.5,0
Cereal Zucosos 350 g,Zucosos,Santa Isabel,Lacteos y Congelados,2690.0,2614.2762645914395,2.9,2
Cereal Chocapic Receta Original 310 g,Chocapic,Santa Isabel,Lacteos y Congelados,2690.0,2614.2762645914395,2.9,0
Cereal Chocapic Receta Original 805 g,Chocapic,Santa Isabel,Lacteos y Congelados,4990.0,2614.2762645914395,90.88,0
Café Sobres Gold Tentaciones Vainilla 112 g 8 un.,Gold,Santa Isabel,Lacteos y Congelados,2990.0,2614.2762645914395,14.37,0
Café Monterrey Clásico 170 g,Monterrey,Santa Isabel,Lacteos y Congelados,4290.0,2614.2762645914395,64.1,2
Café Instantáneo Nescafé Vainilla Latte 148 g (8 un. x 18.5 g),Nescafé,Santa Isabel,Lacteos y Congelados,3290.0,2614.2762645914395,25.85,0
Café Instantáneo Nescafé Cappuccino 112 g (8 x 14g),Nescafé,Santa Isabel,Lacteos y Congelados,3290.0,2614.2762645914395,25.85,0
Café Instantáneo Nescafé Doble Choca Moka 184 g (8 x 23g),Nescafé,Santa Isabel,Lacteos y Congelados,3290.0,2614.2762645914395,25.85,0
Sal Fina Cuisine & Co 1 kg,Cuisine & Co,Santa Isabel,Lacteos y Congelados,480.0,2614.2762645914395,-81.64,0
Kétchup Kraft Regular Doypack 850 g,Kraft,Santa Isabel,Lacteos y Congelados,3390.0,2614.2762645914395,29.67,0
Kétchup Heinz Regular Doypack 900 g,Heinz,Santa Isabel,Lacteos y Congelados,4050.0,2614.2762645914395,54.92,0
Kétchup JB Regular Doypack 500 g,JB,Santa Isabel,Lacteos y Congelados,1830.0,2614.2762645914395,-30.0,0
Kétchup Hellmann's Doypack 900 g,Hellmann's,Santa Isabel,Lacteos y Congelados,3450.0,2614.2762645914395,31.97,0
Kétchup JB 900 g,JB,Santa Isabel,Lacteos y Congelados,2390.0,2614.2762645914395,-8.58,0
Leche Condensada Nestlé Clásica Doypack 180 g,Nestlé,Santa Isabel,Lacteos y Congelados,1390.0,2614.2762645914395,-46.83,0
Leche Evaporada Ideal Nestlé Tarro 390 g,Nestlé,Santa Isabel,Lacteos y Congelados,1970.0,2614.2762645914395,-24.64,0
Leche Evaporada Gloria Tarro 390 g,Gloria,Santa Isabel,Lacteos y Congelados,1860.0,2614.2762645914395,-28.85,2
Leche Condensada Nestlé Azucarada Tarro 397 g,Nestlé,Santa Isabel,Lacteos y Congelados,2030.0,2614.2762645914395,-22.35,0
Condensada Leche Sur Tarro 397 g,Leche Sur,Santa Isabel,Lacteos y Congelados,1650.0,2614.2762645914395,-36.89,2
Café Cápsulas Cuisine & Co Classico 10 un.,Cuisine & Co,Santa Isabel,Lacteos y Congelados,4590.0,2614.2762645914395,75.57,0
Café en Cápsulas Nescafé Dolce Gusto Espresso Intenso 10 Tazas,Nescafé Dolce Gusto,Santa Isabel,Lacteos y Congelados,4790.0,2614.2762645914395,83.22,2
Café en Cápsulas Nescafé Dolce Gusto Mocha 5 Tazas,Nescafé Dolce Gusto,Santa Isabel,Lacteos y Congelados,4790.0,2614.2762645914395,83.22,2
Café en Cápsulas Nescafé Dolce Gusto Café Au Lait 10 Tazas,Nescafé Dolce Gusto,Santa Isabel,Lacteos y Congelados,4790.0,2614.2762645914395,83.22,2
Café en Cápsulas Nescafé Dolce Gusto Cappuccino 10 Tazas,Nescafé Dolce Gusto,Santa Isabel,Lacteos y Congelados,4790.0,2614.2762645914395,83.22,2
Mayonesa Kraft Real Mayo Regular Squeeze 578 g,Kraft,Santa Isabel,Lacteos y Congelados,6990.0,2614.2762645914395,167.38,0
Salsa de Tomate Carozzi Toscana Boloñesa 200 g,Carozzi,Santa Isabel,Lacteos y Congelados,960.0,2614.2762645914395,-63.28,0
Pack Salsas de Tomate Italianas 200 ml 6 un.,Cuisine & Co,Santa Isabel,Lacteos y Congelados,2490.0,2614.2762645914395,-4.75,0
Salsa de Tomates Lucchetti Italiana Pack 6 un.,Lucchetti,Santa Isabel,Lacteos y Congelados,3830.0,2614.2762645914395,46.5,0
Salsa de Tomate Pomarola 200 g 6 un.,Pomarola,Santa Isabel,Lacteos y Congelados,3190.0,2614.2762645914395,22.02,2
Salsa de Tomate Malloa Italiana 200 g 6 un.,Malloa,Santa Isabel,Lacteos y Congelados,4290.0,2614.2762645914395,64.1,2
Proteína de Soya Mi Tierra Premium 300 g,Mi Tierra,Santa Isabel,Lacteos y Congelados,2860.0,2614.2762645914395,9.4,2
Quinoa Banquete 250 g,Banquete,Santa Isabel,Lacteos y Congelados,2650.0,2614.2762645914395,1.37,0
Proteína de Soya Gourmet Bolsa 300 g,Gourmet,Santa Isabel,Lacteos y Congelados,2760.0,2614.2762645914395,5.57,0
Cuscus Carozzi 250 g,Carozzi,Santa Isabel,Lacteos y Congelados,1690.0,2614.2762645914395,-35.35,0
Avena Quaker Tradicional 400 g,Quaker,Santa Isabel,Lacteos y Congelados,2080.0,2614.2762645914395,-20.44,0
Caldo Maggi Sabor Pollo de Campo 80 g 8 Tabletas,Maggi,Santa Isabel,Lacteos y Congelados,900.0,2614.2762645914395,-65.57,0
Caldo Gourmet Polvo Sabor Verduras 48 g 6 un.,Gourmet,Santa Isabel,Lacteos y Congelados,830.0,2614.2762645914395,-68.25,0
Caldo Sabor Gallina Maggi 12 Tabletas 132 g,Maggi,Santa Isabel,Lacteos y Congelados,1490.0,2614.2762645914395,-43.01,0
Caldo Gourmet Polvo Sabor Carne 48 g 6 un.,Gourmet,Santa Isabel,Lacteos y Congelados,830.0,2614.2762645914395,-68.25,0
Caldo Gourmet Polvo Sabor Pollo 48 g 6 un.,Gourmet,Santa Isabel,Lacteos y Congelados,830.0,2614.2762645914395,-68.25,0
Gelatina Vivo Sin Azúcar Piña 22 g,Vivo,Santa Isabel,Lacteos y Congelados,870.0,2614.2762645914395,-66.72,0
Gelatina Sin Sabor 30 g,Cuisine & Co,Santa Isabel,Lacteos y Congelados,1110.0,2614.2762645914395,-57.54,0
Gelatina Ambrosoli Piña 100 g,Ambrosoli,Santa Isabel,Lacteos y Congelados,950.0,2614.2762645914395,-63.66,0
Gelatina Vivo Sin Azúcar Berries 22 g,Vivo,Santa Isabel,Lacteos y Congelados,870.0,2614.2762645914395,-66.72,0
Gelatina Ambrosoli Cereza 100 g,Ambrosoli,Santa Isabel,Lacteos y Congelados,950.0,2614.2762645914395,-63.66,0
Comida Instantánea Maruchan Camarón 85 g,Maruchan,Santa Isabel,Lacteos y Congelados,720.0,2614.2762645914395,-72.46,0
